

 +--------------------------------------------------------------------+
 |                     Memory Usage Information                       |
 +--------------------------------------------------------------------+

     Allocated storage in:    WORDS,     WORDS/NODE:

     Real                      1000           0.0
     Integer                   1000           0.0
     Character                    2           0.0
     Logical                   1000           0.0
     Double                       2           0.0



 +--------------------------------------------------------------------+
 |                   Listing of Control Parameters                    |
 +--------------------------------------------------------------------+

 PARAMETER_OUTPUT_LEVEL                                   1
 Parameter output level, 1=user, 2=expert, 3=all.

 FLUIDS_EXIST                                             T
 Velocity and pressure fields present in model.

 SOLVE_FLUIDS                                             T
 Assemble and solve mass and momentum equations.

 ENERGY_EXIST                                             T
 Temperature and enthalpy fields present in model.

 SOLVE_ENERGY                                             F
 Assemble and solve energy equation.

 TURBULENCE_MODEL                                         4
 Turbulence model

 TKE_EPS_EXIST                                            F
 Turbulent kinetic energy and dissipation present in model.

 RS_EPS_EXIST                                             F
 Reynolds stresses  and dissipation present in model.

 THF_EXIST                                                F
 Turbulent heat fluxes present in model.

 SOLVE_TKE_EPS                                            F
 Assemble and solve k-e model equations.

 SCALAR_EXIST                                             T
 General Scalars present in model.

 SOLVE_SCALAR                                             F
 Assemble and solve general scalar equations.

 SOLVE_HUMIDITY                                           F
 Flag to select either passive scalar (dust) or humidity.

 SOLVE_RS_EPS                                             F
 Assemble and solve RS-eps model equations.

 SOLVE_THF                                                F
 Assemble and solve THF equations.

 OUTPUT_MEMORY_DIAGNOSTICS                                F
 Output memory partition diagnostics to LOG file.

 COMPUTE_TREF_INTERNALLY                                  F
 Compute code reference temp. for Boussinesq buoyancy internally.

 ESC_FORCED_CONVECTION                                    T
 ESC_FORCED_CONVECTION

 TKE_OMG_EXIST                                            F
 Turbulent kinetic energy and omega present in model.

 SOLVE_TKE_OMG                                            F
 Assemble and solve SST model equations.

 MAX_COEFFICIENT_LOOPS                                    1
 Maximum number of coefficient iterations.

 MAX_TIMESTEPS                                         1000
 Maximum number of time step iterations.

 MIN_TIMESTEPS                                            3
 Minimum number of time step iterations.

 ADVECTION_SCHEME_VEL                                     0
 Advection velocity 0=UDS,1=UDS+NAC,2=UDS+CDS,3=SOU,4=QUICK.

 ADVECTION_SCHEME                                         0
 Advection (general) 0=UDS,1=UDS+NAC,2=UDS+CDS,3=SOU,4=QUICK.

 LIMITER_TYPE_VEL                                         2
 Limiter type for advection velocity: 1-fixed,2 and 3 -variable.

 ADVECTION_SCHEME_ENERGY                                  0
 Advection energy 0=UDS,1=UDS+NAC,2=UDS+CDS,3=SOU,4=QUICK.

 LIMITER_TYPE_ENERGY                                      2
 Limiter type for advection energy: 1-fixed,2 and 3 -variable.

 ADVECTION_SCHEME_KEPS                                    0
 Advection k-Eps 0=UDS,1=UDS+NAC,2=UDS+CDS,3=SOU,4=QUICK.

 LIMITER_TYPE_TURB                                        2
 Limiter type for advection K-Epsilon: 1-fixed,2 and 3 -variable.

 BUOYANCY_MODEL                                           0
 Buoyancy model: 0=none, 1=orig, 2=density diff, 3=Boussinesq.

 SOLUTION_MONITOR_DATA                                    1
 Solution monitor data output:  0=off, 1=MAYA on, 2=ASC on.

 FAN_CURVE_UPDATE_FREQUENCY                               1
 Update frequency of the fan curve.

 TARGET_RESIDUAL_TYPE                                     1
 Target residual type options: 1=RMS,2=MAX,3=RMS+RED,4=MAX+RED.

 ADVECTION_SCHEME_HUMIDITY                                0
 Advection humidity 0=UDS,1=UDS+NAC,2=UDS+CDS,3=SOU,4=QUICK.

 ADVECTION_SCHEME_SCALAR                                  0
 Advection scalar 0=UDS,1=UDS+NAC,2=UDS+CDS,3=SOU,4=QUICK.

 LIMITER_TYPE_HUMIDITY                                    2
 Limiter type for advection humidity: 1-fixed,2 and 3 -variable.

 LIMITER_TYPE_SCALAR                                      2
 Limiter type for advection scalar: 1-fixed,2 and 3 -variable.

 NON_NEWTONIAN_FLUID                                      0
 Non-Newtonian fluid present in model =0 No, =1 Yes

 ADVECTION_SCHEME_KOMG                                    0
 Advection k-Eps 0=UDS,1=UDS+NAC,2=UDS+CDS,3=SOU,4=QUICK.

 AMBIENT_TEMPERATURE_TYPE                                 0
 Ambient temperature type. 0 == constant, 1 == time-varying

 CSOLVER_INICOND                                          1
 Type of initial condition defined by user

 PHYSICAL_TIMESTEP                                5.000E-01
 Physical time step.

 TIMESTEP_RATIO_ENERGY                            3.000E+00
 Time step ratio for energy equation.

 RELAX_DEFAULT                                    7.500E-01
 Default value for outer loop relaxation parameters.

 SOLVER_RELAXATION                                9.000E-01
 Solver relaxation default for fluids and scalars.

 RELAX_MASS                                       7.500E-01
 Relaxation of mass flows.

 PRESSURE_OFFSET                                  1.014E+02
 Offset level for pressure.

 TEMPERATURE_OFFSET                               2.931E+02
 Offset level for temperature.

 ENTHALPY_OFFSET                                  0.000E+00
 Offset level for enthalpy

 TARGET_RESIDUAL                                  2.000E-04
 Default value for target (rms or max) residuals in outer loop.

 TARGET_IMBALANCE_ENERGY                          2.000E-02
 Target value for global balance of energy.

 RELAX_KE_SOURCE_LINEARIZATION                    1.000E+00
 Relaxation of active linearization of k-e source terms.

 GRAVITY_X                                        0.000E+00
 X-Component of gravity vector.

 GRAVITY_Y                                        0.000E+00
 Y-Component of gravity vector.

 GRAVITY_Z                                       -9.810E+03
 Z-Component of gravity vector.

 RELAX_RESISTANCE_AT_SCREEN                       2.500E-01
 Relaxation of planar resistance at screen.

 RELAX_INLET_OUTLET_INTERNAL_FAN_CURVE            1.000E+00
 Relaxation of implicit fan.

 BUOYANCY_TREF                                    0.000E+00
 Code reference temperature for Boussinesq buoyancy model.

 RELAX_RECIRCULATION_FAN_CURVE                    1.000E+00
 Relaxation of fan curve for explicit (recir) fans.

 LIMITER_VALUE_VEL                                7.500E-01
 Constant advection limiter value for velocity

 LIMITER_VALUE_ENERGY                             7.500E-01
 Constant advection limiter value for energy

 LIMITER_VALUE_TURB                               2.500E-01
 Constant advection limiter value for K-Epsilon

 LIMITER_VALUE_HUMIDITY                           7.500E-01
 Constant advection limiter value for humidity

 LIMITER_VALUE_SCALAR                             7.500E-01
 Constant advection limiter value for scalar

 RELAX_VENT                                       1.000E+00
 Relaxation for vents with head losses

 AMBIENT_TEMPERATURE                              2.000E+01
 Ambient temperature (in user units)

 AMBIENT_PRESSURE                                 1.014E+02
 Ambient pressure (in user units)

 INCLUDE_VISCOUS_HEATING                                  F
 Include viscous heating in energy equation

 UNIVERSAL_GAS_CONSTANT                           8.314E+06
 Universal Gas Constant


 +--------------------------------------------------------------------+
 |                 Listing of Materials and Properties                |
 +--------------------------------------------------------------------+

 Material #       1        Water                                   

   Property # 1000000        DENSITY of material #       1           
     used as DENSITY                        : constant value =   1.000000E-06

   Property # 1000001        SPECIFIC_HEAT_P of material #       1   
     used as SPECIFIC_HEAT_P                : constant value =   4.187000E+09

   Property # 1000002        SPECIFIC_HEAT_V of material #       1   
     used as SPECIFIC_HEAT_V                : constant value =   4.187000E+09

   Property # 1000003        DYNAMIC_VISCOSITY of material #       1 
     used as DYNAMIC_VISCOSITY              : constant value =   1.006000E-06

   Property # 1000004        CONDUCTIVITY of material #       1      
     used as CONDUCTIVITY                   : constant value =   6.030000E+02

   Property # 1000005        THERMAL_EXPANSION_COEFFICIENT           
     used as THERMAL_EXPANSION_COEFFICIENT  : constant value =   1.820000E-04

   Property # 2000000        ENTHALPY of material #       1          
     used as ENTHALPY                       : encoded formula #     -3
       Formula : H = T*Cp + P/RHO


 +--------------------------------------------------------------------+
 |                 Listing of Boundary Conditions                     |
 |                 Total # of Boundary Face Sets:    3                |
 +--------------------------------------------------------------------+

 Boundary Face Set #    1,  Face Set Name: ADIABATIC FACES
     Physical Type = WALL
     Total number of faces =      6272

     HEAT_FLUX_VALUE =   0.000000E+00
     USTAR_OPTION =          0
     FLUID_TYPE = MOVING_WALL
     EPS_TYPE = WALL_FUNCTION
     TKE_TYPE = WALL_FUNCTION
     ENERGY_TYPE = HEAT_FLUX_SPECIFIED

 Boundary Face Set #    2,  Face Set Name: INLET _FAN 1_Flow Boundary Condition(1)
     Physical Type = INLET
     Total number of faces =       240

     TEMPERATURE_VALUE =   0.000000E+00
     FACE_SET_AREA =   0.597718E+06
     LOSS_COEFF =   0.000000E+00
     TKE_INTENSITY =   0.400000E-01
     EPS_LENGTH_SCALE =   0.193281E+03
     VELOCITY_VALUE =   0.100000E+04
     FLUID_TYPE = VELOCITY_SPECIFIED
     VECTOR_TYPE = CARTESIAN
     VECTOR_FRAME =          1
     ENERGY_TYPE = STATIC_TEMPERATURE
     TKE_TYPE = TURBULENCE_INTENSITY_SPECIFIED
     EPS_TYPE = EDDY_LENGTH_SPECIFIED_INLET
     TRANSIENT_TYPE =          0
     POINTER_TO_DS302 =          1
     SENSOR_TYPE =          0

 Boundary Face Set #    3,  Face Set Name: OPENING 2_Flow Boundary Condition(2)
     Physical Type = OPENING
     Total number of faces =       240

     TEMPERATURE_VALUE =   0.000000E+00
     PRESSURE_VALUE =   0.000000E+00
     LOSS_COEFF =   0.000000E+00
     TKE_INTENSITY =   0.400000E-01
     EPS_LENGTH_SCALE =   0.193281E+03
     FLUID_TYPE = PRESSURE_SPECIFIED
     VECTOR_TYPE = CARTESIAN
     VECTOR_FRAME =          1
     ENERGY_TYPE = ENERGY_OPENING
     PRESSURE_TYPE = PRESSURE_OPENING
     TKE_TYPE = TKE_OPENING
     EPS_TYPE = EPS_OPENING
     TRANSIENT_TYPE =          0
     POINTER_TO_DS302 =          0
 ======================================================================




 +--------------------------------------------------------------------+
 |                 Initialization Information                         |
 +--------------------------------------------------------------------+

  Velocity-Gradient array not found in FLI file.
  Zero initial values will be used.

  Pressure-Gradients array not found in FLI file.
  Zero initial values will be used.


 +--------------------------------------------------------------------+
 |         Average Scale Information Sub-domain        1              |
 +--------------------------------------------------------------------+

 Global Length Scale     :                1.425E+03
 Density Scale           :                1.000E-06
 Dynamic Viscosity Scale :                1.006E-06
 Velocity Scale          :                0.000E+00
 Prandtl Number          :                6.985E+00
 Cp Scale                :                4.187E+09
 Conductivity Scale      :                6.030E+02


 +--------------------------------------------------------------------+
 |                       Convergence History                          |
 +--------------------------------------------------------------------+

 TIME STEP =     1   SIMULATION TIME = 5.00E-01  CPU SECONDS = 5.77E-01
 +----------+------+---------+---------+----------+-------------------+
 | Equation | Rate | RMS Res | Max Res | Location |  Linear Solution  |
 +----------+------+---------+---------+----------+-------------------+
 | U - Mom  | 0.00 | 0.0E+00 | 0.0E+00 |       0  |       0.0E+00  OK |
 | V - Mom  | 0.00 | 7.4E-04 | 1.6E-02 |   26726  |       2.0E+01  ok |
 | W - Mom  | 0.00 | 2.2E-08 | 3.8E-07 |   21805  |       5.3E+07  ok |
 | P - Mass | 0.00 | 1.1E-03 | 1.1E-02 |   21904  | 19.7  7.8E-02  OK |
 +----------+------+---------+---------+----------+-------------------+

 TIME STEP =     2   SIMULATION TIME = 1.00E+00  CPU SECONDS = 1.20E+00
 +----------+------+---------+---------+----------+-------------------+
 | Equation | Rate | RMS Res | Max Res | Location |  Linear Solution  |
 +----------+------+---------+---------+----------+-------------------+
 | U - Mom  | 0.00 | 1.4E-03 | 2.5E-02 |   20214  |       1.8E-01  ok |
 | V - Mom  |86.81 | 6.4E-02 | 3.4E-01 |   26734  |       2.8E-03  OK |
 | W - Mom  |99.99 | 1.3E-02 | 1.7E-01 |   26362  |       3.1E-02  OK |
 | P - Mass | 2.69 | 3.1E-03 | 3.1E-02 |   26727  |  8.5  4.0E-02  OK |
 +----------+------+---------+---------+----------+-------------------+

 TIME STEP =     3   SIMULATION TIME = 1.50E+00  CPU SECONDS = 1.66E+00
 +----------+------+---------+---------+----------+-------------------+
 | Equation | Rate | RMS Res | Max Res | Location |  Linear Solution  |
 +----------+------+---------+---------+----------+-------------------+
 | U - Mom  | 0.82 | 1.2E-03 | 2.6E-02 |   26183  |       8.1E-02  OK |
 | V - Mom  | 0.70 | 4.5E-02 | 1.6E-01 |   26639  |       1.6E-03  OK |
 | W - Mom  | 0.75 | 9.9E-03 | 2.3E-01 |   23400  |       1.2E-02  OK |
 | P - Mass | 0.76 | 2.3E-03 | 3.3E-02 |   23379  | 12.2  4.3E-02  OK |
 +----------+------+---------+---------+----------+-------------------+

 TIME STEP =     4   SIMULATION TIME = 2.00E+00  CPU SECONDS = 2.17E+00
 +----------+------+---------+---------+----------+-------------------+
 | Equation | Rate | RMS Res | Max Res | Location |  Linear Solution  |
 +----------+------+---------+---------+----------+-------------------+
 | U - Mom  | 0.67 | 7.7E-04 | 1.5E-02 |   26637  |       7.6E-02  OK |
 | V - Mom  | 0.38 | 1.7E-02 | 1.7E-01 |   26638  |       2.1E-03  OK |
 | W - Mom  | 1.09 | 1.1E-02 | 2.0E-01 |   23394  |       9.2E-03  OK |
 | P - Mass | 0.78 | 1.8E-03 | 3.6E-02 |   23875  | 12.1  4.3E-02  OK |
 +----------+------+---------+---------+----------+-------------------+

 TIME STEP =     5   SIMULATION TIME = 2.50E+00  CPU SECONDS = 2.71E+00
 +----------+------+---------+---------+----------+-------------------+
 | Equation | Rate | RMS Res | Max Res | Location |  Linear Solution  |
 +----------+------+---------+---------+----------+-------------------+
 | U - Mom  | 0.64 | 4.9E-04 | 1.0E-02 |   26318  |       1.1E-01  ok |
 | V - Mom  | 0.82 | 1.4E-02 | 2.3E-01 |   26637  |       6.2E-03  OK |
 | W - Mom  | 1.03 | 1.1E-02 | 2.0E-01 |   23383  |       9.1E-03  OK |
 | P - Mass | 0.99 | 1.8E-03 | 1.9E-02 |   26437  |  8.5  6.2E-02  OK |
 +----------+------+---------+---------+----------+-------------------+

 Flow solver - Mass Imbalance                   =  3.1149E-02%
 Flow solver - X Momentum Imbalance             = -6.6007E-02%
 Flow solver - Y Momentum Imbalance             = -1.0029E+01%
 Flow solver - Z Momentum Imbalance             = -2.4830E+00%

 TIME STEP =     6   SIMULATION TIME = 3.00E+00  CPU SECONDS = 3.17E+00
 +----------+------+---------+---------+----------+-------------------+
 | Equation | Rate | RMS Res | Max Res | Location |  Linear Solution  |
 +----------+------+---------+---------+----------+-------------------+
 | U - Mom  | 0.92 | 4.5E-04 | 1.1E-02 |   26637  |       1.4E-01  ok |
 | V - Mom  | 0.70 | 1.0E-02 | 1.9E-01 |   26637  |       6.8E-03  OK |
 | W - Mom  | 0.70 | 7.7E-03 | 1.3E-01 |   26637  |       1.4E-02  OK |
 | P - Mass | 0.85 | 1.5E-03 | 2.6E-02 |   26437  |  8.4  6.1E-02  OK |
 +----------+------+---------+---------+----------+-------------------+

 TIME STEP =     7   SIMULATION TIME = 3.50E+00  CPU SECONDS = 3.64E+00
 +----------+------+---------+---------+----------+-------------------+
 | Equation | Rate | RMS Res | Max Res | Location |  Linear Solution  |
 +----------+------+---------+---------+----------+-------------------+
 | U - Mom  | 0.96 | 4.3E-04 | 1.2E-02 |   26637  |       1.1E-01  ok |
 | V - Mom  | 0.62 | 6.2E-03 | 8.7E-02 |   24527  |       7.5E-03  OK |
 | W - Mom  | 0.63 | 4.9E-03 | 4.8E-02 |   26679  |       1.8E-02  OK |
 | P - Mass | 0.57 | 8.6E-04 | 1.9E-02 |   26436  |  8.5  7.2E-02  OK |
 +----------+------+---------+---------+----------+-------------------+

 TIME STEP =     8   SIMULATION TIME = 4.00E+00  CPU SECONDS = 4.09E+00
 +----------+------+---------+---------+----------+-------------------+
 | Equation | Rate | RMS Res | Max Res | Location |  Linear Solution  |
 +----------+------+---------+---------+----------+-------------------+
 | U - Mom  | 0.84 | 3.6E-04 | 8.4E-03 |   26680  |       7.4E-02  OK |
 | V - Mom  | 0.64 | 3.9E-03 | 4.3E-02 |   24527  |       7.3E-03  OK |
 | W - Mom  | 0.72 | 3.5E-03 | 4.3E-02 |   24724  |       1.7E-02  OK |
 | P - Mass | 0.64 | 5.6E-04 | 1.4E-02 |   26682  |  8.4  6.3E-02  OK |
 +----------+------+---------+---------+----------+-------------------+

 TIME STEP =     9   SIMULATION TIME = 4.50E+00  CPU SECONDS = 4.54E+00
 +----------+------+---------+---------+----------+-------------------+
 | Equation | Rate | RMS Res | Max Res | Location |  Linear Solution  |
 +----------+------+---------+---------+----------+-------------------+
 | U - Mom  | 0.86 | 3.1E-04 | 5.0E-03 |   23818  |       5.1E-02  OK |
 | V - Mom  | 0.68 | 2.7E-03 | 2.9E-02 |   24777  |       8.0E-03  OK |
 | W - Mom  | 0.79 | 2.7E-03 | 4.2E-02 |   24777  |       1.5E-02  OK |
 | P - Mass | 0.76 | 4.2E-04 | 1.0E-02 |   23883  |  8.4  4.5E-02  OK |
 +----------+------+---------+---------+----------+-------------------+

 TIME STEP =    10   SIMULATION TIME = 5.00E+00  CPU SECONDS = 5.00E+00
 +----------+------+---------+---------+----------+-------------------+
 | Equation | Rate | RMS Res | Max Res | Location |  Linear Solution  |
 +----------+------+---------+---------+----------+-------------------+
 | U - Mom  | 0.98 | 3.1E-04 | 4.1E-03 |   26680  |       3.4E-02  OK |
 | V - Mom  | 0.77 | 2.0E-03 | 2.7E-02 |   20114  |       7.9E-03  OK |
 | W - Mom  | 0.86 | 2.4E-03 | 4.2E-02 |   24792  |       1.1E-02  OK |
 | P - Mass | 0.72 | 3.0E-04 | 7.6E-03 |   23874  |  8.4  3.3E-02  OK |
 +----------+------+---------+---------+----------+-------------------+

 Flow solver - Mass Imbalance                   = -1.6309E-02%
 Flow solver - X Momentum Imbalance             = -8.1434E-03%
 Flow solver - Y Momentum Imbalance             =  1.8225E+00%
 Flow solver - Z Momentum Imbalance             =  4.7592E-01%

 TIME STEP =    11   SIMULATION TIME = 5.50E+00  CPU SECONDS = 5.49E+00
 +----------+------+---------+---------+----------+-------------------+
 | Equation | Rate | RMS Res | Max Res | Location |  Linear Solution  |
 +----------+------+---------+---------+----------+-------------------+
 | U - Mom  | 1.07 | 3.3E-04 | 5.7E-03 |    1504  |       2.4E-02  OK |
 | V - Mom  | 0.84 | 1.7E-03 | 2.3E-02 |   20116  |       7.2E-03  OK |
 | W - Mom  | 0.91 | 2.1E-03 | 3.6E-02 |   24793  |       6.9E-03  OK |
 | P - Mass | 0.68 | 2.0E-04 | 5.1E-03 |   23889  |  8.5  2.7E-02  OK |
 +----------+------+---------+---------+----------+-------------------+

 TIME STEP =    12   SIMULATION TIME = 6.00E+00  CPU SECONDS = 5.97E+00
 +----------+------+---------+---------+----------+-------------------+
 | Equation | Rate | RMS Res | Max Res | Location |  Linear Solution  |
 +----------+------+---------+---------+----------+-------------------+
 | U - Mom  | 1.13 | 3.7E-04 | 7.2E-03 |    1339  |       2.1E-02  OK |
 | V - Mom  | 0.93 | 1.6E-03 | 2.5E-02 |   24783  |       6.5E-03  OK |
 | W - Mom  | 0.95 | 2.0E-03 | 4.3E-02 |   21492  |       5.3E-03  OK |
 | P - Mass | 0.68 | 1.4E-04 | 3.2E-03 |   23872  |  8.5  2.7E-02  OK |
 +----------+------+---------+---------+----------+-------------------+

 TIME STEP =    13   SIMULATION TIME = 6.50E+00  CPU SECONDS = 6.47E+00
 +----------+------+---------+---------+----------+-------------------+
 | Equation | Rate | RMS Res | Max Res | Location |  Linear Solution  |
 +----------+------+---------+---------+----------+-------------------+
 | U - Mom  | 1.06 | 3.9E-04 | 9.5E-03 |   19509  |       2.0E-02  OK |
 | V - Mom  | 0.98 | 1.5E-03 | 2.9E-02 |   21326  |       6.6E-03  OK |
 | W - Mom  | 0.94 | 1.9E-03 | 4.8E-02 |   24783  |       6.2E-03  OK |
 | P - Mass | 0.65 | 9.0E-05 | 1.8E-03 |   23872  |  8.5  2.8E-02  OK |
 +----------+------+---------+---------+----------+-------------------+

 TIME STEP =    14   SIMULATION TIME = 7.00E+00  CPU SECONDS = 6.95E+00
 +----------+------+---------+---------+----------+-------------------+
 | Equation | Rate | RMS Res | Max Res | Location |  Linear Solution  |
 +----------+------+---------+---------+----------+-------------------+
 | U - Mom  | 0.92 | 3.6E-04 | 8.2E-03 |   26471  |       2.0E-02  OK |
 | V - Mom  | 0.97 | 1.5E-03 | 2.7E-02 |   24784  |       6.8E-03  OK |
 | W - Mom  | 0.89 | 1.7E-03 | 3.6E-02 |   24784  |       7.0E-03  OK |
 | P - Mass | 0.72 | 6.5E-05 | 1.1E-03 |   26637  |  8.5  3.5E-02  OK |
 +----------+------+---------+---------+----------+-------------------+

 TIME STEP =    15   SIMULATION TIME = 7.50E+00  CPU SECONDS = 7.43E+00
 +----------+------+---------+---------+----------+-------------------+
 | Equation | Rate | RMS Res | Max Res | Location |  Linear Solution  |
 +----------+------+---------+---------+----------+-------------------+
 | U - Mom  | 0.81 | 2.9E-04 | 7.4E-03 |   26471  |       1.8E-02  OK |
 | V - Mom  | 0.95 | 1.4E-03 | 2.8E-02 |   21327  |       6.3E-03  OK |
 | W - Mom  | 0.86 | 1.5E-03 | 3.8E-02 |   21327  |       7.0E-03  OK |
 | P - Mass | 0.92 | 5.9E-05 | 1.2E-03 |   26681  |  8.4  2.9E-02  OK |
 +----------+------+---------+---------+----------+-------------------+

 Flow solver - Mass Imbalance                   =  8.3101E-04%
 Flow solver - X Momentum Imbalance             =  1.2946E-03%
 Flow solver - Y Momentum Imbalance             =  1.1904E-01%
 Flow solver - Z Momentum Imbalance             =  1.2254E-01%

 TIME STEP =    16   SIMULATION TIME = 8.00E+00  CPU SECONDS = 7.93E+00
 +----------+------+---------+---------+----------+-------------------+
 | Equation | Rate | RMS Res | Max Res | Location |  Linear Solution  |
 +----------+------+---------+---------+----------+-------------------+
 | U - Mom  | 0.77 | 2.2E-04 | 5.7E-03 |   26731  |       1.4E-02  OK |
 | V - Mom  | 0.91 | 1.3E-03 | 2.1E-02 |   10248  |       5.5E-03  OK |
 | W - Mom  | 0.83 | 1.2E-03 | 2.6E-02 |   21327  |       6.5E-03  OK |
 | P - Mass | 0.91 | 5.4E-05 | 1.5E-03 |   26681  |  8.5  2.8E-02  OK |
 +----------+------+---------+---------+----------+-------------------+

 TIME STEP =    17   SIMULATION TIME = 8.50E+00  CPU SECONDS = 8.41E+00
 +----------+------+---------+---------+----------+-------------------+
 | Equation | Rate | RMS Res | Max Res | Location |  Linear Solution  |
 +----------+------+---------+---------+----------+-------------------+
 | U - Mom  | 0.87 | 2.0E-04 | 5.6E-03 |   26449  |       1.2E-02  OK |
 | V - Mom  | 0.90 | 1.2E-03 | 1.9E-02 |   10248  |       4.7E-03  OK |
 | W - Mom  | 0.84 | 1.0E-03 | 2.6E-02 |   24766  |       5.9E-03  OK |
 | P - Mass | 0.88 | 4.8E-05 | 1.2E-03 |   26681  |  8.4  2.8E-02  OK |
 +----------+------+---------+---------+----------+-------------------+

 TIME STEP =    18   SIMULATION TIME = 9.00E+00  CPU SECONDS = 8.90E+00
 +----------+------+---------+---------+----------+-------------------+
 | Equation | Rate | RMS Res | Max Res | Location |  Linear Solution  |
 +----------+------+---------+---------+----------+-------------------+
 | U - Mom  | 1.01 | 2.0E-04 | 5.9E-03 |   26449  |       1.0E-02  OK |
 | V - Mom  | 0.89 | 1.1E-03 | 1.6E-02 |   10425  |       3.9E-03  OK |
 | W - Mom  | 0.85 | 8.6E-04 | 2.3E-02 |   24766  |       5.5E-03  OK |
 | P - Mass | 0.84 | 4.0E-05 | 7.7E-04 |   26680  |  8.4  2.5E-02  OK |
 +----------+------+---------+---------+----------+-------------------+

 TIME STEP =    19   SIMULATION TIME = 9.50E+00  CPU SECONDS = 9.39E+00
 +----------+------+---------+---------+----------+-------------------+
 | Equation | Rate | RMS Res | Max Res | Location |  Linear Solution  |
 +----------+------+---------+---------+----------+-------------------+
 | U - Mom  | 1.02 | 2.0E-04 | 5.8E-03 |   26449  |       8.7E-03  OK |
 | V - Mom  | 0.90 | 9.5E-04 | 1.9E-02 |   10425  |       3.2E-03  OK |
 | W - Mom  | 0.86 | 7.4E-04 | 2.3E-02 |   26667  |       4.9E-03  OK |
 | P - Mass | 0.82 | 3.3E-05 | 6.8E-04 |   26731  |  8.4  2.4E-02  OK |
 +----------+------+---------+---------+----------+-------------------+

 TIME STEP =    20   SIMULATION TIME = 1.00E+01  CPU SECONDS = 9.85E+00
 +----------+------+---------+---------+----------+-------------------+
 | Equation | Rate | RMS Res | Max Res | Location |  Linear Solution  |
 +----------+------+---------+---------+----------+-------------------+
 | U - Mom  | 0.96 | 1.9E-04 | 5.8E-03 |   26449  |       8.3E-03  OK |
 | V - Mom  | 0.91 | 8.6E-04 | 1.7E-02 |   10425  |       2.9E-03  OK |
 | W - Mom  | 0.89 | 6.7E-04 | 2.1E-02 |   26667  |       4.4E-03  OK |
 | P - Mass | 0.83 | 2.7E-05 | 6.7E-04 |   23702  |  8.5  2.3E-02  OK |
 +----------+------+---------+---------+----------+-------------------+

 Flow solver - Mass Imbalance                   = -3.2612E-04%
 Flow solver - X Momentum Imbalance             = -1.1126E-04%
 Flow solver - Y Momentum Imbalance             = -2.4452E-02%
 Flow solver - Z Momentum Imbalance             =  1.0992E-02%

 TIME STEP =    21   SIMULATION TIME = 1.05E+01  CPU SECONDS = 1.03E+01
 +----------+------+---------+---------+----------+-------------------+
 | Equation | Rate | RMS Res | Max Res | Location |  Linear Solution  |
 +----------+------+---------+---------+----------+-------------------+
 | U - Mom  | 0.89 | 1.7E-04 | 5.7E-03 |   26449  |       8.6E-03  OK |
 | V - Mom  | 0.91 | 7.8E-04 | 1.4E-02 |   10425  |       2.7E-03  OK |
 | W - Mom  | 0.93 | 6.2E-04 | 1.8E-02 |   26347  |       4.0E-03  OK |
 | P - Mass | 0.85 | 2.3E-05 | 6.1E-04 |   23702  |  8.4  2.2E-02  OK |
 +----------+------+---------+---------+----------+-------------------+

 TIME STEP =    22   SIMULATION TIME = 1.10E+01  CPU SECONDS = 1.08E+01
 +----------+------+---------+---------+----------+-------------------+
 | Equation | Rate | RMS Res | Max Res | Location |  Linear Solution  |
 +----------+------+---------+---------+----------+-------------------+
 | U - Mom  | 0.84 | 1.4E-04 | 5.5E-03 |   26439  |       9.1E-03  OK |
 | V - Mom  | 0.93 | 7.2E-04 | 1.3E-02 |   10426  |       2.7E-03  OK |
 | W - Mom  | 0.96 | 6.0E-04 | 1.8E-02 |   26739  |       3.7E-03  OK |
 | P - Mass | 0.85 | 2.0E-05 | 5.1E-04 |   23702  |  8.4  2.3E-02  OK |
 +----------+------+---------+---------+----------+-------------------+

 TIME STEP =    23   SIMULATION TIME = 1.15E+01  CPU SECONDS = 1.12E+01
 +----------+------+---------+---------+----------+-------------------+
 | Equation | Rate | RMS Res | Max Res | Location |  Linear Solution  |
 +----------+------+---------+---------+----------+-------------------+
 | U - Mom  | 0.85 | 1.2E-04 | 5.2E-03 |   26439  |       8.9E-03  OK |
 | V - Mom  | 0.93 | 6.7E-04 | 1.1E-02 |   10426  |       2.8E-03  OK |
 | W - Mom  | 1.00 | 6.0E-04 | 1.7E-02 |   26731  |       3.3E-03  OK |
 | P - Mass | 0.86 | 1.7E-05 | 4.2E-04 |   23707  |  8.5  2.3E-02  OK |
 +----------+------+---------+---------+----------+-------------------+

 TIME STEP =    24   SIMULATION TIME = 1.20E+01  CPU SECONDS = 1.17E+01
 +----------+------+---------+---------+----------+-------------------+
 | Equation | Rate | RMS Res | Max Res | Location |  Linear Solution  |
 +----------+------+---------+---------+----------+-------------------+
 | U - Mom  | 0.95 | 1.2E-04 | 4.3E-03 |   26439  |       8.6E-03  OK |
 | V - Mom  | 0.91 | 6.1E-04 | 1.1E-02 |   23548  |       3.2E-03  OK |
 | W - Mom  | 1.02 | 6.1E-04 | 1.5E-02 |   26731  |       3.3E-03  OK |
 | P - Mass | 0.88 | 1.5E-05 | 3.3E-04 |   23707  |  8.5  2.4E-02  OK |
 +----------+------+---------+---------+----------+-------------------+

 TIME STEP =    25   SIMULATION TIME = 1.25E+01  CPU SECONDS = 1.22E+01
 +----------+------+---------+---------+----------+-------------------+
 | Equation | Rate | RMS Res | Max Res | Location |  Linear Solution  |
 +----------+------+---------+---------+----------+-------------------+
 | U - Mom  | 1.09 | 1.3E-04 | 3.3E-03 |   26730  |       8.1E-03  OK |
 | V - Mom  | 0.88 | 5.3E-04 | 1.2E-02 |   26653  |       3.7E-03  OK |
 | W - Mom  | 1.01 | 6.1E-04 | 1.2E-02 |   24766  |       3.5E-03  OK |
 | P - Mass | 0.90 | 1.3E-05 | 2.6E-04 |   23707  |  8.5  2.6E-02  OK |
 +----------+------+---------+---------+----------+-------------------+

 Backup files written at time =  1.250000E+01 s


 Flow solver - Mass Imbalance                   = -4.2453E-04%
 Flow solver - X Momentum Imbalance             =  2.4527E-04%
 Flow solver - Y Momentum Imbalance             = -1.4517E-02%
 Flow solver - Z Momentum Imbalance             =  1.2385E-02%

 TIME STEP =    26   SIMULATION TIME = 1.30E+01  CPU SECONDS = 1.46E+01
 +----------+------+---------+---------+----------+-------------------+
 | Equation | Rate | RMS Res | Max Res | Location |  Linear Solution  |
 +----------+------+---------+---------+----------+-------------------+
 | U - Mom  | 1.11 | 1.4E-04 | 3.0E-03 |   26730  |       7.9E-03  OK |
 | V - Mom  | 0.88 | 4.7E-04 | 1.3E-02 |   26653  |       4.2E-03  OK |
 | W - Mom  | 1.01 | 6.2E-04 | 1.4E-02 |   24765  |       3.8E-03  OK |
 | P - Mass | 0.93 | 1.2E-05 | 2.8E-04 |   26730  |  8.5  2.8E-02  OK |
 +----------+------+---------+---------+----------+-------------------+

 TIME STEP =    27   SIMULATION TIME = 1.35E+01  CPU SECONDS = 1.50E+01
 +----------+------+---------+---------+----------+-------------------+
 | Equation | Rate | RMS Res | Max Res | Location |  Linear Solution  |
 +----------+------+---------+---------+----------+-------------------+
 | U - Mom  | 1.05 | 1.5E-04 | 2.3E-03 |   26730  |       7.9E-03  OK |
 | V - Mom  | 0.92 | 4.3E-04 | 1.2E-02 |   26653  |       4.6E-03  OK |
 | W - Mom  | 0.98 | 6.1E-04 | 1.4E-02 |    1340  |       4.1E-03  OK |
 | P - Mass | 0.95 | 1.2E-05 | 3.0E-04 |   26730  |  8.5  2.9E-02  OK |
 +----------+------+---------+---------+----------+-------------------+

 TIME STEP =    28   SIMULATION TIME = 1.40E+01  CPU SECONDS = 1.55E+01
 +----------+------+---------+---------+----------+-------------------+
 | Equation | Rate | RMS Res | Max Res | Location |  Linear Solution  |
 +----------+------+---------+---------+----------+-------------------+
 | U - Mom  | 0.98 | 1.5E-04 | 2.7E-03 |   26440  |       8.1E-03  OK |
 | V - Mom  | 0.98 | 4.2E-04 | 1.2E-02 |   26652  |       4.6E-03  OK |
 | W - Mom  | 0.95 | 5.8E-04 | 1.6E-02 |   24784  |       4.5E-03  OK |
 | P - Mass | 0.96 | 1.1E-05 | 3.0E-04 |   26730  |  8.5  3.0E-02  OK |
 +----------+------+---------+---------+----------+-------------------+

 TIME STEP =    29   SIMULATION TIME = 1.45E+01  CPU SECONDS = 1.60E+01
 +----------+------+---------+---------+----------+-------------------+
 | Equation | Rate | RMS Res | Max Res | Location |  Linear Solution  |
 +----------+------+---------+---------+----------+-------------------+
 | U - Mom  | 0.93 | 1.4E-04 | 3.1E-03 |   26440  |       8.4E-03  OK |
 | V - Mom  | 1.03 | 4.3E-04 | 1.5E-02 |   26652  |       4.4E-03  OK |
 | W - Mom  | 0.93 | 5.4E-04 | 1.8E-02 |   24784  |       5.0E-03  OK |
 | P - Mass | 0.96 | 1.1E-05 | 2.9E-04 |   26730  |  8.5  3.0E-02  OK |
 +----------+------+---------+---------+----------+-------------------+

 TIME STEP =    30   SIMULATION TIME = 1.50E+01  CPU SECONDS = 1.64E+01
 +----------+------+---------+---------+----------+-------------------+
 | Equation | Rate | RMS Res | Max Res | Location |  Linear Solution  |
 +----------+------+---------+---------+----------+-------------------+
 | U - Mom  | 0.91 | 1.2E-04 | 3.4E-03 |   26439  |       8.5E-03  OK |
 | V - Mom  | 1.03 | 4.5E-04 | 1.7E-02 |   26652  |       4.0E-03  OK |
 | W - Mom  | 0.89 | 4.8E-04 | 1.7E-02 |   24784  |       5.7E-03  OK |
 | P - Mass | 0.95 | 1.0E-05 | 2.7E-04 |   26730  |  8.5  3.1E-02  OK |
 +----------+------+---------+---------+----------+-------------------+

 Flow solver - Mass Imbalance                   = -5.7860E-04%
 Flow solver - X Momentum Imbalance             = -2.7098E-05%
 Flow solver - Y Momentum Imbalance             = -7.4702E-04%
 Flow solver - Z Momentum Imbalance             =  9.3468E-03%

 TIME STEP =    31   SIMULATION TIME = 1.55E+01  CPU SECONDS = 1.69E+01
 +----------+------+---------+---------+----------+-------------------+
 | Equation | Rate | RMS Res | Max Res | Location |  Linear Solution  |
 +----------+------+---------+---------+----------+-------------------+
 | U - Mom  | 0.94 | 1.2E-04 | 3.4E-03 |   26439  |       8.5E-03  OK |
 | V - Mom  | 1.01 | 4.5E-04 | 1.5E-02 |   26332  |       3.8E-03  OK |
 | W - Mom  | 0.86 | 4.1E-04 | 1.6E-02 |   24784  |       6.6E-03  OK |
 | P - Mass | 0.94 | 9.5E-06 | 2.4E-04 |   26730  |  8.5  3.3E-02  OK |
 +----------+------+---------+---------+----------+-------------------+

 TIME STEP =    32   SIMULATION TIME = 1.60E+01  CPU SECONDS = 1.74E+01
 +----------+------+---------+---------+----------+-------------------+
 | Equation | Rate | RMS Res | Max Res | Location |  Linear Solution  |
 +----------+------+---------+---------+----------+-------------------+
 | U - Mom  | 1.01 | 1.2E-04 | 3.3E-03 |   26737  |       7.9E-03  OK |
 | V - Mom  | 1.02 | 4.6E-04 | 1.3E-02 |   26332  |       3.5E-03  OK |
 | W - Mom  | 0.82 | 3.4E-04 | 1.4E-02 |   24784  |       7.6E-03  OK |
 | P - Mass | 0.92 | 8.8E-06 | 2.0E-04 |   23533  |  8.5  3.4E-02  OK |
 +----------+------+---------+---------+----------+-------------------+

 TIME STEP =    33   SIMULATION TIME = 1.65E+01  CPU SECONDS = 1.79E+01
 +----------+------+---------+---------+----------+-------------------+
 | Equation | Rate | RMS Res | Max Res | Location |  Linear Solution  |
 +----------+------+---------+---------+----------+-------------------+
 | U - Mom  | 1.06 | 1.2E-04 | 3.6E-03 |   26730  |       6.9E-03  OK |
 | V - Mom  | 1.03 | 4.7E-04 | 1.1E-02 |   26332  |       3.3E-03  OK |
 | W - Mom  | 0.79 | 2.7E-04 | 1.1E-02 |   24794  |       8.4E-03  OK |
 | P - Mass | 0.91 | 8.0E-06 | 1.8E-04 |   23533  |  8.5  3.4E-02  OK |
 +----------+------+---------+---------+----------+-------------------+

 TIME STEP =    34   SIMULATION TIME = 1.70E+01  CPU SECONDS = 1.84E+01
 +----------+------+---------+---------+----------+-------------------+
 | Equation | Rate | RMS Res | Max Res | Location |  Linear Solution  |
 +----------+------+---------+---------+----------+-------------------+
 | U - Mom  | 1.05 | 1.3E-04 | 3.3E-03 |   26730  |       5.9E-03  OK |
 | V - Mom  | 1.02 | 4.8E-04 | 1.3E-02 |   24794  |       3.1E-03  OK |
 | W - Mom  | 0.79 | 2.1E-04 | 8.5E-03 |   24794  |       7.9E-03  OK |
 | P - Mass | 0.91 | 7.3E-06 | 1.6E-04 |   23532  |  8.5  3.5E-02  OK |
 +----------+------+---------+---------+----------+-------------------+

 TIME STEP =    35   SIMULATION TIME = 1.75E+01  CPU SECONDS = 1.88E+01
 +----------+------+---------+---------+----------+-------------------+
 | Equation | Rate | RMS Res | Max Res | Location |  Linear Solution  |
 +----------+------+---------+---------+----------+-------------------+
 | U - Mom  | 1.00 | 1.3E-04 | 2.8E-03 |    4975  |       5.2E-03  OK |
 | V - Mom  | 0.98 | 4.7E-04 | 1.3E-02 |   24794  |       3.0E-03  OK |
 | W - Mom  | 0.94 | 2.0E-04 | 4.1E-03 |   24794  |       6.2E-03  OK |
 | P - Mass | 0.92 | 6.7E-06 | 1.4E-04 |   23542  |  8.4  3.3E-02  OK |
 +----------+------+---------+---------+----------+-------------------+

 Flow solver - Mass Imbalance                   = -4.5197E-04%
 Flow solver - X Momentum Imbalance             = -3.2188E-05%
 Flow solver - Y Momentum Imbalance             =  1.4397E-02%
 Flow solver - Z Momentum Imbalance             =  3.9770E-03%

 TIME STEP =    36   SIMULATION TIME = 1.80E+01  CPU SECONDS = 1.93E+01
 +----------+------+---------+---------+----------+-------------------+
 | Equation | Rate | RMS Res | Max Res | Location |  Linear Solution  |
 +----------+------+---------+---------+----------+-------------------+
 | U - Mom  | 0.96 | 1.2E-04 | 2.5E-03 |    1507  |       4.8E-03  OK |
 | V - Mom  | 0.95 | 4.4E-04 | 1.5E-02 |   21494  |       2.7E-03  OK |
 | W - Mom  | 1.19 | 2.4E-04 | 6.0E-03 |   19677  |       4.4E-03  OK |
 | P - Mass | 0.92 | 6.2E-06 | 1.2E-04 |   26681  |  8.5  3.0E-02  OK |
 +----------+------+---------+---------+----------+-------------------+

 TIME STEP =    37   SIMULATION TIME = 1.85E+01  CPU SECONDS = 1.98E+01
 +----------+------+---------+---------+----------+-------------------+
 | Equation | Rate | RMS Res | Max Res | Location |  Linear Solution  |
 +----------+------+---------+---------+----------+-------------------+
 | U - Mom  | 0.92 | 1.1E-04 | 2.1E-03 |    3158  |       5.0E-03  OK |
 | V - Mom  | 0.91 | 4.0E-04 | 1.5E-02 |   24795  |       2.5E-03  OK |
 | W - Mom  | 1.24 | 2.9E-04 | 7.3E-03 |   19677  |       3.3E-03  OK |
 | P - Mass | 0.92 | 5.7E-06 | 1.2E-04 |   26737  |  8.5  3.0E-02  OK |
 +----------+------+---------+---------+----------+-------------------+

 TIME STEP =    38   SIMULATION TIME = 1.90E+01  CPU SECONDS = 2.02E+01
 +----------+------+---------+---------+----------+-------------------+
 | Equation | Rate | RMS Res | Max Res | Location |  Linear Solution  |
 +----------+------+---------+---------+----------+-------------------+
 | U - Mom  | 0.89 | 1.0E-04 | 1.6E-03 |    1341  |       5.5E-03  OK |
 | V - Mom  | 0.87 | 3.5E-04 | 1.4E-02 |   24795  |       2.5E-03  OK |
 | W - Mom  | 1.19 | 3.5E-04 | 8.1E-03 |    1507  |       2.7E-03  OK |
 | P - Mass | 0.91 | 5.2E-06 | 1.2E-04 |   26737  |  8.5  3.0E-02  OK |
 +----------+------+---------+---------+----------+-------------------+

 TIME STEP =    39   SIMULATION TIME = 1.95E+01  CPU SECONDS = 2.07E+01
 +----------+------+---------+---------+----------+-------------------+
 | Equation | Rate | RMS Res | Max Res | Location |  Linear Solution  |
 +----------+------+---------+---------+----------+-------------------+
 | U - Mom  | 0.88 | 9.0E-05 | 1.3E-03 |    1341  |       6.2E-03  OK |
 | V - Mom  | 0.83 | 2.9E-04 | 1.2E-02 |   24795  |       2.9E-03  OK |
 | W - Mom  | 1.12 | 3.9E-04 | 9.5E-03 |   24795  |       2.4E-03  OK |
 | P - Mass | 0.90 | 4.7E-06 | 1.1E-04 |   26737  |  8.5  3.1E-02  OK |
 +----------+------+---------+---------+----------+-------------------+

 TIME STEP =    40   SIMULATION TIME = 2.00E+01  CPU SECONDS = 2.11E+01
 +----------+------+---------+---------+----------+-------------------+
 | Equation | Rate | RMS Res | Max Res | Location |  Linear Solution  |
 +----------+------+---------+---------+----------+-------------------+
 | U - Mom  | 0.89 | 8.0E-05 | 8.4E-04 |    4796  |       6.8E-03  OK |
 | V - Mom  | 0.81 | 2.4E-04 | 8.5E-03 |   24795  |       3.7E-03  OK |
 | W - Mom  | 1.06 | 4.2E-04 | 1.2E-02 |   24795  |       2.4E-03  OK |
 | P - Mass | 0.93 | 4.4E-06 | 9.3E-05 |   26737  |  8.5  3.3E-02  OK |
 +----------+------+---------+---------+----------+-------------------+

 Flow solver - Mass Imbalance                   = -1.9767E-04%
 Flow solver - X Momentum Imbalance             =  6.7521E-05%
 Flow solver - Y Momentum Imbalance             =  9.0362E-03%
 Flow solver - Z Momentum Imbalance             = -7.9938E-03%

 TIME STEP =    41   SIMULATION TIME = 2.05E+01  CPU SECONDS = 2.16E+01
 +----------+------+---------+---------+----------+-------------------+
 | Equation | Rate | RMS Res | Max Res | Location |  Linear Solution  |
 +----------+------+---------+---------+----------+-------------------+
 | U - Mom  | 0.93 | 7.5E-05 | 7.6E-04 |    4796  |       7.0E-03  OK |
 | V - Mom  | 0.85 | 2.0E-04 | 6.5E-03 |   24785  |       4.0E-03  OK |
 | W - Mom  | 1.01 | 4.2E-04 | 1.1E-02 |   24795  |       2.5E-03  OK |
 | P - Mass | 0.99 | 4.3E-06 | 9.0E-05 |   23867  |  8.5  3.3E-02  OK |
 +----------+------+---------+---------+----------+-------------------+

 TIME STEP =    42   SIMULATION TIME = 2.10E+01  CPU SECONDS = 2.20E+01
 +----------+------+---------+---------+----------+-------------------+
 | Equation | Rate | RMS Res | Max Res | Location |  Linear Solution  |
 +----------+------+---------+---------+----------+-------------------+
 | U - Mom  | 0.98 | 7.3E-05 | 6.8E-04 |   23660  |       6.9E-03  OK |
 | V - Mom  | 0.99 | 2.0E-04 | 5.2E-03 |   24785  |       3.8E-03  OK |
 | W - Mom  | 0.97 | 4.1E-04 | 1.2E-02 |   21328  |       2.7E-03  OK |
 | P - Mass | 1.06 | 4.6E-06 | 1.1E-04 |   26361  |  8.5  3.2E-02  OK |
 +----------+------+---------+---------+----------+-------------------+

 TIME STEP =    43   SIMULATION TIME = 2.15E+01  CPU SECONDS = 2.25E+01
 +----------+------+---------+---------+----------+-------------------+
 | Equation | Rate | RMS Res | Max Res | Location |  Linear Solution  |
 +----------+------+---------+---------+----------+-------------------+
 | U - Mom  | 1.02 | 7.4E-05 | 9.2E-04 |   15877  |       6.5E-03  OK |
 | V - Mom  | 1.13 | 2.3E-04 | 4.9E-03 |   10591  |       3.5E-03  OK |
 | W - Mom  | 0.94 | 3.8E-04 | 1.3E-02 |   24785  |       2.9E-03  OK |
 | P - Mass | 1.09 | 5.0E-06 | 1.5E-04 |   26681  |  8.5  3.1E-02  OK |
 +----------+------+---------+---------+----------+-------------------+

 TIME STEP =    44   SIMULATION TIME = 2.20E+01  CPU SECONDS = 2.29E+01
 +----------+------+---------+---------+----------+-------------------+
 | Equation | Rate | RMS Res | Max Res | Location |  Linear Solution  |
 +----------+------+---------+---------+----------+-------------------+
 | U - Mom  | 1.04 | 7.7E-05 | 1.2E-03 |   17694  |       5.9E-03  OK |
 | V - Mom  | 1.17 | 2.7E-04 | 6.5E-03 |   10591  |       3.2E-03  OK |
 | W - Mom  | 0.89 | 3.4E-04 | 1.2E-02 |   24785  |       3.2E-03  OK |
 | P - Mass | 1.09 | 5.4E-06 | 1.7E-04 |   26681  |  8.5  2.9E-02  OK |
 +----------+------+---------+---------+----------+-------------------+

 TIME STEP =    45   SIMULATION TIME = 2.25E+01  CPU SECONDS = 2.34E+01
 +----------+------+---------+---------+----------+-------------------+
 | Equation | Rate | RMS Res | Max Res | Location |  Linear Solution  |
 +----------+------+---------+---------+----------+-------------------+
 | U - Mom  | 1.05 | 8.0E-05 | 1.4E-03 |    3158  |       5.3E-03  OK |
 | V - Mom  | 1.16 | 3.1E-04 | 7.9E-03 |   10591  |       3.0E-03  OK |
 | W - Mom  | 0.85 | 2.9E-04 | 1.1E-02 |   24785  |       3.6E-03  OK |
 | P - Mass | 1.05 | 5.7E-06 | 1.7E-04 |   26681  |  8.5  2.8E-02  OK |
 +----------+------+---------+---------+----------+-------------------+

 Flow solver - Mass Imbalance                   = -9.8390E-05%
 Flow solver - X Momentum Imbalance             =  8.6932E-05%
 Flow solver - Y Momentum Imbalance             = -4.1642E-03%
 Flow solver - Z Momentum Imbalance             = -9.1044E-03%

 TIME STEP =    46   SIMULATION TIME = 2.30E+01  CPU SECONDS = 2.38E+01
 +----------+------+---------+---------+----------+-------------------+
 | Equation | Rate | RMS Res | Max Res | Location |  Linear Solution  |
 +----------+------+---------+---------+----------+-------------------+
 | U - Mom  | 1.05 | 8.4E-05 | 1.6E-03 |    3158  |       4.7E-03  OK |
 | V - Mom  | 1.11 | 3.4E-04 | 8.8E-03 |   10591  |       2.7E-03  OK |
 | W - Mom  | 0.81 | 2.3E-04 | 9.8E-03 |   24785  |       3.7E-03  OK |
 | P - Mass | 1.03 | 5.9E-06 | 1.7E-04 |   26680  |  8.5  2.7E-02  OK |
 +----------+------+---------+---------+----------+-------------------+

 TIME STEP =    47   SIMULATION TIME = 2.35E+01  CPU SECONDS = 2.43E+01
 +----------+------+---------+---------+----------+-------------------+
 | Equation | Rate | RMS Res | Max Res | Location |  Linear Solution  |
 +----------+------+---------+---------+----------+-------------------+
 | U - Mom  | 1.04 | 8.7E-05 | 1.7E-03 |    4975  |       4.3E-03  OK |
 | V - Mom  | 1.06 | 3.6E-04 | 8.8E-03 |   10591  |       2.5E-03  OK |
 | W - Mom  | 0.81 | 1.9E-04 | 7.5E-03 |   24785  |       3.3E-03  OK |
 | P - Mass | 1.00 | 5.9E-06 | 1.6E-04 |   26680  |  8.5  2.5E-02  OK |
 +----------+------+---------+---------+----------+-------------------+

 TIME STEP =    48   SIMULATION TIME = 2.40E+01  CPU SECONDS = 2.48E+01
 +----------+------+---------+---------+----------+-------------------+
 | Equation | Rate | RMS Res | Max Res | Location |  Linear Solution  |
 +----------+------+---------+---------+----------+-------------------+
 | U - Mom  | 1.03 | 9.0E-05 | 1.8E-03 |    4975  |       4.1E-03  OK |
 | V - Mom  | 1.02 | 3.7E-04 | 9.0E-03 |   10592  |       2.2E-03  OK |
 | W - Mom  | 0.95 | 1.8E-04 | 5.1E-03 |   24766  |       2.4E-03  OK |
 | P - Mass | 1.02 | 6.0E-06 | 1.5E-04 |   23867  |  8.5  2.4E-02  OK |
 +----------+------+---------+---------+----------+-------------------+

 TIME STEP =    49   SIMULATION TIME = 2.45E+01  CPU SECONDS = 2.53E+01
 +----------+------+---------+---------+----------+-------------------+
 | Equation | Rate | RMS Res | Max Res | Location |  Linear Solution  |
 +----------+------+---------+---------+----------+-------------------+
 | U - Mom  | 1.01 | 9.1E-05 | 1.8E-03 |    4975  |       4.0E-03  OK |
 | V - Mom  | 0.97 | 3.6E-04 | 8.6E-03 |   24785  |       2.0E-03  OK |
 | W - Mom  | 1.19 | 2.1E-04 | 4.6E-03 |   19511  |       1.9E-03  OK |
 | P - Mass | 0.98 | 5.8E-06 | 1.6E-04 |   23869  |  8.5  2.3E-02  OK |
 +----------+------+---------+---------+----------+-------------------+

 TIME STEP =    50   SIMULATION TIME = 2.50E+01  CPU SECONDS = 2.58E+01
 +----------+------+---------+---------+----------+-------------------+
 | Equation | Rate | RMS Res | Max Res | Location |  Linear Solution  |
 +----------+------+---------+---------+----------+-------------------+
 | U - Mom  | 1.00 | 9.1E-05 | 1.7E-03 |    4975  |       4.3E-03  OK |
 | V - Mom  | 0.93 | 3.4E-04 | 8.7E-03 |   24785  |       1.9E-03  OK |
 | W - Mom  | 1.26 | 2.7E-04 | 6.2E-03 |   19511  |       1.6E-03  OK |
 | P - Mass | 0.94 | 5.5E-06 | 1.4E-04 |   23869  |  8.5  2.2E-02  OK |
 +----------+------+---------+---------+----------+-------------------+

 Backup files written at time =  2.500000E+01 s


 Flow solver - Mass Imbalance                   = -6.3186E-05%
 Flow solver - X Momentum Imbalance             =  7.9248E-05%
 Flow solver - Y Momentum Imbalance             = -1.1535E-02%
 Flow solver - Z Momentum Imbalance             =  1.5747E-03%

 TIME STEP =    51   SIMULATION TIME = 2.55E+01  CPU SECONDS = 2.82E+01
 +----------+------+---------+---------+----------+-------------------+
 | Equation | Rate | RMS Res | Max Res | Location |  Linear Solution  |
 +----------+------+---------+---------+----------+-------------------+
 | U - Mom  | 1.00 | 9.1E-05 | 1.5E-03 |    4975  |       4.6E-03  OK |
 | V - Mom  | 0.89 | 3.0E-04 | 9.0E-03 |   24766  |       2.0E-03  OK |
 | W - Mom  | 1.21 | 3.2E-04 | 7.6E-03 |   10592  |       1.6E-03  OK |
 | P - Mass | 0.93 | 5.1E-06 | 1.1E-04 |   23865  |  8.5  2.3E-02  OK |
 +----------+------+---------+---------+----------+-------------------+

 TIME STEP =    52   SIMULATION TIME = 2.60E+01  CPU SECONDS = 2.88E+01
 +----------+------+---------+---------+----------+-------------------+
 | Equation | Rate | RMS Res | Max Res | Location |  Linear Solution  |
 +----------+------+---------+---------+----------+-------------------+
 | U - Mom  | 0.98 | 8.9E-05 | 1.3E-03 |   17693  |       5.1E-03  OK |
 | V - Mom  | 0.86 | 2.6E-04 | 8.3E-03 |   24766  |       2.6E-03  OK |
 | W - Mom  | 1.15 | 3.7E-04 | 8.3E-03 |   10592  |       1.7E-03  OK |
 | P - Mass | 0.93 | 4.8E-06 | 8.6E-05 |   23864  |  8.5  2.5E-02  OK |
 +----------+------+---------+---------+----------+-------------------+

 TIME STEP =    53   SIMULATION TIME = 2.65E+01  CPU SECONDS = 2.92E+01
 +----------+------+---------+---------+----------+-------------------+
 | Equation | Rate | RMS Res | Max Res | Location |  Linear Solution  |
 +----------+------+---------+---------+----------+-------------------+
 | U - Mom  | 0.97 | 8.7E-05 | 1.1E-03 |   19510  |       5.5E-03  OK |
 | V - Mom  | 0.85 | 2.2E-04 | 7.3E-03 |   24765  |       3.7E-03  OK |
 | W - Mom  | 1.09 | 4.1E-04 | 9.0E-03 |   10426  |       1.8E-03  OK |
 | P - Mass | 0.96 | 4.6E-06 | 8.5E-05 |   26361  |  8.5  2.7E-02  OK |
 +----------+------+---------+---------+----------+-------------------+

 TIME STEP =    54   SIMULATION TIME = 2.70E+01  CPU SECONDS = 2.97E+01
 +----------+------+---------+---------+----------+-------------------+
 | Equation | Rate | RMS Res | Max Res | Location |  Linear Solution  |
 +----------+------+---------+---------+----------+-------------------+
 | U - Mom  | 0.96 | 8.3E-05 | 9.3E-04 |    1340  |       5.9E-03  OK |
 | V - Mom  | 0.89 | 2.0E-04 | 6.5E-03 |   24765  |       4.2E-03  OK |
 | W - Mom  | 1.04 | 4.2E-04 | 9.6E-03 |   10426  |       2.0E-03  OK |
 | P - Mass | 0.99 | 4.5E-06 | 1.2E-04 |   26361  |  8.5  2.8E-02  OK |
 +----------+------+---------+---------+----------+-------------------+

 TIME STEP =    55   SIMULATION TIME = 2.75E+01  CPU SECONDS = 3.02E+01
 +----------+------+---------+---------+----------+-------------------+
 | Equation | Rate | RMS Res | Max Res | Location |  Linear Solution  |
 +----------+------+---------+---------+----------+-------------------+
 | U - Mom  | 0.96 | 7.9E-05 | 8.9E-04 |   23650  |       6.0E-03  OK |
 | V - Mom  | 1.02 | 2.0E-04 | 5.1E-03 |   24765  |       3.9E-03  OK |
 | W - Mom  | 0.99 | 4.2E-04 | 9.3E-03 |   21328  |       2.1E-03  OK |
 | P - Mass | 1.03 | 4.7E-06 | 1.4E-04 |   26361  |  8.5  2.8E-02  OK |
 +----------+------+---------+---------+----------+-------------------+

 Flow solver - Mass Imbalance                   = -3.5408E-05%
 Flow solver - X Momentum Imbalance             = -3.8325E-05%
 Flow solver - Y Momentum Imbalance             = -4.7411E-03%
 Flow solver - Z Momentum Imbalance             =  1.1011E-02%

 TIME STEP =    56   SIMULATION TIME = 2.80E+01  CPU SECONDS = 3.07E+01
 +----------+------+---------+---------+----------+-------------------+
 | Equation | Rate | RMS Res | Max Res | Location |  Linear Solution  |
 +----------+------+---------+---------+----------+-------------------+
 | U - Mom  | 0.97 | 7.7E-05 | 9.2E-04 |   23650  |       6.0E-03  OK |
 | V - Mom  | 1.15 | 2.3E-04 | 6.0E-03 |   10426  |       3.6E-03  OK |
 | W - Mom  | 0.95 | 3.9E-04 | 9.6E-03 |   24785  |       2.4E-03  OK |
 | P - Mass | 1.05 | 4.9E-06 | 1.6E-04 |   26361  |  8.5  2.7E-02  OK |
 +----------+------+---------+---------+----------+-------------------+

 TIME STEP =    57   SIMULATION TIME = 2.85E+01  CPU SECONDS = 3.12E+01
 +----------+------+---------+---------+----------+-------------------+
 | Equation | Rate | RMS Res | Max Res | Location |  Linear Solution  |
 +----------+------+---------+---------+----------+-------------------+
 | U - Mom  | 1.00 | 7.7E-05 | 9.0E-04 |   23650  |       5.7E-03  OK |
 | V - Mom  | 1.19 | 2.7E-04 | 7.8E-03 |   10426  |       3.2E-03  OK |
 | W - Mom  | 0.90 | 3.6E-04 | 1.0E-02 |   21327  |       2.7E-03  OK |
 | P - Mass | 1.06 | 5.2E-06 | 1.7E-04 |   26361  |  8.5  2.7E-02  OK |
 +----------+------+---------+---------+----------+-------------------+

 TIME STEP =    58   SIMULATION TIME = 2.90E+01  CPU SECONDS = 3.16E+01
 +----------+------+---------+---------+----------+-------------------+
 | Equation | Rate | RMS Res | Max Res | Location |  Linear Solution  |
 +----------+------+---------+---------+----------+-------------------+
 | U - Mom  | 1.03 | 7.9E-05 | 1.2E-03 |   14060  |       5.3E-03  OK |
 | V - Mom  | 1.16 | 3.2E-04 | 8.6E-03 |   10426  |       2.9E-03  OK |
 | W - Mom  | 0.85 | 3.0E-04 | 1.0E-02 |   21327  |       3.1E-03  OK |
 | P - Mass | 1.05 | 5.5E-06 | 1.7E-04 |   26361  |  8.5  2.6E-02  OK |
 +----------+------+---------+---------+----------+-------------------+

 TIME STEP =    59   SIMULATION TIME = 2.95E+01  CPU SECONDS = 3.21E+01
 +----------+------+---------+---------+----------+-------------------+
 | Equation | Rate | RMS Res | Max Res | Location |  Linear Solution  |
 +----------+------+---------+---------+----------+-------------------+
 | U - Mom  | 1.05 | 8.3E-05 | 1.5E-03 |   14060  |       4.7E-03  OK |
 | V - Mom  | 1.13 | 3.6E-04 | 8.8E-03 |   10426  |       2.7E-03  OK |
 | W - Mom  | 0.80 | 2.4E-04 | 8.6E-03 |   24784  |       3.4E-03  OK |
 | P - Mass | 1.02 | 5.6E-06 | 1.7E-04 |   26361  |  8.5  2.5E-02  OK |
 +----------+------+---------+---------+----------+-------------------+

 TIME STEP =    60   SIMULATION TIME = 3.00E+01  CPU SECONDS = 3.27E+01
 +----------+------+---------+---------+----------+-------------------+
 | Equation | Rate | RMS Res | Max Res | Location |  Linear Solution  |
 +----------+------+---------+---------+----------+-------------------+
 | U - Mom  | 1.06 | 8.8E-05 | 1.7E-03 |   15877  |       4.3E-03  OK |
 | V - Mom  | 1.08 | 3.9E-04 | 9.3E-03 |   19677  |       2.5E-03  OK |
 | W - Mom  | 0.77 | 1.8E-04 | 6.4E-03 |   24784  |       3.3E-03  OK |
 | P - Mass | 0.99 | 5.6E-06 | 1.7E-04 |   26680  |  8.5  2.4E-02  OK |
 +----------+------+---------+---------+----------+-------------------+

 Flow solver - Mass Imbalance                   = -1.9247E-05%
 Flow solver - X Momentum Imbalance             = -5.6227E-05%
 Flow solver - Y Momentum Imbalance             =  8.6900E-03%
 Flow solver - Z Momentum Imbalance             =  7.7729E-03%

 TIME STEP =    61   SIMULATION TIME = 3.05E+01  CPU SECONDS = 3.32E+01
 +----------+------+---------+---------+----------+-------------------+
 | Equation | Rate | RMS Res | Max Res | Location |  Linear Solution  |
 +----------+------+---------+---------+----------+-------------------+
 | U - Mom  | 1.05 | 9.2E-05 | 1.8E-03 |   15877  |       4.0E-03  OK |
 | V - Mom  | 1.04 | 4.0E-04 | 1.0E-02 |   21494  |       2.2E-03  OK |
 | W - Mom  | 0.89 | 1.6E-04 | 4.8E-03 |   24795  |       2.4E-03  OK |
 | P - Mass | 0.96 | 5.4E-06 | 1.6E-04 |   26680  |  8.5  2.4E-02  OK |
 +----------+------+---------+---------+----------+-------------------+

 TIME STEP =    62   SIMULATION TIME = 3.10E+01  CPU SECONDS = 3.37E+01
 +----------+------+---------+---------+----------+-------------------+
 | Equation | Rate | RMS Res | Max Res | Location |  Linear Solution  |
 +----------+------+---------+---------+----------+-------------------+
 | U - Mom  | 1.02 | 9.5E-05 | 1.8E-03 |   15877  |       3.9E-03  OK |
 | V - Mom  | 1.00 | 4.0E-04 | 1.2E-02 |   24795  |       2.0E-03  OK |
 | W - Mom  | 1.18 | 1.9E-04 | 4.0E-03 |   19677  |       1.7E-03  OK |
 | P - Mass | 0.96 | 5.2E-06 | 1.4E-04 |   26680  |  8.5  2.3E-02  OK |
 +----------+------+---------+---------+----------+-------------------+

 TIME STEP =    63   SIMULATION TIME = 3.15E+01  CPU SECONDS = 3.42E+01
 +----------+------+---------+---------+----------+-------------------+
 | Equation | Rate | RMS Res | Max Res | Location |  Linear Solution  |
 +----------+------+---------+---------+----------+-------------------+
 | U - Mom  | 1.00 | 9.5E-05 | 1.7E-03 |    1507  |       4.3E-03  OK |
 | V - Mom  | 0.95 | 3.8E-04 | 1.3E-02 |   24795  |       1.7E-03  OK |
 | W - Mom  | 1.31 | 2.5E-04 | 6.1E-03 |   19677  |       1.5E-03  OK |
 | P - Mass | 0.95 | 4.9E-06 | 1.2E-04 |   26680  |  8.5  2.3E-02  OK |
 +----------+------+---------+---------+----------+-------------------+

 TIME STEP =    64   SIMULATION TIME = 3.20E+01  CPU SECONDS = 3.47E+01
 +----------+------+---------+---------+----------+-------------------+
 | Equation | Rate | RMS Res | Max Res | Location |  Linear Solution  |
 +----------+------+---------+---------+----------+-------------------+
 | U - Mom  | 0.99 | 9.4E-05 | 1.5E-03 |   17694  |       4.8E-03  OK |
 | V - Mom  | 0.91 | 3.5E-04 | 1.3E-02 |   24795  |       1.6E-03  OK |
 | W - Mom  | 1.25 | 3.2E-04 | 7.8E-03 |    1507  |       1.6E-03  OK |
 | P - Mass | 0.94 | 4.6E-06 | 8.6E-05 |   26680  |  8.5  2.4E-02  OK |
 +----------+------+---------+---------+----------+-------------------+

 TIME STEP =    65   SIMULATION TIME = 3.25E+01  CPU SECONDS = 3.52E+01
 +----------+------+---------+---------+----------+-------------------+
 | Equation | Rate | RMS Res | Max Res | Location |  Linear Solution  |
 +----------+------+---------+---------+----------+-------------------+
 | U - Mom  | 0.97 | 9.1E-05 | 1.2E-03 |    1341  |       5.4E-03  OK |
 | V - Mom  | 0.87 | 3.0E-04 | 1.2E-02 |   21494  |       2.1E-03  OK |
 | W - Mom  | 1.17 | 3.7E-04 | 8.8E-03 |   10425  |       1.7E-03  OK |
 | P - Mass | 0.94 | 4.3E-06 | 7.2E-05 |   26737  |  8.5  2.6E-02  OK |
 +----------+------+---------+---------+----------+-------------------+

 Flow solver - Mass Imbalance                   =  1.1080E-05%
 Flow solver - X Momentum Imbalance             = -2.3865E-05%
 Flow solver - Y Momentum Imbalance             =  1.1345E-02%
 Flow solver - Z Momentum Imbalance             = -5.0509E-03%

 TIME STEP =    66   SIMULATION TIME = 3.30E+01  CPU SECONDS = 3.57E+01
 +----------+------+---------+---------+----------+-------------------+
 | Equation | Rate | RMS Res | Max Res | Location |  Linear Solution  |
 +----------+------+---------+---------+----------+-------------------+
 | U - Mom  | 0.96 | 8.7E-05 | 1.1E-03 |    1341  |       5.9E-03  OK |
 | V - Mom  | 0.84 | 2.5E-04 | 9.6E-03 |   21494  |       3.3E-03  OK |
 | W - Mom  | 1.10 | 4.1E-04 | 9.1E-03 |   21494  |       1.9E-03  OK |
 | P - Mass | 0.96 | 4.2E-06 | 6.7E-05 |   26737  |  8.5  2.8E-02  OK |
 +----------+------+---------+---------+----------+-------------------+

 TIME STEP =    67   SIMULATION TIME = 3.35E+01  CPU SECONDS = 3.62E+01
 +----------+------+---------+---------+----------+-------------------+
 | Equation | Rate | RMS Res | Max Res | Location |  Linear Solution  |
 +----------+------+---------+---------+----------+-------------------+
 | U - Mom  | 0.95 | 8.3E-05 | 1.0E-03 |   26447  |       6.2E-03  OK |
 | V - Mom  | 0.86 | 2.2E-04 | 7.1E-03 |   21328  |       4.1E-03  OK |
 | W - Mom  | 1.04 | 4.2E-04 | 9.3E-03 |    1341  |       2.1E-03  OK |
 | P - Mass | 1.01 | 4.2E-06 | 9.6E-05 |   26361  |  8.5  3.0E-02  OK |
 +----------+------+---------+---------+----------+-------------------+

 TIME STEP =    68   SIMULATION TIME = 3.40E+01  CPU SECONDS = 3.67E+01
 +----------+------+---------+---------+----------+-------------------+
 | Equation | Rate | RMS Res | Max Res | Location |  Linear Solution  |
 +----------+------+---------+---------+----------+-------------------+
 | U - Mom  | 0.95 | 7.9E-05 | 9.6E-04 |   26447  |       6.4E-03  OK |
 | V - Mom  | 0.94 | 2.0E-04 | 6.4E-03 |   21328  |       4.0E-03  OK |
 | W - Mom  | 0.99 | 4.2E-04 | 1.1E-02 |   21328  |       2.3E-03  OK |
 | P - Mass | 1.06 | 4.5E-06 | 1.3E-04 |   26361  |  8.5  3.1E-02  OK |
 +----------+------+---------+---------+----------+-------------------+

 TIME STEP =    69   SIMULATION TIME = 3.45E+01  CPU SECONDS = 3.72E+01
 +----------+------+---------+---------+----------+-------------------+
 | Equation | Rate | RMS Res | Max Res | Location |  Linear Solution  |
 +----------+------+---------+---------+----------+-------------------+
 | U - Mom  | 0.96 | 7.6E-05 | 9.0E-04 |   23656  |       6.2E-03  OK |
 | V - Mom  | 1.07 | 2.2E-04 | 5.5E-03 |   24785  |       3.7E-03  OK |
 | W - Mom  | 0.95 | 4.0E-04 | 1.2E-02 |   21328  |       2.5E-03  OK |
 | P - Mass | 1.09 | 4.9E-06 | 1.6E-04 |   26361  |  8.5  3.0E-02  OK |
 +----------+------+---------+---------+----------+-------------------+

 TIME STEP =    70   SIMULATION TIME = 3.50E+01  CPU SECONDS = 3.77E+01
 +----------+------+---------+---------+----------+-------------------+
 | Equation | Rate | RMS Res | Max Res | Location |  Linear Solution  |
 +----------+------+---------+---------+----------+-------------------+
 | U - Mom  | 0.98 | 7.5E-05 | 9.4E-04 |   23700  |       5.9E-03  OK |
 | V - Mom  | 1.15 | 2.5E-04 | 6.5E-03 |   10591  |       3.4E-03  OK |
 | W - Mom  | 0.90 | 3.6E-04 | 1.1E-02 |   21328  |       2.7E-03  OK |
 | P - Mass | 1.07 | 5.2E-06 | 1.8E-04 |   26361  |  8.5  2.8E-02  OK |
 +----------+------+---------+---------+----------+-------------------+

 Flow solver - Mass Imbalance                   =  1.6570E-05%
 Flow solver - X Momentum Imbalance             =  2.7388E-05%
 Flow solver - Y Momentum Imbalance             = -1.8296E-04%
 Flow solver - Z Momentum Imbalance             = -1.0810E-02%

 TIME STEP =    71   SIMULATION TIME = 3.55E+01  CPU SECONDS = 3.82E+01
 +----------+------+---------+---------+----------+-------------------+
 | Equation | Rate | RMS Res | Max Res | Location |  Linear Solution  |
 +----------+------+---------+---------+----------+-------------------+
 | U - Mom  | 1.01 | 7.6E-05 | 9.3E-04 |   23645  |       5.4E-03  OK |
 | V - Mom  | 1.16 | 2.9E-04 | 8.2E-03 |   10591  |       3.1E-03  OK |
 | W - Mom  | 0.85 | 3.0E-04 | 1.0E-02 |   21328  |       3.1E-03  OK |
 | P - Mass | 1.05 | 5.5E-06 | 1.9E-04 |   26361  |  8.5  2.7E-02  OK |
 +----------+------+---------+---------+----------+-------------------+

 TIME STEP =    72   SIMULATION TIME = 3.60E+01  CPU SECONDS = 3.87E+01
 +----------+------+---------+---------+----------+-------------------+
 | Equation | Rate | RMS Res | Max Res | Location |  Linear Solution  |
 +----------+------+---------+---------+----------+-------------------+
 | U - Mom  | 1.04 | 7.9E-05 | 1.2E-03 |    4975  |       4.8E-03  OK |
 | V - Mom  | 1.13 | 3.3E-04 | 9.7E-03 |   10591  |       2.8E-03  OK |
 | W - Mom  | 0.80 | 2.4E-04 | 8.8E-03 |   21328  |       3.4E-03  OK |
 | P - Mass | 1.03 | 5.6E-06 | 1.9E-04 |   26361  |  8.5  2.5E-02  OK |
 +----------+------+---------+---------+----------+-------------------+

 TIME STEP =    73   SIMULATION TIME = 3.65E+01  CPU SECONDS = 3.92E+01
 +----------+------+---------+---------+----------+-------------------+
 | Equation | Rate | RMS Res | Max Res | Location |  Linear Solution  |
 +----------+------+---------+---------+----------+-------------------+
 | U - Mom  | 1.06 | 8.3E-05 | 1.5E-03 |    4975  |       4.3E-03  OK |
 | V - Mom  | 1.08 | 3.6E-04 | 9.5E-03 |   10591  |       2.6E-03  OK |
 | W - Mom  | 0.78 | 1.9E-04 | 6.8E-03 |   24766  |       3.3E-03  OK |
 | P - Mass | 1.00 | 5.6E-06 | 1.8E-04 |   26680  |  8.5  2.4E-02  OK |
 +----------+------+---------+---------+----------+-------------------+

 TIME STEP =    74   SIMULATION TIME = 3.70E+01  CPU SECONDS = 3.97E+01
 +----------+------+---------+---------+----------+-------------------+
 | Equation | Rate | RMS Res | Max Res | Location |  Linear Solution  |
 +----------+------+---------+---------+----------+-------------------+
 | U - Mom  | 1.06 | 8.8E-05 | 1.8E-03 |    4975  |       3.9E-03  OK |
 | V - Mom  | 1.03 | 3.7E-04 | 9.2E-03 |   10592  |       2.3E-03  OK |
 | W - Mom  | 0.87 | 1.6E-04 | 5.5E-03 |   21152  |       2.6E-03  OK |
 | P - Mass | 1.01 | 5.7E-06 | 1.7E-04 |   26680  |  8.5  2.3E-02  OK |
 +----------+------+---------+---------+----------+-------------------+

 TIME STEP =    75   SIMULATION TIME = 3.75E+01  CPU SECONDS = 4.02E+01
 +----------+------+---------+---------+----------+-------------------+
 | Equation | Rate | RMS Res | Max Res | Location |  Linear Solution  |
 +----------+------+---------+---------+----------+-------------------+
 | U - Mom  | 1.05 | 9.2E-05 | 1.9E-03 |    4975  |       3.7E-03  OK |
 | V - Mom  | 0.99 | 3.7E-04 | 9.0E-03 |   10592  |       2.1E-03  OK |
 | W - Mom  | 1.13 | 1.9E-04 | 3.4E-03 |    1165  |       1.9E-03  OK |
 | P - Mass | 0.99 | 5.6E-06 | 1.5E-04 |   23866  |  8.5  2.1E-02  OK |
 +----------+------+---------+---------+----------+-------------------+

 Backup files written at time =  3.750000E+01 s


 Flow solver - Mass Imbalance                   = -6.9030E-06%
 Flow solver - X Momentum Imbalance             =  9.1708E-05%
 Flow solver - Y Momentum Imbalance             = -1.0499E-02%
 Flow solver - Z Momentum Imbalance             = -2.7581E-03%

 TIME STEP =    76   SIMULATION TIME = 3.80E+01  CPU SECONDS = 4.27E+01
 +----------+------+---------+---------+----------+-------------------+
 | Equation | Rate | RMS Res | Max Res | Location |  Linear Solution  |
 +----------+------+---------+---------+----------+-------------------+
 | U - Mom  | 1.03 | 9.5E-05 | 1.9E-03 |    4975  |       3.9E-03  OK |
 | V - Mom  | 0.95 | 3.5E-04 | 8.4E-03 |   24766  |       1.8E-03  OK |
 | W - Mom  | 1.29 | 2.4E-04 | 5.6E-03 |   10592  |       1.6E-03  OK |
 | P - Mass | 0.95 | 5.3E-06 | 1.4E-04 |   23865  |  8.5  2.1E-02  OK |
 +----------+------+---------+---------+----------+-------------------+

 TIME STEP =    77   SIMULATION TIME = 3.85E+01  CPU SECONDS = 4.32E+01
 +----------+------+---------+---------+----------+-------------------+
 | Equation | Rate | RMS Res | Max Res | Location |  Linear Solution  |
 +----------+------+---------+---------+----------+-------------------+
 | U - Mom  | 1.01 | 9.6E-05 | 1.7E-03 |    4975  |       4.3E-03  OK |
 | V - Mom  | 0.91 | 3.2E-04 | 9.3E-03 |   24766  |       1.7E-03  OK |
 | W - Mom  | 1.25 | 3.0E-04 | 7.6E-03 |   10592  |       1.5E-03  OK |
 | P - Mass | 0.93 | 4.9E-06 | 1.2E-04 |   23865  |  8.5  2.2E-02  OK |
 +----------+------+---------+---------+----------+-------------------+

 TIME STEP =    78   SIMULATION TIME = 3.90E+01  CPU SECONDS = 4.38E+01
 +----------+------+---------+---------+----------+-------------------+
 | Equation | Rate | RMS Res | Max Res | Location |  Linear Solution  |
 +----------+------+---------+---------+----------+-------------------+
 | U - Mom  | 0.98 | 9.4E-05 | 1.6E-03 |    3157  |       4.9E-03  OK |
 | V - Mom  | 0.88 | 2.8E-04 | 9.2E-03 |   24766  |       2.0E-03  OK |
 | W - Mom  | 1.18 | 3.5E-04 | 8.7E-03 |   10592  |       1.6E-03  OK |
 | P - Mass | 0.93 | 4.6E-06 | 8.5E-05 |   23865  |  8.5  2.3E-02  OK |
 +----------+------+---------+---------+----------+-------------------+

 TIME STEP =    79   SIMULATION TIME = 3.95E+01  CPU SECONDS = 4.43E+01
 +----------+------+---------+---------+----------+-------------------+
 | Equation | Rate | RMS Res | Max Res | Location |  Linear Solution  |
 +----------+------+---------+---------+----------+-------------------+
 | U - Mom  | 0.96 | 9.0E-05 | 1.4E-03 |    3157  |       5.5E-03  OK |
 | V - Mom  | 0.86 | 2.4E-04 | 7.7E-03 |   24766  |       3.0E-03  OK |
 | W - Mom  | 1.11 | 3.9E-04 | 8.9E-03 |   10592  |       1.8E-03  OK |
 | P - Mass | 0.95 | 4.4E-06 | 6.7E-05 |   26737  |  8.5  2.6E-02  OK |
 +----------+------+---------+---------+----------+-------------------+

 TIME STEP =    80   SIMULATION TIME = 4.00E+01  CPU SECONDS = 4.48E+01
 +----------+------+---------+---------+----------+-------------------+
 | Equation | Rate | RMS Res | Max Res | Location |  Linear Solution  |
 +----------+------+---------+---------+----------+-------------------+
 | U - Mom  | 0.95 | 8.6E-05 | 1.1E-03 |    1340  |       6.0E-03  OK |
 | V - Mom  | 0.88 | 2.1E-04 | 7.5E-03 |   24765  |       4.0E-03  OK |
 | W - Mom  | 1.06 | 4.1E-04 | 9.6E-03 |   10426  |       1.9E-03  OK |
 | P - Mass | 0.99 | 4.3E-06 | 8.3E-05 |   26681  |  8.5  2.7E-02  OK |
 +----------+------+---------+---------+----------+-------------------+

 Flow solver - Mass Imbalance                   = -1.2518E-05%
 Flow solver - X Momentum Imbalance             = -2.0720E-05%
 Flow solver - Y Momentum Imbalance             = -8.3873E-03%
 Flow solver - Z Momentum Imbalance             =  7.9248E-03%

 TIME STEP =    81   SIMULATION TIME = 4.05E+01  CPU SECONDS = 4.53E+01
 +----------+------+---------+---------+----------+-------------------+
 | Equation | Rate | RMS Res | Max Res | Location |  Linear Solution  |
 +----------+------+---------+---------+----------+-------------------+
 | U - Mom  | 0.94 | 8.1E-05 | 9.1E-04 |   26447  |       6.3E-03  OK |
 | V - Mom  | 0.96 | 2.0E-04 | 6.9E-03 |   24765  |       4.1E-03  OK |
 | W - Mom  | 1.01 | 4.2E-04 | 9.7E-03 |   10426  |       2.1E-03  OK |
 | P - Mass | 1.03 | 4.4E-06 | 1.2E-04 |   26681  |  8.5  2.8E-02  OK |
 +----------+------+---------+---------+----------+-------------------+

 TIME STEP =    82   SIMULATION TIME = 4.10E+01  CPU SECONDS = 4.58E+01
 +----------+------+---------+---------+----------+-------------------+
 | Equation | Rate | RMS Res | Max Res | Location |  Linear Solution  |
 +----------+------+---------+---------+----------+-------------------+
 | U - Mom  | 0.96 | 7.7E-05 | 8.8E-04 |   23645  |       6.3E-03  OK |
 | V - Mom  | 1.07 | 2.2E-04 | 5.4E-03 |   10426  |       3.8E-03  OK |
 | W - Mom  | 0.96 | 4.0E-04 | 9.9E-03 |   24785  |       2.4E-03  OK |
 | P - Mass | 1.06 | 4.7E-06 | 1.4E-04 |   26681  |  8.5  2.7E-02  OK |
 +----------+------+---------+---------+----------+-------------------+

 TIME STEP =    83   SIMULATION TIME = 4.15E+01  CPU SECONDS = 4.63E+01
 +----------+------+---------+---------+----------+-------------------+
 | Equation | Rate | RMS Res | Max Res | Location |  Linear Solution  |
 +----------+------+---------+---------+----------+-------------------+
 | U - Mom  | 0.99 | 7.6E-05 | 9.0E-04 |   23645  |       6.1E-03  OK |
 | V - Mom  | 1.16 | 2.5E-04 | 7.4E-03 |   10426  |       3.5E-03  OK |
 | W - Mom  | 0.92 | 3.7E-04 | 9.7E-03 |   24785  |       2.6E-03  OK |
 | P - Mass | 1.07 | 5.0E-06 | 1.6E-04 |   26681  |  8.5  2.6E-02  OK |
 +----------+------+---------+---------+----------+-------------------+

 TIME STEP =    84   SIMULATION TIME = 4.20E+01  CPU SECONDS = 4.68E+01
 +----------+------+---------+---------+----------+-------------------+
 | Equation | Rate | RMS Res | Max Res | Location |  Linear Solution  |
 +----------+------+---------+---------+----------+-------------------+
 | U - Mom  | 1.02 | 7.8E-05 | 1.1E-03 |    6792  |       5.7E-03  OK |
 | V - Mom  | 1.17 | 2.9E-04 | 8.6E-03 |   10426  |       3.2E-03  OK |
 | W - Mom  | 0.87 | 3.2E-04 | 9.5E-03 |   24784  |       3.0E-03  OK |
 | P - Mass | 1.07 | 5.4E-06 | 1.7E-04 |   26681  |  8.5  2.5E-02  OK |
 +----------+------+---------+---------+----------+-------------------+

 TIME STEP =    85   SIMULATION TIME = 4.25E+01  CPU SECONDS = 4.74E+01
 +----------+------+---------+---------+----------+-------------------+
 | Equation | Rate | RMS Res | Max Res | Location |  Linear Solution  |
 +----------+------+---------+---------+----------+-------------------+
 | U - Mom  | 1.04 | 8.1E-05 | 1.4E-03 |    4975  |       5.1E-03  OK |
 | V - Mom  | 1.13 | 3.3E-04 | 8.9E-03 |   10426  |       2.9E-03  OK |
 | W - Mom  | 0.82 | 2.6E-04 | 9.1E-03 |   24784  |       3.4E-03  OK |
 | P - Mass | 1.05 | 5.6E-06 | 1.8E-04 |   23867  |  8.5  2.5E-02  OK |
 +----------+------+---------+---------+----------+-------------------+

 Flow solver - Mass Imbalance                   = -1.0822E-05%
 Flow solver - X Momentum Imbalance             = -7.4143E-05%
 Flow solver - Y Momentum Imbalance             =  4.2439E-03%
 Flow solver - Z Momentum Imbalance             =  9.3631E-03%

 TIME STEP =    86   SIMULATION TIME = 4.30E+01  CPU SECONDS = 4.79E+01
 +----------+------+---------+---------+----------+-------------------+
 | Equation | Rate | RMS Res | Max Res | Location |  Linear Solution  |
 +----------+------+---------+---------+----------+-------------------+
 | U - Mom  | 1.05 | 8.5E-05 | 1.6E-03 |    4975  |       4.6E-03  OK |
 | V - Mom  | 1.10 | 3.6E-04 | 8.6E-03 |   10426  |       2.7E-03  OK |
 | W - Mom  | 0.77 | 2.0E-04 | 7.2E-03 |   24784  |       3.6E-03  OK |
 | P - Mass | 1.01 | 5.7E-06 | 1.7E-04 |   26680  |  8.5  2.5E-02  OK |
 +----------+------+---------+---------+----------+-------------------+

 TIME STEP =    87   SIMULATION TIME = 4.35E+01  CPU SECONDS = 4.84E+01
 +----------+------+---------+---------+----------+-------------------+
 | Equation | Rate | RMS Res | Max Res | Location |  Linear Solution  |
 +----------+------+---------+---------+----------+-------------------+
 | U - Mom  | 1.04 | 8.9E-05 | 1.8E-03 |    4975  |       4.2E-03  OK |
 | V - Mom  | 1.05 | 3.8E-04 | 9.0E-03 |    1507  |       2.4E-03  OK |
 | W - Mom  | 0.80 | 1.6E-04 | 5.2E-03 |   24795  |       2.9E-03  OK |
 | P - Mass | 0.98 | 5.5E-06 | 1.7E-04 |   26680  |  8.5  2.4E-02  OK |
 +----------+------+---------+---------+----------+-------------------+

 TIME STEP =    88   SIMULATION TIME = 4.40E+01  CPU SECONDS = 4.90E+01
 +----------+------+---------+---------+----------+-------------------+
 | Equation | Rate | RMS Res | Max Res | Location |  Linear Solution  |
 +----------+------+---------+---------+----------+-------------------+
 | U - Mom  | 1.03 | 9.1E-05 | 1.8E-03 |    4975  |       4.0E-03  OK |
 | V - Mom  | 1.02 | 3.9E-04 | 1.0E-02 |   24795  |       2.1E-03  OK |
 | W - Mom  | 1.03 | 1.7E-04 | 3.0E-03 |   10426  |       2.0E-03  OK |
 | P - Mass | 0.95 | 5.3E-06 | 1.6E-04 |   26680  |  8.5  2.3E-02  OK |
 +----------+------+---------+---------+----------+-------------------+

 TIME STEP =    89   SIMULATION TIME = 4.45E+01  CPU SECONDS = 4.95E+01
 +----------+------+---------+---------+----------+-------------------+
 | Equation | Rate | RMS Res | Max Res | Location |  Linear Solution  |
 +----------+------+---------+---------+----------+-------------------+
 | U - Mom  | 1.01 | 9.2E-05 | 1.7E-03 |    4975  |       4.2E-03  OK |
 | V - Mom  | 0.97 | 3.7E-04 | 1.2E-02 |   24795  |       1.9E-03  OK |
 | W - Mom  | 1.30 | 2.2E-04 | 4.8E-03 |    1507  |       1.6E-03  OK |
 | P - Mass | 0.94 | 5.0E-06 | 1.4E-04 |   26680  |  8.5  2.3E-02  OK |
 +----------+------+---------+---------+----------+-------------------+

 TIME STEP =    90   SIMULATION TIME = 4.50E+01  CPU SECONDS = 5.00E+01
 +----------+------+---------+---------+----------+-------------------+
 | Equation | Rate | RMS Res | Max Res | Location |  Linear Solution  |
 +----------+------+---------+---------+----------+-------------------+
 | U - Mom  | 0.99 | 9.1E-05 | 1.5E-03 |    3158  |       4.6E-03  OK |
 | V - Mom  | 0.93 | 3.5E-04 | 1.2E-02 |   24795  |       1.6E-03  OK |
 | W - Mom  | 1.29 | 2.8E-04 | 6.9E-03 |   10425  |       1.6E-03  OK |
 | P - Mass | 0.94 | 4.7E-06 | 1.1E-04 |   26680  |  8.5  2.3E-02  OK |
 +----------+------+---------+---------+----------+-------------------+

 Flow solver - Mass Imbalance                   =  9.0373E-06%
 Flow solver - X Momentum Imbalance             = -3.4974E-05%
 Flow solver - Y Momentum Imbalance             =  1.1505E-02%
 Flow solver - Z Momentum Imbalance             = -1.2778E-03%

 TIME STEP =    91   SIMULATION TIME = 4.55E+01  CPU SECONDS = 5.06E+01
 +----------+------+---------+---------+----------+-------------------+
 | Equation | Rate | RMS Res | Max Res | Location |  Linear Solution  |
 +----------+------+---------+---------+----------+-------------------+
 | U - Mom  | 0.98 | 8.9E-05 | 1.4E-03 |    3158  |       5.1E-03  OK |
 | V - Mom  | 0.89 | 3.1E-04 | 1.2E-02 |   24795  |       1.8E-03  OK |
 | W - Mom  | 1.21 | 3.4E-04 | 8.4E-03 |   10425  |       1.7E-03  OK |
 | P - Mass | 0.93 | 4.3E-06 | 7.1E-05 |   26680  |  8.5  2.5E-02  OK |
 +----------+------+---------+---------+----------+-------------------+

 TIME STEP =    92   SIMULATION TIME = 4.60E+01  CPU SECONDS = 5.11E+01
 +----------+------+---------+---------+----------+-------------------+
 | Equation | Rate | RMS Res | Max Res | Location |  Linear Solution  |
 +----------+------+---------+---------+----------+-------------------+
 | U - Mom  | 0.97 | 8.6E-05 | 1.2E-03 |    1341  |       5.6E-03  OK |
 | V - Mom  | 0.86 | 2.7E-04 | 1.0E-02 |   24795  |       2.8E-03  OK |
 | W - Mom  | 1.13 | 3.8E-04 | 8.9E-03 |   10425  |       1.8E-03  OK |
 | P - Mass | 0.94 | 4.1E-06 | 6.7E-05 |   26737  |  8.5  2.7E-02  OK |
 +----------+------+---------+---------+----------+-------------------+

 TIME STEP =    93   SIMULATION TIME = 4.65E+01  CPU SECONDS = 5.16E+01
 +----------+------+---------+---------+----------+-------------------+
 | Equation | Rate | RMS Res | Max Res | Location |  Linear Solution  |
 +----------+------+---------+---------+----------+-------------------+
 | U - Mom  | 0.96 | 8.2E-05 | 1.0E-03 |   26447  |       6.0E-03  OK |
 | V - Mom  | 0.85 | 2.3E-04 | 8.2E-03 |   24795  |       3.9E-03  OK |
 | W - Mom  | 1.06 | 4.1E-04 | 9.3E-03 |    1341  |       2.0E-03  OK |
 | P - Mass | 0.98 | 4.0E-06 | 7.4E-05 |   26361  |  8.5  3.0E-02  OK |
 +----------+------+---------+---------+----------+-------------------+

 TIME STEP =    94   SIMULATION TIME = 4.70E+01  CPU SECONDS = 5.21E+01
 +----------+------+---------+---------+----------+-------------------+
 | Equation | Rate | RMS Res | Max Res | Location |  Linear Solution  |
 +----------+------+---------+---------+----------+-------------------+
 | U - Mom  | 0.96 | 7.9E-05 | 9.6E-04 |   26447  |       6.2E-03  OK |
 | V - Mom  | 0.90 | 2.0E-04 | 7.0E-03 |   24785  |       4.2E-03  OK |
 | W - Mom  | 1.01 | 4.1E-04 | 1.0E-02 |   24785  |       2.2E-03  OK |
 | P - Mass | 1.04 | 4.2E-06 | 1.1E-04 |   26361  |  8.5  3.1E-02  OK |
 +----------+------+---------+---------+----------+-------------------+

 TIME STEP =    95   SIMULATION TIME = 4.75E+01  CPU SECONDS = 5.26E+01
 +----------+------+---------+---------+----------+-------------------+
 | Equation | Rate | RMS Res | Max Res | Location |  Linear Solution  |
 +----------+------+---------+---------+----------+-------------------+
 | U - Mom  | 0.96 | 7.6E-05 | 8.8E-04 |   23656  |       6.2E-03  OK |
 | V - Mom  | 1.01 | 2.1E-04 | 6.5E-03 |   21328  |       3.9E-03  OK |
 | W - Mom  | 0.97 | 4.0E-04 | 1.2E-02 |   21328  |       2.4E-03  OK |
 | P - Mass | 1.08 | 4.5E-06 | 1.5E-04 |   26681  |  8.5  3.0E-02  OK |
 +----------+------+---------+---------+----------+-------------------+

 Flow solver - Mass Imbalance                   =  2.3081E-05%
 Flow solver - X Momentum Imbalance             = -1.9381E-06%
 Flow solver - Y Momentum Imbalance             =  3.7027E-03%
 Flow solver - Z Momentum Imbalance             = -9.8414E-03%

 TIME STEP =    96   SIMULATION TIME = 4.80E+01  CPU SECONDS = 5.31E+01
 +----------+------+---------+---------+----------+-------------------+
 | Equation | Rate | RMS Res | Max Res | Location |  Linear Solution  |
 +----------+------+---------+---------+----------+-------------------+
 | U - Mom  | 0.97 | 7.3E-05 | 9.4E-04 |   23700  |       6.0E-03  OK |
 | V - Mom  | 1.12 | 2.3E-04 | 5.6E-03 |   10591  |       3.6E-03  OK |
 | W - Mom  | 0.92 | 3.7E-04 | 1.2E-02 |   24785  |       2.6E-03  OK |
 | P - Mass | 1.08 | 4.9E-06 | 1.7E-04 |   26681  |  8.5  2.9E-02  OK |
 +----------+------+---------+---------+----------+-------------------+

 TIME STEP =    97   SIMULATION TIME = 4.85E+01  CPU SECONDS = 5.36E+01
 +----------+------+---------+---------+----------+-------------------+
 | Equation | Rate | RMS Res | Max Res | Location |  Linear Solution  |
 +----------+------+---------+---------+----------+-------------------+
 | U - Mom  | 1.00 | 7.3E-05 | 9.6E-04 |   23645  |       5.6E-03  OK |
 | V - Mom  | 1.16 | 2.7E-04 | 7.4E-03 |   10591  |       3.3E-03  OK |
 | W - Mom  | 0.87 | 3.2E-04 | 1.1E-02 |   24785  |       2.9E-03  OK |
 | P - Mass | 1.06 | 5.2E-06 | 1.8E-04 |   26681  |  8.5  2.7E-02  OK |
 +----------+------+---------+---------+----------+-------------------+

 TIME STEP =    98   SIMULATION TIME = 4.90E+01  CPU SECONDS = 5.41E+01
 +----------+------+---------+---------+----------+-------------------+
 | Equation | Rate | RMS Res | Max Res | Location |  Linear Solution  |
 +----------+------+---------+---------+----------+-------------------+
 | U - Mom  | 1.02 | 7.5E-05 | 9.6E-04 |   15877  |       5.0E-03  OK |
 | V - Mom  | 1.14 | 3.0E-04 | 9.0E-03 |   10591  |       3.0E-03  OK |
 | W - Mom  | 0.82 | 2.6E-04 | 9.4E-03 |   24785  |       3.2E-03  OK |
 | P - Mass | 1.03 | 5.4E-06 | 1.9E-04 |   26681  |  8.5  2.6E-02  OK |
 +----------+------+---------+---------+----------+-------------------+

 TIME STEP =    99   SIMULATION TIME = 4.95E+01  CPU SECONDS = 5.46E+01
 +----------+------+---------+---------+----------+-------------------+
 | Equation | Rate | RMS Res | Max Res | Location |  Linear Solution  |
 +----------+------+---------+---------+----------+-------------------+
 | U - Mom  | 1.05 | 7.9E-05 | 1.3E-03 |   15877  |       4.5E-03  OK |
 | V - Mom  | 1.10 | 3.3E-04 | 9.8E-03 |   10591  |       2.7E-03  OK |
 | W - Mom  | 0.78 | 2.0E-04 | 7.7E-03 |   24785  |       3.4E-03  OK |
 | P - Mass | 1.01 | 5.4E-06 | 1.8E-04 |   26680  |  8.5  2.4E-02  OK |
 +----------+------+---------+---------+----------+-------------------+

 TIME STEP =   100   SIMULATION TIME = 5.00E+01  CPU SECONDS = 5.50E+01
 +----------+------+---------+---------+----------+-------------------+
 | Equation | Rate | RMS Res | Max Res | Location |  Linear Solution  |
 +----------+------+---------+---------+----------+-------------------+
 | U - Mom  | 1.06 | 8.3E-05 | 1.6E-03 |   15877  |       4.0E-03  OK |
 | V - Mom  | 1.05 | 3.5E-04 | 9.3E-03 |   10591  |       2.4E-03  OK |
 | W - Mom  | 0.79 | 1.6E-04 | 5.9E-03 |   24766  |       3.0E-03  OK |
 | P - Mass | 1.00 | 5.4E-06 | 1.7E-04 |   26680  |  8.5  2.3E-02  OK |
 +----------+------+---------+---------+----------+-------------------+

 Backup files written at time =  5.000000E+01 s


 Flow solver - Mass Imbalance                   = -3.4486E-07%
 Flow solver - X Momentum Imbalance             =  8.9348E-05%
 Flow solver - Y Momentum Imbalance             = -7.9182E-03%
 Flow solver - Z Momentum Imbalance             = -5.7357E-03%

 TIME STEP =   101   SIMULATION TIME = 5.05E+01  CPU SECONDS = 5.75E+01
 +----------+------+---------+---------+----------+-------------------+
 | Equation | Rate | RMS Res | Max Res | Location |  Linear Solution  |
 +----------+------+---------+---------+----------+-------------------+
 | U - Mom  | 1.06 | 8.8E-05 | 1.8E-03 |    4975  |       3.7E-03  OK |
 | V - Mom  | 1.01 | 3.6E-04 | 9.0E-03 |   10592  |       2.2E-03  OK |
 | W - Mom  | 1.01 | 1.6E-04 | 4.2E-03 |   24766  |       2.1E-03  OK |
 | P - Mass | 1.00 | 5.4E-06 | 1.5E-04 |   26680  |  8.5  2.2E-02  OK |
 +----------+------+---------+---------+----------+-------------------+

 TIME STEP =   102   SIMULATION TIME = 5.10E+01  CPU SECONDS = 5.79E+01
 +----------+------+---------+---------+----------+-------------------+
 | Equation | Rate | RMS Res | Max Res | Location |  Linear Solution  |
 +----------+------+---------+---------+----------+-------------------+
 | U - Mom  | 1.04 | 9.2E-05 | 1.9E-03 |    4975  |       3.7E-03  OK |
 | V - Mom  | 0.97 | 3.4E-04 | 7.9E-03 |   10592  |       2.0E-03  OK |
 | W - Mom  | 1.26 | 2.0E-04 | 4.4E-03 |   19511  |       1.6E-03  OK |
 | P - Mass | 0.96 | 5.2E-06 | 1.4E-04 |   23868  |  8.5  2.1E-02  OK |
 +----------+------+---------+---------+----------+-------------------+

 TIME STEP =   103   SIMULATION TIME = 5.15E+01  CPU SECONDS = 5.84E+01
 +----------+------+---------+---------+----------+-------------------+
 | Equation | Rate | RMS Res | Max Res | Location |  Linear Solution  |
 +----------+------+---------+---------+----------+-------------------+
 | U - Mom  | 1.02 | 9.4E-05 | 1.8E-03 |    4975  |       4.1E-03  OK |
 | V - Mom  | 0.93 | 3.2E-04 | 8.2E-03 |   24766  |       1.7E-03  OK |
 | W - Mom  | 1.28 | 2.6E-04 | 6.6E-03 |   10592  |       1.5E-03  OK |
 | P - Mass | 0.93 | 4.9E-06 | 1.2E-04 |   23865  |  8.5  2.1E-02  OK |
 +----------+------+---------+---------+----------+-------------------+

 TIME STEP =   104   SIMULATION TIME = 5.20E+01  CPU SECONDS = 5.89E+01
 +----------+------+---------+---------+----------+-------------------+
 | Equation | Rate | RMS Res | Max Res | Location |  Linear Solution  |
 +----------+------+---------+---------+----------+-------------------+
 | U - Mom  | 0.99 | 9.3E-05 | 1.6E-03 |    4974  |       4.7E-03  OK |
 | V - Mom  | 0.89 | 2.9E-04 | 8.7E-03 |   24766  |       1.8E-03  OK |
 | W - Mom  | 1.21 | 3.2E-04 | 8.1E-03 |   10592  |       1.6E-03  OK |
 | P - Mass | 0.92 | 4.5E-06 | 9.6E-05 |   23865  |  8.5  2.3E-02  OK |
 +----------+------+---------+---------+----------+-------------------+

 TIME STEP =   105   SIMULATION TIME = 5.25E+01  CPU SECONDS = 5.94E+01
 +----------+------+---------+---------+----------+-------------------+
 | Equation | Rate | RMS Res | Max Res | Location |  Linear Solution  |
 +----------+------+---------+---------+----------+-------------------+
 | U - Mom  | 0.97 | 9.0E-05 | 1.5E-03 |    3157  |       5.3E-03  OK |
 | V - Mom  | 0.87 | 2.5E-04 | 8.2E-03 |   24766  |       2.5E-03  OK |
 | W - Mom  | 1.14 | 3.6E-04 | 8.6E-03 |   10592  |       1.7E-03  OK |
 | P - Mass | 0.94 | 4.2E-06 | 6.9E-05 |   23864  |  8.5  2.5E-02  OK |
 +----------+------+---------+---------+----------+-------------------+

 Flow solver - Mass Imbalance                   = -1.3078E-05%
 Flow solver - X Momentum Imbalance             =  2.2244E-05%
 Flow solver - Y Momentum Imbalance             = -9.7403E-03%
 Flow solver - Z Momentum Imbalance             =  4.8922E-03%

 TIME STEP =   106   SIMULATION TIME = 5.30E+01  CPU SECONDS = 5.99E+01
 +----------+------+---------+---------+----------+-------------------+
 | Equation | Rate | RMS Res | Max Res | Location |  Linear Solution  |
 +----------+------+---------+---------+----------+-------------------+
 | U - Mom  | 0.95 | 8.6E-05 | 1.2E-03 |    3157  |       5.8E-03  OK |
 | V - Mom  | 0.86 | 2.1E-04 | 7.1E-03 |   24765  |       3.6E-03  OK |
 | W - Mom  | 1.08 | 3.9E-04 | 9.0E-03 |   10426  |       1.9E-03  OK |
 | P - Mass | 0.97 | 4.1E-06 | 6.3E-05 |   26737  |  8.5  2.7E-02  OK |
 +----------+------+---------+---------+----------+-------------------+

 TIME STEP =   107   SIMULATION TIME = 5.35E+01  CPU SECONDS = 6.03E+01
 +----------+------+---------+---------+----------+-------------------+
 | Equation | Rate | RMS Res | Max Res | Location |  Linear Solution  |
 +----------+------+---------+---------+----------+-------------------+
 | U - Mom  | 0.94 | 8.1E-05 | 9.9E-04 |    1340  |       6.2E-03  OK |
 | V - Mom  | 0.92 | 2.0E-04 | 7.0E-03 |   24765  |       4.1E-03  OK |
 | W - Mom  | 1.03 | 4.0E-04 | 9.6E-03 |   10426  |       2.1E-03  OK |
 | P - Mass | 1.02 | 4.1E-06 | 9.6E-05 |   26361  |  8.5  2.8E-02  OK |
 +----------+------+---------+---------+----------+-------------------+

 TIME STEP =   108   SIMULATION TIME = 5.40E+01  CPU SECONDS = 6.08E+01
 +----------+------+---------+---------+----------+-------------------+
 | Equation | Rate | RMS Res | Max Res | Location |  Linear Solution  |
 +----------+------+---------+---------+----------+-------------------+
 | U - Mom  | 0.94 | 7.6E-05 | 8.5E-04 |   23649  |       6.4E-03  OK |
 | V - Mom  | 1.03 | 2.0E-04 | 5.9E-03 |   24765  |       4.0E-03  OK |
 | W - Mom  | 0.98 | 4.0E-04 | 9.7E-03 |   21328  |       2.3E-03  OK |
 | P - Mass | 1.06 | 4.4E-06 | 1.2E-04 |   26361  |  8.5  2.8E-02  OK |
 +----------+------+---------+---------+----------+-------------------+

 TIME STEP =   109   SIMULATION TIME = 5.45E+01  CPU SECONDS = 6.13E+01
 +----------+------+---------+---------+----------+-------------------+
 | Equation | Rate | RMS Res | Max Res | Location |  Linear Solution  |
 +----------+------+---------+---------+----------+-------------------+
 | U - Mom  | 0.97 | 7.4E-05 | 8.9E-04 |   23645  |       6.3E-03  OK |
 | V - Mom  | 1.13 | 2.3E-04 | 6.4E-03 |   10426  |       3.7E-03  OK |
 | W - Mom  | 0.94 | 3.7E-04 | 1.0E-02 |   21328  |       2.5E-03  OK |
 | P - Mass | 1.08 | 4.7E-06 | 1.5E-04 |   26361  |  8.5  2.7E-02  OK |
 +----------+------+---------+---------+----------+-------------------+

 TIME STEP =   110   SIMULATION TIME = 5.50E+01  CPU SECONDS = 6.18E+01
 +----------+------+---------+---------+----------+-------------------+
 | Equation | Rate | RMS Res | Max Res | Location |  Linear Solution  |
 +----------+------+---------+---------+----------+-------------------+
 | U - Mom  | 1.01 | 7.4E-05 | 9.3E-04 |   14060  |       5.9E-03  OK |
 | V - Mom  | 1.16 | 2.6E-04 | 8.1E-03 |   10426  |       3.3E-03  OK |
 | W - Mom  | 0.89 | 3.3E-04 | 9.3E-03 |   24785  |       2.9E-03  OK |
 | P - Mass | 1.08 | 5.1E-06 | 1.6E-04 |   26361  |  8.5  2.6E-02  OK |
 +----------+------+---------+---------+----------+-------------------+

 Flow solver - Mass Imbalance                   = -1.4613E-05%
 Flow solver - X Momentum Imbalance             = -7.1366E-05%
 Flow solver - Y Momentum Imbalance             =  1.0174E-04%
 Flow solver - Z Momentum Imbalance             =  9.7038E-03%

 TIME STEP =   111   SIMULATION TIME = 5.55E+01  CPU SECONDS = 6.24E+01
 +----------+------+---------+---------+----------+-------------------+
 | Equation | Rate | RMS Res | Max Res | Location |  Linear Solution  |
 +----------+------+---------+---------+----------+-------------------+
 | U - Mom  | 1.04 | 7.7E-05 | 1.3E-03 |   14060  |       5.4E-03  OK |
 | V - Mom  | 1.15 | 3.0E-04 | 8.7E-03 |   10426  |       3.1E-03  OK |
 | W - Mom  | 0.84 | 2.8E-04 | 8.3E-03 |   24784  |       3.3E-03  OK |
 | P - Mass | 1.06 | 5.4E-06 | 1.8E-04 |   23867  |  8.5  2.5E-02  OK |
 +----------+------+---------+---------+----------+-------------------+

 TIME STEP =   112   SIMULATION TIME = 5.60E+01  CPU SECONDS = 6.29E+01
 +----------+------+---------+---------+----------+-------------------+
 | Equation | Rate | RMS Res | Max Res | Location |  Linear Solution  |
 +----------+------+---------+---------+----------+-------------------+
 | U - Mom  | 1.05 | 8.1E-05 | 1.5E-03 |   15877  |       4.9E-03  OK |
 | V - Mom  | 1.11 | 3.3E-04 | 8.7E-03 |   10426  |       2.8E-03  OK |
 | W - Mom  | 0.79 | 2.2E-04 | 7.5E-03 |   24784  |       3.6E-03  OK |
 | P - Mass | 1.03 | 5.5E-06 | 1.7E-04 |   23866  |  8.5  2.5E-02  OK |
 +----------+------+---------+---------+----------+-------------------+

 TIME STEP =   113   SIMULATION TIME = 5.65E+01  CPU SECONDS = 6.33E+01
 +----------+------+---------+---------+----------+-------------------+
 | Equation | Rate | RMS Res | Max Res | Location |  Linear Solution  |
 +----------+------+---------+---------+----------+-------------------+
 | U - Mom  | 1.05 | 8.5E-05 | 1.7E-03 |   15877  |       4.4E-03  OK |
 | V - Mom  | 1.07 | 3.6E-04 | 8.2E-03 |    1507  |       2.5E-03  OK |
 | W - Mom  | 0.76 | 1.7E-04 | 5.6E-03 |   24784  |       3.4E-03  OK |
 | P - Mass | 0.99 | 5.5E-06 | 1.7E-04 |   26680  |  8.5  2.4E-02  OK |
 +----------+------+---------+---------+----------+-------------------+

 TIME STEP =   114   SIMULATION TIME = 5.70E+01  CPU SECONDS = 6.38E+01
 +----------+------+---------+---------+----------+-------------------+
 | Equation | Rate | RMS Res | Max Res | Location |  Linear Solution  |
 +----------+------+---------+---------+----------+-------------------+
 | U - Mom  | 1.03 | 8.8E-05 | 1.8E-03 |   15877  |       4.1E-03  OK |
 | V - Mom  | 1.03 | 3.7E-04 | 8.6E-03 |    1507  |       2.3E-03  OK |
 | W - Mom  | 0.90 | 1.5E-04 | 3.6E-03 |   24784  |       2.4E-03  OK |
 | P - Mass | 0.96 | 5.2E-06 | 1.6E-04 |   26680  |  8.5  2.4E-02  OK |
 +----------+------+---------+---------+----------+-------------------+

 TIME STEP =   115   SIMULATION TIME = 5.75E+01  CPU SECONDS = 6.43E+01
 +----------+------+---------+---------+----------+-------------------+
 | Equation | Rate | RMS Res | Max Res | Location |  Linear Solution  |
 +----------+------+---------+---------+----------+-------------------+
 | U - Mom  | 1.01 | 8.9E-05 | 1.8E-03 |    4975  |       4.1E-03  OK |
 | V - Mom  | 0.99 | 3.6E-04 | 1.0E-02 |   21494  |       2.0E-03  OK |
 | W - Mom  | 1.23 | 1.8E-04 | 3.8E-03 |   19511  |       1.7E-03  OK |
 | P - Mass | 0.94 | 5.0E-06 | 1.5E-04 |   26680  |  8.5  2.3E-02  OK |
 +----------+------+---------+---------+----------+-------------------+

 Flow solver - Mass Imbalance                   = -2.9847E-07%
 Flow solver - X Momentum Imbalance             = -4.3368E-05%
 Flow solver - Y Momentum Imbalance             =  1.0381E-02%
 Flow solver - Z Momentum Imbalance             =  2.1718E-03%

 TIME STEP =   116   SIMULATION TIME = 5.80E+01  CPU SECONDS = 6.48E+01
 +----------+------+---------+---------+----------+-------------------+
 | Equation | Rate | RMS Res | Max Res | Location |  Linear Solution  |
 +----------+------+---------+---------+----------+-------------------+
 | U - Mom  | 1.00 | 8.9E-05 | 1.6E-03 |    4975  |       4.4E-03  OK |
 | V - Mom  | 0.95 | 3.4E-04 | 1.1E-02 |   21494  |       1.7E-03  OK |
 | W - Mom  | 1.32 | 2.4E-04 | 5.9E-03 |   10425  |       1.5E-03  OK |
 | P - Mass | 0.94 | 4.6E-06 | 1.2E-04 |   26680  |  8.5  2.3E-02  OK |
 +----------+------+---------+---------+----------+-------------------+

 TIME STEP =   117   SIMULATION TIME = 5.85E+01  CPU SECONDS = 6.53E+01
 +----------+------+---------+---------+----------+-------------------+
 | Equation | Rate | RMS Res | Max Res | Location |  Linear Solution  |
 +----------+------+---------+---------+----------+-------------------+
 | U - Mom  | 0.98 | 8.7E-05 | 1.4E-03 |    3158  |       4.9E-03  OK |
 | V - Mom  | 0.91 | 3.1E-04 | 1.1E-02 |   24795  |       1.6E-03  OK |
 | W - Mom  | 1.25 | 3.0E-04 | 7.9E-03 |   10425  |       1.6E-03  OK |
 | P - Mass | 0.93 | 4.3E-06 | 8.8E-05 |   26680  |  8.5  2.4E-02  OK |
 +----------+------+---------+---------+----------+-------------------+

 TIME STEP =   118   SIMULATION TIME = 5.90E+01  CPU SECONDS = 6.58E+01
 +----------+------+---------+---------+----------+-------------------+
 | Equation | Rate | RMS Res | Max Res | Location |  Linear Solution  |
 +----------+------+---------+---------+----------+-------------------+
 | U - Mom  | 0.97 | 8.4E-05 | 1.2E-03 |    1341  |       5.4E-03  OK |
 | V - Mom  | 0.87 | 2.7E-04 | 1.0E-02 |   24795  |       2.3E-03  OK |
 | W - Mom  | 1.16 | 3.5E-04 | 8.6E-03 |   10425  |       1.7E-03  OK |
 | P - Mass | 0.93 | 4.0E-06 | 6.4E-05 |   26737  |  8.5  2.6E-02  OK |
 +----------+------+---------+---------+----------+-------------------+

 TIME STEP =   119   SIMULATION TIME = 5.95E+01  CPU SECONDS = 6.63E+01
 +----------+------+---------+---------+----------+-------------------+
 | Equation | Rate | RMS Res | Max Res | Location |  Linear Solution  |
 +----------+------+---------+---------+----------+-------------------+
 | U - Mom  | 0.96 | 8.1E-05 | 1.1E-03 |    1341  |       5.9E-03  OK |
 | V - Mom  | 0.85 | 2.3E-04 | 8.4E-03 |   24795  |       3.5E-03  OK |
 | W - Mom  | 1.09 | 3.9E-04 | 8.9E-03 |    1341  |       1.9E-03  OK |
 | P - Mass | 0.96 | 3.9E-06 | 6.2E-05 |   26737  |  8.5  2.9E-02  OK |
 +----------+------+---------+---------+----------+-------------------+

 TIME STEP =   120   SIMULATION TIME = 6.00E+01  CPU SECONDS = 6.68E+01
 +----------+------+---------+---------+----------+-------------------+
 | Equation | Rate | RMS Res | Max Res | Location |  Linear Solution  |
 +----------+------+---------+---------+----------+-------------------+
 | U - Mom  | 0.96 | 7.8E-05 | 9.4E-04 |   26441  |       6.2E-03  OK |
 | V - Mom  | 0.87 | 2.0E-04 | 7.0E-03 |   24785  |       4.2E-03  OK |
 | W - Mom  | 1.03 | 4.0E-04 | 9.2E-03 |    1341  |       2.1E-03  OK |
 | P - Mass | 1.01 | 3.9E-06 | 9.2E-05 |   26361  |  8.5  3.0E-02  OK |
 +----------+------+---------+---------+----------+-------------------+

 Flow solver - Mass Imbalance                   =  2.2635E-05%
 Flow solver - X Momentum Imbalance             = -1.8766E-05%
 Flow solver - Y Momentum Imbalance             =  6.8561E-03%
 Flow solver - Z Momentum Imbalance             = -7.9785E-03%

 TIME STEP =   121   SIMULATION TIME = 6.05E+01  CPU SECONDS = 6.73E+01
 +----------+------+---------+---------+----------+-------------------+
 | Equation | Rate | RMS Res | Max Res | Location |  Linear Solution  |
 +----------+------+---------+---------+----------+-------------------+
 | U - Mom  | 0.96 | 7.4E-05 | 8.7E-04 |   26447  |       6.2E-03  OK |
 | V - Mom  | 0.97 | 1.9E-04 | 6.7E-03 |   21328  |       4.1E-03  OK |
 | W - Mom  | 0.99 | 3.9E-04 | 1.1E-02 |   21328  |       2.3E-03  OK |
 | P - Mass | 1.06 | 4.2E-06 | 1.3E-04 |   26361  |  8.5  3.1E-02  OK |
 +----------+------+---------+---------+----------+-------------------+

 TIME STEP =   122   SIMULATION TIME = 6.10E+01  CPU SECONDS = 6.78E+01
 +----------+------+---------+---------+----------+-------------------+
 | Equation | Rate | RMS Res | Max Res | Location |  Linear Solution  |
 +----------+------+---------+---------+----------+-------------------+
 | U - Mom  | 0.97 | 7.2E-05 | 8.9E-04 |   23656  |       6.1E-03  OK |
 | V - Mom  | 1.09 | 2.1E-04 | 6.1E-03 |   24785  |       3.8E-03  OK |
 | W - Mom  | 0.94 | 3.7E-04 | 1.2E-02 |   21328  |       2.5E-03  OK |
 | P - Mass | 1.08 | 4.5E-06 | 1.5E-04 |   26361  |  8.5  3.0E-02  OK |
 +----------+------+---------+---------+----------+-------------------+

 TIME STEP =   123   SIMULATION TIME = 6.15E+01  CPU SECONDS = 6.83E+01
 +----------+------+---------+---------+----------+-------------------+
 | Equation | Rate | RMS Res | Max Res | Location |  Linear Solution  |
 +----------+------+---------+---------+----------+-------------------+
 | U - Mom  | 0.98 | 7.1E-05 | 9.4E-04 |   23700  |       5.7E-03  OK |
 | V - Mom  | 1.15 | 2.4E-04 | 6.5E-03 |   10591  |       3.4E-03  OK |
 | W - Mom  | 0.89 | 3.3E-04 | 1.1E-02 |   24785  |       2.8E-03  OK |
 | P - Mass | 1.07 | 4.9E-06 | 1.7E-04 |   26361  |  8.5  2.8E-02  OK |
 +----------+------+---------+---------+----------+-------------------+

 TIME STEP =   124   SIMULATION TIME = 6.20E+01  CPU SECONDS = 6.88E+01
 +----------+------+---------+---------+----------+-------------------+
 | Equation | Rate | RMS Res | Max Res | Location |  Linear Solution  |
 +----------+------+---------+---------+----------+-------------------+
 | U - Mom  | 1.01 | 7.1E-05 | 9.3E-04 |   23645  |       5.2E-03  OK |
 | V - Mom  | 1.15 | 2.8E-04 | 8.2E-03 |   10591  |       3.1E-03  OK |
 | W - Mom  | 0.84 | 2.8E-04 | 9.8E-03 |   24785  |       3.1E-03  OK |
 | P - Mass | 1.05 | 5.1E-06 | 1.8E-04 |   26361  |  8.5  2.7E-02  OK |
 +----------+------+---------+---------+----------+-------------------+

 TIME STEP =   125   SIMULATION TIME = 6.25E+01  CPU SECONDS = 6.93E+01
 +----------+------+---------+---------+----------+-------------------+
 | Equation | Rate | RMS Res | Max Res | Location |  Linear Solution  |
 +----------+------+---------+---------+----------+-------------------+
 | U - Mom  | 1.04 | 7.4E-05 | 1.1E-03 |   15877  |       4.7E-03  OK |
 | V - Mom  | 1.12 | 3.1E-04 | 9.6E-03 |   10591  |       2.8E-03  OK |
 | W - Mom  | 0.79 | 2.2E-04 | 8.2E-03 |   24785  |       3.4E-03  OK |
 | P - Mass | 1.02 | 5.2E-06 | 1.7E-04 |   26681  |  8.5  2.5E-02  OK |
 +----------+------+---------+---------+----------+-------------------+

 Backup files written at time =  6.250000E+01 s


 Flow solver - Mass Imbalance                   =  4.5630E-06%
 Flow solver - X Momentum Imbalance             =  6.4319E-05%
 Flow solver - Y Momentum Imbalance             = -4.9378E-03%
 Flow solver - Z Momentum Imbalance             = -7.7825E-03%

 TIME STEP =   126   SIMULATION TIME = 6.30E+01  CPU SECONDS = 7.17E+01
 +----------+------+---------+---------+----------+-------------------+
 | Equation | Rate | RMS Res | Max Res | Location |  Linear Solution  |
 +----------+------+---------+---------+----------+-------------------+
 | U - Mom  | 1.06 | 7.9E-05 | 1.4E-03 |   15877  |       4.1E-03  OK |
 | V - Mom  | 1.07 | 3.3E-04 | 9.4E-03 |   10591  |       2.6E-03  OK |
 | W - Mom  | 0.77 | 1.7E-04 | 6.4E-03 |   24785  |       3.3E-03  OK |
 | P - Mass | 1.01 | 5.2E-06 | 1.7E-04 |   26680  |  8.5  2.4E-02  OK |
 +----------+------+---------+---------+----------+-------------------+

 TIME STEP =   127   SIMULATION TIME = 6.35E+01  CPU SECONDS = 7.22E+01
 +----------+------+---------+---------+----------+-------------------+
 | Equation | Rate | RMS Res | Max Res | Location |  Linear Solution  |
 +----------+------+---------+---------+----------+-------------------+
 | U - Mom  | 1.06 | 8.3E-05 | 1.7E-03 |   15877  |       3.8E-03  OK |
 | V - Mom  | 1.03 | 3.4E-04 | 8.6E-03 |   10591  |       2.3E-03  OK |
 | W - Mom  | 0.89 | 1.5E-04 | 4.7E-03 |   24766  |       2.5E-03  OK |
 | P - Mass | 1.00 | 5.2E-06 | 1.6E-04 |   26680  |  8.5  2.2E-02  OK |
 +----------+------+---------+---------+----------+-------------------+

 TIME STEP =   128   SIMULATION TIME = 6.40E+01  CPU SECONDS = 7.26E+01
 +----------+------+---------+---------+----------+-------------------+
 | Equation | Rate | RMS Res | Max Res | Location |  Linear Solution  |
 +----------+------+---------+---------+----------+-------------------+
 | U - Mom  | 1.05 | 8.8E-05 | 1.8E-03 |   15877  |       3.7E-03  OK |
 | V - Mom  | 0.99 | 3.4E-04 | 8.2E-03 |   10592  |       2.1E-03  OK |
 | W - Mom  | 1.18 | 1.8E-04 | 3.4E-03 |    1165  |       1.8E-03  OK |
 | P - Mass | 0.98 | 5.1E-06 | 1.4E-04 |   23866  |  8.5  2.1E-02  OK |
 +----------+------+---------+---------+----------+-------------------+

 TIME STEP =   129   SIMULATION TIME = 6.45E+01  CPU SECONDS = 7.31E+01
 +----------+------+---------+---------+----------+-------------------+
 | Equation | Rate | RMS Res | Max Res | Location |  Linear Solution  |
 +----------+------+---------+---------+----------+-------------------+
 | U - Mom  | 1.03 | 9.0E-05 | 1.8E-03 |    4975  |       3.9E-03  OK |
 | V - Mom  | 0.95 | 3.2E-04 | 7.6E-03 |   21328  |       1.8E-03  OK |
 | W - Mom  | 1.30 | 2.3E-04 | 5.5E-03 |   10592  |       1.5E-03  OK |
 | P - Mass | 0.94 | 4.8E-06 | 1.3E-04 |   23865  |  8.5  2.1E-02  OK |
 +----------+------+---------+---------+----------+-------------------+

 TIME STEP =   130   SIMULATION TIME = 6.50E+01  CPU SECONDS = 7.36E+01
 +----------+------+---------+---------+----------+-------------------+
 | Equation | Rate | RMS Res | Max Res | Location |  Linear Solution  |
 +----------+------+---------+---------+----------+-------------------+
 | U - Mom  | 1.00 | 9.1E-05 | 1.6E-03 |    4974  |       4.4E-03  OK |
 | V - Mom  | 0.91 | 2.9E-04 | 8.0E-03 |   21152  |       1.7E-03  OK |
 | W - Mom  | 1.25 | 2.9E-04 | 7.3E-03 |   10592  |       1.5E-03  OK |
 | P - Mass | 0.93 | 4.5E-06 | 1.0E-04 |   23865  |  8.5  2.2E-02  OK |
 +----------+------+---------+---------+----------+-------------------+

 Flow solver - Mass Imbalance                   = -1.0830E-05%
 Flow solver - X Momentum Imbalance             =  5.4456E-05%
 Flow solver - Y Momentum Imbalance             = -1.0003E-02%
 Flow solver - Z Momentum Imbalance             =  1.9865E-03%

 TIME STEP =   131   SIMULATION TIME = 6.55E+01  CPU SECONDS = 7.41E+01
 +----------+------+---------+---------+----------+-------------------+
 | Equation | Rate | RMS Res | Max Res | Location |  Linear Solution  |
 +----------+------+---------+---------+----------+-------------------+
 | U - Mom  | 0.98 | 8.9E-05 | 1.5E-03 |    3157  |       5.0E-03  OK |
 | V - Mom  | 0.88 | 2.5E-04 | 7.9E-03 |   21152  |       2.1E-03  OK |
 | W - Mom  | 1.17 | 3.3E-04 | 8.2E-03 |   10592  |       1.6E-03  OK |
 | P - Mass | 0.93 | 4.1E-06 | 7.4E-05 |   23865  |  8.5  2.4E-02  OK |
 +----------+------+---------+---------+----------+-------------------+

 TIME STEP =   132   SIMULATION TIME = 6.60E+01  CPU SECONDS = 7.45E+01
 +----------+------+---------+---------+----------+-------------------+
 | Equation | Rate | RMS Res | Max Res | Location |  Linear Solution  |
 +----------+------+---------+---------+----------+-------------------+
 | U - Mom  | 0.96 | 8.5E-05 | 1.3E-03 |    3157  |       5.6E-03  OK |
 | V - Mom  | 0.86 | 2.2E-04 | 6.8E-03 |   24766  |       3.1E-03  OK |
 | W - Mom  | 1.10 | 3.7E-04 | 8.4E-03 |   10592  |       1.8E-03  OK |
 | P - Mass | 0.95 | 3.9E-06 | 6.1E-05 |   26737  |  8.5  2.6E-02  OK |
 +----------+------+---------+---------+----------+-------------------+

 TIME STEP =   133   SIMULATION TIME = 6.65E+01  CPU SECONDS = 7.50E+01
 +----------+------+---------+---------+----------+-------------------+
 | Equation | Rate | RMS Res | Max Res | Location |  Linear Solution  |
 +----------+------+---------+---------+----------+-------------------+
 | U - Mom  | 0.94 | 8.0E-05 | 1.0E-03 |    1340  |       6.1E-03  OK |
 | V - Mom  | 0.88 | 1.9E-04 | 6.7E-03 |   24765  |       4.0E-03  OK |
 | W - Mom  | 1.05 | 3.9E-04 | 9.3E-03 |   10426  |       2.0E-03  OK |
 | P - Mass | 1.00 | 3.9E-06 | 7.8E-05 |   26361  |  8.5  2.8E-02  OK |
 +----------+------+---------+---------+----------+-------------------+

 TIME STEP =   134   SIMULATION TIME = 6.70E+01  CPU SECONDS = 7.55E+01
 +----------+------+---------+---------+----------+-------------------+
 | Equation | Rate | RMS Res | Max Res | Location |  Linear Solution  |
 +----------+------+---------+---------+----------+-------------------+
 | U - Mom  | 0.94 | 7.5E-05 | 8.6E-04 |   26447  |       6.4E-03  OK |
 | V - Mom  | 0.98 | 1.9E-04 | 6.2E-03 |   24765  |       4.1E-03  OK |
 | W - Mom  | 1.00 | 3.9E-04 | 9.5E-03 |   24785  |       2.2E-03  OK |
 | P - Mass | 1.04 | 4.1E-06 | 1.1E-04 |   26361  |  8.5  2.8E-02  OK |
 +----------+------+---------+---------+----------+-------------------+

 TIME STEP =   135   SIMULATION TIME = 6.75E+01  CPU SECONDS = 7.60E+01
 +----------+------+---------+---------+----------+-------------------+
 | Equation | Rate | RMS Res | Max Res | Location |  Linear Solution  |
 +----------+------+---------+---------+----------+-------------------+
 | U - Mom  | 0.96 | 7.2E-05 | 8.6E-04 |   23645  |       6.4E-03  OK |
 | V - Mom  | 1.09 | 2.1E-04 | 5.5E-03 |   10426  |       3.8E-03  OK |
 | W - Mom  | 0.96 | 3.7E-04 | 9.9E-03 |   24785  |       2.4E-03  OK |
 | P - Mass | 1.07 | 4.4E-06 | 1.3E-04 |   26361  |  8.5  2.7E-02  OK |
 +----------+------+---------+---------+----------+-------------------+

 Flow solver - Mass Imbalance                   = -1.5173E-05%
 Flow solver - X Momentum Imbalance             = -5.9455E-05%
 Flow solver - Y Momentum Imbalance             = -3.2565E-03%
 Flow solver - Z Momentum Imbalance             =  9.1046E-03%

 TIME STEP =   136   SIMULATION TIME = 6.80E+01  CPU SECONDS = 7.65E+01
 +----------+------+---------+---------+----------+-------------------+
 | Equation | Rate | RMS Res | Max Res | Location |  Linear Solution  |
 +----------+------+---------+---------+----------+-------------------+
 | U - Mom  | 0.99 | 7.1E-05 | 8.7E-04 |   23645  |       6.1E-03  OK |
 | V - Mom  | 1.16 | 2.4E-04 | 7.2E-03 |   10426  |       3.5E-03  OK |
 | W - Mom  | 0.91 | 3.4E-04 | 9.6E-03 |   24785  |       2.7E-03  OK |
 | P - Mass | 1.08 | 4.7E-06 | 1.5E-04 |   26361  |  8.5  2.6E-02  OK |
 +----------+------+---------+---------+----------+-------------------+

 TIME STEP =   137   SIMULATION TIME = 6.85E+01  CPU SECONDS = 7.70E+01
 +----------+------+---------+---------+----------+-------------------+
 | Equation | Rate | RMS Res | Max Res | Location |  Linear Solution  |
 +----------+------+---------+---------+----------+-------------------+
 | U - Mom  | 1.03 | 7.3E-05 | 1.1E-03 |   14060  |       5.7E-03  OK |
 | V - Mom  | 1.16 | 2.8E-04 | 8.4E-03 |   10426  |       3.2E-03  OK |
 | W - Mom  | 0.86 | 2.9E-04 | 8.6E-03 |   24785  |       3.1E-03  OK |
 | P - Mass | 1.07 | 5.1E-06 | 1.6E-04 |   23867  |  8.5  2.5E-02  OK |
 +----------+------+---------+---------+----------+-------------------+

 TIME STEP =   138   SIMULATION TIME = 6.90E+01  CPU SECONDS = 7.75E+01
 +----------+------+---------+---------+----------+-------------------+
 | Equation | Rate | RMS Res | Max Res | Location |  Linear Solution  |
 +----------+------+---------+---------+----------+-------------------+
 | U - Mom  | 1.05 | 7.7E-05 | 1.4E-03 |   15877  |       5.1E-03  OK |
 | V - Mom  | 1.12 | 3.1E-04 | 8.6E-03 |   10426  |       2.9E-03  OK |
 | W - Mom  | 0.80 | 2.3E-04 | 7.5E-03 |   24785  |       3.5E-03  OK |
 | P - Mass | 1.04 | 5.3E-06 | 1.7E-04 |   23867  |  8.5  2.5E-02  OK |
 +----------+------+---------+---------+----------+-------------------+

 TIME STEP =   139   SIMULATION TIME = 6.95E+01  CPU SECONDS = 7.80E+01
 +----------+------+---------+---------+----------+-------------------+
 | Equation | Rate | RMS Res | Max Res | Location |  Linear Solution  |
 +----------+------+---------+---------+----------+-------------------+
 | U - Mom  | 1.05 | 8.1E-05 | 1.6E-03 |    4975  |       4.6E-03  OK |
 | V - Mom  | 1.08 | 3.4E-04 | 8.0E-03 |   10426  |       2.7E-03  OK |
 | W - Mom  | 0.76 | 1.8E-04 | 6.1E-03 |   24785  |       3.6E-03  OK |
 | P - Mass | 1.00 | 5.3E-06 | 1.6E-04 |   26680  |  8.5  2.5E-02  OK |
 +----------+------+---------+---------+----------+-------------------+

 TIME STEP =   140   SIMULATION TIME = 7.00E+01  CPU SECONDS = 7.85E+01
 +----------+------+---------+---------+----------+-------------------+
 | Equation | Rate | RMS Res | Max Res | Location |  Linear Solution  |
 +----------+------+---------+---------+----------+-------------------+
 | U - Mom  | 1.04 | 8.4E-05 | 1.7E-03 |    4975  |       4.2E-03  OK |
 | V - Mom  | 1.04 | 3.5E-04 | 8.1E-03 |    1507  |       2.4E-03  OK |
 | W - Mom  | 0.81 | 1.4E-04 | 4.1E-03 |   24784  |       2.8E-03  OK |
 | P - Mass | 0.97 | 5.2E-06 | 1.6E-04 |   26680  |  8.5  2.4E-02  OK |
 +----------+------+---------+---------+----------+-------------------+

 Flow solver - Mass Imbalance                   = -7.0640E-06%
 Flow solver - X Momentum Imbalance             = -5.0663E-05%
 Flow solver - Y Momentum Imbalance             =  8.1882E-03%
 Flow solver - Z Momentum Imbalance             =  5.0300E-03%

 TIME STEP =   141   SIMULATION TIME = 7.05E+01  CPU SECONDS = 7.90E+01
 +----------+------+---------+---------+----------+-------------------+
 | Equation | Rate | RMS Res | Max Res | Location |  Linear Solution  |
 +----------+------+---------+---------+----------+-------------------+
 | U - Mom  | 1.02 | 8.6E-05 | 1.8E-03 |    4975  |       4.0E-03  OK |
 | V - Mom  | 1.00 | 3.5E-04 | 8.8E-03 |   24795  |       2.1E-03  OK |
 | W - Mom  | 1.11 | 1.6E-04 | 3.0E-03 |   10426  |       1.9E-03  OK |
 | P - Mass | 0.94 | 4.9E-06 | 1.5E-04 |   26680  |  8.5  2.3E-02  OK |
 +----------+------+---------+---------+----------+-------------------+

 TIME STEP =   142   SIMULATION TIME = 7.10E+01  CPU SECONDS = 7.96E+01
 +----------+------+---------+---------+----------+-------------------+
 | Equation | Rate | RMS Res | Max Res | Location |  Linear Solution  |
 +----------+------+---------+---------+----------+-------------------+
 | U - Mom  | 1.00 | 8.6E-05 | 1.7E-03 |    4975  |       4.2E-03  OK |
 | V - Mom  | 0.96 | 3.4E-04 | 1.0E-02 |   24795  |       1.8E-03  OK |
 | W - Mom  | 1.33 | 2.1E-04 | 4.8E-03 |    1341  |       1.6E-03  OK |
 | P - Mass | 0.94 | 4.6E-06 | 1.3E-04 |   26680  |  8.5  2.3E-02  OK |
 +----------+------+---------+---------+----------+-------------------+

 TIME STEP =   143   SIMULATION TIME = 7.15E+01  CPU SECONDS = 8.01E+01
 +----------+------+---------+---------+----------+-------------------+
 | Equation | Rate | RMS Res | Max Res | Location |  Linear Solution  |
 +----------+------+---------+---------+----------+-------------------+
 | U - Mom  | 0.99 | 8.5E-05 | 1.5E-03 |    3158  |       4.7E-03  OK |
 | V - Mom  | 0.92 | 3.1E-04 | 1.0E-02 |   24795  |       1.6E-03  OK |
 | W - Mom  | 1.29 | 2.7E-04 | 6.9E-03 |   10425  |       1.6E-03  OK |
 | P - Mass | 0.93 | 4.3E-06 | 9.9E-05 |   26680  |  8.5  2.3E-02  OK |
 +----------+------+---------+---------+----------+-------------------+

 TIME STEP =   144   SIMULATION TIME = 7.20E+01  CPU SECONDS = 8.06E+01
 +----------+------+---------+---------+----------+-------------------+
 | Equation | Rate | RMS Res | Max Res | Location |  Linear Solution  |
 +----------+------+---------+---------+----------+-------------------+
 | U - Mom  | 0.97 | 8.3E-05 | 1.3E-03 |    3158  |       5.2E-03  OK |
 | V - Mom  | 0.88 | 2.8E-04 | 9.9E-03 |   24795  |       1.9E-03  OK |
 | W - Mom  | 1.20 | 3.2E-04 | 8.3E-03 |   10425  |       1.7E-03  OK |
 | P - Mass | 0.93 | 4.0E-06 | 6.4E-05 |   26680  |  8.5  2.5E-02  OK |
 +----------+------+---------+---------+----------+-------------------+

 TIME STEP =   145   SIMULATION TIME = 7.25E+01  CPU SECONDS = 8.11E+01
 +----------+------+---------+---------+----------+-------------------+
 | Equation | Rate | RMS Res | Max Res | Location |  Linear Solution  |
 +----------+------+---------+---------+----------+-------------------+
 | U - Mom  | 0.96 | 8.0E-05 | 1.1E-03 |    1341  |       5.7E-03  OK |
 | V - Mom  | 0.86 | 2.4E-04 | 8.6E-03 |   24795  |       3.0E-03  OK |
 | W - Mom  | 1.12 | 3.6E-04 | 8.5E-03 |   10425  |       1.8E-03  OK |
 | P - Mass | 0.95 | 3.8E-06 | 6.0E-05 |   26737  |  8.5  2.7E-02  OK |
 +----------+------+---------+---------+----------+-------------------+

 Flow solver - Mass Imbalance                   =  1.7342E-05%
 Flow solver - X Momentum Imbalance             = -2.1485E-05%
 Flow solver - Y Momentum Imbalance             =  8.7334E-03%
 Flow solver - Z Momentum Imbalance             = -5.5994E-03%

 TIME STEP =   146   SIMULATION TIME = 7.30E+01  CPU SECONDS = 8.16E+01
 +----------+------+---------+---------+----------+-------------------+
 | Equation | Rate | RMS Res | Max Res | Location |  Linear Solution  |
 +----------+------+---------+---------+----------+-------------------+
 | U - Mom  | 0.96 | 7.6E-05 | 9.4E-04 |    1341  |       6.1E-03  OK |
 | V - Mom  | 0.86 | 2.0E-04 | 7.0E-03 |   24785  |       4.0E-03  OK |
 | W - Mom  | 1.06 | 3.8E-04 | 9.1E-03 |    1341  |       2.0E-03  OK |
 | P - Mass | 0.99 | 3.7E-06 | 7.2E-05 |   26361  |  8.5  3.0E-02  OK |
 +----------+------+---------+---------+----------+-------------------+

 TIME STEP =   147   SIMULATION TIME = 7.35E+01  CPU SECONDS = 8.21E+01
 +----------+------+---------+---------+----------+-------------------+
 | Equation | Rate | RMS Res | Max Res | Location |  Linear Solution  |
 +----------+------+---------+---------+----------+-------------------+
 | U - Mom  | 0.96 | 7.3E-05 | 8.8E-04 |   26447  |       6.2E-03  OK |
 | V - Mom  | 0.92 | 1.9E-04 | 6.7E-03 |   24785  |       4.2E-03  OK |
 | W - Mom  | 1.01 | 3.9E-04 | 1.0E-02 |   24785  |       2.2E-03  OK |
 | P - Mass | 1.04 | 3.9E-06 | 1.1E-04 |   26361  |  8.5  3.1E-02  OK |
 +----------+------+---------+---------+----------+-------------------+

 TIME STEP =   148   SIMULATION TIME = 7.40E+01  CPU SECONDS = 8.27E+01
 +----------+------+---------+---------+----------+-------------------+
 | Equation | Rate | RMS Res | Max Res | Location |  Linear Solution  |
 +----------+------+---------+---------+----------+-------------------+
 | U - Mom  | 0.96 | 7.0E-05 | 8.4E-04 |   23656  |       6.2E-03  OK |
 | V - Mom  | 1.04 | 2.0E-04 | 6.5E-03 |   24785  |       3.9E-03  OK |
 | W - Mom  | 0.96 | 3.7E-04 | 1.2E-02 |   24785  |       2.4E-03  OK |
 | P - Mass | 1.08 | 4.2E-06 | 1.4E-04 |   26361  |  8.5  3.0E-02  OK |
 +----------+------+---------+---------+----------+-------------------+

 TIME STEP =   149   SIMULATION TIME = 7.45E+01  CPU SECONDS = 8.32E+01
 +----------+------+---------+---------+----------+-------------------+
 | Equation | Rate | RMS Res | Max Res | Location |  Linear Solution  |
 +----------+------+---------+---------+----------+-------------------+
 | U - Mom  | 0.98 | 6.8E-05 | 9.0E-04 |   23700  |       5.9E-03  OK |
 | V - Mom  | 1.14 | 2.2E-04 | 5.6E-03 |   10591  |       3.6E-03  OK |
 | W - Mom  | 0.91 | 3.4E-04 | 1.2E-02 |   21328  |       2.7E-03  OK |
 | P - Mass | 1.08 | 4.5E-06 | 1.6E-04 |   26681  |  8.5  2.9E-02  OK |
 +----------+------+---------+---------+----------+-------------------+

 TIME STEP =   150   SIMULATION TIME = 7.50E+01  CPU SECONDS = 8.37E+01
 +----------+------+---------+---------+----------+-------------------+
 | Equation | Rate | RMS Res | Max Res | Location |  Linear Solution  |
 +----------+------+---------+---------+----------+-------------------+
 | U - Mom  | 1.00 | 6.8E-05 | 9.1E-04 |   23645  |       5.5E-03  OK |
 | V - Mom  | 1.16 | 2.6E-04 | 7.3E-03 |   10591  |       3.2E-03  OK |
 | W - Mom  | 0.86 | 2.9E-04 | 1.0E-02 |   24785  |       3.0E-03  OK |
 | P - Mass | 1.06 | 4.8E-06 | 1.7E-04 |   26681  |  8.5  2.7E-02  OK |
 +----------+------+---------+---------+----------+-------------------+

 Backup files written at time =  7.500000E+01 s


 Flow solver - Mass Imbalance                   =  1.5999E-05%
 Flow solver - X Momentum Imbalance             =  3.6324E-05%
 Flow solver - Y Momentum Imbalance             = -1.6730E-03%
 Flow solver - Z Momentum Imbalance             = -8.7795E-03%

 TIME STEP =   151   SIMULATION TIME = 7.55E+01  CPU SECONDS = 8.62E+01
 +----------+------+---------+---------+----------+-------------------+
 | Equation | Rate | RMS Res | Max Res | Location |  Linear Solution  |
 +----------+------+---------+---------+----------+-------------------+
 | U - Mom  | 1.03 | 7.0E-05 | 9.7E-04 |   15877  |       4.9E-03  OK |
 | V - Mom  | 1.13 | 2.9E-04 | 8.6E-03 |   10591  |       2.9E-03  OK |
 | W - Mom  | 0.81 | 2.3E-04 | 8.8E-03 |   24785  |       3.3E-03  OK |
 | P - Mass | 1.03 | 5.0E-06 | 1.7E-04 |   26681  |  8.5  2.6E-02  OK |
 +----------+------+---------+---------+----------+-------------------+

 TIME STEP =   152   SIMULATION TIME = 7.60E+01  CPU SECONDS = 8.68E+01
 +----------+------+---------+---------+----------+-------------------+
 | Equation | Rate | RMS Res | Max Res | Location |  Linear Solution  |
 +----------+------+---------+---------+----------+-------------------+
 | U - Mom  | 1.05 | 7.4E-05 | 1.3E-03 |   15877  |       4.4E-03  OK |
 | V - Mom  | 1.09 | 3.2E-04 | 9.4E-03 |   10591  |       2.7E-03  OK |
 | W - Mom  | 0.77 | 1.8E-04 | 7.2E-03 |   24785  |       3.4E-03  OK |
 | P - Mass | 1.01 | 5.0E-06 | 1.6E-04 |   26680  |  8.5  2.4E-02  OK |
 +----------+------+---------+---------+----------+-------------------+

 TIME STEP =   153   SIMULATION TIME = 7.65E+01  CPU SECONDS = 8.73E+01
 +----------+------+---------+---------+----------+-------------------+
 | Equation | Rate | RMS Res | Max Res | Location |  Linear Solution  |
 +----------+------+---------+---------+----------+-------------------+
 | U - Mom  | 1.06 | 7.9E-05 | 1.6E-03 |    4975  |       3.9E-03  OK |
 | V - Mom  | 1.04 | 3.3E-04 | 8.8E-03 |   10591  |       2.4E-03  OK |
 | W - Mom  | 0.81 | 1.5E-04 | 5.1E-03 |   24766  |       2.8E-03  OK |
 | P - Mass | 1.01 | 5.0E-06 | 1.6E-04 |   26680  |  8.5  2.3E-02  OK |
 +----------+------+---------+---------+----------+-------------------+

 TIME STEP =   154   SIMULATION TIME = 7.70E+01  CPU SECONDS = 8.78E+01
 +----------+------+---------+---------+----------+-------------------+
 | Equation | Rate | RMS Res | Max Res | Location |  Linear Solution  |
 +----------+------+---------+---------+----------+-------------------+
 | U - Mom  | 1.06 | 8.3E-05 | 1.7E-03 |    4975  |       3.7E-03  OK |
 | V - Mom  | 1.00 | 3.3E-04 | 8.1E-03 |   10592  |       2.2E-03  OK |
 | W - Mom  | 1.06 | 1.5E-04 | 3.2E-03 |   24766  |       2.0E-03  OK |
 | P - Mass | 1.00 | 5.0E-06 | 1.4E-04 |   26680  |  8.5  2.1E-02  OK |
 +----------+------+---------+---------+----------+-------------------+

 TIME STEP =   155   SIMULATION TIME = 7.75E+01  CPU SECONDS = 8.83E+01
 +----------+------+---------+---------+----------+-------------------+
 | Equation | Rate | RMS Res | Max Res | Location |  Linear Solution  |
 +----------+------+---------+---------+----------+-------------------+
 | U - Mom  | 1.04 | 8.7E-05 | 1.8E-03 |    4975  |       3.8E-03  OK |
 | V - Mom  | 0.96 | 3.2E-04 | 7.0E-03 |   24785  |       1.9E-03  OK |
 | W - Mom  | 1.29 | 2.0E-04 | 4.4E-03 |   19511  |       1.6E-03  OK |
 | P - Mass | 0.95 | 4.8E-06 | 1.3E-04 |   23866  |  8.5  2.1E-02  OK |
 +----------+------+---------+---------+----------+-------------------+

 Flow solver - Mass Imbalance                   = -5.9393E-06%
 Flow solver - X Momentum Imbalance             =  7.7523E-05%
 Flow solver - Y Momentum Imbalance             = -9.4223E-03%
 Flow solver - Z Momentum Imbalance             = -8.8406E-04%

 TIME STEP =   156   SIMULATION TIME = 7.80E+01  CPU SECONDS = 8.88E+01
 +----------+------+---------+---------+----------+-------------------+
 | Equation | Rate | RMS Res | Max Res | Location |  Linear Solution  |
 +----------+------+---------+---------+----------+-------------------+
 | U - Mom  | 1.01 | 8.8E-05 | 1.7E-03 |    4975  |       4.2E-03  OK |
 | V - Mom  | 0.92 | 2.9E-04 | 7.6E-03 |   24785  |       1.7E-03  OK |
 | W - Mom  | 1.28 | 2.5E-04 | 6.3E-03 |   10592  |       1.5E-03  OK |
 | P - Mass | 0.93 | 4.4E-06 | 1.1E-04 |   23865  |  8.5  2.1E-02  OK |
 +----------+------+---------+---------+----------+-------------------+

 TIME STEP =   157   SIMULATION TIME = 7.85E+01  CPU SECONDS = 8.94E+01
 +----------+------+---------+---------+----------+-------------------+
 | Equation | Rate | RMS Res | Max Res | Location |  Linear Solution  |
 +----------+------+---------+---------+----------+-------------------+
 | U - Mom  | 0.99 | 8.7E-05 | 1.5E-03 |    4974  |       4.8E-03  OK |
 | V - Mom  | 0.89 | 2.6E-04 | 7.7E-03 |   24766  |       1.9E-03  OK |
 | W - Mom  | 1.20 | 3.1E-04 | 7.6E-03 |   10592  |       1.6E-03  OK |
 | P - Mass | 0.92 | 4.1E-06 | 8.4E-05 |   23865  |  8.5  2.3E-02  OK |
 +----------+------+---------+---------+----------+-------------------+

 TIME STEP =   158   SIMULATION TIME = 7.90E+01  CPU SECONDS = 8.99E+01
 +----------+------+---------+---------+----------+-------------------+
 | Equation | Rate | RMS Res | Max Res | Location |  Linear Solution  |
 +----------+------+---------+---------+----------+-------------------+
 | U - Mom  | 0.97 | 8.4E-05 | 1.4E-03 |    3157  |       5.4E-03  OK |
 | V - Mom  | 0.86 | 2.2E-04 | 7.1E-03 |   24766  |       2.7E-03  OK |
 | W - Mom  | 1.13 | 3.5E-04 | 8.1E-03 |   10592  |       1.7E-03  OK |
 | P - Mass | 0.94 | 3.8E-06 | 6.1E-05 |   23864  |  8.5  2.5E-02  OK |
 +----------+------+---------+---------+----------+-------------------+

 TIME STEP =   159   SIMULATION TIME = 7.95E+01  CPU SECONDS = 9.04E+01
 +----------+------+---------+---------+----------+-------------------+
 | Equation | Rate | RMS Res | Max Res | Location |  Linear Solution  |
 +----------+------+---------+---------+----------+-------------------+
 | U - Mom  | 0.95 | 7.9E-05 | 1.1E-03 |    3157  |       6.0E-03  OK |
 | V - Mom  | 0.86 | 1.9E-04 | 6.4E-03 |   24765  |       3.8E-03  OK |
 | W - Mom  | 1.07 | 3.7E-04 | 8.8E-03 |   10426  |       1.9E-03  OK |
 | P - Mass | 0.98 | 3.8E-06 | 6.2E-05 |   26361  |  8.5  2.7E-02  OK |
 +----------+------+---------+---------+----------+-------------------+

 TIME STEP =   160   SIMULATION TIME = 8.00E+01  CPU SECONDS = 9.09E+01
 +----------+------+---------+---------+----------+-------------------+
 | Equation | Rate | RMS Res | Max Res | Location |  Linear Solution  |
 +----------+------+---------+---------+----------+-------------------+
 | U - Mom  | 0.94 | 7.5E-05 | 8.9E-04 |    1340  |       6.3E-03  OK |
 | V - Mom  | 0.94 | 1.8E-04 | 6.3E-03 |   24765  |       4.1E-03  OK |
 | W - Mom  | 1.02 | 3.8E-04 | 9.3E-03 |   10426  |       2.1E-03  OK |
 | P - Mass | 1.03 | 3.9E-06 | 9.3E-05 |   26361  |  8.5  2.8E-02  OK |
 +----------+------+---------+---------+----------+-------------------+

 Flow solver - Mass Imbalance                   = -1.7633E-05%
 Flow solver - X Momentum Imbalance             = -3.1091E-05%
 Flow solver - Y Momentum Imbalance             = -6.0525E-03%
 Flow solver - Z Momentum Imbalance             =  7.5383E-03%

 TIME STEP =   161   SIMULATION TIME = 8.05E+01  CPU SECONDS = 9.14E+01
 +----------+------+---------+---------+----------+-------------------+
 | Equation | Rate | RMS Res | Max Res | Location |  Linear Solution  |
 +----------+------+---------+---------+----------+-------------------+
 | U - Mom  | 0.95 | 7.1E-05 | 8.2E-04 |   23645  |       6.4E-03  OK |
 | V - Mom  | 1.05 | 1.9E-04 | 5.1E-03 |   24765  |       3.9E-03  OK |
 | W - Mom  | 0.98 | 3.7E-04 | 9.7E-03 |   21328  |       2.3E-03  OK |
 | P - Mass | 1.07 | 4.1E-06 | 1.2E-04 |   26361  |  8.5  2.8E-02  OK |
 +----------+------+---------+---------+----------+-------------------+

 TIME STEP =   162   SIMULATION TIME = 8.10E+01  CPU SECONDS = 9.20E+01
 +----------+------+---------+---------+----------+-------------------+
 | Equation | Rate | RMS Res | Max Res | Location |  Linear Solution  |
 +----------+------+---------+---------+----------+-------------------+
 | U - Mom  | 0.98 | 6.9E-05 | 8.5E-04 |   23645  |       6.3E-03  OK |
 | V - Mom  | 1.14 | 2.2E-04 | 6.4E-03 |   10426  |       3.6E-03  OK |
 | W - Mom  | 0.93 | 3.4E-04 | 9.9E-03 |   24785  |       2.6E-03  OK |
 | P - Mass | 1.08 | 4.4E-06 | 1.4E-04 |   26361  |  8.5  2.7E-02  OK |
 +----------+------+---------+---------+----------+-------------------+

 TIME STEP =   163   SIMULATION TIME = 8.15E+01  CPU SECONDS = 9.25E+01
 +----------+------+---------+---------+----------+-------------------+
 | Equation | Rate | RMS Res | Max Res | Location |  Linear Solution  |
 +----------+------+---------+---------+----------+-------------------+
 | U - Mom  | 1.01 | 7.0E-05 | 9.5E-04 |   14060  |       5.9E-03  OK |
 | V - Mom  | 1.17 | 2.5E-04 | 7.8E-03 |   10426  |       3.3E-03  OK |
 | W - Mom  | 0.88 | 3.0E-04 | 8.9E-03 |   24785  |       3.0E-03  OK |
 | P - Mass | 1.08 | 4.8E-06 | 1.5E-04 |   26681  |  8.5  2.6E-02  OK |
 +----------+------+---------+---------+----------+-------------------+

 TIME STEP =   164   SIMULATION TIME = 8.20E+01  CPU SECONDS = 9.30E+01
 +----------+------+---------+---------+----------+-------------------+
 | Equation | Rate | RMS Res | Max Res | Location |  Linear Solution  |
 +----------+------+---------+---------+----------+-------------------+
 | U - Mom  | 1.04 | 7.3E-05 | 1.2E-03 |   14060  |       5.3E-03  OK |
 | V - Mom  | 1.14 | 2.9E-04 | 8.4E-03 |   10426  |       3.0E-03  OK |
 | W - Mom  | 0.82 | 2.5E-04 | 7.9E-03 |   24785  |       3.4E-03  OK |
 | P - Mass | 1.06 | 5.1E-06 | 1.7E-04 |   23867  |  8.5  2.5E-02  OK |
 +----------+------+---------+---------+----------+-------------------+

 TIME STEP =   165   SIMULATION TIME = 8.25E+01  CPU SECONDS = 9.35E+01
 +----------+------+---------+---------+----------+-------------------+
 | Equation | Rate | RMS Res | Max Res | Location |  Linear Solution  |
 +----------+------+---------+---------+----------+-------------------+
 | U - Mom  | 1.05 | 7.6E-05 | 1.5E-03 |   15877  |       4.8E-03  OK |
 | V - Mom  | 1.10 | 3.2E-04 | 8.2E-03 |   10426  |       2.8E-03  OK |
 | W - Mom  | 0.77 | 1.9E-04 | 6.6E-03 |   24785  |       3.7E-03  OK |
 | P - Mass | 1.02 | 5.2E-06 | 1.6E-04 |   26681  |  8.5  2.5E-02  OK |
 +----------+------+---------+---------+----------+-------------------+

 Flow solver - Mass Imbalance                   = -1.1934E-05%
 Flow solver - X Momentum Imbalance             = -6.1186E-05%
 Flow solver - Y Momentum Imbalance             =  5.2651E-03%
 Flow solver - Z Momentum Imbalance             =  7.0676E-03%

 TIME STEP =   166   SIMULATION TIME = 8.30E+01  CPU SECONDS = 9.40E+01
 +----------+------+---------+---------+----------+-------------------+
 | Equation | Rate | RMS Res | Max Res | Location |  Linear Solution  |
 +----------+------+---------+---------+----------+-------------------+
 | U - Mom  | 1.05 | 8.0E-05 | 1.7E-03 |   15877  |       4.3E-03  OK |
 | V - Mom  | 1.06 | 3.3E-04 | 7.5E-03 |    1507  |       2.5E-03  OK |
 | W - Mom  | 0.77 | 1.5E-04 | 5.1E-03 |   24785  |       3.3E-03  OK |
 | P - Mass | 0.99 | 5.1E-06 | 1.6E-04 |   26680  |  8.5  2.4E-02  OK |
 +----------+------+---------+---------+----------+-------------------+

 TIME STEP =   167   SIMULATION TIME = 8.35E+01  CPU SECONDS = 9.45E+01
 +----------+------+---------+---------+----------+-------------------+
 | Equation | Rate | RMS Res | Max Res | Location |  Linear Solution  |
 +----------+------+---------+---------+----------+-------------------+
 | U - Mom  | 1.03 | 8.3E-05 | 1.7E-03 |    4975  |       4.1E-03  OK |
 | V - Mom  | 1.02 | 3.4E-04 | 7.8E-03 |    1507  |       2.3E-03  OK |
 | W - Mom  | 0.96 | 1.4E-04 | 3.0E-03 |   24784  |       2.2E-03  OK |
 | P - Mass | 0.95 | 4.8E-06 | 1.5E-04 |   26680  |  8.5  2.3E-02  OK |
 +----------+------+---------+---------+----------+-------------------+

 TIME STEP =   168   SIMULATION TIME = 8.40E+01  CPU SECONDS = 9.50E+01
 +----------+------+---------+---------+----------+-------------------+
 | Equation | Rate | RMS Res | Max Res | Location |  Linear Solution  |
 +----------+------+---------+---------+----------+-------------------+
 | U - Mom  | 1.01 | 8.4E-05 | 1.7E-03 |    4975  |       4.1E-03  OK |
 | V - Mom  | 0.98 | 3.3E-04 | 9.0E-03 |   24795  |       2.0E-03  OK |
 | W - Mom  | 1.28 | 1.8E-04 | 4.0E-03 |   19511  |       1.7E-03  OK |
 | P - Mass | 0.94 | 4.6E-06 | 1.3E-04 |   26680  |  8.5  2.3E-02  OK |
 +----------+------+---------+---------+----------+-------------------+

 TIME STEP =   169   SIMULATION TIME = 8.45E+01  CPU SECONDS = 9.56E+01
 +----------+------+---------+---------+----------+-------------------+
 | Equation | Rate | RMS Res | Max Res | Location |  Linear Solution  |
 +----------+------+---------+---------+----------+-------------------+
 | U - Mom  | 0.99 | 8.3E-05 | 1.5E-03 |    4975  |       4.5E-03  OK |
 | V - Mom  | 0.94 | 3.1E-04 | 9.7E-03 |   24795  |       1.7E-03  OK |
 | W - Mom  | 1.32 | 2.4E-04 | 6.0E-03 |   10425  |       1.5E-03  OK |
 | P - Mass | 0.93 | 4.3E-06 | 1.1E-04 |   26680  |  8.5  2.3E-02  OK |
 +----------+------+---------+---------+----------+-------------------+

 TIME STEP =   170   SIMULATION TIME = 8.50E+01  CPU SECONDS = 9.61E+01
 +----------+------+---------+---------+----------+-------------------+
 | Equation | Rate | RMS Res | Max Res | Location |  Linear Solution  |
 +----------+------+---------+---------+----------+-------------------+
 | U - Mom  | 0.98 | 8.1E-05 | 1.4E-03 |    3158  |       5.0E-03  OK |
 | V - Mom  | 0.90 | 2.8E-04 | 9.6E-03 |   24795  |       1.7E-03  OK |
 | W - Mom  | 1.23 | 3.0E-04 | 7.8E-03 |   10425  |       1.6E-03  OK |
 | P - Mass | 0.93 | 4.0E-06 | 7.6E-05 |   26680  |  8.5  2.4E-02  OK |
 +----------+------+---------+---------+----------+-------------------+

 Flow solver - Mass Imbalance                   =  1.1164E-05%
 Flow solver - X Momentum Imbalance             = -2.8367E-05%
 Flow solver - Y Momentum Imbalance             =  9.7030E-03%
 Flow solver - Z Momentum Imbalance             = -2.7307E-03%

 TIME STEP =   171   SIMULATION TIME = 8.55E+01  CPU SECONDS = 9.66E+01
 +----------+------+---------+---------+----------+-------------------+
 | Equation | Rate | RMS Res | Max Res | Location |  Linear Solution  |
 +----------+------+---------+---------+----------+-------------------+
 | U - Mom  | 0.97 | 7.9E-05 | 1.2E-03 |    1341  |       5.5E-03  OK |
 | V - Mom  | 0.87 | 2.4E-04 | 8.7E-03 |   24795  |       2.5E-03  OK |
 | W - Mom  | 1.15 | 3.4E-04 | 8.5E-03 |   10425  |       1.8E-03  OK |
 | P - Mass | 0.94 | 3.7E-06 | 5.9E-05 |   26737  |  8.5  2.6E-02  OK |
 +----------+------+---------+---------+----------+-------------------+

 TIME STEP =   172   SIMULATION TIME = 8.60E+01  CPU SECONDS = 9.71E+01
 +----------+------+---------+---------+----------+-------------------+
 | Equation | Rate | RMS Res | Max Res | Location |  Linear Solution  |
 +----------+------+---------+---------+----------+-------------------+
 | U - Mom  | 0.96 | 7.5E-05 | 1.0E-03 |    1341  |       5.9E-03  OK |
 | V - Mom  | 0.85 | 2.1E-04 | 7.3E-03 |   24795  |       3.7E-03  OK |
 | W - Mom  | 1.08 | 3.7E-04 | 8.6E-03 |    1341  |       1.9E-03  OK |
 | P - Mass | 0.97 | 3.6E-06 | 5.6E-05 |   26737  |  8.5  2.9E-02  OK |
 +----------+------+---------+---------+----------+-------------------+

 TIME STEP =   173   SIMULATION TIME = 8.65E+01  CPU SECONDS = 9.76E+01
 +----------+------+---------+---------+----------+-------------------+
 | Equation | Rate | RMS Res | Max Res | Location |  Linear Solution  |
 +----------+------+---------+---------+----------+-------------------+
 | U - Mom  | 0.95 | 7.2E-05 | 8.7E-04 |   26447  |       6.2E-03  OK |
 | V - Mom  | 0.89 | 1.8E-04 | 6.6E-03 |   21328  |       4.2E-03  OK |
 | W - Mom  | 1.03 | 3.8E-04 | 9.1E-03 |   21328  |       2.1E-03  OK |
 | P - Mass | 1.02 | 3.7E-06 | 9.1E-05 |   26361  |  8.5  3.0E-02  OK |
 +----------+------+---------+---------+----------+-------------------+

 TIME STEP =   174   SIMULATION TIME = 8.70E+01  CPU SECONDS = 9.82E+01
 +----------+------+---------+---------+----------+-------------------+
 | Equation | Rate | RMS Res | Max Res | Location |  Linear Solution  |
 +----------+------+---------+---------+----------+-------------------+
 | U - Mom  | 0.96 | 6.9E-05 | 7.9E-04 |   26447  |       6.2E-03  OK |
 | V - Mom  | 0.99 | 1.8E-04 | 6.6E-03 |   24785  |       4.0E-03  OK |
 | W - Mom  | 0.98 | 3.7E-04 | 1.1E-02 |   21328  |       2.3E-03  OK |
 | P - Mass | 1.07 | 3.9E-06 | 1.2E-04 |   26361  |  8.5  3.1E-02  OK |
 +----------+------+---------+---------+----------+-------------------+

 TIME STEP =   175   SIMULATION TIME = 8.75E+01  CPU SECONDS = 9.87E+01
 +----------+------+---------+---------+----------+-------------------+
 | Equation | Rate | RMS Res | Max Res | Location |  Linear Solution  |
 +----------+------+---------+---------+----------+-------------------+
 | U - Mom  | 0.97 | 6.7E-05 | 8.5E-04 |   23700  |       6.0E-03  OK |
 | V - Mom  | 1.12 | 2.0E-04 | 6.0E-03 |   24785  |       3.7E-03  OK |
 | W - Mom  | 0.93 | 3.4E-04 | 1.2E-02 |   24785  |       2.6E-03  OK |
 | P - Mass | 1.08 | 4.3E-06 | 1.5E-04 |   26361  |  8.5  2.9E-02  OK |
 +----------+------+---------+---------+----------+-------------------+

 Backup files written at time =  8.750000E+01 s


 Flow solver - Mass Imbalance                   =  1.8369E-05%
 Flow solver - X Momentum Imbalance             =  8.1821E-06%
 Flow solver - Y Momentum Imbalance             =  1.5755E-03%
 Flow solver - Z Momentum Imbalance             = -8.7771E-03%

 TIME STEP =   176   SIMULATION TIME = 8.80E+01  CPU SECONDS = 1.01E+02
 +----------+------+---------+---------+----------+-------------------+
 | Equation | Rate | RMS Res | Max Res | Location |  Linear Solution  |
 +----------+------+---------+---------+----------+-------------------+
 | U - Mom  | 0.99 | 6.6E-05 | 8.8E-04 |   23700  |       5.7E-03  OK |
 | V - Mom  | 1.15 | 2.4E-04 | 6.4E-03 |   10591  |       3.3E-03  OK |
 | W - Mom  | 0.87 | 3.0E-04 | 1.1E-02 |   24785  |       2.8E-03  OK |
 | P - Mass | 1.07 | 4.6E-06 | 1.6E-04 |   26681  |  8.5  2.8E-02  OK |
 +----------+------+---------+---------+----------+-------------------+

 TIME STEP =   177   SIMULATION TIME = 8.85E+01  CPU SECONDS = 1.02E+02
 +----------+------+---------+---------+----------+-------------------+
 | Equation | Rate | RMS Res | Max Res | Location |  Linear Solution  |
 +----------+------+---------+---------+----------+-------------------+
 | U - Mom  | 1.02 | 6.7E-05 | 8.7E-04 |   23645  |       5.1E-03  OK |
 | V - Mom  | 1.14 | 2.7E-04 | 7.9E-03 |   10591  |       3.0E-03  OK |
 | W - Mom  | 0.83 | 2.5E-04 | 9.3E-03 |   24785  |       3.2E-03  OK |
 | P - Mass | 1.04 | 4.7E-06 | 1.7E-04 |   26681  |  8.5  2.6E-02  OK |
 +----------+------+---------+---------+----------+-------------------+

 TIME STEP =   178   SIMULATION TIME = 8.90E+01  CPU SECONDS = 1.02E+02
 +----------+------+---------+---------+----------+-------------------+
 | Equation | Rate | RMS Res | Max Res | Location |  Linear Solution  |
 +----------+------+---------+---------+----------+-------------------+
 | U - Mom  | 1.05 | 7.0E-05 | 1.2E-03 |   15877  |       4.6E-03  OK |
 | V - Mom  | 1.11 | 3.0E-04 | 9.0E-03 |   10591  |       2.8E-03  OK |
 | W - Mom  | 0.78 | 1.9E-04 | 7.8E-03 |   24785  |       3.4E-03  OK |
 | P - Mass | 1.02 | 4.8E-06 | 1.6E-04 |   26681  |  8.5  2.5E-02  OK |
 +----------+------+---------+---------+----------+-------------------+

 TIME STEP =   179   SIMULATION TIME = 8.95E+01  CPU SECONDS = 1.03E+02
 +----------+------+---------+---------+----------+-------------------+
 | Equation | Rate | RMS Res | Max Res | Location |  Linear Solution  |
 +----------+------+---------+---------+----------+-------------------+
 | U - Mom  | 1.06 | 7.5E-05 | 1.4E-03 |   15877  |       4.1E-03  OK |
 | V - Mom  | 1.06 | 3.2E-04 | 9.0E-03 |   10591  |       2.5E-03  OK |
 | W - Mom  | 0.77 | 1.5E-04 | 6.0E-03 |   24785  |       3.2E-03  OK |
 | P - Mass | 1.01 | 4.9E-06 | 1.5E-04 |   26680  |  8.5  2.3E-02  OK |
 +----------+------+---------+---------+----------+-------------------+

 TIME STEP =   180   SIMULATION TIME = 9.00E+01  CPU SECONDS = 1.03E+02
 +----------+------+---------+---------+----------+-------------------+
 | Equation | Rate | RMS Res | Max Res | Location |  Linear Solution  |
 +----------+------+---------+---------+----------+-------------------+
 | U - Mom  | 1.06 | 7.9E-05 | 1.7E-03 |   15877  |       3.7E-03  OK |
 | V - Mom  | 1.02 | 3.2E-04 | 8.1E-03 |   10591  |       2.3E-03  OK |
 | W - Mom  | 0.94 | 1.4E-04 | 3.9E-03 |   24766  |       2.3E-03  OK |
 | P - Mass | 1.00 | 4.9E-06 | 1.4E-04 |   26680  |  8.5  2.2E-02  OK |
 +----------+------+---------+---------+----------+-------------------+

 Flow solver - Mass Imbalance                   = -1.3268E-06%
 Flow solver - X Momentum Imbalance             =  7.9411E-05%
 Flow solver - Y Momentum Imbalance             = -7.8858E-03%
 Flow solver - Z Momentum Imbalance             = -3.5939E-03%

 TIME STEP =   181   SIMULATION TIME = 9.05E+01  CPU SECONDS = 1.04E+02
 +----------+------+---------+---------+----------+-------------------+
 | Equation | Rate | RMS Res | Max Res | Location |  Linear Solution  |
 +----------+------+---------+---------+----------+-------------------+
 | U - Mom  | 1.05 | 8.3E-05 | 1.7E-03 |    4975  |       3.7E-03  OK |
 | V - Mom  | 0.98 | 3.2E-04 | 7.3E-03 |   10592  |       2.0E-03  OK |
 | W - Mom  | 1.23 | 1.7E-04 | 3.6E-03 |   19511  |       1.7E-03  OK |
 | P - Mass | 0.97 | 4.7E-06 | 1.3E-04 |   23868  |  8.5  2.1E-02  OK |
 +----------+------+---------+---------+----------+-------------------+

 TIME STEP =   182   SIMULATION TIME = 9.10E+01  CPU SECONDS = 1.04E+02
 +----------+------+---------+---------+----------+-------------------+
 | Equation | Rate | RMS Res | Max Res | Location |  Linear Solution  |
 +----------+------+---------+---------+----------+-------------------+
 | U - Mom  | 1.02 | 8.5E-05 | 1.7E-03 |    4975  |       4.0E-03  OK |
 | V - Mom  | 0.94 | 3.0E-04 | 7.3E-03 |   24785  |       1.8E-03  OK |
 | W - Mom  | 1.30 | 2.3E-04 | 5.4E-03 |   19511  |       1.5E-03  OK |
 | P - Mass | 0.93 | 4.4E-06 | 1.2E-04 |   23865  |  8.5  2.1E-02  OK |
 +----------+------+---------+---------+----------+-------------------+

 TIME STEP =   183   SIMULATION TIME = 9.15E+01  CPU SECONDS = 1.05E+02
 +----------+------+---------+---------+----------+-------------------+
 | Equation | Rate | RMS Res | Max Res | Location |  Linear Solution  |
 +----------+------+---------+---------+----------+-------------------+
 | U - Mom  | 1.00 | 8.5E-05 | 1.6E-03 |    4974  |       4.5E-03  OK |
 | V - Mom  | 0.90 | 2.7E-04 | 7.3E-03 |   24785  |       1.7E-03  OK |
 | W - Mom  | 1.23 | 2.8E-04 | 6.9E-03 |   10592  |       1.5E-03  OK |
 | P - Mass | 0.92 | 4.1E-06 | 9.2E-05 |   23865  |  8.5  2.2E-02  OK |
 +----------+------+---------+---------+----------+-------------------+

 TIME STEP =   184   SIMULATION TIME = 9.20E+01  CPU SECONDS = 1.05E+02
 +----------+------+---------+---------+----------+-------------------+
 | Equation | Rate | RMS Res | Max Res | Location |  Linear Solution  |
 +----------+------+---------+---------+----------+-------------------+
 | U - Mom  | 0.97 | 8.3E-05 | 1.4E-03 |    3157  |       5.2E-03  OK |
 | V - Mom  | 0.87 | 2.3E-04 | 7.1E-03 |   24766  |       2.2E-03  OK |
 | W - Mom  | 1.16 | 3.2E-04 | 7.7E-03 |   10592  |       1.7E-03  OK |
 | P - Mass | 0.93 | 3.8E-06 | 6.5E-05 |   23864  |  8.5  2.4E-02  OK |
 +----------+------+---------+---------+----------+-------------------+

 TIME STEP =   185   SIMULATION TIME = 9.25E+01  CPU SECONDS = 1.06E+02
 +----------+------+---------+---------+----------+-------------------+
 | Equation | Rate | RMS Res | Max Res | Location |  Linear Solution  |
 +----------+------+---------+---------+----------+-------------------+
 | U - Mom  | 0.95 | 7.9E-05 | 1.2E-03 |    3157  |       5.8E-03  OK |
 | V - Mom  | 0.86 | 2.0E-04 | 6.1E-03 |   21151  |       3.4E-03  OK |
 | W - Mom  | 1.09 | 3.5E-04 | 8.3E-03 |   10426  |       1.8E-03  OK |
 | P - Mass | 0.96 | 3.6E-06 | 5.7E-05 |   26737  |  8.5  2.6E-02  OK |
 +----------+------+---------+---------+----------+-------------------+

 Flow solver - Mass Imbalance                   = -1.4861E-05%
 Flow solver - X Momentum Imbalance             =  2.0248E-06%
 Flow solver - Y Momentum Imbalance             = -7.8903E-03%
 Flow solver - Z Momentum Imbalance             =  5.4545E-03%

 TIME STEP =   186   SIMULATION TIME = 9.30E+01  CPU SECONDS = 1.06E+02
 +----------+------+---------+---------+----------+-------------------+
 | Equation | Rate | RMS Res | Max Res | Location |  Linear Solution  |
 +----------+------+---------+---------+----------+-------------------+
 | U - Mom  | 0.94 | 7.4E-05 | 9.5E-04 |    1340  |       6.2E-03  OK |
 | V - Mom  | 0.90 | 1.8E-04 | 6.1E-03 |   24765  |       4.1E-03  OK |
 | W - Mom  | 1.04 | 3.7E-04 | 9.0E-03 |   10426  |       2.0E-03  OK |
 | P - Mass | 1.01 | 3.7E-06 | 7.8E-05 |   26361  |  8.5  2.8E-02  OK |
 +----------+------+---------+---------+----------+-------------------+

 TIME STEP =   187   SIMULATION TIME = 9.35E+01  CPU SECONDS = 1.07E+02
 +----------+------+---------+---------+----------+-------------------+
 | Equation | Rate | RMS Res | Max Res | Location |  Linear Solution  |
 +----------+------+---------+---------+----------+-------------------+
 | U - Mom  | 0.94 | 7.0E-05 | 7.9E-04 |   26447  |       6.4E-03  OK |
 | V - Mom  | 1.00 | 1.8E-04 | 5.4E-03 |   24765  |       4.1E-03  OK |
 | W - Mom  | 0.99 | 3.6E-04 | 9.4E-03 |   21328  |       2.2E-03  OK |
 | P - Mass | 1.05 | 3.9E-06 | 1.1E-04 |   26361  |  8.5  2.8E-02  OK |
 +----------+------+---------+---------+----------+-------------------+

 TIME STEP =   188   SIMULATION TIME = 9.40E+01  CPU SECONDS = 1.07E+02
 +----------+------+---------+---------+----------+-------------------+
 | Equation | Rate | RMS Res | Max Res | Location |  Linear Solution  |
 +----------+------+---------+---------+----------+-------------------+
 | U - Mom  | 0.96 | 6.7E-05 | 8.2E-04 |   23645  |       6.4E-03  OK |
 | V - Mom  | 1.11 | 2.0E-04 | 5.5E-03 |   10426  |       3.7E-03  OK |
 | W - Mom  | 0.95 | 3.4E-04 | 9.8E-03 |   24785  |       2.5E-03  OK |
 | P - Mass | 1.08 | 4.2E-06 | 1.3E-04 |   26361  |  8.5  2.7E-02  OK |
 +----------+------+---------+---------+----------+-------------------+

 TIME STEP =   189   SIMULATION TIME = 9.45E+01  CPU SECONDS = 1.08E+02
 +----------+------+---------+---------+----------+-------------------+
 | Equation | Rate | RMS Res | Max Res | Location |  Linear Solution  |
 +----------+------+---------+---------+----------+-------------------+
 | U - Mom  | 1.00 | 6.7E-05 | 8.2E-04 |   23645  |       6.1E-03  OK |
 | V - Mom  | 1.16 | 2.3E-04 | 7.1E-03 |   10426  |       3.4E-03  OK |
 | W - Mom  | 0.90 | 3.1E-04 | 9.2E-03 |   24785  |       2.8E-03  OK |
 | P - Mass | 1.08 | 4.5E-06 | 1.4E-04 |   26361  |  8.5  2.6E-02  OK |
 +----------+------+---------+---------+----------+-------------------+

 TIME STEP =   190   SIMULATION TIME = 9.50E+01  CPU SECONDS = 1.08E+02
 +----------+------+---------+---------+----------+-------------------+
 | Equation | Rate | RMS Res | Max Res | Location |  Linear Solution  |
 +----------+------+---------+---------+----------+-------------------+
 | U - Mom  | 1.03 | 6.9E-05 | 1.1E-03 |   14060  |       5.6E-03  OK |
 | V - Mom  | 1.16 | 2.7E-04 | 8.2E-03 |   10426  |       3.1E-03  OK |
 | W - Mom  | 0.85 | 2.6E-04 | 8.3E-03 |   24785  |       3.2E-03  OK |
 | P - Mass | 1.07 | 4.8E-06 | 1.6E-04 |   23867  |  8.5  2.5E-02  OK |
 +----------+------+---------+---------+----------+-------------------+

 Flow solver - Mass Imbalance                   = -1.3460E-05%
 Flow solver - X Momentum Imbalance             = -6.2846E-05%
 Flow solver - Y Momentum Imbalance             =  1.8499E-03%
 Flow solver - Z Momentum Imbalance             =  8.1437E-03%

 TIME STEP =   191   SIMULATION TIME = 9.55E+01  CPU SECONDS = 1.09E+02
 +----------+------+---------+---------+----------+-------------------+
 | Equation | Rate | RMS Res | Max Res | Location |  Linear Solution  |
 +----------+------+---------+---------+----------+-------------------+
 | U - Mom  | 1.05 | 7.3E-05 | 1.4E-03 |   15877  |       5.0E-03  OK |
 | V - Mom  | 1.12 | 3.0E-04 | 8.2E-03 |   10426  |       2.9E-03  OK |
 | W - Mom  | 0.79 | 2.1E-04 | 7.1E-03 |   24785  |       3.6E-03  OK |
 | P - Mass | 1.04 | 5.0E-06 | 1.6E-04 |   23868  |  8.5  2.5E-02  OK |
 +----------+------+---------+---------+----------+-------------------+

 TIME STEP =   192   SIMULATION TIME = 9.60E+01  CPU SECONDS = 1.09E+02
 +----------+------+---------+---------+----------+-------------------+
 | Equation | Rate | RMS Res | Max Res | Location |  Linear Solution  |
 +----------+------+---------+---------+----------+-------------------+
 | U - Mom  | 1.05 | 7.6E-05 | 1.6E-03 |   15877  |       4.5E-03  OK |
 | V - Mom  | 1.07 | 3.2E-04 | 7.5E-03 |   10426  |       2.6E-03  OK |
 | W - Mom  | 0.76 | 1.6E-04 | 5.7E-03 |   24785  |       3.5E-03  OK |
 | P - Mass | 1.00 | 5.0E-06 | 1.5E-04 |   26680  |  8.5  2.4E-02  OK |
 +----------+------+---------+---------+----------+-------------------+

 TIME STEP =   193   SIMULATION TIME = 9.65E+01  CPU SECONDS = 1.10E+02
 +----------+------+---------+---------+----------+-------------------+
 | Equation | Rate | RMS Res | Max Res | Location |  Linear Solution  |
 +----------+------+---------+---------+----------+-------------------+
 | U - Mom  | 1.04 | 7.9E-05 | 1.7E-03 |    4975  |       4.1E-03  OK |
 | V - Mom  | 1.03 | 3.3E-04 | 7.4E-03 |    1507  |       2.4E-03  OK |
 | W - Mom  | 0.85 | 1.3E-04 | 3.5E-03 |   24785  |       2.6E-03  OK |
 | P - Mass | 0.97 | 4.8E-06 | 1.5E-04 |   26680  |  8.5  2.4E-02  OK |
 +----------+------+---------+---------+----------+-------------------+

 TIME STEP =   194   SIMULATION TIME = 9.70E+01  CPU SECONDS = 1.10E+02
 +----------+------+---------+---------+----------+-------------------+
 | Equation | Rate | RMS Res | Max Res | Location |  Linear Solution  |
 +----------+------+---------+---------+----------+-------------------+
 | U - Mom  | 1.02 | 8.1E-05 | 1.7E-03 |    4975  |       4.0E-03  OK |
 | V - Mom  | 0.99 | 3.3E-04 | 8.0E-03 |   21494  |       2.1E-03  OK |
 | W - Mom  | 1.18 | 1.6E-04 | 3.3E-03 |   19511  |       1.8E-03  OK |
 | P - Mass | 0.94 | 4.5E-06 | 1.4E-04 |   26680  |  8.5  2.3E-02  OK |
 +----------+------+---------+---------+----------+-------------------+

 TIME STEP =   195   SIMULATION TIME = 9.75E+01  CPU SECONDS = 1.11E+02
 +----------+------+---------+---------+----------+-------------------+
 | Equation | Rate | RMS Res | Max Res | Location |  Linear Solution  |
 +----------+------+---------+---------+----------+-------------------+
 | U - Mom  | 1.00 | 8.1E-05 | 1.6E-03 |    4975  |       4.3E-03  OK |
 | V - Mom  | 0.95 | 3.1E-04 | 9.0E-03 |   24795  |       1.8E-03  OK |
 | W - Mom  | 1.33 | 2.1E-04 | 5.0E-03 |   19511  |       1.5E-03  OK |
 | P - Mass | 0.94 | 4.2E-06 | 1.1E-04 |   26680  |  8.5  2.3E-02  OK |
 +----------+------+---------+---------+----------+-------------------+

 Flow solver - Mass Imbalance                   =  3.1891E-06%
 Flow solver - X Momentum Imbalance             = -3.4243E-05%
 Flow solver - Y Momentum Imbalance             =  9.5992E-03%
 Flow solver - Z Momentum Imbalance             =  2.8337E-04%

 TIME STEP =   196   SIMULATION TIME = 9.80E+01  CPU SECONDS = 1.11E+02
 +----------+------+---------+---------+----------+-------------------+
 | Equation | Rate | RMS Res | Max Res | Location |  Linear Solution  |
 +----------+------+---------+---------+----------+-------------------+
 | U - Mom  | 0.98 | 8.0E-05 | 1.4E-03 |    3158  |       4.8E-03  OK |
 | V - Mom  | 0.91 | 2.8E-04 | 9.2E-03 |   24795  |       1.6E-03  OK |
 | W - Mom  | 1.27 | 2.7E-04 | 7.0E-03 |   10425  |       1.6E-03  OK |
 | P - Mass | 0.93 | 3.9E-06 | 8.6E-05 |   26680  |  8.5  2.4E-02  OK |
 +----------+------+---------+---------+----------+-------------------+

 TIME STEP =   197   SIMULATION TIME = 9.85E+01  CPU SECONDS = 1.12E+02
 +----------+------+---------+---------+----------+-------------------+
 | Equation | Rate | RMS Res | Max Res | Location |  Linear Solution  |
 +----------+------+---------+---------+----------+-------------------+
 | U - Mom  | 0.97 | 7.7E-05 | 1.2E-03 |    3158  |       5.3E-03  OK |
 | V - Mom  | 0.88 | 2.5E-04 | 8.7E-03 |   24795  |       2.0E-03  OK |
 | W - Mom  | 1.18 | 3.1E-04 | 8.2E-03 |   10425  |       1.7E-03  OK |
 | P - Mass | 0.93 | 3.7E-06 | 5.7E-05 |   26737  |  8.5  2.5E-02  OK |
 +----------+------+---------+---------+----------+-------------------+

 TIME STEP =   198   SIMULATION TIME = 9.90E+01  CPU SECONDS = 1.12E+02
 +----------+------+---------+---------+----------+-------------------+
 | Equation | Rate | RMS Res | Max Res | Location |  Linear Solution  |
 +----------+------+---------+---------+----------+-------------------+
 | U - Mom  | 0.96 | 7.4E-05 | 1.1E-03 |    1341  |       5.8E-03  OK |
 | V - Mom  | 0.85 | 2.1E-04 | 7.6E-03 |   24795  |       3.2E-03  OK |
 | W - Mom  | 1.10 | 3.5E-04 | 8.2E-03 |   10425  |       1.9E-03  OK |
 | P - Mass | 0.95 | 3.5E-06 | 5.6E-05 |   26737  |  8.5  2.8E-02  OK |
 +----------+------+---------+---------+----------+-------------------+

 TIME STEP =   199   SIMULATION TIME = 9.95E+01  CPU SECONDS = 1.13E+02
 +----------+------+---------+---------+----------+-------------------+
 | Equation | Rate | RMS Res | Max Res | Location |  Linear Solution  |
 +----------+------+---------+---------+----------+-------------------+
 | U - Mom  | 0.96 | 7.1E-05 | 8.7E-04 |    1341  |       6.1E-03  OK |
 | V - Mom  | 0.87 | 1.9E-04 | 6.6E-03 |   24785  |       4.1E-03  OK |
 | W - Mom  | 1.05 | 3.6E-04 | 8.7E-03 |    1341  |       2.1E-03  OK |
 | P - Mass | 1.00 | 3.5E-06 | 7.4E-05 |   26361  |  8.5  3.0E-02  OK |
 +----------+------+---------+---------+----------+-------------------+

 TIME STEP =   200   SIMULATION TIME = 1.00E+02  CPU SECONDS = 1.13E+02
 +----------+------+---------+---------+----------+-------------------+
 | Equation | Rate | RMS Res | Max Res | Location |  Linear Solution  |
 +----------+------+---------+---------+----------+-------------------+
 | U - Mom  | 0.95 | 6.8E-05 | 8.1E-04 |   26447  |       6.2E-03  OK |
 | V - Mom  | 0.94 | 1.7E-04 | 6.5E-03 |   24785  |       4.2E-03  OK |
 | W - Mom  | 1.00 | 3.6E-04 | 1.0E-02 |   21328  |       2.2E-03  OK |
 | P - Mass | 1.05 | 3.7E-06 | 1.1E-04 |   26361  |  8.5  3.0E-02  OK |
 +----------+------+---------+---------+----------+-------------------+

 Backup files written at time =  1.000000E+02 s


 Flow solver - Mass Imbalance                   =  1.9304E-05%
 Flow solver - X Momentum Imbalance             = -7.6576E-06%
 Flow solver - Y Momentum Imbalance             =  4.5513E-03%
 Flow solver - Z Momentum Imbalance             = -7.8154E-03%

 TIME STEP =   201   SIMULATION TIME = 1.00E+02  CPU SECONDS = 1.16E+02
 +----------+------+---------+---------+----------+-------------------+
 | Equation | Rate | RMS Res | Max Res | Location |  Linear Solution  |
 +----------+------+---------+---------+----------+-------------------+
 | U - Mom  | 0.96 | 6.5E-05 | 8.0E-04 |   23656  |       6.1E-03  OK |
 | V - Mom  | 1.08 | 1.9E-04 | 6.2E-03 |   24785  |       3.8E-03  OK |
 | W - Mom  | 0.95 | 3.4E-04 | 1.2E-02 |   21328  |       2.5E-03  OK |
 | P - Mass | 1.08 | 4.0E-06 | 1.3E-04 |   26361  |  8.5  3.0E-02  OK |
 +----------+------+---------+---------+----------+-------------------+

 TIME STEP =   202   SIMULATION TIME = 1.01E+02  CPU SECONDS = 1.16E+02
 +----------+------+---------+---------+----------+-------------------+
 | Equation | Rate | RMS Res | Max Res | Location |  Linear Solution  |
 +----------+------+---------+---------+----------+-------------------+
 | U - Mom  | 0.98 | 6.4E-05 | 8.5E-04 |   23700  |       5.8E-03  OK |
 | V - Mom  | 1.15 | 2.2E-04 | 5.6E-03 |   10591  |       3.5E-03  OK |
 | W - Mom  | 0.90 | 3.1E-04 | 1.1E-02 |   24785  |       2.7E-03  OK |
 | P - Mass | 1.08 | 4.3E-06 | 1.5E-04 |   26361  |  8.5  2.9E-02  OK |
 +----------+------+---------+---------+----------+-------------------+

 TIME STEP =   203   SIMULATION TIME = 1.02E+02  CPU SECONDS = 1.17E+02
 +----------+------+---------+---------+----------+-------------------+
 | Equation | Rate | RMS Res | Max Res | Location |  Linear Solution  |
 +----------+------+---------+---------+----------+-------------------+
 | U - Mom  | 1.01 | 6.4E-05 | 8.5E-04 |   23645  |       5.4E-03  OK |
 | V - Mom  | 1.15 | 2.5E-04 | 7.1E-03 |   10591  |       3.2E-03  OK |
 | W - Mom  | 0.85 | 2.6E-04 | 9.9E-03 |   24785  |       3.0E-03  OK |
 | P - Mass | 1.05 | 4.5E-06 | 1.6E-04 |   26681  |  8.5  2.7E-02  OK |
 +----------+------+---------+---------+----------+-------------------+

 TIME STEP =   204   SIMULATION TIME = 1.02E+02  CPU SECONDS = 1.17E+02
 +----------+------+---------+---------+----------+-------------------+
 | Equation | Rate | RMS Res | Max Res | Location |  Linear Solution  |
 +----------+------+---------+---------+----------+-------------------+
 | U - Mom  | 1.04 | 6.7E-05 | 1.0E-03 |   15877  |       4.8E-03  OK |
 | V - Mom  | 1.12 | 2.8E-04 | 8.3E-03 |   10591  |       2.9E-03  OK |
 | W - Mom  | 0.80 | 2.1E-04 | 8.3E-03 |   24785  |       3.4E-03  OK |
 | P - Mass | 1.03 | 4.7E-06 | 1.6E-04 |   26681  |  8.5  2.5E-02  OK |
 +----------+------+---------+---------+----------+-------------------+

 TIME STEP =   205   SIMULATION TIME = 1.02E+02  CPU SECONDS = 1.18E+02
 +----------+------+---------+---------+----------+-------------------+
 | Equation | Rate | RMS Res | Max Res | Location |  Linear Solution  |
 +----------+------+---------+---------+----------+-------------------+
 | U - Mom  | 1.06 | 7.1E-05 | 1.3E-03 |   15877  |       4.3E-03  OK |
 | V - Mom  | 1.08 | 3.0E-04 | 9.0E-03 |   10591  |       2.6E-03  OK |
 | W - Mom  | 0.76 | 1.6E-04 | 6.7E-03 |   24785  |       3.4E-03  OK |
 | P - Mass | 1.01 | 4.7E-06 | 1.5E-04 |   26680  |  8.5  2.4E-02  OK |
 +----------+------+---------+---------+----------+-------------------+

 Flow solver - Mass Imbalance                   =  4.3241E-06%
 Flow solver - X Momentum Imbalance             =  6.8672E-05%
 Flow solver - Y Momentum Imbalance             = -5.7258E-03%
 Flow solver - Z Momentum Imbalance             = -5.8102E-03%

 TIME STEP =   206   SIMULATION TIME = 1.03E+02  CPU SECONDS = 1.18E+02
 +----------+------+---------+---------+----------+-------------------+
 | Equation | Rate | RMS Res | Max Res | Location |  Linear Solution  |
 +----------+------+---------+---------+----------+-------------------+
 | U - Mom  | 1.06 | 7.5E-05 | 1.6E-03 |    4975  |       3.8E-03  OK |
 | V - Mom  | 1.03 | 3.1E-04 | 8.3E-03 |   10591  |       2.4E-03  OK |
 | W - Mom  | 0.84 | 1.3E-04 | 4.7E-03 |   24785  |       2.7E-03  OK |
 | P - Mass | 1.00 | 4.7E-06 | 1.4E-04 |   26680  |  8.5  2.2E-02  OK |
 +----------+------+---------+---------+----------+-------------------+

 TIME STEP =   207   SIMULATION TIME = 1.04E+02  CPU SECONDS = 1.18E+02
 +----------+------+---------+---------+----------+-------------------+
 | Equation | Rate | RMS Res | Max Res | Location |  Linear Solution  |
 +----------+------+---------+---------+----------+-------------------+
 | U - Mom  | 1.05 | 7.9E-05 | 1.7E-03 |    4975  |       3.7E-03  OK |
 | V - Mom  | 0.99 | 3.1E-04 | 7.3E-03 |   10592  |       2.1E-03  OK |
 | W - Mom  | 1.13 | 1.5E-04 | 3.1E-03 |    3158  |       1.9E-03  OK |
 | P - Mass | 0.99 | 4.7E-06 | 1.3E-04 |   26680  |  8.5  2.1E-02  OK |
 +----------+------+---------+---------+----------+-------------------+

 TIME STEP =   208   SIMULATION TIME = 1.04E+02  CPU SECONDS = 1.19E+02
 +----------+------+---------+---------+----------+-------------------+
 | Equation | Rate | RMS Res | Max Res | Location |  Linear Solution  |
 +----------+------+---------+---------+----------+-------------------+
 | U - Mom  | 1.03 | 8.2E-05 | 1.7E-03 |    4975  |       3.8E-03  OK |
 | V - Mom  | 0.95 | 3.0E-04 | 6.8E-03 |   24785  |       1.9E-03  OK |
 | W - Mom  | 1.30 | 2.0E-04 | 4.6E-03 |   19511  |       1.6E-03  OK |
 | P - Mass | 0.94 | 4.4E-06 | 1.2E-04 |   23865  |  8.5  2.1E-02  OK |
 +----------+------+---------+---------+----------+-------------------+

 TIME STEP =   209   SIMULATION TIME = 1.04E+02  CPU SECONDS = 1.19E+02
 +----------+------+---------+---------+----------+-------------------+
 | Equation | Rate | RMS Res | Max Res | Location |  Linear Solution  |
 +----------+------+---------+---------+----------+-------------------+
 | U - Mom  | 1.01 | 8.3E-05 | 1.6E-03 |    4975  |       4.3E-03  OK |
 | V - Mom  | 0.91 | 2.7E-04 | 7.1E-03 |   24785  |       1.7E-03  OK |
 | W - Mom  | 1.27 | 2.5E-04 | 6.2E-03 |   10592  |       1.5E-03  OK |
 | P - Mass | 0.92 | 4.1E-06 | 9.9E-05 |   23865  |  8.5  2.2E-02  OK |
 +----------+------+---------+---------+----------+-------------------+

 TIME STEP =   210   SIMULATION TIME = 1.05E+02  CPU SECONDS = 1.20E+02
 +----------+------+---------+---------+----------+-------------------+
 | Equation | Rate | RMS Res | Max Res | Location |  Linear Solution  |
 +----------+------+---------+---------+----------+-------------------+
 | U - Mom  | 0.98 | 8.1E-05 | 1.4E-03 |    4974  |       4.9E-03  OK |
 | V - Mom  | 0.88 | 2.4E-04 | 6.9E-03 |   24785  |       2.0E-03  OK |
 | W - Mom  | 1.18 | 3.0E-04 | 7.3E-03 |   10592  |       1.6E-03  OK |
 | P - Mass | 0.93 | 3.8E-06 | 7.2E-05 |   23865  |  8.5  2.3E-02  OK |
 +----------+------+---------+---------+----------+-------------------+

 Flow solver - Mass Imbalance                   = -1.2016E-05%
 Flow solver - X Momentum Imbalance             =  3.3570E-05%
 Flow solver - Y Momentum Imbalance             = -8.7082E-03%
 Flow solver - Z Momentum Imbalance             =  3.1153E-03%

 TIME STEP =   211   SIMULATION TIME = 1.06E+02  CPU SECONDS = 1.20E+02
 +----------+------+---------+---------+----------+-------------------+
 | Equation | Rate | RMS Res | Max Res | Location |  Linear Solution  |
 +----------+------+---------+---------+----------+-------------------+
 | U - Mom  | 0.96 | 7.8E-05 | 1.2E-03 |    3157  |       5.5E-03  OK |
 | V - Mom  | 0.86 | 2.0E-04 | 6.2E-03 |   24766  |       2.9E-03  OK |
 | W - Mom  | 1.12 | 3.3E-04 | 7.8E-03 |   10426  |       1.8E-03  OK |
 | P - Mass | 0.95 | 3.6E-06 | 5.5E-05 |   26737  |  8.5  2.6E-02  OK |
 +----------+------+---------+---------+----------+-------------------+

 TIME STEP =   212   SIMULATION TIME = 1.06E+02  CPU SECONDS = 1.21E+02
 +----------+------+---------+---------+----------+-------------------+
 | Equation | Rate | RMS Res | Max Res | Location |  Linear Solution  |
 +----------+------+---------+---------+----------+-------------------+
 | U - Mom  | 0.94 | 7.4E-05 | 9.7E-04 |    1340  |       6.1E-03  OK |
 | V - Mom  | 0.87 | 1.8E-04 | 5.9E-03 |   24765  |       3.9E-03  OK |
 | W - Mom  | 1.06 | 3.5E-04 | 8.7E-03 |   10426  |       1.9E-03  OK |
 | P - Mass | 0.99 | 3.5E-06 | 6.4E-05 |   26361  |  8.5  2.7E-02  OK |
 +----------+------+---------+---------+----------+-------------------+

 TIME STEP =   213   SIMULATION TIME = 1.06E+02  CPU SECONDS = 1.21E+02
 +----------+------+---------+---------+----------+-------------------+
 | Equation | Rate | RMS Res | Max Res | Location |  Linear Solution  |
 +----------+------+---------+---------+----------+-------------------+
 | U - Mom  | 0.94 | 6.9E-05 | 8.0E-04 |   26447  |       6.4E-03  OK |
 | V - Mom  | 0.96 | 1.7E-04 | 5.5E-03 |   24765  |       4.1E-03  OK |
 | W - Mom  | 1.01 | 3.6E-04 | 8.8E-03 |   10426  |       2.2E-03  OK |
 | P - Mass | 1.04 | 3.7E-06 | 9.3E-05 |   26361  |  8.5  2.8E-02  OK |
 +----------+------+---------+---------+----------+-------------------+

 TIME STEP =   214   SIMULATION TIME = 1.07E+02  CPU SECONDS = 1.22E+02
 +----------+------+---------+---------+----------+-------------------+
 | Equation | Rate | RMS Res | Max Res | Location |  Linear Solution  |
 +----------+------+---------+---------+----------+-------------------+
 | U - Mom  | 0.95 | 6.6E-05 | 7.8E-04 |   23645  |       6.4E-03  OK |
 | V - Mom  | 1.08 | 1.8E-04 | 4.7E-03 |   10426  |       3.9E-03  OK |
 | W - Mom  | 0.97 | 3.4E-04 | 9.7E-03 |   24785  |       2.4E-03  OK |
 | P - Mass | 1.07 | 3.9E-06 | 1.2E-04 |   26361  |  8.5  2.7E-02  OK |
 +----------+------+---------+---------+----------+-------------------+

 TIME STEP =   215   SIMULATION TIME = 1.08E+02  CPU SECONDS = 1.22E+02
 +----------+------+---------+---------+----------+-------------------+
 | Equation | Rate | RMS Res | Max Res | Location |  Linear Solution  |
 +----------+------+---------+---------+----------+-------------------+
 | U - Mom  | 0.98 | 6.5E-05 | 8.0E-04 |   23645  |       6.2E-03  OK |
 | V - Mom  | 1.15 | 2.1E-04 | 6.4E-03 |   10426  |       3.5E-03  OK |
 | W - Mom  | 0.92 | 3.2E-04 | 9.5E-03 |   24785  |       2.7E-03  OK |
 | P - Mass | 1.08 | 4.2E-06 | 1.3E-04 |   26361  |  8.5  2.7E-02  OK |
 +----------+------+---------+---------+----------+-------------------+

 Flow solver - Mass Imbalance                   = -1.4411E-05%
 Flow solver - X Momentum Imbalance             = -5.8775E-05%
 Flow solver - Y Momentum Imbalance             = -1.3272E-03%
 Flow solver - Z Momentum Imbalance             =  8.3048E-03%

 TIME STEP =   216   SIMULATION TIME = 1.08E+02  CPU SECONDS = 1.23E+02
 +----------+------+---------+---------+----------+-------------------+
 | Equation | Rate | RMS Res | Max Res | Location |  Linear Solution  |
 +----------+------+---------+---------+----------+-------------------+
 | U - Mom  | 1.02 | 6.6E-05 | 9.7E-04 |   14060  |       5.8E-03  OK |
 | V - Mom  | 1.16 | 2.5E-04 | 7.7E-03 |   10426  |       3.2E-03  OK |
 | W - Mom  | 0.86 | 2.7E-04 | 8.6E-03 |   24785  |       3.0E-03  OK |
 | P - Mass | 1.08 | 4.6E-06 | 1.5E-04 |   23867  |  8.5  2.5E-02  OK |
 +----------+------+---------+---------+----------+-------------------+

 TIME STEP =   217   SIMULATION TIME = 1.08E+02  CPU SECONDS = 1.23E+02
 +----------+------+---------+---------+----------+-------------------+
 | Equation | Rate | RMS Res | Max Res | Location |  Linear Solution  |
 +----------+------+---------+---------+----------+-------------------+
 | U - Mom  | 1.05 | 6.9E-05 | 1.2E-03 |   14060  |       5.2E-03  OK |
 | V - Mom  | 1.13 | 2.8E-04 | 8.1E-03 |   10426  |       3.0E-03  OK |
 | W - Mom  | 0.81 | 2.2E-04 | 7.5E-03 |   24785  |       3.5E-03  OK |
 | P - Mass | 1.05 | 4.8E-06 | 1.6E-04 |   23867  |  8.5  2.5E-02  OK |
 +----------+------+---------+---------+----------+-------------------+

 TIME STEP =   218   SIMULATION TIME = 1.09E+02  CPU SECONDS = 1.24E+02
 +----------+------+---------+---------+----------+-------------------+
 | Equation | Rate | RMS Res | Max Res | Location |  Linear Solution  |
 +----------+------+---------+---------+----------+-------------------+
 | U - Mom  | 1.05 | 7.3E-05 | 1.5E-03 |   15877  |       4.6E-03  OK |
 | V - Mom  | 1.09 | 3.0E-04 | 7.7E-03 |   10426  |       2.7E-03  OK |
 | W - Mom  | 0.76 | 1.7E-04 | 6.2E-03 |   24785  |       3.7E-03  OK |
 | P - Mass | 1.01 | 4.8E-06 | 1.5E-04 |   26681  |  8.5  2.5E-02  OK |
 +----------+------+---------+---------+----------+-------------------+

 TIME STEP =   219   SIMULATION TIME = 1.10E+02  CPU SECONDS = 1.24E+02
 +----------+------+---------+---------+----------+-------------------+
 | Equation | Rate | RMS Res | Max Res | Location |  Linear Solution  |
 +----------+------+---------+---------+----------+-------------------+
 | U - Mom  | 1.05 | 7.6E-05 | 1.6E-03 |    4975  |       4.2E-03  OK |
 | V - Mom  | 1.05 | 3.2E-04 | 7.1E-03 |    1507  |       2.5E-03  OK |
 | W - Mom  | 0.79 | 1.3E-04 | 4.5E-03 |   24785  |       3.0E-03  OK |
 | P - Mass | 0.98 | 4.7E-06 | 1.5E-04 |   26680  |  8.5  2.4E-02  OK |
 +----------+------+---------+---------+----------+-------------------+

 TIME STEP =   220   SIMULATION TIME = 1.10E+02  CPU SECONDS = 1.25E+02
 +----------+------+---------+---------+----------+-------------------+
 | Equation | Rate | RMS Res | Max Res | Location |  Linear Solution  |
 +----------+------+---------+---------+----------+-------------------+
 | U - Mom  | 1.03 | 7.8E-05 | 1.7E-03 |    4975  |       4.0E-03  OK |
 | V - Mom  | 1.01 | 3.2E-04 | 7.2E-03 |    1507  |       2.2E-03  OK |
 | W - Mom  | 1.05 | 1.4E-04 | 2.7E-03 |   10426  |       2.1E-03  OK |
 | P - Mass | 0.95 | 4.5E-06 | 1.4E-04 |   26680  |  8.5  2.3E-02  OK |
 +----------+------+---------+---------+----------+-------------------+

 Flow solver - Mass Imbalance                   = -3.2231E-06%
 Flow solver - X Momentum Imbalance             = -4.2462E-05%
 Flow solver - Y Momentum Imbalance             =  8.3335E-03%
 Flow solver - Z Momentum Imbalance             =  3.0316E-03%

 TIME STEP =   221   SIMULATION TIME = 1.10E+02  CPU SECONDS = 1.25E+02
 +----------+------+---------+---------+----------+-------------------+
 | Equation | Rate | RMS Res | Max Res | Location |  Linear Solution  |
 +----------+------+---------+---------+----------+-------------------+
 | U - Mom  | 1.01 | 7.9E-05 | 1.6E-03 |    4975  |       4.2E-03  OK |
 | V - Mom  | 0.97 | 3.1E-04 | 8.2E-03 |   24795  |       1.9E-03  OK |
 | W - Mom  | 1.32 | 1.8E-04 | 4.3E-03 |   19511  |       1.6E-03  OK |
 | P - Mass | 0.94 | 4.2E-06 | 1.2E-04 |   26680  |  8.5  2.3E-02  OK |
 +----------+------+---------+---------+----------+-------------------+

 TIME STEP =   222   SIMULATION TIME = 1.11E+02  CPU SECONDS = 1.26E+02
 +----------+------+---------+---------+----------+-------------------+
 | Equation | Rate | RMS Res | Max Res | Location |  Linear Solution  |
 +----------+------+---------+---------+----------+-------------------+
 | U - Mom  | 0.99 | 7.8E-05 | 1.5E-03 |    3158  |       4.6E-03  OK |
 | V - Mom  | 0.93 | 2.9E-04 | 8.8E-03 |   24795  |       1.7E-03  OK |
 | W - Mom  | 1.30 | 2.4E-04 | 6.1E-03 |   10425  |       1.5E-03  OK |
 | P - Mass | 0.93 | 3.9E-06 | 9.5E-05 |   26680  |  8.5  2.3E-02  OK |
 +----------+------+---------+---------+----------+-------------------+

 TIME STEP =   223   SIMULATION TIME = 1.12E+02  CPU SECONDS = 1.26E+02
 +----------+------+---------+---------+----------+-------------------+
 | Equation | Rate | RMS Res | Max Res | Location |  Linear Solution  |
 +----------+------+---------+---------+----------+-------------------+
 | U - Mom  | 0.97 | 7.6E-05 | 1.3E-03 |    3158  |       5.1E-03  OK |
 | V - Mom  | 0.89 | 2.6E-04 | 8.6E-03 |   24795  |       1.8E-03  OK |
 | W - Mom  | 1.21 | 2.9E-04 | 7.7E-03 |   10425  |       1.6E-03  OK |
 | P - Mass | 0.93 | 3.6E-06 | 6.4E-05 |   26680  |  8.5  2.5E-02  OK |
 +----------+------+---------+---------+----------+-------------------+

 TIME STEP =   224   SIMULATION TIME = 1.12E+02  CPU SECONDS = 1.27E+02
 +----------+------+---------+---------+----------+-------------------+
 | Equation | Rate | RMS Res | Max Res | Location |  Linear Solution  |
 +----------+------+---------+---------+----------+-------------------+
 | U - Mom  | 0.96 | 7.4E-05 | 1.1E-03 |    1341  |       5.6E-03  OK |
 | V - Mom  | 0.86 | 2.2E-04 | 7.7E-03 |   24795  |       2.7E-03  OK |
 | W - Mom  | 1.13 | 3.3E-04 | 8.2E-03 |   10425  |       1.8E-03  OK |
 | P - Mass | 0.94 | 3.4E-06 | 5.5E-05 |   26737  |  8.5  2.7E-02  OK |
 +----------+------+---------+---------+----------+-------------------+

 TIME STEP =   225   SIMULATION TIME = 1.12E+02  CPU SECONDS = 1.27E+02
 +----------+------+---------+---------+----------+-------------------+
 | Equation | Rate | RMS Res | Max Res | Location |  Linear Solution  |
 +----------+------+---------+---------+----------+-------------------+
 | U - Mom  | 0.96 | 7.0E-05 | 9.5E-04 |    1341  |       6.0E-03  OK |
 | V - Mom  | 0.86 | 1.9E-04 | 6.6E-03 |   24785  |       3.9E-03  OK |
 | W - Mom  | 1.07 | 3.5E-04 | 8.5E-03 |    1341  |       2.0E-03  OK |
 | P - Mass | 0.98 | 3.4E-06 | 5.8E-05 |   26361  |  8.5  2.9E-02  OK |
 +----------+------+---------+---------+----------+-------------------+

 Backup files written at time =  1.125000E+02 s


 Flow solver - Mass Imbalance                   =  1.7650E-05%
 Flow solver - X Momentum Imbalance             = -1.7650E-05%
 Flow solver - Y Momentum Imbalance             =  6.8726E-03%
 Flow solver - Z Momentum Imbalance             = -6.1195E-03%

 TIME STEP =   226   SIMULATION TIME = 1.13E+02  CPU SECONDS = 1.29E+02
 +----------+------+---------+---------+----------+-------------------+
 | Equation | Rate | RMS Res | Max Res | Location |  Linear Solution  |
 +----------+------+---------+---------+----------+-------------------+
 | U - Mom  | 0.95 | 6.7E-05 | 8.1E-04 |   26447  |       6.2E-03  OK |
 | V - Mom  | 0.91 | 1.7E-04 | 6.5E-03 |   24785  |       4.2E-03  OK |
 | W - Mom  | 1.02 | 3.5E-04 | 9.1E-03 |   21328  |       2.2E-03  OK |
 | P - Mass | 1.03 | 3.5E-06 | 9.2E-05 |   26361  |  8.5  3.0E-02  OK |
 +----------+------+---------+---------+----------+-------------------+

 TIME STEP =   227   SIMULATION TIME = 1.14E+02  CPU SECONDS = 1.30E+02
 +----------+------+---------+---------+----------+-------------------+
 | Equation | Rate | RMS Res | Max Res | Location |  Linear Solution  |
 +----------+------+---------+---------+----------+-------------------+
 | U - Mom  | 0.96 | 6.4E-05 | 7.5E-04 |   23656  |       6.2E-03  OK |
 | V - Mom  | 1.03 | 1.8E-04 | 6.3E-03 |   24785  |       4.0E-03  OK |
 | W - Mom  | 0.97 | 3.4E-04 | 1.1E-02 |   21328  |       2.4E-03  OK |
 | P - Mass | 1.07 | 3.8E-06 | 1.2E-04 |   26361  |  8.5  3.0E-02  OK |
 +----------+------+---------+---------+----------+-------------------+

 TIME STEP =   228   SIMULATION TIME = 1.14E+02  CPU SECONDS = 1.30E+02
 +----------+------+---------+---------+----------+-------------------+
 | Equation | Rate | RMS Res | Max Res | Location |  Linear Solution  |
 +----------+------+---------+---------+----------+-------------------+
 | U - Mom  | 0.97 | 6.2E-05 | 8.2E-04 |   23700  |       6.0E-03  OK |
 | V - Mom  | 1.13 | 2.0E-04 | 5.3E-03 |   24785  |       3.6E-03  OK |
 | W - Mom  | 0.92 | 3.2E-04 | 1.2E-02 |   24785  |       2.6E-03  OK |
 | P - Mass | 1.08 | 4.1E-06 | 1.4E-04 |   26361  |  8.5  2.9E-02  OK |
 +----------+------+---------+---------+----------+-------------------+

 TIME STEP =   229   SIMULATION TIME = 1.14E+02  CPU SECONDS = 1.31E+02
 +----------+------+---------+---------+----------+-------------------+
 | Equation | Rate | RMS Res | Max Res | Location |  Linear Solution  |
 +----------+------+---------+---------+----------+-------------------+
 | U - Mom  | 1.00 | 6.2E-05 | 8.3E-04 |   23700  |       5.6E-03  OK |
 | V - Mom  | 1.15 | 2.3E-04 | 6.4E-03 |   10591  |       3.3E-03  OK |
 | W - Mom  | 0.86 | 2.7E-04 | 1.0E-02 |   24785  |       2.9E-03  OK |
 | P - Mass | 1.06 | 4.3E-06 | 1.5E-04 |   26681  |  8.5  2.8E-02  OK |
 +----------+------+---------+---------+----------+-------------------+

 TIME STEP =   230   SIMULATION TIME = 1.15E+02  CPU SECONDS = 1.31E+02
 +----------+------+---------+---------+----------+-------------------+
 | Equation | Rate | RMS Res | Max Res | Location |  Linear Solution  |
 +----------+------+---------+---------+----------+-------------------+
 | U - Mom  | 1.03 | 6.4E-05 | 8.8E-04 |   15877  |       5.0E-03  OK |
 | V - Mom  | 1.14 | 2.6E-04 | 7.7E-03 |   10591  |       3.0E-03  OK |
 | W - Mom  | 0.82 | 2.2E-04 | 8.8E-03 |   24785  |       3.3E-03  OK |
 | P - Mass | 1.04 | 4.5E-06 | 1.5E-04 |   26681  |  8.5  2.6E-02  OK |
 +----------+------+---------+---------+----------+-------------------+

 Flow solver - Mass Imbalance                   =  1.0524E-05%
 Flow solver - X Momentum Imbalance             =  4.7615E-05%
 Flow solver - Y Momentum Imbalance             = -3.1013E-03%
 Flow solver - Z Momentum Imbalance             = -7.2956E-03%

 TIME STEP =   231   SIMULATION TIME = 1.16E+02  CPU SECONDS = 1.32E+02
 +----------+------+---------+---------+----------+-------------------+
 | Equation | Rate | RMS Res | Max Res | Location |  Linear Solution  |
 +----------+------+---------+---------+----------+-------------------+
 | U - Mom  | 1.05 | 6.7E-05 | 1.2E-03 |   15877  |       4.5E-03  OK |
 | V - Mom  | 1.10 | 2.9E-04 | 8.4E-03 |   10591  |       2.7E-03  OK |
 | W - Mom  | 0.77 | 1.7E-04 | 7.3E-03 |   24785  |       3.5E-03  OK |
 | P - Mass | 1.02 | 4.6E-06 | 1.5E-04 |   26681  |  8.5  2.4E-02  OK |
 +----------+------+---------+---------+----------+-------------------+

 TIME STEP =   232   SIMULATION TIME = 1.16E+02  CPU SECONDS = 1.32E+02
 +----------+------+---------+---------+----------+-------------------+
 | Equation | Rate | RMS Res | Max Res | Location |  Linear Solution  |
 +----------+------+---------+---------+----------+-------------------+
 | U - Mom  | 1.07 | 7.2E-05 | 1.5E-03 |   15877  |       4.0E-03  OK |
 | V - Mom  | 1.05 | 3.0E-04 | 8.5E-03 |   10591  |       2.5E-03  OK |
 | W - Mom  | 0.79 | 1.4E-04 | 5.6E-03 |   24785  |       3.0E-03  OK |
 | P - Mass | 1.01 | 4.6E-06 | 1.4E-04 |   26680  |  8.5  2.3E-02  OK |
 +----------+------+---------+---------+----------+-------------------+

 TIME STEP =   233   SIMULATION TIME = 1.16E+02  CPU SECONDS = 1.33E+02
 +----------+------+---------+---------+----------+-------------------+
 | Equation | Rate | RMS Res | Max Res | Location |  Linear Solution  |
 +----------+------+---------+---------+----------+-------------------+
 | U - Mom  | 1.06 | 7.6E-05 | 1.6E-03 |    4975  |       3.7E-03  OK |
 | V - Mom  | 1.01 | 3.0E-04 | 7.6E-03 |   10591  |       2.2E-03  OK |
 | W - Mom  | 1.00 | 1.4E-04 | 3.2E-03 |   24766  |       2.1E-03  OK |
 | P - Mass | 1.00 | 4.6E-06 | 1.3E-04 |   26680  |  8.5  2.2E-02  OK |
 +----------+------+---------+---------+----------+-------------------+

 TIME STEP =   234   SIMULATION TIME = 1.17E+02  CPU SECONDS = 1.33E+02
 +----------+------+---------+---------+----------+-------------------+
 | Equation | Rate | RMS Res | Max Res | Location |  Linear Solution  |
 +----------+------+---------+---------+----------+-------------------+
 | U - Mom  | 1.04 | 7.9E-05 | 1.7E-03 |    4975  |       3.7E-03  OK |
 | V - Mom  | 0.97 | 2.9E-04 | 6.4E-03 |   10591  |       2.0E-03  OK |
 | W - Mom  | 1.27 | 1.7E-04 | 3.9E-03 |   19511  |       1.6E-03  OK |
 | P - Mass | 0.96 | 4.4E-06 | 1.2E-04 |   23868  |  8.5  2.1E-02  OK |
 +----------+------+---------+---------+----------+-------------------+

 TIME STEP =   235   SIMULATION TIME = 1.18E+02  CPU SECONDS = 1.34E+02
 +----------+------+---------+---------+----------+-------------------+
 | Equation | Rate | RMS Res | Max Res | Location |  Linear Solution  |
 +----------+------+---------+---------+----------+-------------------+
 | U - Mom  | 1.02 | 8.0E-05 | 1.6E-03 |    4975  |       4.1E-03  OK |
 | V - Mom  | 0.93 | 2.7E-04 | 6.9E-03 |   24785  |       1.7E-03  OK |
 | W - Mom  | 1.30 | 2.2E-04 | 5.6E-03 |   19511  |       1.5E-03  OK |
 | P - Mass | 0.93 | 4.1E-06 | 1.0E-04 |   23865  |  8.5  2.1E-02  OK |
 +----------+------+---------+---------+----------+-------------------+

 Flow solver - Mass Imbalance                   = -8.2897E-06%
 Flow solver - X Momentum Imbalance             =  5.8647E-05%
 Flow solver - Y Momentum Imbalance             = -8.7468E-03%
 Flow solver - Z Momentum Imbalance             =  6.1440E-04%

 TIME STEP =   236   SIMULATION TIME = 1.18E+02  CPU SECONDS = 1.34E+02
 +----------+------+---------+---------+----------+-------------------+
 | Equation | Rate | RMS Res | Max Res | Location |  Linear Solution  |
 +----------+------+---------+---------+----------+-------------------+
 | U - Mom  | 0.99 | 8.0E-05 | 1.5E-03 |    4974  |       4.7E-03  OK |
 | V - Mom  | 0.89 | 2.4E-04 | 6.9E-03 |   24785  |       1.8E-03  OK |
 | W - Mom  | 1.22 | 2.7E-04 | 6.7E-03 |   10592  |       1.6E-03  OK |
 | P - Mass | 0.92 | 3.8E-06 | 8.1E-05 |   23865  |  8.5  2.3E-02  OK |
 +----------+------+---------+---------+----------+-------------------+

 TIME STEP =   237   SIMULATION TIME = 1.18E+02  CPU SECONDS = 1.35E+02
 +----------+------+---------+---------+----------+-------------------+
 | Equation | Rate | RMS Res | Max Res | Location |  Linear Solution  |
 +----------+------+---------+---------+----------+-------------------+
 | U - Mom  | 0.97 | 7.7E-05 | 1.3E-03 |    3157  |       5.3E-03  OK |
 | V - Mom  | 0.87 | 2.1E-04 | 6.4E-03 |   24785  |       2.5E-03  OK |
 | W - Mom  | 1.14 | 3.1E-04 | 7.3E-03 |   10592  |       1.7E-03  OK |
 | P - Mass | 0.94 | 3.5E-06 | 5.8E-05 |   23864  |  8.5  2.5E-02  OK |
 +----------+------+---------+---------+----------+-------------------+

 TIME STEP =   238   SIMULATION TIME = 1.19E+02  CPU SECONDS = 1.35E+02
 +----------+------+---------+---------+----------+-------------------+
 | Equation | Rate | RMS Res | Max Res | Location |  Linear Solution  |
 +----------+------+---------+---------+----------+-------------------+
 | U - Mom  | 0.95 | 7.3E-05 | 1.1E-03 |    3157  |       5.9E-03  OK |
 | V - Mom  | 0.86 | 1.8E-04 | 5.7E-03 |   24765  |       3.6E-03  OK |
 | W - Mom  | 1.08 | 3.4E-04 | 8.2E-03 |   10426  |       1.9E-03  OK |
 | P - Mass | 0.97 | 3.4E-06 | 5.3E-05 |   26737  |  8.5  2.7E-02  OK |
 +----------+------+---------+---------+----------+-------------------+

 TIME STEP =   239   SIMULATION TIME = 1.20E+02  CPU SECONDS = 1.36E+02
 +----------+------+---------+---------+----------+-------------------+
 | Equation | Rate | RMS Res | Max Res | Location |  Linear Solution  |
 +----------+------+---------+---------+----------+-------------------+
 | U - Mom  | 0.94 | 6.9E-05 | 8.5E-04 |    1340  |       6.3E-03  OK |
 | V - Mom  | 0.92 | 1.7E-04 | 5.6E-03 |   24765  |       4.1E-03  OK |
 | W - Mom  | 1.03 | 3.5E-04 | 8.7E-03 |   10426  |       2.1E-03  OK |
 | P - Mass | 1.02 | 3.5E-06 | 8.0E-05 |   26361  |  8.5  2.8E-02  OK |
 +----------+------+---------+---------+----------+-------------------+

 TIME STEP =   240   SIMULATION TIME = 1.20E+02  CPU SECONDS = 1.36E+02
 +----------+------+---------+---------+----------+-------------------+
 | Equation | Rate | RMS Res | Max Res | Location |  Linear Solution  |
 +----------+------+---------+---------+----------+-------------------+
 | U - Mom  | 0.94 | 6.5E-05 | 7.4E-04 |   23645  |       6.4E-03  OK |
 | V - Mom  | 1.03 | 1.7E-04 | 4.6E-03 |   24765  |       4.0E-03  OK |
 | W - Mom  | 0.98 | 3.4E-04 | 9.2E-03 |   21328  |       2.3E-03  OK |
 | P - Mass | 1.06 | 3.7E-06 | 1.0E-04 |   26361  |  8.5  2.8E-02  OK |
 +----------+------+---------+---------+----------+-------------------+

 Flow solver - Mass Imbalance                   = -1.6588E-05%
 Flow solver - X Momentum Imbalance             = -4.0983E-05%
 Flow solver - Y Momentum Imbalance             = -3.9792E-03%
 Flow solver - Z Momentum Imbalance             =  7.5104E-03%

 TIME STEP =   241   SIMULATION TIME = 1.20E+02  CPU SECONDS = 1.37E+02
 +----------+------+---------+---------+----------+-------------------+
 | Equation | Rate | RMS Res | Max Res | Location |  Linear Solution  |
 +----------+------+---------+---------+----------+-------------------+
 | U - Mom  | 0.97 | 6.3E-05 | 7.8E-04 |   23645  |       6.3E-03  OK |
 | V - Mom  | 1.13 | 1.9E-04 | 5.7E-03 |   10426  |       3.7E-03  OK |
 | W - Mom  | 0.94 | 3.2E-04 | 9.8E-03 |   24785  |       2.6E-03  OK |
 | P - Mass | 1.08 | 4.0E-06 | 1.2E-04 |   26361  |  8.5  2.7E-02  OK |
 +----------+------+---------+---------+----------+-------------------+

 TIME STEP =   242   SIMULATION TIME = 1.21E+02  CPU SECONDS = 1.37E+02
 +----------+------+---------+---------+----------+-------------------+
 | Equation | Rate | RMS Res | Max Res | Location |  Linear Solution  |
 +----------+------+---------+---------+----------+-------------------+
 | U - Mom  | 1.01 | 6.3E-05 | 8.3E-04 |   14060  |       6.0E-03  OK |
 | V - Mom  | 1.16 | 2.3E-04 | 7.1E-03 |   10426  |       3.4E-03  OK |
 | W - Mom  | 0.88 | 2.8E-04 | 8.9E-03 |   24785  |       2.9E-03  OK |
 | P - Mass | 1.08 | 4.3E-06 | 1.4E-04 |   26361  |  8.5  2.6E-02  OK |
 +----------+------+---------+---------+----------+-------------------+

 TIME STEP =   243   SIMULATION TIME = 1.22E+02  CPU SECONDS = 1.37E+02
 +----------+------+---------+---------+----------+-------------------+
 | Equation | Rate | RMS Res | Max Res | Location |  Linear Solution  |
 +----------+------+---------+---------+----------+-------------------+
 | U - Mom  | 1.04 | 6.6E-05 | 1.1E-03 |   14060  |       5.4E-03  OK |
 | V - Mom  | 1.15 | 2.6E-04 | 7.9E-03 |   10426  |       3.1E-03  OK |
 | W - Mom  | 0.83 | 2.4E-04 | 7.9E-03 |   24785  |       3.3E-03  OK |
 | P - Mass | 1.06 | 4.6E-06 | 1.5E-04 |   23867  |  8.5  2.5E-02  OK |
 +----------+------+---------+---------+----------+-------------------+

 TIME STEP =   244   SIMULATION TIME = 1.22E+02  CPU SECONDS = 1.38E+02
 +----------+------+---------+---------+----------+-------------------+
 | Equation | Rate | RMS Res | Max Res | Location |  Linear Solution  |
 +----------+------+---------+---------+----------+-------------------+
 | U - Mom  | 1.05 | 7.0E-05 | 1.4E-03 |   15877  |       4.9E-03  OK |
 | V - Mom  | 1.10 | 2.9E-04 | 7.7E-03 |   10426  |       2.8E-03  OK |
 | W - Mom  | 0.78 | 1.8E-04 | 6.7E-03 |   24785  |       3.7E-03  OK |
 | P - Mass | 1.02 | 4.7E-06 | 1.4E-04 |   26681  |  8.5  2.5E-02  OK |
 +----------+------+---------+---------+----------+-------------------+

 TIME STEP =   245   SIMULATION TIME = 1.22E+02  CPU SECONDS = 1.38E+02
 +----------+------+---------+---------+----------+-------------------+
 | Equation | Rate | RMS Res | Max Res | Location |  Linear Solution  |
 +----------+------+---------+---------+----------+-------------------+
 | U - Mom  | 1.05 | 7.3E-05 | 1.5E-03 |   15877  |       4.3E-03  OK |
 | V - Mom  | 1.06 | 3.0E-04 | 6.9E-03 |   10426  |       2.6E-03  OK |
 | W - Mom  | 0.76 | 1.4E-04 | 5.1E-03 |   24785  |       3.4E-03  OK |
 | P - Mass | 0.99 | 4.7E-06 | 1.4E-04 |   26680  |  8.5  2.4E-02  OK |
 +----------+------+---------+---------+----------+-------------------+

 Flow solver - Mass Imbalance                   = -8.1254E-06%
 Flow solver - X Momentum Imbalance             = -5.0142E-05%
 Flow solver - Y Momentum Imbalance             =  6.2333E-03%
 Flow solver - Z Momentum Imbalance             =  5.2535E-03%

 TIME STEP =   246   SIMULATION TIME = 1.23E+02  CPU SECONDS = 1.39E+02
 +----------+------+---------+---------+----------+-------------------+
 | Equation | Rate | RMS Res | Max Res | Location |  Linear Solution  |
 +----------+------+---------+---------+----------+-------------------+
 | U - Mom  | 1.04 | 7.6E-05 | 1.6E-03 |    4975  |       4.1E-03  OK |
 | V - Mom  | 1.02 | 3.1E-04 | 6.9E-03 |    1507  |       2.3E-03  OK |
 | W - Mom  | 0.92 | 1.3E-04 | 3.0E-03 |   24784  |       2.4E-03  OK |
 | P - Mass | 0.96 | 4.5E-06 | 1.4E-04 |   26680  |  8.5  2.3E-02  OK |
 +----------+------+---------+---------+----------+-------------------+

 TIME STEP =   247   SIMULATION TIME = 1.24E+02  CPU SECONDS = 1.39E+02
 +----------+------+---------+---------+----------+-------------------+
 | Equation | Rate | RMS Res | Max Res | Location |  Linear Solution  |
 +----------+------+---------+---------+----------+-------------------+
 | U - Mom  | 1.02 | 7.7E-05 | 1.6E-03 |    4975  |       4.1E-03  OK |
 | V - Mom  | 0.98 | 3.0E-04 | 7.5E-03 |   21494  |       2.0E-03  OK |
 | W - Mom  | 1.25 | 1.6E-04 | 3.6E-03 |   19511  |       1.7E-03  OK |
 | P - Mass | 0.94 | 4.2E-06 | 1.2E-04 |   26680  |  8.5  2.3E-02  OK |
 +----------+------+---------+---------+----------+-------------------+

 TIME STEP =   248   SIMULATION TIME = 1.24E+02  CPU SECONDS = 1.40E+02
 +----------+------+---------+---------+----------+-------------------+
 | Equation | Rate | RMS Res | Max Res | Location |  Linear Solution  |
 +----------+------+---------+---------+----------+-------------------+
 | U - Mom  | 1.00 | 7.7E-05 | 1.5E-03 |    4975  |       4.4E-03  OK |
 | V - Mom  | 0.94 | 2.9E-04 | 8.2E-03 |   24795  |       1.7E-03  OK |
 | W - Mom  | 1.33 | 2.1E-04 | 5.2E-03 |   10425  |       1.5E-03  OK |
 | P - Mass | 0.94 | 3.9E-06 | 1.0E-04 |   26680  |  8.5  2.3E-02  OK |
 +----------+------+---------+---------+----------+-------------------+

 TIME STEP =   249   SIMULATION TIME = 1.24E+02  CPU SECONDS = 1.40E+02
 +----------+------+---------+---------+----------+-------------------+
 | Equation | Rate | RMS Res | Max Res | Location |  Linear Solution  |
 +----------+------+---------+---------+----------+-------------------+
 | U - Mom  | 0.98 | 7.5E-05 | 1.3E-03 |    3158  |       4.9E-03  OK |
 | V - Mom  | 0.91 | 2.6E-04 | 8.3E-03 |   24795  |       1.7E-03  OK |
 | W - Mom  | 1.25 | 2.6E-04 | 7.0E-03 |   10425  |       1.6E-03  OK |
 | P - Mass | 0.93 | 3.6E-06 | 7.4E-05 |   26680  |  8.5  2.4E-02  OK |
 +----------+------+---------+---------+----------+-------------------+

 TIME STEP =   250   SIMULATION TIME = 1.25E+02  CPU SECONDS = 1.41E+02
 +----------+------+---------+---------+----------+-------------------+
 | Equation | Rate | RMS Res | Max Res | Location |  Linear Solution  |
 +----------+------+---------+---------+----------+-------------------+
 | U - Mom  | 0.97 | 7.3E-05 | 1.1E-03 |    3158  |       5.4E-03  OK |
 | V - Mom  | 0.87 | 2.3E-04 | 7.8E-03 |   24795  |       2.3E-03  OK |
 | W - Mom  | 1.16 | 3.1E-04 | 8.2E-03 |   10425  |       1.7E-03  OK |
 | P - Mass | 0.94 | 3.4E-06 | 5.4E-05 |   26737  |  8.5  2.6E-02  OK |
 +----------+------+---------+---------+----------+-------------------+

 Backup files written at time =  1.250000E+02 s


 Flow solver - Mass Imbalance                   =  1.2831E-05%
 Flow solver - X Momentum Imbalance             = -2.1697E-05%
 Flow solver - Y Momentum Imbalance             =  8.1751E-03%
 Flow solver - Z Momentum Imbalance             = -3.9371E-03%

 TIME STEP =   251   SIMULATION TIME = 1.26E+02  CPU SECONDS = 1.43E+02
 +----------+------+---------+---------+----------+-------------------+
 | Equation | Rate | RMS Res | Max Res | Location |  Linear Solution  |
 +----------+------+---------+---------+----------+-------------------+
 | U - Mom  | 0.96 | 7.0E-05 | 1.0E-03 |    1341  |       5.9E-03  OK |
 | V - Mom  | 0.85 | 1.9E-04 | 6.7E-03 |   24795  |       3.5E-03  OK |
 | W - Mom  | 1.09 | 3.3E-04 | 8.1E-03 |    1341  |       1.9E-03  OK |
 | P - Mass | 0.96 | 3.3E-06 | 5.1E-05 |   26737  |  8.5  2.8E-02  OK |
 +----------+------+---------+---------+----------+-------------------+

 TIME STEP =   252   SIMULATION TIME = 1.26E+02  CPU SECONDS = 1.44E+02
 +----------+------+---------+---------+----------+-------------------+
 | Equation | Rate | RMS Res | Max Res | Location |  Linear Solution  |
 +----------+------+---------+---------+----------+-------------------+
 | U - Mom  | 0.95 | 6.6E-05 | 8.0E-04 |   26447  |       6.2E-03  OK |
 | V - Mom  | 0.88 | 1.7E-04 | 6.4E-03 |   24785  |       4.2E-03  OK |
 | W - Mom  | 1.03 | 3.5E-04 | 8.4E-03 |    1341  |       2.1E-03  OK |
 | P - Mass | 1.02 | 3.3E-06 | 7.7E-05 |   26361  |  8.5  3.0E-02  OK |
 +----------+------+---------+---------+----------+-------------------+

 TIME STEP =   253   SIMULATION TIME = 1.26E+02  CPU SECONDS = 1.44E+02
 +----------+------+---------+---------+----------+-------------------+
 | Equation | Rate | RMS Res | Max Res | Location |  Linear Solution  |
 +----------+------+---------+---------+----------+-------------------+
 | U - Mom  | 0.95 | 6.3E-05 | 7.4E-04 |   26447  |       6.3E-03  OK |
 | V - Mom  | 0.98 | 1.7E-04 | 6.3E-03 |   24785  |       4.1E-03  OK |
 | W - Mom  | 0.99 | 3.4E-04 | 1.0E-02 |   21328  |       2.3E-03  OK |
 | P - Mass | 1.06 | 3.5E-06 | 1.1E-04 |   26361  |  8.5  3.0E-02  OK |
 +----------+------+---------+---------+----------+-------------------+

 TIME STEP =   254   SIMULATION TIME = 1.27E+02  CPU SECONDS = 1.45E+02
 +----------+------+---------+---------+----------+-------------------+
 | Equation | Rate | RMS Res | Max Res | Location |  Linear Solution  |
 +----------+------+---------+---------+----------+-------------------+
 | U - Mom  | 0.97 | 6.1E-05 | 7.7E-04 |   23700  |       6.1E-03  OK |
 | V - Mom  | 1.11 | 1.8E-04 | 5.9E-03 |   24785  |       3.7E-03  OK |
 | W - Mom  | 0.94 | 3.2E-04 | 1.1E-02 |   21328  |       2.5E-03  OK |
 | P - Mass | 1.08 | 3.8E-06 | 1.3E-04 |   26361  |  8.5  3.0E-02  OK |
 +----------+------+---------+---------+----------+-------------------+

 TIME STEP =   255   SIMULATION TIME = 1.28E+02  CPU SECONDS = 1.45E+02
 +----------+------+---------+---------+----------+-------------------+
 | Equation | Rate | RMS Res | Max Res | Location |  Linear Solution  |
 +----------+------+---------+---------+----------+-------------------+
 | U - Mom  | 0.99 | 6.0E-05 | 8.1E-04 |   23700  |       5.7E-03  OK |
 | V - Mom  | 1.15 | 2.1E-04 | 5.7E-03 |   10591  |       3.4E-03  OK |
 | W - Mom  | 0.89 | 2.8E-04 | 1.1E-02 |   24785  |       2.8E-03  OK |
 | P - Mass | 1.07 | 4.1E-06 | 1.5E-04 |   26361  |  8.5  2.8E-02  OK |
 +----------+------+---------+---------+----------+-------------------+

 Flow solver - Mass Imbalance                   =  1.4315E-05%
 Flow solver - X Momentum Imbalance             =  2.3170E-05%
 Flow solver - Y Momentum Imbalance             = -2.7551E-04%
 Flow solver - Z Momentum Imbalance             = -7.8743E-03%

 TIME STEP =   256   SIMULATION TIME = 1.28E+02  CPU SECONDS = 1.46E+02
 +----------+------+---------+---------+----------+-------------------+
 | Equation | Rate | RMS Res | Max Res | Location |  Linear Solution  |
 +----------+------+---------+---------+----------+-------------------+
 | U - Mom  | 1.02 | 6.1E-05 | 7.9E-04 |   23645  |       5.2E-03  OK |
 | V - Mom  | 1.15 | 2.4E-04 | 7.0E-03 |   10591  |       3.1E-03  OK |
 | W - Mom  | 0.84 | 2.4E-04 | 9.4E-03 |   24785  |       3.1E-03  OK |
 | P - Mass | 1.05 | 4.3E-06 | 1.5E-04 |   26681  |  8.5  2.7E-02  OK |
 +----------+------+---------+---------+----------+-------------------+

 TIME STEP =   257   SIMULATION TIME = 1.28E+02  CPU SECONDS = 1.46E+02
 +----------+------+---------+---------+----------+-------------------+
 | Equation | Rate | RMS Res | Max Res | Location |  Linear Solution  |
 +----------+------+---------+---------+----------+-------------------+
 | U - Mom  | 1.05 | 6.4E-05 | 1.1E-03 |   15877  |       4.7E-03  OK |
 | V - Mom  | 1.11 | 2.7E-04 | 8.0E-03 |   10591  |       2.8E-03  OK |
 | W - Mom  | 0.79 | 1.9E-04 | 7.9E-03 |   24785  |       3.4E-03  OK |
 | P - Mass | 1.02 | 4.4E-06 | 1.5E-04 |   26681  |  8.5  2.5E-02  OK |
 +----------+------+---------+---------+----------+-------------------+

 TIME STEP =   258   SIMULATION TIME = 1.29E+02  CPU SECONDS = 1.46E+02
 +----------+------+---------+---------+----------+-------------------+
 | Equation | Rate | RMS Res | Max Res | Location |  Linear Solution  |
 +----------+------+---------+---------+----------+-------------------+
 | U - Mom  | 1.06 | 6.8E-05 | 1.3E-03 |   15877  |       4.1E-03  OK |
 | V - Mom  | 1.07 | 2.9E-04 | 8.3E-03 |   10591  |       2.6E-03  OK |
 | W - Mom  | 0.77 | 1.4E-04 | 6.3E-03 |   24785  |       3.3E-03  OK |
 | P - Mass | 1.01 | 4.5E-06 | 1.4E-04 |   26680  |  8.5  2.3E-02  OK |
 +----------+------+---------+---------+----------+-------------------+

 TIME STEP =   259   SIMULATION TIME = 1.30E+02  CPU SECONDS = 1.47E+02
 +----------+------+---------+---------+----------+-------------------+
 | Equation | Rate | RMS Res | Max Res | Location |  Linear Solution  |
 +----------+------+---------+---------+----------+-------------------+
 | U - Mom  | 1.06 | 7.3E-05 | 1.6E-03 |    4975  |       3.8E-03  OK |
 | V - Mom  | 1.02 | 3.0E-04 | 7.8E-03 |   10591  |       2.3E-03  OK |
 | W - Mom  | 0.89 | 1.3E-04 | 4.3E-03 |   24785  |       2.4E-03  OK |
 | P - Mass | 1.00 | 4.4E-06 | 1.3E-04 |   26680  |  8.5  2.2E-02  OK |
 +----------+------+---------+---------+----------+-------------------+

 TIME STEP =   260   SIMULATION TIME = 1.30E+02  CPU SECONDS = 1.47E+02
 +----------+------+---------+---------+----------+-------------------+
 | Equation | Rate | RMS Res | Max Res | Location |  Linear Solution  |
 +----------+------+---------+---------+----------+-------------------+
 | U - Mom  | 1.05 | 7.6E-05 | 1.6E-03 |    4975  |       3.7E-03  OK |
 | V - Mom  | 0.98 | 2.9E-04 | 6.7E-03 |   10591  |       2.1E-03  OK |
 | W - Mom  | 1.19 | 1.5E-04 | 3.1E-03 |   19511  |       1.8E-03  OK |
 | P - Mass | 0.98 | 4.3E-06 | 1.2E-04 |   23866  |  8.5  2.1E-02  OK |
 +----------+------+---------+---------+----------+-------------------+

 Flow solver - Mass Imbalance                   = -3.1425E-06%
 Flow solver - X Momentum Imbalance             =  6.9183E-05%
 Flow solver - Y Momentum Imbalance             = -7.9258E-03%
 Flow solver - Z Momentum Imbalance             = -1.8228E-03%

 TIME STEP =   261   SIMULATION TIME = 1.30E+02  CPU SECONDS = 1.48E+02
 +----------+------+---------+---------+----------+-------------------+
 | Equation | Rate | RMS Res | Max Res | Location |  Linear Solution  |
 +----------+------+---------+---------+----------+-------------------+
 | U - Mom  | 1.03 | 7.8E-05 | 1.6E-03 |    4975  |       3.9E-03  OK |
 | V - Mom  | 0.94 | 2.7E-04 | 6.6E-03 |   24785  |       1.8E-03  OK |
 | W - Mom  | 1.31 | 2.0E-04 | 4.9E-03 |   19511  |       1.5E-03  OK |
 | P - Mass | 0.94 | 4.1E-06 | 1.1E-04 |   23865  |  8.5  2.1E-02  OK |
 +----------+------+---------+---------+----------+-------------------+

 TIME STEP =   262   SIMULATION TIME = 1.31E+02  CPU SECONDS = 1.48E+02
 +----------+------+---------+---------+----------+-------------------+
 | Equation | Rate | RMS Res | Max Res | Location |  Linear Solution  |
 +----------+------+---------+---------+----------+-------------------+
 | U - Mom  | 1.00 | 7.8E-05 | 1.5E-03 |    4975  |       4.5E-03  OK |
 | V - Mom  | 0.90 | 2.5E-04 | 6.8E-03 |   24785  |       1.7E-03  OK |
 | W - Mom  | 1.25 | 2.5E-04 | 6.3E-03 |    1341  |       1.5E-03  OK |
 | P - Mass | 0.92 | 3.8E-06 | 8.7E-05 |   23865  |  8.5  2.2E-02  OK |
 +----------+------+---------+---------+----------+-------------------+

 TIME STEP =   263   SIMULATION TIME = 1.32E+02  CPU SECONDS = 1.49E+02
 +----------+------+---------+---------+----------+-------------------+
 | Equation | Rate | RMS Res | Max Res | Location |  Linear Solution  |
 +----------+------+---------+---------+----------+-------------------+
 | U - Mom  | 0.98 | 7.7E-05 | 1.3E-03 |    4974  |       5.1E-03  OK |
 | V - Mom  | 0.87 | 2.2E-04 | 6.5E-03 |   24785  |       2.1E-03  OK |
 | W - Mom  | 1.17 | 2.9E-04 | 7.0E-03 |   10592  |       1.7E-03  OK |
 | P - Mass | 0.93 | 3.5E-06 | 6.2E-05 |   23864  |  8.5  2.4E-02  OK |
 +----------+------+---------+---------+----------+-------------------+

 TIME STEP =   264   SIMULATION TIME = 1.32E+02  CPU SECONDS = 1.49E+02
 +----------+------+---------+---------+----------+-------------------+
 | Equation | Rate | RMS Res | Max Res | Location |  Linear Solution  |
 +----------+------+---------+---------+----------+-------------------+
 | U - Mom  | 0.95 | 7.3E-05 | 1.1E-03 |    3157  |       5.7E-03  OK |
 | V - Mom  | 0.86 | 1.9E-04 | 5.7E-03 |   24785  |       3.2E-03  OK |
 | W - Mom  | 1.10 | 3.2E-04 | 7.8E-03 |   10426  |       1.8E-03  OK |
 | P - Mass | 0.95 | 3.3E-06 | 5.2E-05 |   26737  |  8.5  2.6E-02  OK |
 +----------+------+---------+---------+----------+-------------------+

 TIME STEP =   265   SIMULATION TIME = 1.32E+02  CPU SECONDS = 1.50E+02
 +----------+------+---------+---------+----------+-------------------+
 | Equation | Rate | RMS Res | Max Res | Location |  Linear Solution  |
 +----------+------+---------+---------+----------+-------------------+
 | U - Mom  | 0.94 | 6.9E-05 | 8.9E-04 |    1340  |       6.2E-03  OK |
 | V - Mom  | 0.89 | 1.7E-04 | 5.5E-03 |   24765  |       4.0E-03  OK |
 | W - Mom  | 1.05 | 3.4E-04 | 8.5E-03 |   10426  |       2.0E-03  OK |
 | P - Mass | 1.00 | 3.3E-06 | 6.7E-05 |   26361  |  8.5  2.7E-02  OK |
 +----------+------+---------+---------+----------+-------------------+

 Flow solver - Mass Imbalance                   = -1.4865E-05%
 Flow solver - X Momentum Imbalance             = -1.5191E-05%
 Flow solver - Y Momentum Imbalance             = -6.0948E-03%
 Flow solver - Z Momentum Imbalance             =  6.0268E-03%

 TIME STEP =   266   SIMULATION TIME = 1.33E+02  CPU SECONDS = 1.50E+02
 +----------+------+---------+---------+----------+-------------------+
 | Equation | Rate | RMS Res | Max Res | Location |  Linear Solution  |
 +----------+------+---------+---------+----------+-------------------+
 | U - Mom  | 0.94 | 6.4E-05 | 7.3E-04 |   26447  |       6.4E-03  OK |
 | V - Mom  | 0.99 | 1.6E-04 | 4.8E-03 |   24765  |       4.1E-03  OK |
 | W - Mom  | 1.00 | 3.4E-04 | 8.6E-03 |   21328  |       2.2E-03  OK |
 | P - Mass | 1.05 | 3.5E-06 | 9.3E-05 |   26361  |  8.5  2.8E-02  OK |
 +----------+------+---------+---------+----------+-------------------+

 TIME STEP =   267   SIMULATION TIME = 1.34E+02  CPU SECONDS = 1.51E+02
 +----------+------+---------+---------+----------+-------------------+
 | Equation | Rate | RMS Res | Max Res | Location |  Linear Solution  |
 +----------+------+---------+---------+----------+-------------------+
 | U - Mom  | 0.96 | 6.2E-05 | 7.5E-04 |   23645  |       6.4E-03  OK |
 | V - Mom  | 1.10 | 1.8E-04 | 4.9E-03 |   10426  |       3.8E-03  OK |
 | W - Mom  | 0.95 | 3.2E-04 | 9.5E-03 |   24785  |       2.5E-03  OK |
 | P - Mass | 1.08 | 3.8E-06 | 1.1E-04 |   26361  |  8.5  2.7E-02  OK |
 +----------+------+---------+---------+----------+-------------------+

 TIME STEP =   268   SIMULATION TIME = 1.34E+02  CPU SECONDS = 1.51E+02
 +----------+------+---------+---------+----------+-------------------+
 | Equation | Rate | RMS Res | Max Res | Location |  Linear Solution  |
 +----------+------+---------+---------+----------+-------------------+
 | U - Mom  | 0.99 | 6.1E-05 | 7.6E-04 |   23645  |       6.1E-03  OK |
 | V - Mom  | 1.16 | 2.1E-04 | 6.4E-03 |   10426  |       3.5E-03  OK |
 | W - Mom  | 0.90 | 2.9E-04 | 9.1E-03 |   24785  |       2.8E-03  OK |
 | P - Mass | 1.08 | 4.1E-06 | 1.3E-04 |   26361  |  8.5  2.6E-02  OK |
 +----------+------+---------+---------+----------+-------------------+

 TIME STEP =   269   SIMULATION TIME = 1.34E+02  CPU SECONDS = 1.52E+02
 +----------+------+---------+---------+----------+-------------------+
 | Equation | Rate | RMS Res | Max Res | Location |  Linear Solution  |
 +----------+------+---------+---------+----------+-------------------+
 | U - Mom  | 1.03 | 6.3E-05 | 1.0E-03 |   14060  |       5.6E-03  OK |
 | V - Mom  | 1.16 | 2.4E-04 | 7.5E-03 |   10426  |       3.2E-03  OK |
 | W - Mom  | 0.85 | 2.5E-04 | 8.2E-03 |   24785  |       3.1E-03  OK |
 | P - Mass | 1.07 | 4.4E-06 | 1.4E-04 |   23867  |  8.5  2.5E-02  OK |
 +----------+------+---------+---------+----------+-------------------+

 TIME STEP =   270   SIMULATION TIME = 1.35E+02  CPU SECONDS = 1.52E+02
 +----------+------+---------+---------+----------+-------------------+
 | Equation | Rate | RMS Res | Max Res | Location |  Linear Solution  |
 +----------+------+---------+---------+----------+-------------------+
