ISO-10303-21;
HEADER;
FILE_DESCRIPTION(('STEP AP203'),
    '1');
FILE_NAME('импортированная__39',
    '',
    ('UNSPECIFIED'),
    ('UNSPECIFIED'),
    'C3D Converter',
    'C3D Toolkit',
    '');
FILE_SCHEMA(('CONFIG_CONTROL_DESIGN'));
ENDSEC;

DATA;
#1=PRODUCT_DEFINITION('','UNSPECIFIED',#28,#31);
#2=SHAPE_DEFINITION_REPRESENTATION(#26,#3);
#3=SHAPE_REPRESENTATION('NONE',(#4),#8);
#4=AXIS2_PLACEMENT_3D('',#5,#6,#7);
#5=CARTESIAN_POINT('',(0.,0.,0.));
#6=DIRECTION('',(0.,0.,1.));
#7=DIRECTION('',(1.,0.,0.));
#8=(GEOMETRIC_REPRESENTATION_CONTEXT(3)GLOBAL_UNCERTAINTY_ASSIGNED_CONTEXT((#10))
GLOBAL_UNIT_ASSIGNED_CONTEXT((#9,#11,#12))REPRESENTATION_CONTEXT('NONE','NONE'));
#9=(LENGTH_UNIT()NAMED_UNIT(*)SI_UNIT(.MILLI.,.METRE.));
#10=UNCERTAINTY_MEASURE_WITH_UNIT(LENGTH_MEASURE(1.E-5),#9,'NONE','NONE');
#11=(NAMED_UNIT(*)PLANE_ANGLE_UNIT()SI_UNIT($,.RADIAN.));
#12=(NAMED_UNIT(*)SI_UNIT($,.STERADIAN.)SOLID_ANGLE_UNIT());
#13=MANIFOLD_SOLID_BREP('',#14);
#14=CLOSED_SHELL('',(#53,#62,#71,#72,#73,#82,#83,#84,#85,#94,#95,#104,#105,#114,
#115,#124,#133,#142,#151,#160,#169,#178,#187,#196,#205,#214,#223,#232,#241,#250,
#259,#268,#277,#286,#295,#304,#313,#322,#331,#340,#349,#358,#367,#376,#385,#394,
#403,#412,#421,#422,#423,#424));
#15=COLOUR_RGB('',0.564705882352941,0.564705882352941,0.564705882352941);
#16=FILL_AREA_STYLE_COLOUR('',#15);
#17=FILL_AREA_STYLE($,(#16));
#18=SURFACE_STYLE_FILL_AREA(#17);
#19=SURFACE_SIDE_STYLE('',(#18));
#20=SURFACE_STYLE_USAGE(.BOTH.,#19);
#21=PRESENTATION_STYLE_ASSIGNMENT((#20));
#22=MECHANICAL_DESIGN_GEOMETRIC_PRESENTATION_REPRESENTATION('NONE',(#23,#61,#70,
#81,#93,#103,#113,#123,#132,#141,#150,#159,#168,#177,#186,#195,#204,#213,#222,#231,
#240,#249,#258,#267,#276,#285,#294,#303,#312,#321,#330,#339,#348,#357,#366,#375,
#384,#393,#402,#411,#420),#8);
#23=STYLED_ITEM('',(#21),#13);
#24=ADVANCED_BREP_SHAPE_REPRESENTATION('NONE',(#13),#8);
#25=SHAPE_REPRESENTATION_RELATIONSHIP('','',#3,#24);
#26=PRODUCT_DEFINITION_SHAPE('NONE','NONE',#1);
#27=MECHANICAL_CONTEXT('NONE',#32,'mechanical');
#28=PRODUCT_DEFINITION_FORMATION_WITH_SPECIFIED_SOURCE('ANY','UNSPECIFIED',#29,.NOT_KNOWN.);
#29=PRODUCT('71','\X2\041404180421041A\X0\','NONE',(#27));
#30=PRODUCT_RELATED_PRODUCT_CATEGORY('detail','',(#29));
#31=DESIGN_CONTEXT('detailed design',#32,'design');
#32=APPLICATION_CONTEXT('configuration controlled 3d designs of mechanical parts and assemblies');
#33=APPLICATION_PROTOCOL_DEFINITION('international standard','config_control_design',
1994,#32);
#34=CC_DESIGN_DATE_AND_TIME_ASSIGNMENT(#35,#39,(#1));
#35=DATE_AND_TIME(#36,#37);
#36=CALENDAR_DATE(0,1,1);
#37=LOCAL_TIME(0,0,0.,#38);
#38=COORDINATED_UNIVERSAL_TIME_OFFSET(0,0,.AHEAD.);
#39=DATE_TIME_ROLE('creation_date');
#40=CC_DESIGN_APPROVAL(#41,(#1));
#41=APPROVAL(#42,'UNSPECIFIED');
#42=APPROVAL_STATUS('not_yet_approved');
#43=APPROVAL_DATE_TIME(#44,#41);
#44=DATE_AND_TIME(#45,#46);
#45=CALENDAR_DATE(0,1,1);
#46=LOCAL_TIME(0,0,0.,#47);
#47=COORDINATED_UNIVERSAL_TIME_OFFSET(0,0,.AHEAD.);
#48=PERSON('UNSPECIFIED','gnomy','UNSPECIFIED',('UNSPECIFIED'),('UNSPECIFIED'),(
'UNSPECIFIED'));
#49=ORGANIZATION('UNSPECIFIED','UNSPECIFIED','UNSPECIFIED');
#50=PERSON_AND_ORGANIZATION(#48,#49);
#51=PERSON_AND_ORGANIZATION_ROLE('creator');
#52=CC_DESIGN_PERSON_AND_ORGANIZATION_ASSIGNMENT(#50,#51,(#28,#1));
#53=ADVANCED_FACE('',(#425,#427),#429,.T.);
#54=COLOUR_RGB('',0.564705882352941,0.564705882352941,0.564705882352941);
#55=FILL_AREA_STYLE_COLOUR('',#54);
#56=FILL_AREA_STYLE($,(#55));
#57=SURFACE_STYLE_FILL_AREA(#56);
#58=SURFACE_SIDE_STYLE('',(#57));
#59=SURFACE_STYLE_USAGE(.BOTH.,#58);
#60=PRESENTATION_STYLE_ASSIGNMENT((#59));
#61=STYLED_ITEM('',(#60),#53);
#62=ADVANCED_FACE('',(#434,#436),#438,.F.);
#63=COLOUR_RGB('',0.564705882352941,0.564705882352941,0.564705882352941);
#64=FILL_AREA_STYLE_COLOUR('',#63);
#65=FILL_AREA_STYLE($,(#64));
#66=SURFACE_STYLE_FILL_AREA(#65);
#67=SURFACE_SIDE_STYLE('',(#66));
#68=SURFACE_STYLE_USAGE(.BOTH.,#67);
#69=PRESENTATION_STYLE_ASSIGNMENT((#68));
#70=STYLED_ITEM('',(#69),#62);
#71=ADVANCED_FACE('',(#443,#445),#447,.T.);
#72=ADVANCED_FACE('',(#452,#454),#456,.F.);
#73=ADVANCED_FACE('',(#461,#463),#465,.T.);
#74=COLOUR_RGB('',0.564705882352941,0.564705882352941,0.564705882352941);
#75=FILL_AREA_STYLE_COLOUR('',#74);
#76=FILL_AREA_STYLE($,(#75));
#77=SURFACE_STYLE_FILL_AREA(#76);
#78=SURFACE_SIDE_STYLE('',(#77));
#79=SURFACE_STYLE_USAGE(.BOTH.,#78);
#80=PRESENTATION_STYLE_ASSIGNMENT((#79));
#81=STYLED_ITEM('',(#80),#73);
#82=ADVANCED_FACE('',(#470,#472),#474,.F.);
#83=ADVANCED_FACE('',(#479,#481),#483,.T.);
#84=ADVANCED_FACE('',(#488,#490),#492,.F.);
#85=ADVANCED_FACE('',(#497,#499),#501,.T.);
#86=COLOUR_RGB('',0.564705882352941,0.564705882352941,0.564705882352941);
#87=FILL_AREA_STYLE_COLOUR('',#86);
#88=FILL_AREA_STYLE($,(#87));
#89=SURFACE_STYLE_FILL_AREA(#88);
#90=SURFACE_SIDE_STYLE('',(#89));
#91=SURFACE_STYLE_USAGE(.BOTH.,#90);
#92=PRESENTATION_STYLE_ASSIGNMENT((#91));
#93=STYLED_ITEM('',(#92),#85);
#94=ADVANCED_FACE('',(#506,#508),#510,.F.);
#95=ADVANCED_FACE('',(#515,#517),#519,.F.);
#96=COLOUR_RGB('',0.564705882352941,0.564705882352941,0.564705882352941);
#97=FILL_AREA_STYLE_COLOUR('',#96);
#98=FILL_AREA_STYLE($,(#97));
#99=SURFACE_STYLE_FILL_AREA(#98);
#100=SURFACE_SIDE_STYLE('',(#99));
#101=SURFACE_STYLE_USAGE(.BOTH.,#100);
#102=PRESENTATION_STYLE_ASSIGNMENT((#101));
#103=STYLED_ITEM('',(#102),#95);
#104=ADVANCED_FACE('',(#524,#526),#528,.T.);
#105=ADVANCED_FACE('',(#533,#535),#537,.T.);
#106=COLOUR_RGB('',0.564705882352941,0.564705882352941,0.564705882352941);
#107=FILL_AREA_STYLE_COLOUR('',#106);
#108=FILL_AREA_STYLE($,(#107));
#109=SURFACE_STYLE_FILL_AREA(#108);
#110=SURFACE_SIDE_STYLE('',(#109));
#111=SURFACE_STYLE_USAGE(.BOTH.,#110);
#112=PRESENTATION_STYLE_ASSIGNMENT((#111));
#113=STYLED_ITEM('',(#112),#105);
#114=ADVANCED_FACE('',(#542,#544),#546,.T.);
#115=ADVANCED_FACE('',(#551,#553),#555,.F.);
#116=COLOUR_RGB('',0.564705882352941,0.564705882352941,0.564705882352941);
#117=FILL_AREA_STYLE_COLOUR('',#116);
#118=FILL_AREA_STYLE($,(#117));
#119=SURFACE_STYLE_FILL_AREA(#118);
#120=SURFACE_SIDE_STYLE('',(#119));
#121=SURFACE_STYLE_USAGE(.BOTH.,#120);
#122=PRESENTATION_STYLE_ASSIGNMENT((#121));
#123=STYLED_ITEM('',(#122),#115);
#124=ADVANCED_FACE('',(#560,#562),#564,.T.);
#125=COLOUR_RGB('',0.564705882352941,0.564705882352941,0.564705882352941);
#126=FILL_AREA_STYLE_COLOUR('',#125);
#127=FILL_AREA_STYLE($,(#126));
#128=SURFACE_STYLE_FILL_AREA(#127);
#129=SURFACE_SIDE_STYLE('',(#128));
#130=SURFACE_STYLE_USAGE(.BOTH.,#129);
#131=PRESENTATION_STYLE_ASSIGNMENT((#130));
#132=STYLED_ITEM('',(#131),#124);
#133=ADVANCED_FACE('',(#569,#571),#573,.F.);
#134=COLOUR_RGB('',0.564705882352941,0.564705882352941,0.564705882352941);
#135=FILL_AREA_STYLE_COLOUR('',#134);
#136=FILL_AREA_STYLE($,(#135));
#137=SURFACE_STYLE_FILL_AREA(#136);
#138=SURFACE_SIDE_STYLE('',(#137));
#139=SURFACE_STYLE_USAGE(.BOTH.,#138);
#140=PRESENTATION_STYLE_ASSIGNMENT((#139));
#141=STYLED_ITEM('',(#140),#133);
#142=ADVANCED_FACE('',(#578,#580),#582,.T.);
#143=COLOUR_RGB('',0.564705882352941,0.564705882352941,0.564705882352941);
#144=FILL_AREA_STYLE_COLOUR('',#143);
#145=FILL_AREA_STYLE($,(#144));
#146=SURFACE_STYLE_FILL_AREA(#145);
#147=SURFACE_SIDE_STYLE('',(#146));
#148=SURFACE_STYLE_USAGE(.BOTH.,#147);
#149=PRESENTATION_STYLE_ASSIGNMENT((#148));
#150=STYLED_ITEM('',(#149),#142);
#151=ADVANCED_FACE('',(#587,#589,#591,#593,#595,#597,#599,#601),#603,.T.);
#152=COLOUR_RGB('',0.564705882352941,0.564705882352941,0.564705882352941);
#153=FILL_AREA_STYLE_COLOUR('',#152);
#154=FILL_AREA_STYLE($,(#153));
#155=SURFACE_STYLE_FILL_AREA(#154);
#156=SURFACE_SIDE_STYLE('',(#155));
#157=SURFACE_STYLE_USAGE(.BOTH.,#156);
#158=PRESENTATION_STYLE_ASSIGNMENT((#157));
#159=STYLED_ITEM('',(#158),#151);
#160=ADVANCED_FACE('',(#608,#610),#612,.T.);
#161=COLOUR_RGB('',0.564705882352941,0.564705882352941,0.564705882352941);
#162=FILL_AREA_STYLE_COLOUR('',#161);
#163=FILL_AREA_STYLE($,(#162));
#164=SURFACE_STYLE_FILL_AREA(#163);
#165=SURFACE_SIDE_STYLE('',(#164));
#166=SURFACE_STYLE_USAGE(.BOTH.,#165);
#167=PRESENTATION_STYLE_ASSIGNMENT((#166));
#168=STYLED_ITEM('',(#167),#160);
#169=ADVANCED_FACE('',(#617,#619),#621,.T.);
#170=COLOUR_RGB('',0.564705882352941,0.564705882352941,0.564705882352941);
#171=FILL_AREA_STYLE_COLOUR('',#170);
#172=FILL_AREA_STYLE($,(#171));
#173=SURFACE_STYLE_FILL_AREA(#172);
#174=SURFACE_SIDE_STYLE('',(#173));
#175=SURFACE_STYLE_USAGE(.BOTH.,#174);
#176=PRESENTATION_STYLE_ASSIGNMENT((#175));
#177=STYLED_ITEM('',(#176),#169);
#178=ADVANCED_FACE('',(#626,#628),#630,.F.);
#179=COLOUR_RGB('',0.564705882352941,0.564705882352941,0.564705882352941);
#180=FILL_AREA_STYLE_COLOUR('',#179);
#181=FILL_AREA_STYLE($,(#180));
#182=SURFACE_STYLE_FILL_AREA(#181);
#183=SURFACE_SIDE_STYLE('',(#182));
#184=SURFACE_STYLE_USAGE(.BOTH.,#183);
#185=PRESENTATION_STYLE_ASSIGNMENT((#184));
#186=STYLED_ITEM('',(#185),#178);
#187=ADVANCED_FACE('',(#635,#637),#639,.F.);
#188=COLOUR_RGB('',0.564705882352941,0.564705882352941,0.564705882352941);
#189=FILL_AREA_STYLE_COLOUR('',#188);
#190=FILL_AREA_STYLE($,(#189));
#191=SURFACE_STYLE_FILL_AREA(#190);
#192=SURFACE_SIDE_STYLE('',(#191));
#193=SURFACE_STYLE_USAGE(.BOTH.,#192);
#194=PRESENTATION_STYLE_ASSIGNMENT((#193));
#195=STYLED_ITEM('',(#194),#187);
#196=ADVANCED_FACE('',(#644,#646),#648,.F.);
#197=COLOUR_RGB('',0.564705882352941,0.564705882352941,0.564705882352941);
#198=FILL_AREA_STYLE_COLOUR('',#197);
#199=FILL_AREA_STYLE($,(#198));
#200=SURFACE_STYLE_FILL_AREA(#199);
#201=SURFACE_SIDE_STYLE('',(#200));
#202=SURFACE_STYLE_USAGE(.BOTH.,#201);
#203=PRESENTATION_STYLE_ASSIGNMENT((#202));
#204=STYLED_ITEM('',(#203),#196);
#205=ADVANCED_FACE('',(#653,#655),#657,.F.);
#206=COLOUR_RGB('',0.564705882352941,0.564705882352941,0.564705882352941);
#207=FILL_AREA_STYLE_COLOUR('',#206);
#208=FILL_AREA_STYLE($,(#207));
#209=SURFACE_STYLE_FILL_AREA(#208);
#210=SURFACE_SIDE_STYLE('',(#209));
#211=SURFACE_STYLE_USAGE(.BOTH.,#210);
#212=PRESENTATION_STYLE_ASSIGNMENT((#211));
#213=STYLED_ITEM('',(#212),#205);
#214=ADVANCED_FACE('',(#662,#664),#666,.F.);
#215=COLOUR_RGB('',0.564705882352941,0.564705882352941,0.564705882352941);
#216=FILL_AREA_STYLE_COLOUR('',#215);
#217=FILL_AREA_STYLE($,(#216));
#218=SURFACE_STYLE_FILL_AREA(#217);
#219=SURFACE_SIDE_STYLE('',(#218));
#220=SURFACE_STYLE_USAGE(.BOTH.,#219);
#221=PRESENTATION_STYLE_ASSIGNMENT((#220));
#222=STYLED_ITEM('',(#221),#214);
#223=ADVANCED_FACE('',(#671,#673),#675,.F.);
#224=COLOUR_RGB('',0.564705882352941,0.564705882352941,0.564705882352941);
#225=FILL_AREA_STYLE_COLOUR('',#224);
#226=FILL_AREA_STYLE($,(#225));
#227=SURFACE_STYLE_FILL_AREA(#226);
#228=SURFACE_SIDE_STYLE('',(#227));
#229=SURFACE_STYLE_USAGE(.BOTH.,#228);
#230=PRESENTATION_STYLE_ASSIGNMENT((#229));
#231=STYLED_ITEM('',(#230),#223);
#232=ADVANCED_FACE('',(#680,#682),#684,.F.);
#233=COLOUR_RGB('',0.564705882352941,0.564705882352941,0.564705882352941);
#234=FILL_AREA_STYLE_COLOUR('',#233);
#235=FILL_AREA_STYLE($,(#234));
#236=SURFACE_STYLE_FILL_AREA(#235);
#237=SURFACE_SIDE_STYLE('',(#236));
#238=SURFACE_STYLE_USAGE(.BOTH.,#237);
#239=PRESENTATION_STYLE_ASSIGNMENT((#238));
#240=STYLED_ITEM('',(#239),#232);
#241=ADVANCED_FACE('',(#689,#691,#693,#695,#697),#699,.T.);
#242=COLOUR_RGB('',0.564705882352941,0.564705882352941,0.564705882352941);
#243=FILL_AREA_STYLE_COLOUR('',#242);
#244=FILL_AREA_STYLE($,(#243));
#245=SURFACE_STYLE_FILL_AREA(#244);
#246=SURFACE_SIDE_STYLE('',(#245));
#247=SURFACE_STYLE_USAGE(.BOTH.,#246);
#248=PRESENTATION_STYLE_ASSIGNMENT((#247));
#249=STYLED_ITEM('',(#248),#241);
#250=ADVANCED_FACE('',(#704,#706,#708,#710),#712,.F.);
#251=COLOUR_RGB('',0.564705882352941,0.564705882352941,0.564705882352941);
#252=FILL_AREA_STYLE_COLOUR('',#251);
#253=FILL_AREA_STYLE($,(#252));
#254=SURFACE_STYLE_FILL_AREA(#253);
#255=SURFACE_SIDE_STYLE('',(#254));
#256=SURFACE_STYLE_USAGE(.BOTH.,#255);
#257=PRESENTATION_STYLE_ASSIGNMENT((#256));
#258=STYLED_ITEM('',(#257),#250);
#259=ADVANCED_FACE('',(#717,#719,#721,#723),#725,.F.);
#260=COLOUR_RGB('',0.564705882352941,0.564705882352941,0.564705882352941);
#261=FILL_AREA_STYLE_COLOUR('',#260);
#262=FILL_AREA_STYLE($,(#261));
#263=SURFACE_STYLE_FILL_AREA(#262);
#264=SURFACE_SIDE_STYLE('',(#263));
#265=SURFACE_STYLE_USAGE(.BOTH.,#264);
#266=PRESENTATION_STYLE_ASSIGNMENT((#265));
#267=STYLED_ITEM('',(#266),#259);
#268=ADVANCED_FACE('',(#730,#732),#734,.T.);
#269=COLOUR_RGB('',0.564705882352941,0.564705882352941,0.564705882352941);
#270=FILL_AREA_STYLE_COLOUR('',#269);
#271=FILL_AREA_STYLE($,(#270));
#272=SURFACE_STYLE_FILL_AREA(#271);
#273=SURFACE_SIDE_STYLE('',(#272));
#274=SURFACE_STYLE_USAGE(.BOTH.,#273);
#275=PRESENTATION_STYLE_ASSIGNMENT((#274));
#276=STYLED_ITEM('',(#275),#268);
#277=ADVANCED_FACE('',(#739,#741),#743,.T.);
#278=COLOUR_RGB('',0.564705882352941,0.564705882352941,0.564705882352941);
#279=FILL_AREA_STYLE_COLOUR('',#278);
#280=FILL_AREA_STYLE($,(#279));
#281=SURFACE_STYLE_FILL_AREA(#280);
#282=SURFACE_SIDE_STYLE('',(#281));
#283=SURFACE_STYLE_USAGE(.BOTH.,#282);
#284=PRESENTATION_STYLE_ASSIGNMENT((#283));
#285=STYLED_ITEM('',(#284),#277);
#286=ADVANCED_FACE('',(#748,#750),#752,.F.);
#287=COLOUR_RGB('',0.564705882352941,0.564705882352941,0.564705882352941);
#288=FILL_AREA_STYLE_COLOUR('',#287);
#289=FILL_AREA_STYLE($,(#288));
#290=SURFACE_STYLE_FILL_AREA(#289);
#291=SURFACE_SIDE_STYLE('',(#290));
#292=SURFACE_STYLE_USAGE(.BOTH.,#291);
#293=PRESENTATION_STYLE_ASSIGNMENT((#292));
#294=STYLED_ITEM('',(#293),#286);
#295=ADVANCED_FACE('',(#757),#759,.F.);
#296=COLOUR_RGB('',0.564705882352941,0.564705882352941,0.564705882352941);
#297=FILL_AREA_STYLE_COLOUR('',#296);
#298=FILL_AREA_STYLE($,(#297));
#299=SURFACE_STYLE_FILL_AREA(#298);
#300=SURFACE_SIDE_STYLE('',(#299));
#301=SURFACE_STYLE_USAGE(.BOTH.,#300);
#302=PRESENTATION_STYLE_ASSIGNMENT((#301));
#303=STYLED_ITEM('',(#302),#295);
#304=ADVANCED_FACE('',(#764,#766,#768,#770),#772,.T.);
#305=COLOUR_RGB('',0.564705882352941,0.564705882352941,0.564705882352941);
#306=FILL_AREA_STYLE_COLOUR('',#305);
#307=FILL_AREA_STYLE($,(#306));
#308=SURFACE_STYLE_FILL_AREA(#307);
#309=SURFACE_SIDE_STYLE('',(#308));
#310=SURFACE_STYLE_USAGE(.BOTH.,#309);
#311=PRESENTATION_STYLE_ASSIGNMENT((#310));
#312=STYLED_ITEM('',(#311),#304);
#313=ADVANCED_FACE('',(#777,#779),#781,.F.);
#314=COLOUR_RGB('',0.564705882352941,0.564705882352941,0.564705882352941);
#315=FILL_AREA_STYLE_COLOUR('',#314);
#316=FILL_AREA_STYLE($,(#315));
#317=SURFACE_STYLE_FILL_AREA(#316);
#318=SURFACE_SIDE_STYLE('',(#317));
#319=SURFACE_STYLE_USAGE(.BOTH.,#318);
#320=PRESENTATION_STYLE_ASSIGNMENT((#319));
#321=STYLED_ITEM('',(#320),#313);
#322=ADVANCED_FACE('',(#786),#788,.F.);
#323=COLOUR_RGB('',0.564705882352941,0.564705882352941,0.564705882352941);
#324=FILL_AREA_STYLE_COLOUR('',#323);
#325=FILL_AREA_STYLE($,(#324));
#326=SURFACE_STYLE_FILL_AREA(#325);
#327=SURFACE_SIDE_STYLE('',(#326));
#328=SURFACE_STYLE_USAGE(.BOTH.,#327);
#329=PRESENTATION_STYLE_ASSIGNMENT((#328));
#330=STYLED_ITEM('',(#329),#322);
#331=ADVANCED_FACE('',(#793,#795),#797,.F.);
#332=COLOUR_RGB('',0.564705882352941,0.564705882352941,0.564705882352941);
#333=FILL_AREA_STYLE_COLOUR('',#332);
#334=FILL_AREA_STYLE($,(#333));
#335=SURFACE_STYLE_FILL_AREA(#334);
#336=SURFACE_SIDE_STYLE('',(#335));
#337=SURFACE_STYLE_USAGE(.BOTH.,#336);
#338=PRESENTATION_STYLE_ASSIGNMENT((#337));
#339=STYLED_ITEM('',(#338),#331);
#340=ADVANCED_FACE('',(#802,#804),#806,.F.);
#341=COLOUR_RGB('',0.564705882352941,0.564705882352941,0.564705882352941);
#342=FILL_AREA_STYLE_COLOUR('',#341);
#343=FILL_AREA_STYLE($,(#342));
#344=SURFACE_STYLE_FILL_AREA(#343);
#345=SURFACE_SIDE_STYLE('',(#344));
#346=SURFACE_STYLE_USAGE(.BOTH.,#345);
#347=PRESENTATION_STYLE_ASSIGNMENT((#346));
#348=STYLED_ITEM('',(#347),#340);
#349=ADVANCED_FACE('',(#811,#813),#815,.F.);
#350=COLOUR_RGB('',0.564705882352941,0.564705882352941,0.564705882352941);
#351=FILL_AREA_STYLE_COLOUR('',#350);
#352=FILL_AREA_STYLE($,(#351));
#353=SURFACE_STYLE_FILL_AREA(#352);
#354=SURFACE_SIDE_STYLE('',(#353));
#355=SURFACE_STYLE_USAGE(.BOTH.,#354);
#356=PRESENTATION_STYLE_ASSIGNMENT((#355));
#357=STYLED_ITEM('',(#356),#349);
#358=ADVANCED_FACE('',(#820),#822,.T.);
#359=COLOUR_RGB('',0.564705882352941,0.564705882352941,0.564705882352941);
#360=FILL_AREA_STYLE_COLOUR('',#359);
#361=FILL_AREA_STYLE($,(#360));
#362=SURFACE_STYLE_FILL_AREA(#361);
#363=SURFACE_SIDE_STYLE('',(#362));
#364=SURFACE_STYLE_USAGE(.BOTH.,#363);
#365=PRESENTATION_STYLE_ASSIGNMENT((#364));
#366=STYLED_ITEM('',(#365),#358);
#367=ADVANCED_FACE('',(#827),#829,.F.);
#368=COLOUR_RGB('',0.564705882352941,0.564705882352941,0.564705882352941);
#369=FILL_AREA_STYLE_COLOUR('',#368);
#370=FILL_AREA_STYLE($,(#369));
#371=SURFACE_STYLE_FILL_AREA(#370);
#372=SURFACE_SIDE_STYLE('',(#371));
#373=SURFACE_STYLE_USAGE(.BOTH.,#372);
#374=PRESENTATION_STYLE_ASSIGNMENT((#373));
#375=STYLED_ITEM('',(#374),#367);
#376=ADVANCED_FACE('',(#834,#836),#838,.T.);
#377=COLOUR_RGB('',0.564705882352941,0.564705882352941,0.564705882352941);
#378=FILL_AREA_STYLE_COLOUR('',#377);
#379=FILL_AREA_STYLE($,(#378));
#380=SURFACE_STYLE_FILL_AREA(#379);
#381=SURFACE_SIDE_STYLE('',(#380));
#382=SURFACE_STYLE_USAGE(.BOTH.,#381);
#383=PRESENTATION_STYLE_ASSIGNMENT((#382));
#384=STYLED_ITEM('',(#383),#376);
#385=ADVANCED_FACE('',(#843),#845,.F.);
#386=COLOUR_RGB('',0.564705882352941,0.564705882352941,0.564705882352941);
#387=FILL_AREA_STYLE_COLOUR('',#386);
#388=FILL_AREA_STYLE($,(#387));
#389=SURFACE_STYLE_FILL_AREA(#388);
#390=SURFACE_SIDE_STYLE('',(#389));
#391=SURFACE_STYLE_USAGE(.BOTH.,#390);
#392=PRESENTATION_STYLE_ASSIGNMENT((#391));
#393=STYLED_ITEM('',(#392),#385);
#394=ADVANCED_FACE('',(#850,#852,#854,#856),#858,.T.);
#395=COLOUR_RGB('',0.564705882352941,0.564705882352941,0.564705882352941);
#396=FILL_AREA_STYLE_COLOUR('',#395);
#397=FILL_AREA_STYLE($,(#396));
#398=SURFACE_STYLE_FILL_AREA(#397);
#399=SURFACE_SIDE_STYLE('',(#398));
#400=SURFACE_STYLE_USAGE(.BOTH.,#399);
#401=PRESENTATION_STYLE_ASSIGNMENT((#400));
#402=STYLED_ITEM('',(#401),#394);
#403=ADVANCED_FACE('',(#863,#865),#867,.F.);
#404=COLOUR_RGB('',0.564705882352941,0.564705882352941,0.564705882352941);
#405=FILL_AREA_STYLE_COLOUR('',#404);
#406=FILL_AREA_STYLE($,(#405));
#407=SURFACE_STYLE_FILL_AREA(#406);
#408=SURFACE_SIDE_STYLE('',(#407));
#409=SURFACE_STYLE_USAGE(.BOTH.,#408);
#410=PRESENTATION_STYLE_ASSIGNMENT((#409));
#411=STYLED_ITEM('',(#410),#403);
#412=ADVANCED_FACE('',(#872),#874,.F.);
#413=COLOUR_RGB('',0.564705882352941,0.564705882352941,0.564705882352941);
#414=FILL_AREA_STYLE_COLOUR('',#413);
#415=FILL_AREA_STYLE($,(#414));
#416=SURFACE_STYLE_FILL_AREA(#415);
#417=SURFACE_SIDE_STYLE('',(#416));
#418=SURFACE_STYLE_USAGE(.BOTH.,#417);
#419=PRESENTATION_STYLE_ASSIGNMENT((#418));
#420=STYLED_ITEM('',(#419),#412);
#421=ADVANCED_FACE('',(#879,#881),#883,.T.);
#422=ADVANCED_FACE('',(#888,#890),#892,.T.);
#423=ADVANCED_FACE('',(#897,#899),#901,.F.);
#424=ADVANCED_FACE('',(#906,#908),#910,.F.);
#425=FACE_BOUND('',#426,.T.);
#426=EDGE_LOOP('',(#915));
#427=FACE_BOUND('',#428,.T.);
#428=EDGE_LOOP('',(#916));
#429=PLANE('',#430);
#430=AXIS2_PLACEMENT_3D('',#431,#432,#433);
#431=CARTESIAN_POINT('',(15.,0.00791534533175027,0.));
#432=DIRECTION('',(1.,2.85843879430401E-16,0.));
#433=DIRECTION('',(-2.85843879430401E-16,1.,0.));
#434=FACE_OUTER_BOUND('',#435,.T.);
#435=EDGE_LOOP('',(#917));
#436=FACE_OUTER_BOUND('',#437,.T.);
#437=EDGE_LOOP('',(#918));
#438=CYLINDRICAL_SURFACE('',#439,10.);
#439=AXIS2_PLACEMENT_3D('',#440,#441,#442);
#440=CARTESIAN_POINT('',(18.0000000000001,5.14497298931273E-15,0.));
#441=DIRECTION('',(-1.,-2.85843879430401E-16,0.));
#442=DIRECTION('',(0.,0.,-1.));
#443=FACE_OUTER_BOUND('',#444,.T.);
#444=EDGE_LOOP('',(#919));
#445=FACE_OUTER_BOUND('',#446,.T.);
#446=EDGE_LOOP('',(#920));
#447=CYLINDRICAL_SURFACE('',#448,13.);
#448=AXIS2_PLACEMENT_3D('',#449,#450,#451);
#449=CARTESIAN_POINT('',(5.,1.42979763831066E-15,0.));
#450=DIRECTION('',(1.,2.85843879430401E-16,0.));
#451=DIRECTION('',(3.50057792000303E-32,-1.22464679914735E-16,-1.));
#452=FACE_BOUND('',#453,.T.);
#453=EDGE_LOOP('',(#921));
#454=FACE_BOUND('',#455,.T.);
#455=EDGE_LOOP('',(#922));
#456=PLANE('',#457);
#457=AXIS2_PLACEMENT_3D('',#458,#459,#460);
#458=CARTESIAN_POINT('',(5.,1.42979763831066E-15,0.));
#459=DIRECTION('',(1.,2.85843879430401E-16,0.));
#460=DIRECTION('',(3.50057792000303E-32,-1.22464679914735E-16,-1.));
#461=FACE_OUTER_BOUND('',#462,.T.);
#462=EDGE_LOOP('',(#923));
#463=FACE_OUTER_BOUND('',#464,.T.);
#464=EDGE_LOOP('',(#924));
#465=CONICAL_SURFACE('',#466,15.5000000000001,0.78539816339745);
#466=AXIS2_PLACEMENT_3D('',#467,#468,#469);
#467=CARTESIAN_POINT('',(14.5,0.00791534533175013,0.));
#468=DIRECTION('',(-1.,-2.85843879430401E-16,0.));
#469=DIRECTION('',(2.85843879430401E-16,-1.,0.));
#470=FACE_BOUND('',#471,.T.);
#471=EDGE_LOOP('',(#925));
#472=FACE_BOUND('',#473,.T.);
#473=EDGE_LOOP('',(#926));
#474=PLANE('',#475);
#475=AXIS2_PLACEMENT_3D('',#476,#477,#478);
#476=CARTESIAN_POINT('',(-5.,-1.42979763831066E-15,0.));
#477=DIRECTION('',(-1.,-2.85843879430401E-16,0.));
#478=DIRECTION('',(3.50057792000303E-32,-1.22464679914735E-16,1.));
#479=FACE_BOUND('',#480,.T.);
#480=EDGE_LOOP('',(#927));
#481=FACE_BOUND('',#482,.T.);
#482=EDGE_LOOP('',(#928));
#483=PLANE('',#484);
#484=AXIS2_PLACEMENT_3D('',#485,#486,#487);
#485=CARTESIAN_POINT('',(18.,5.14576807090587E-15,0.));
#486=DIRECTION('',(1.,2.85843879430401E-16,0.));
#487=DIRECTION('',(3.50057792000303E-32,-1.22464679914735E-16,-1.));
#488=FACE_OUTER_BOUND('',#489,.T.);
#489=EDGE_LOOP('',(#929));
#490=FACE_OUTER_BOUND('',#491,.T.);
#491=EDGE_LOOP('',(#930));
#492=CYLINDRICAL_SURFACE('',#493,6.);
#493=AXIS2_PLACEMENT_3D('',#494,#495,#496);
#494=CARTESIAN_POINT('',(5.,1.42979763831066E-15,0.));
#495=DIRECTION('',(1.,2.85843879430401E-16,0.));
#496=DIRECTION('',(3.50057792000303E-32,-1.22464679914735E-16,-1.));
#497=FACE_OUTER_BOUND('',#498,.T.);
#498=EDGE_LOOP('',(#931));
#499=FACE_BOUND('',#500,.T.);
#500=EDGE_LOOP('',(#932,#933));
#501=CYLINDRICAL_SURFACE('',#502,16.);
#502=AXIS2_PLACEMENT_3D('',#503,#504,#505);
#503=CARTESIAN_POINT('',(3.5,0.00791534533174698,0.));
#504=DIRECTION('',(1.,2.85843879430401E-16,0.));
#505=DIRECTION('',(-2.85843879430401E-16,1.,0.));
#506=FACE_OUTER_BOUND('',#507,.T.);
#507=EDGE_LOOP('',(#934));
#508=FACE_OUTER_BOUND('',#509,.T.);
#509=EDGE_LOOP('',(#935));
#510=CYLINDRICAL_SURFACE('',#511,6.);
#511=AXIS2_PLACEMENT_3D('',#512,#513,#514);
#512=CARTESIAN_POINT('',(-5.,-1.42979763831066E-15,0.));
#513=DIRECTION('',(-1.,-2.85843879430401E-16,0.));
#514=DIRECTION('',(3.50057792000303E-32,-1.22464679914735E-16,1.));
#515=FACE_BOUND('',#516,.T.);
#516=EDGE_LOOP('',(#936,#937));
#517=FACE_BOUND('',#518,.T.);
#518=EDGE_LOOP('',(#938,#939));
#519=TOROIDAL_SURFACE('',#520,17.0000000000001,1.);
#520=AXIS2_PLACEMENT_3D('',#521,#522,#523);
#521=CARTESIAN_POINT('',(3.5,0.00791534533174698,0.));
#522=DIRECTION('',(1.,2.85843879430401E-16,0.));
#523=DIRECTION('',(-2.85843879430401E-16,1.,0.));
#524=FACE_BOUND('',#525,.T.);
#525=EDGE_LOOP('',(#940));
#526=FACE_BOUND('',#527,.T.);
#527=EDGE_LOOP('',(#941));
#528=PLANE('',#529);
#529=AXIS2_PLACEMENT_3D('',#530,#531,#532);
#530=CARTESIAN_POINT('',(-18.,-5.14576807090587E-15,0.));
#531=DIRECTION('',(-1.,-2.85843879430401E-16,0.));
#532=DIRECTION('',(3.50057792000303E-32,-1.22464679914735E-16,1.));
#533=FACE_BOUND('',#534,.T.);
#534=EDGE_LOOP('',(#942,#943));
#535=FACE_BOUND('',#536,.T.);
#536=EDGE_LOOP('',(#944,#945));
#537=PLANE('',#538);
#538=AXIS2_PLACEMENT_3D('',#539,#540,#541);
#539=CARTESIAN_POINT('',(2.50000000000006,0.0079153453317467,0.));
#540=DIRECTION('',(1.,2.85843879430401E-16,0.));
#541=DIRECTION('',(-2.85843879430401E-16,1.,0.));
#542=FACE_OUTER_BOUND('',#543,.T.);
#543=EDGE_LOOP('',(#946));
#544=FACE_OUTER_BOUND('',#545,.T.);
#545=EDGE_LOOP('',(#947));
#546=CYLINDRICAL_SURFACE('',#547,13.);
#547=AXIS2_PLACEMENT_3D('',#548,#549,#550);
#548=CARTESIAN_POINT('',(-5.,-1.42979763831066E-15,0.));
#549=DIRECTION('',(-1.,-2.85843879430401E-16,0.));
#550=DIRECTION('',(3.50057792000303E-32,-1.22464679914735E-16,1.));
#551=FACE_BOUND('',#552,.T.);
#552=EDGE_LOOP('',(#948,#949));
#553=FACE_BOUND('',#554,.T.);
#554=EDGE_LOOP('',(#950,#951));
#555=TOROIDAL_SURFACE('',#556,26.6284210967505,1.);
#556=AXIS2_PLACEMENT_3D('',#557,#558,#559);
#557=CARTESIAN_POINT('',(3.50000000000001,0.00791534533174698,0.));
#558=DIRECTION('',(1.,2.85843879430401E-16,0.));
#559=DIRECTION('',(-2.85843879430401E-16,1.,0.));
#560=FACE_BOUND('',#561,.T.);
#561=EDGE_LOOP('',(#952));
#562=FACE_BOUND('',#563,.T.);
#563=EDGE_LOOP('',(#953));
#564=PLANE('',#565);
#565=AXIS2_PLACEMENT_3D('',#566,#567,#568);
#566=CARTESIAN_POINT('',(-15.,0.00791534533174169,0.));
#567=DIRECTION('',(-1.,-2.85843879430401E-16,0.));
#568=DIRECTION('',(-2.85843879430401E-16,1.,0.));
#569=FACE_OUTER_BOUND('',#570,.T.);
#570=EDGE_LOOP('',(#954));
#571=FACE_BOUND('',#572,.T.);
#572=EDGE_LOOP('',(#955,#956));
#573=CONICAL_SURFACE('',#574,31.2472232502675,0.463943751773521);
#574=AXIS2_PLACEMENT_3D('',#575,#576,#577);
#575=CARTESIAN_POINT('',(10.5,0.00791534533174898,0.));
#576=DIRECTION('',(1.,2.85843879430401E-16,0.));
#577=DIRECTION('',(-2.85843879430401E-16,1.,0.));
#578=FACE_OUTER_BOUND('',#579,.T.);
#579=EDGE_LOOP('',(#957));
#580=FACE_OUTER_BOUND('',#581,.T.);
#581=EDGE_LOOP('',(#958));
#582=CONICAL_SURFACE('',#583,15.5,0.785398163397447);
#583=AXIS2_PLACEMENT_3D('',#584,#585,#586);
#584=CARTESIAN_POINT('',(-14.5,0.00791534533174184,0.));
#585=DIRECTION('',(1.,2.85843879430401E-16,0.));
#586=DIRECTION('',(-2.85843879430401E-16,1.,0.));
#587=FACE_BOUND('',#588,.T.);
#588=EDGE_LOOP('',(#959));
#589=FACE_BOUND('',#590,.T.);
#590=EDGE_LOOP('',(#960));
#591=FACE_BOUND('',#592,.T.);
#592=EDGE_LOOP('',(#961));
#593=FACE_BOUND('',#594,.T.);
#594=EDGE_LOOP('',(#962));
#595=FACE_BOUND('',#596,.T.);
#596=EDGE_LOOP('',(#963));
#597=FACE_BOUND('',#598,.T.);
#598=EDGE_LOOP('',(#964));
#599=FACE_BOUND('',#600,.T.);
#600=EDGE_LOOP('',(#965));
#601=FACE_BOUND('',#602,.T.);
#602=EDGE_LOOP('',(#966));
#603=PLANE('',#604);
#604=AXIS2_PLACEMENT_3D('',#605,#606,#607);
#605=CARTESIAN_POINT('',(18.,0.00791534533175113,0.));
#606=DIRECTION('',(1.,2.85843879430401E-16,0.));
#607=DIRECTION('',(-2.85843879430401E-16,1.,0.));
#608=FACE_BOUND('',#609,.T.);
#609=EDGE_LOOP('',(#967,#968));
#610=FACE_OUTER_BOUND('',#611,.T.);
#611=EDGE_LOOP('',(#969));
#612=CYLINDRICAL_SURFACE('',#613,16.);
#613=AXIS2_PLACEMENT_3D('',#614,#615,#616);
#614=CARTESIAN_POINT('',(-14.,0.00791534533174198,0.));
#615=DIRECTION('',(1.,2.85843879430401E-16,0.));
#616=DIRECTION('',(-2.85843879430401E-16,1.,0.));
#617=FACE_OUTER_BOUND('',#618,.T.);
#618=EDGE_LOOP('',(#970));
#619=FACE_OUTER_BOUND('',#620,.T.);
#620=EDGE_LOOP('',(#971));
#621=CYLINDRICAL_SURFACE('',#622,90.0000000000001);
#622=AXIS2_PLACEMENT_3D('',#623,#624,#625);
#623=CARTESIAN_POINT('',(14.,0.00791534533174998,0.));
#624=DIRECTION('',(1.,2.85843879430401E-16,0.));
#625=DIRECTION('',(-2.85843879430401E-16,1.,0.));
#626=FACE_OUTER_BOUND('',#627,.T.);
#627=EDGE_LOOP('',(#972));
#628=FACE_OUTER_BOUND('',#629,.T.);
#629=EDGE_LOOP('',(#973));
#630=CYLINDRICAL_SURFACE('',#631,4.);
#631=AXIS2_PLACEMENT_3D('',#632,#633,#634);
#632=CARTESIAN_POINT('',(24.,38.7645364721845,67.1131456484465));
#633=DIRECTION('',(-1.,-2.85843879430401E-16,0.));
#634=DIRECTION('',(0.,0.,-1.));
#635=FACE_OUTER_BOUND('',#636,.T.);
#636=EDGE_LOOP('',(#974));
#637=FACE_OUTER_BOUND('',#638,.T.);
#638=EDGE_LOOP('',(#975));
#639=CYLINDRICAL_SURFACE('',#640,4.);
#640=AXIS2_PLACEMENT_3D('',#641,#642,#643);
#641=CARTESIAN_POINT('',(24.,74.8671668827345,-20.0584759954453));
#642=DIRECTION('',(-1.,-2.85843879430401E-16,0.));
#643=DIRECTION('',(7.39818399225762E-17,-0.25881904510252,-0.965925826289068));
#644=FACE_OUTER_BOUND('',#645,.T.);
#645=EDGE_LOOP('',(#976));
#646=FACE_OUTER_BOUND('',#647,.T.);
#647=EDGE_LOOP('',(#977));
#648=CYLINDRICAL_SURFACE('',#649,4.);
#649=AXIS2_PLACEMENT_3D('',#650,#651,#652);
#650=CARTESIAN_POINT('',(24.,0.00791534533174574,-77.5));
#651=DIRECTION('',(-1.,-2.85843879430401E-16,0.));
#652=DIRECTION('',(0.,0.,-1.));
#653=FACE_OUTER_BOUND('',#654,.T.);
#654=EDGE_LOOP('',(#978));
#655=FACE_OUTER_BOUND('',#656,.T.);
#656=EDGE_LOOP('',(#979));
#657=CYLINDRICAL_SURFACE('',#658,4.25);
#658=AXIS2_PLACEMENT_3D('',#659,#660,#661);
#659=CARTESIAN_POINT('',(382.,25.0000000000001,-43.3012701892219));
#660=DIRECTION('',(-1.,-2.85843879430401E-16,0.));
#661=DIRECTION('',(0.,0.,-1.));
#662=FACE_OUTER_BOUND('',#663,.T.);
#663=EDGE_LOOP('',(#980));
#664=FACE_OUTER_BOUND('',#665,.T.);
#665=EDGE_LOOP('',(#981));
#666=CYLINDRICAL_SURFACE('',#667,4.25);
#667=AXIS2_PLACEMENT_3D('',#668,#669,#670);
#668=CARTESIAN_POINT('',(382.,25.0000000000001,43.3012701892219));
#669=DIRECTION('',(-1.,-2.85843879430401E-16,0.));
#670=DIRECTION('',(0.,0.,-1.));
#671=FACE_OUTER_BOUND('',#672,.T.);
#672=EDGE_LOOP('',(#982));
#673=FACE_OUTER_BOUND('',#674,.T.);
#674=EDGE_LOOP('',(#983));
#675=CYLINDRICAL_SURFACE('',#676,3.5);
#676=AXIS2_PLACEMENT_3D('',#677,#678,#679);
#677=CARTESIAN_POINT('',(4.00000000000002,-35.3474237139956,35.3553390593274));
#678=DIRECTION('',(1.,2.858438794304E-16,0.));
#679=DIRECTION('',(0.,0.,1.));
#680=FACE_BOUND('',#681,.T.);
#681=EDGE_LOOP('',(#984,#985));
#682=FACE_BOUND('',#683,.T.);
#683=EDGE_LOOP('',(#986,#987));
#684=TOROIDAL_SURFACE('',#685,17.,1.);
#685=AXIS2_PLACEMENT_3D('',#686,#687,#688);
#686=CARTESIAN_POINT('',(-3.5,0.00791534533174498,0.));
#687=DIRECTION('',(1.,2.85843879430401E-16,0.));
#688=DIRECTION('',(-2.85843879430401E-16,1.,0.));
#689=FACE_BOUND('',#690,.T.);
#690=EDGE_LOOP('',(#988));
#691=FACE_BOUND('',#692,.T.);
#692=EDGE_LOOP('',(#989,#990));
#693=FACE_BOUND('',#694,.T.);
#694=EDGE_LOOP('',(#991));
#695=FACE_BOUND('',#696,.T.);
#696=EDGE_LOOP('',(#992));
#697=FACE_BOUND('',#698,.T.);
#698=EDGE_LOOP('',(#993));
#699=PLANE('',#700);
#700=AXIS2_PLACEMENT_3D('',#701,#702,#703);
#701=CARTESIAN_POINT('',(14.,0.00791534533174998,0.));
#702=DIRECTION('',(-1.,-2.85843879430401E-16,0.));
#703=DIRECTION('',(-2.85843879430401E-16,1.,0.));
#704=FACE_BOUND('',#705,.T.);
#705=EDGE_LOOP('',(#994,#995));
#706=FACE_BOUND('',#707,.T.);
#707=EDGE_LOOP('',(#996,#997));
#708=FACE_BOUND('',#709,.T.);
#709=EDGE_LOOP('',(#998));
#710=FACE_BOUND('',#711,.T.);
#711=EDGE_LOOP('',(#999));
#712=CYLINDRICAL_SURFACE('',#713,10.);
#713=AXIS2_PLACEMENT_3D('',#714,#715,#716);
#714=CARTESIAN_POINT('',(-1.99999999999999,18.001978836333,-31.1803419813084));
#715=DIRECTION('',(-1.44428919872333E-16,0.5,-0.866025403784439));
#716=DIRECTION('',(2.44249065417534E-16,-0.866025403784439,-0.5));
#717=FACE_BOUND('',#718,.T.);
#718=EDGE_LOOP('',(#1000,#1001));
#719=FACE_BOUND('',#720,.T.);
#720=EDGE_LOOP('',(#1002,#1003));
#721=FACE_BOUND('',#722,.T.);
#722=EDGE_LOOP('',(#1004));
#723=FACE_BOUND('',#724,.T.);
#724=EDGE_LOOP('',(#1005));
#725=CYLINDRICAL_SURFACE('',#726,9.99999999999999);
#726=AXIS2_PLACEMENT_3D('',#727,#728,#729);
#727=CARTESIAN_POINT('',(-1.99999999999999,18.,31.1769145362398));
#728=DIRECTION('',(-1.45495164045277E-16,0.5,0.866025403784439));
#729=DIRECTION('',(-2.44249065417535E-16,0.866025403784439,-0.5));
#730=FACE_BOUND('',#731,.T.);
#731=EDGE_LOOP('',(#1006));
#732=FACE_BOUND('',#733,.T.);
#733=EDGE_LOOP('',(#1007));
#734=PLANE('',#735);
#735=AXIS2_PLACEMENT_3D('',#736,#737,#738);
#736=CARTESIAN_POINT('',(4.00000000000001,0.,0.));
#737=DIRECTION('',(1.,2.85843879430401E-16,0.));
#738=DIRECTION('',(0.,0.,1.));
#739=FACE_BOUND('',#740,.T.);
#740=EDGE_LOOP('',(#1008,#1009));
#741=FACE_BOUND('',#742,.T.);
#742=EDGE_LOOP('',(#1010,#1011));
#743=PLANE('',#744);
#744=AXIS2_PLACEMENT_3D('',#745,#746,#747);
#745=CARTESIAN_POINT('',(-2.49999999999999,0.00791534533174527,0.));
#746=DIRECTION('',(-1.,-2.85843879430401E-16,0.));
#747=DIRECTION('',(-2.85843879430401E-16,1.,0.));
#748=FACE_BOUND('',#749,.T.);
#749=EDGE_LOOP('',(#1012,#1013));
#750=FACE_BOUND('',#751,.T.);
#751=EDGE_LOOP('',(#1014,#1015,#1016));
#752=TOROIDAL_SURFACE('',#753,62.,2.);
#753=AXIS2_PLACEMENT_3D('',#754,#755,#756);
#754=CARTESIAN_POINT('',(12.,0.00791534533174941,0.));
#755=DIRECTION('',(1.,2.85843879430401E-16,0.));
#756=DIRECTION('',(-2.85843879430401E-16,1.,0.));
#757=FACE_BOUND('',#758,.T.);
#758=EDGE_LOOP('',(#1017,#1018));
#759=PLANE('',#760);
#760=AXIS2_PLACEMENT_3D('',#761,#762,#763);
#761=CARTESIAN_POINT('',(-1.99999999999999,18.001978836333,-31.1803419813084));
#762=DIRECTION('',(1.44428919872333E-16,-0.5,0.866025403784439));
#763=DIRECTION('',(2.44249065417534E-16,-0.866025403784439,-0.5));
#764=FACE_BOUND('',#765,.T.);
#765=EDGE_LOOP('',(#1019,#1020,#1021));
#766=FACE_BOUND('',#767,.T.);
#767=EDGE_LOOP('',(#1022,#1023,#1024,#1025,#1026,#1027));
#768=FACE_BOUND('',#769,.T.);
#769=EDGE_LOOP('',(#1028,#1029));
#770=FACE_BOUND('',#771,.T.);
#771=EDGE_LOOP('',(#1030,#1031));
#772=CYLINDRICAL_SURFACE('',#773,60.);
#773=AXIS2_PLACEMENT_3D('',#774,#775,#776);
#774=CARTESIAN_POINT('',(-18.,0.00791534533174084,0.));
#775=DIRECTION('',(1.,2.85843879430401E-16,0.));
#776=DIRECTION('',(-2.85843879430401E-16,1.,0.));
#777=FACE_OUTER_BOUND('',#778,.T.);
#778=EDGE_LOOP('',(#1032));
#779=FACE_OUTER_BOUND('',#780,.T.);
#780=EDGE_LOOP('',(#1033));
#781=CYLINDRICAL_SURFACE('',#782,4.25);
#782=AXIS2_PLACEMENT_3D('',#783,#784,#785);
#783=CARTESIAN_POINT('',(382.,25.0000000000001,-43.3012701892219));
#784=DIRECTION('',(-1.,-2.85843879430401E-16,0.));
#785=DIRECTION('',(0.,0.,-1.));
#786=FACE_BOUND('',#787,.T.);
#787=EDGE_LOOP('',(#1034,#1035));
#788=PLANE('',#789);
#789=AXIS2_PLACEMENT_3D('',#790,#791,#792);
#790=CARTESIAN_POINT('',(-1.99999999999999,18.,31.1769145362398));
#791=DIRECTION('',(1.45495164045277E-16,-0.5,-0.866025403784439));
#792=DIRECTION('',(-2.44249065417535E-16,0.866025403784439,-0.5));
#793=FACE_OUTER_BOUND('',#794,.T.);
#794=EDGE_LOOP('',(#1036));
#795=FACE_OUTER_BOUND('',#796,.T.);
#796=EDGE_LOOP('',(#1037));
#797=CYLINDRICAL_SURFACE('',#798,4.25);
#798=AXIS2_PLACEMENT_3D('',#799,#800,#801);
#799=CARTESIAN_POINT('',(382.,25.0000000000001,43.3012701892219));
#800=DIRECTION('',(-1.,-2.85843879430401E-16,0.));
#801=DIRECTION('',(0.,0.,-1.));
#802=FACE_OUTER_BOUND('',#803,.T.);
#803=EDGE_LOOP('',(#1038));
#804=FACE_OUTER_BOUND('',#805,.T.);
#805=EDGE_LOOP('',(#1039));
#806=CYLINDRICAL_SURFACE('',#807,3.);
#807=AXIS2_PLACEMENT_3D('',#808,#809,#810);
#808=CARTESIAN_POINT('',(18.0000000000001,-35.3474237139956,35.3553390593274));
#809=DIRECTION('',(-1.,-2.858438794304E-16,0.));
#810=DIRECTION('',(0.,0.,-1.));
#811=FACE_BOUND('',#812,.T.);
#812=EDGE_LOOP('',(#1040,#1041));
#813=FACE_BOUND('',#814,.T.);
#814=EDGE_LOOP('',(#1042,#1043));
#815=TOROIDAL_SURFACE('',#816,26.6284210967505,1.);
#816=AXIS2_PLACEMENT_3D('',#817,#818,#819);
#817=CARTESIAN_POINT('',(-3.49999999999999,0.00791534533174498,0.));
#818=DIRECTION('',(1.,2.85843879430401E-16,0.));
#819=DIRECTION('',(-2.85843879430401E-16,1.,0.));
#820=FACE_BOUND('',#821,.T.);
#821=EDGE_LOOP('',(#1044,#1045,#1046,#1047,#1048,#1049));
#822=TOROIDAL_SURFACE('',#823,58.,2.);
#823=AXIS2_PLACEMENT_3D('',#824,#825,#826);
#824=CARTESIAN_POINT('',(-16.,0.00791534533174141,0.));
#825=DIRECTION('',(1.,2.85843879430401E-16,0.));
#826=DIRECTION('',(2.21016110493766E-16,-0.773205677638378,0.634155328029164));
#827=FACE_BOUND('',#828,.T.);
#828=EDGE_LOOP('',(#1050,#1051,#1052,#1053,#1054));
#829=PLANE('',#830);
#830=AXIS2_PLACEMENT_3D('',#831,#832,#833);
#831=CARTESIAN_POINT('',(-3.99999999999997,-34.7540181695065,48.9040691385693));
#832=DIRECTION('',(-2.95546815752241E-16,0.70710678118655,0.707106781186545));
#833=DIRECTION('',(-1.93908529821478E-16,0.707106781186545,-0.70710678118655));
#834=FACE_BOUND('',#835,.T.);
#835=EDGE_LOOP('',(#1055,#1056,#1057,#1058));
#836=FACE_BOUND('',#837,.T.);
#837=EDGE_LOOP('',(#1059));
#838=PLANE('',#839);
#839=AXIS2_PLACEMENT_3D('',#840,#841,#842);
#840=CARTESIAN_POINT('',(-3.99999999999998,0.,0.));
#841=DIRECTION('',(-1.,-2.85843879430401E-16,0.));
#842=DIRECTION('',(0.,0.,-1.));
#843=FACE_BOUND('',#844,.T.);
#844=EDGE_LOOP('',(#1060,#1061,#1062,#1063,#1064));
#845=PLANE('',#846);
#846=AXIS2_PLACEMENT_3D('',#847,#848,#849);
#847=CARTESIAN_POINT('',(-3.99999999999997,-42.4184915258611,28.2842712474619));
#848=DIRECTION('',(2.9554681575224E-16,-0.707106781186548,-0.707106781186547));
#849=DIRECTION('',(1.93908529821478E-16,-0.707106781186547,0.707106781186548));
#850=FACE_BOUND('',#851,.T.);
#851=EDGE_LOOP('',(#1065,#1066,#1067,#1068));
#852=FACE_BOUND('',#853,.T.);
#853=EDGE_LOOP('',(#1069));
#854=FACE_BOUND('',#855,.T.);
#855=EDGE_LOOP('',(#1070));
#856=FACE_BOUND('',#857,.T.);
#857=EDGE_LOOP('',(#1071));
#858=PLANE('',#859);
#859=AXIS2_PLACEMENT_3D('',#860,#861,#862);
#860=CARTESIAN_POINT('',(-18.,0.00791534533174084,0.));
#861=DIRECTION('',(-1.,-2.85843879430401E-16,0.));
#862=DIRECTION('',(-2.85843879430401E-16,1.,0.));
#863=FACE_BOUND('',#864,.T.);
#864=EDGE_LOOP('',(#1072,#1073));
#865=FACE_OUTER_BOUND('',#866,.T.);
#866=EDGE_LOOP('',(#1074));
#867=CONICAL_SURFACE('',#868,31.2472232502675,0.463943751773522);
#868=AXIS2_PLACEMENT_3D('',#869,#870,#871);
#869=CARTESIAN_POINT('',(-10.5,0.00791534533174298,0.));
#870=DIRECTION('',(-1.,-2.85843879430401E-16,0.));
#871=DIRECTION('',(2.85843879430401E-16,-1.,0.));
#872=FACE_BOUND('',#873,.T.);
#873=EDGE_LOOP('',(#1075,#1076,#1077,#1078));
#874=CYLINDRICAL_SURFACE('',#875,10.);
#875=AXIS2_PLACEMENT_3D('',#876,#877,#878);
#876=CARTESIAN_POINT('',(-3.99999999999997,-35.3474237139956,35.3553390593274));
#877=DIRECTION('',(-1.,-2.85843879430401E-16,0.));
#878=DIRECTION('',(-2.02122145505907E-16,0.707106781186548,0.707106781186547));
#879=FACE_OUTER_BOUND('',#880,.T.);
#880=EDGE_LOOP('',(#1079));
#881=FACE_OUTER_BOUND('',#882,.T.);
#882=EDGE_LOOP('',(#1080));
#883=CONICAL_SURFACE('',#884,12.5,0.785398163397448);
#884=AXIS2_PLACEMENT_3D('',#885,#886,#887);
#885=CARTESIAN_POINT('',(17.5,5.00284613119067E-15,0.));
#886=DIRECTION('',(-1.,-2.85843879430401E-16,0.));
#887=DIRECTION('',(-3.50057792000303E-32,1.22464679914735E-16,1.));
#888=FACE_OUTER_BOUND('',#889,.T.);
#889=EDGE_LOOP('',(#1081));
#890=FACE_OUTER_BOUND('',#891,.T.);
#891=EDGE_LOOP('',(#1082));
#892=CONICAL_SURFACE('',#893,12.5,0.785398163397448);
#893=AXIS2_PLACEMENT_3D('',#894,#895,#896);
#894=CARTESIAN_POINT('',(-17.5,-5.00284613119067E-15,0.));
#895=DIRECTION('',(1.,2.85843879430401E-16,0.));
#896=DIRECTION('',(-3.50057792000303E-32,1.22464679914735E-16,-1.));
#897=FACE_OUTER_BOUND('',#898,.T.);
#898=EDGE_LOOP('',(#1083));
#899=FACE_OUTER_BOUND('',#900,.T.);
#900=EDGE_LOOP('',(#1084));
#901=CONICAL_SURFACE('',#902,6.5,0.785398163397448);
#902=AXIS2_PLACEMENT_3D('',#903,#904,#905);
#903=CARTESIAN_POINT('',(17.5,5.00284613119067E-15,0.));
#904=DIRECTION('',(1.,2.85843879430401E-16,0.));
#905=DIRECTION('',(3.50057792000302E-32,-1.22464679914735E-16,-1.));
#906=FACE_OUTER_BOUND('',#907,.T.);
#907=EDGE_LOOP('',(#1085));
#908=FACE_OUTER_BOUND('',#909,.T.);
#909=EDGE_LOOP('',(#1086));
#910=CONICAL_SURFACE('',#911,6.5,0.785398163397448);
#911=AXIS2_PLACEMENT_3D('',#912,#913,#914);
#912=CARTESIAN_POINT('',(-17.5,-5.00284613119067E-15,0.));
#913=DIRECTION('',(-1.,-2.85843879430401E-16,0.));
#914=DIRECTION('',(3.50057792000302E-32,-1.22464679914735E-16,1.));
#915=ORIENTED_EDGE('',*,*,#1087,.T.);
#916=ORIENTED_EDGE('',*,*,#1088,.F.);
#917=ORIENTED_EDGE('',*,*,#1089,.F.);
#918=ORIENTED_EDGE('',*,*,#1090,.F.);
#919=ORIENTED_EDGE('',*,*,#1091,.F.);
#920=ORIENTED_EDGE('',*,*,#1088,.T.);
#921=ORIENTED_EDGE('',*,*,#1089,.T.);
#922=ORIENTED_EDGE('',*,*,#1092,.T.);
#923=ORIENTED_EDGE('',*,*,#1087,.F.);
#924=ORIENTED_EDGE('',*,*,#1093,.T.);
#925=ORIENTED_EDGE('',*,*,#1090,.T.);
#926=ORIENTED_EDGE('',*,*,#1094,.T.);
#927=ORIENTED_EDGE('',*,*,#1095,.T.);
#928=ORIENTED_EDGE('',*,*,#1096,.T.);
#929=ORIENTED_EDGE('',*,*,#1097,.F.);
#930=ORIENTED_EDGE('',*,*,#1092,.F.);
#931=ORIENTED_EDGE('',*,*,#1093,.F.);
#932=ORIENTED_EDGE('',*,*,#1098,.T.);
#933=ORIENTED_EDGE('',*,*,#1099,.T.);
#934=ORIENTED_EDGE('',*,*,#1094,.F.);
#935=ORIENTED_EDGE('',*,*,#1100,.F.);
#936=ORIENTED_EDGE('',*,*,#1099,.F.);
#937=ORIENTED_EDGE('',*,*,#1098,.F.);
#938=ORIENTED_EDGE('',*,*,#1101,.T.);
#939=ORIENTED_EDGE('',*,*,#1102,.T.);
#940=ORIENTED_EDGE('',*,*,#1103,.T.);
#941=ORIENTED_EDGE('',*,*,#1104,.T.);
#942=ORIENTED_EDGE('',*,*,#1105,.T.);
#943=ORIENTED_EDGE('',*,*,#1106,.T.);
#944=ORIENTED_EDGE('',*,*,#1102,.F.);
#945=ORIENTED_EDGE('',*,*,#1101,.F.);
#946=ORIENTED_EDGE('',*,*,#1107,.T.);
#947=ORIENTED_EDGE('',*,*,#1108,.F.);
#948=ORIENTED_EDGE('',*,*,#1109,.T.);
#949=ORIENTED_EDGE('',*,*,#1110,.T.);
#950=ORIENTED_EDGE('',*,*,#1106,.F.);
#951=ORIENTED_EDGE('',*,*,#1105,.F.);
#952=ORIENTED_EDGE('',*,*,#1111,.F.);
#953=ORIENTED_EDGE('',*,*,#1107,.F.);
#954=ORIENTED_EDGE('',*,*,#1112,.T.);
#955=ORIENTED_EDGE('',*,*,#1110,.F.);
#956=ORIENTED_EDGE('',*,*,#1109,.F.);
#957=ORIENTED_EDGE('',*,*,#1113,.F.);
#958=ORIENTED_EDGE('',*,*,#1111,.T.);
#959=ORIENTED_EDGE('',*,*,#1114,.T.);
#960=ORIENTED_EDGE('',*,*,#1115,.T.);
#961=ORIENTED_EDGE('',*,*,#1116,.T.);
#962=ORIENTED_EDGE('',*,*,#1117,.T.);
#963=ORIENTED_EDGE('',*,*,#1118,.T.);
#964=ORIENTED_EDGE('',*,*,#1119,.T.);
#965=ORIENTED_EDGE('',*,*,#1112,.F.);
#966=ORIENTED_EDGE('',*,*,#1120,.T.);
#967=ORIENTED_EDGE('',*,*,#1121,.F.);
#968=ORIENTED_EDGE('',*,*,#1122,.F.);
#969=ORIENTED_EDGE('',*,*,#1113,.T.);
#970=ORIENTED_EDGE('',*,*,#1114,.F.);
#971=ORIENTED_EDGE('',*,*,#1123,.T.);
#972=ORIENTED_EDGE('',*,*,#1115,.F.);
#973=ORIENTED_EDGE('',*,*,#1124,.F.);
#974=ORIENTED_EDGE('',*,*,#1116,.F.);
#975=ORIENTED_EDGE('',*,*,#1125,.F.);
#976=ORIENTED_EDGE('',*,*,#1117,.F.);
#977=ORIENTED_EDGE('',*,*,#1126,.F.);
#978=ORIENTED_EDGE('',*,*,#1118,.F.);
#979=ORIENTED_EDGE('',*,*,#1127,.T.);
#980=ORIENTED_EDGE('',*,*,#1119,.F.);
#981=ORIENTED_EDGE('',*,*,#1128,.T.);
#982=ORIENTED_EDGE('',*,*,#1120,.F.);
#983=ORIENTED_EDGE('',*,*,#1129,.F.);
#984=ORIENTED_EDGE('',*,*,#1130,.F.);
#985=ORIENTED_EDGE('',*,*,#1131,.F.);
#986=ORIENTED_EDGE('',*,*,#1122,.T.);
#987=ORIENTED_EDGE('',*,*,#1121,.T.);
#988=ORIENTED_EDGE('',*,*,#1123,.F.);
#989=ORIENTED_EDGE('',*,*,#1132,.T.);
#990=ORIENTED_EDGE('',*,*,#1133,.T.);
#991=ORIENTED_EDGE('',*,*,#1126,.T.);
#992=ORIENTED_EDGE('',*,*,#1125,.T.);
#993=ORIENTED_EDGE('',*,*,#1124,.T.);
#994=ORIENTED_EDGE('',*,*,#1134,.F.);
#995=ORIENTED_EDGE('',*,*,#1135,.F.);
#996=ORIENTED_EDGE('',*,*,#1136,.F.);
#997=ORIENTED_EDGE('',*,*,#1137,.F.);
#998=ORIENTED_EDGE('',*,*,#1127,.F.);
#999=ORIENTED_EDGE('',*,*,#1138,.F.);
#1000=ORIENTED_EDGE('',*,*,#1139,.F.);
#1001=ORIENTED_EDGE('',*,*,#1140,.F.);
#1002=ORIENTED_EDGE('',*,*,#1141,.F.);
#1003=ORIENTED_EDGE('',*,*,#1142,.F.);
#1004=ORIENTED_EDGE('',*,*,#1128,.F.);
#1005=ORIENTED_EDGE('',*,*,#1143,.F.);
#1006=ORIENTED_EDGE('',*,*,#1129,.T.);
#1007=ORIENTED_EDGE('',*,*,#1144,.F.);
#1008=ORIENTED_EDGE('',*,*,#1145,.F.);
#1009=ORIENTED_EDGE('',*,*,#1146,.F.);
#1010=ORIENTED_EDGE('',*,*,#1131,.T.);
#1011=ORIENTED_EDGE('',*,*,#1130,.T.);
#1012=ORIENTED_EDGE('',*,*,#1133,.F.);
#1013=ORIENTED_EDGE('',*,*,#1132,.F.);
#1014=ORIENTED_EDGE('',*,*,#1147,.T.);
#1015=ORIENTED_EDGE('',*,*,#1148,.T.);
#1016=ORIENTED_EDGE('',*,*,#1149,.T.);
#1017=ORIENTED_EDGE('',*,*,#1136,.T.);
#1018=ORIENTED_EDGE('',*,*,#1137,.T.);
#1019=ORIENTED_EDGE('',*,*,#1149,.F.);
#1020=ORIENTED_EDGE('',*,*,#1148,.F.);
#1021=ORIENTED_EDGE('',*,*,#1147,.F.);
#1022=ORIENTED_EDGE('',*,*,#1150,.T.);
#1023=ORIENTED_EDGE('',*,*,#1151,.T.);
#1024=ORIENTED_EDGE('',*,*,#1152,.T.);
#1025=ORIENTED_EDGE('',*,*,#1153,.T.);
#1026=ORIENTED_EDGE('',*,*,#1154,.T.);
#1027=ORIENTED_EDGE('',*,*,#1155,.T.);
#1028=ORIENTED_EDGE('',*,*,#1140,.T.);
#1029=ORIENTED_EDGE('',*,*,#1139,.T.);
#1030=ORIENTED_EDGE('',*,*,#1134,.T.);
#1031=ORIENTED_EDGE('',*,*,#1135,.T.);
#1032=ORIENTED_EDGE('',*,*,#1138,.T.);
#1033=ORIENTED_EDGE('',*,*,#1156,.F.);
#1034=ORIENTED_EDGE('',*,*,#1142,.T.);
#1035=ORIENTED_EDGE('',*,*,#1141,.T.);
#1036=ORIENTED_EDGE('',*,*,#1143,.T.);
#1037=ORIENTED_EDGE('',*,*,#1157,.F.);
#1038=ORIENTED_EDGE('',*,*,#1144,.T.);
#1039=ORIENTED_EDGE('',*,*,#1158,.F.);
#1040=ORIENTED_EDGE('',*,*,#1146,.T.);
#1041=ORIENTED_EDGE('',*,*,#1145,.T.);
#1042=ORIENTED_EDGE('',*,*,#1159,.F.);
#1043=ORIENTED_EDGE('',*,*,#1160,.F.);
#1044=ORIENTED_EDGE('',*,*,#1153,.F.);
#1045=ORIENTED_EDGE('',*,*,#1152,.F.);
#1046=ORIENTED_EDGE('',*,*,#1161,.T.);
#1047=ORIENTED_EDGE('',*,*,#1162,.T.);
#1048=ORIENTED_EDGE('',*,*,#1163,.T.);
#1049=ORIENTED_EDGE('',*,*,#1154,.F.);
#1050=ORIENTED_EDGE('',*,*,#1163,.F.);
#1051=ORIENTED_EDGE('',*,*,#1164,.F.);
#1052=ORIENTED_EDGE('',*,*,#1165,.F.);
#1053=ORIENTED_EDGE('',*,*,#1166,.F.);
#1054=ORIENTED_EDGE('',*,*,#1155,.F.);
#1055=ORIENTED_EDGE('',*,*,#1150,.F.);
#1056=ORIENTED_EDGE('',*,*,#1166,.T.);
#1057=ORIENTED_EDGE('',*,*,#1167,.T.);
#1058=ORIENTED_EDGE('',*,*,#1168,.T.);
#1059=ORIENTED_EDGE('',*,*,#1158,.T.);
#1060=ORIENTED_EDGE('',*,*,#1161,.F.);
#1061=ORIENTED_EDGE('',*,*,#1151,.F.);
#1062=ORIENTED_EDGE('',*,*,#1168,.F.);
#1063=ORIENTED_EDGE('',*,*,#1169,.T.);
#1064=ORIENTED_EDGE('',*,*,#1170,.F.);
#1065=ORIENTED_EDGE('',*,*,#1162,.F.);
#1066=ORIENTED_EDGE('',*,*,#1170,.T.);
#1067=ORIENTED_EDGE('',*,*,#1171,.T.);
#1068=ORIENTED_EDGE('',*,*,#1164,.T.);
#1069=ORIENTED_EDGE('',*,*,#1172,.T.);
#1070=ORIENTED_EDGE('',*,*,#1157,.T.);
#1071=ORIENTED_EDGE('',*,*,#1156,.T.);
#1072=ORIENTED_EDGE('',*,*,#1160,.T.);
#1073=ORIENTED_EDGE('',*,*,#1159,.T.);
#1074=ORIENTED_EDGE('',*,*,#1172,.F.);
#1075=ORIENTED_EDGE('',*,*,#1171,.F.);
#1076=ORIENTED_EDGE('',*,*,#1169,.F.);
#1077=ORIENTED_EDGE('',*,*,#1167,.F.);
#1078=ORIENTED_EDGE('',*,*,#1165,.T.);
#1079=ORIENTED_EDGE('',*,*,#1095,.F.);
#1080=ORIENTED_EDGE('',*,*,#1091,.T.);
#1081=ORIENTED_EDGE('',*,*,#1108,.T.);
#1082=ORIENTED_EDGE('',*,*,#1103,.F.);
#1083=ORIENTED_EDGE('',*,*,#1096,.F.);
#1084=ORIENTED_EDGE('',*,*,#1097,.T.);
#1085=ORIENTED_EDGE('',*,*,#1100,.T.);
#1086=ORIENTED_EDGE('',*,*,#1104,.F.);
#1087=EDGE_CURVE('',#1173,#1173,#1174,.T.);
#1088=EDGE_CURVE('',#1175,#1175,#1176,.T.);
#1089=EDGE_CURVE('',#1177,#1177,#1178,.T.);
#1090=EDGE_CURVE('',#1179,#1179,#1180,.F.);
#1091=EDGE_CURVE('',#1181,#1181,#1182,.T.);
#1092=EDGE_CURVE('',#1183,#1183,#1184,.T.);
#1093=EDGE_CURVE('',#1185,#1185,#1186,.T.);
#1094=EDGE_CURVE('',#1187,#1187,#1188,.T.);
#1095=EDGE_CURVE('',#1189,#1189,#1190,.T.);
#1096=EDGE_CURVE('',#1191,#1191,#1192,.F.);
#1097=EDGE_CURVE('',#1193,#1193,#1194,.F.);
#1098=EDGE_CURVE('',#1195,#1196,#1197,.T.);
#1099=EDGE_CURVE('',#1196,#1195,#1198,.T.);
#1100=EDGE_CURVE('',#1199,#1199,#1200,.F.);
#1101=EDGE_CURVE('',#1201,#1202,#1203,.T.);
#1102=EDGE_CURVE('',#1202,#1201,#1204,.T.);
#1103=EDGE_CURVE('',#1205,#1205,#1206,.T.);
#1104=EDGE_CURVE('',#1207,#1207,#1208,.F.);
#1105=EDGE_CURVE('',#1209,#1210,#1211,.T.);
#1106=EDGE_CURVE('',#1210,#1209,#1212,.T.);
#1107=EDGE_CURVE('',#1213,#1213,#1214,.T.);
#1108=EDGE_CURVE('',#1215,#1215,#1216,.T.);
#1109=EDGE_CURVE('',#1217,#1218,#1219,.T.);
#1110=EDGE_CURVE('',#1218,#1217,#1220,.T.);
#1111=EDGE_CURVE('',#1221,#1221,#1222,.T.);
#1112=EDGE_CURVE('',#1223,#1223,#1224,.T.);
#1113=EDGE_CURVE('',#1225,#1225,#1226,.T.);
#1114=EDGE_CURVE('',#1227,#1227,#1228,.T.);
#1115=EDGE_CURVE('',#1229,#1229,#1230,.T.);
#1116=EDGE_CURVE('',#1231,#1231,#1232,.T.);
#1117=EDGE_CURVE('',#1233,#1233,#1234,.T.);
#1118=EDGE_CURVE('',#1235,#1235,#1236,.T.);
#1119=EDGE_CURVE('',#1237,#1237,#1238,.T.);
#1120=EDGE_CURVE('',#1239,#1239,#1240,.F.);
#1121=EDGE_CURVE('',#1241,#1242,#1243,.T.);
#1122=EDGE_CURVE('',#1242,#1241,#1244,.T.);
#1123=EDGE_CURVE('',#1245,#1245,#1246,.T.);
#1124=EDGE_CURVE('',#1247,#1247,#1248,.F.);
#1125=EDGE_CURVE('',#1249,#1249,#1250,.F.);
#1126=EDGE_CURVE('',#1251,#1251,#1252,.F.);
#1127=EDGE_CURVE('',#1253,#1253,#1254,.T.);
#1128=EDGE_CURVE('',#1255,#1255,#1256,.T.);
#1129=EDGE_CURVE('',#1257,#1257,#1258,.T.);
#1130=EDGE_CURVE('',#1259,#1260,#1261,.T.);
#1131=EDGE_CURVE('',#1260,#1259,#1262,.T.);
#1132=EDGE_CURVE('',#1263,#1264,#1265,.T.);
#1133=EDGE_CURVE('',#1264,#1263,#1266,.T.);
#1134=EDGE_CURVE('',#1267,#1268,#1269,.F.);
#1135=EDGE_CURVE('',#1268,#1267,#1270,.F.);
#1136=EDGE_CURVE('',#1271,#1272,#1273,.T.);
#1137=EDGE_CURVE('',#1272,#1271,#1274,.T.);
#1138=EDGE_CURVE('',#1275,#1275,#1276,.T.);
#1139=EDGE_CURVE('',#1277,#1278,#1279,.F.);
#1140=EDGE_CURVE('',#1278,#1277,#1280,.F.);
#1141=EDGE_CURVE('',#1281,#1282,#1283,.T.);
#1142=EDGE_CURVE('',#1282,#1281,#1284,.T.);
#1143=EDGE_CURVE('',#1285,#1285,#1286,.F.);
#1144=EDGE_CURVE('',#1287,#1287,#1288,.F.);
#1145=EDGE_CURVE('',#1289,#1290,#1291,.T.);
#1146=EDGE_CURVE('',#1290,#1289,#1292,.T.);
#1147=EDGE_CURVE('',#1293,#1294,#1295,.T.);
#1148=EDGE_CURVE('',#1294,#1296,#1297,.T.);
#1149=EDGE_CURVE('',#1296,#1293,#1298,.T.);
#1150=EDGE_CURVE('',#1299,#1300,#1301,.T.);
#1151=EDGE_CURVE('',#1300,#1302,#1303,.F.);
#1152=EDGE_CURVE('',#1302,#1304,#1305,.T.);
#1153=EDGE_CURVE('',#1304,#1306,#1307,.T.);
#1154=EDGE_CURVE('',#1306,#1308,#1309,.T.);
#1155=EDGE_CURVE('',#1308,#1299,#1310,.T.);
#1156=EDGE_CURVE('',#1311,#1311,#1312,.F.);
#1157=EDGE_CURVE('',#1313,#1313,#1314,.F.);
#1158=EDGE_CURVE('',#1315,#1315,#1316,.F.);
#1159=EDGE_CURVE('',#1317,#1318,#1319,.T.);
#1160=EDGE_CURVE('',#1318,#1317,#1320,.T.);
#1161=EDGE_CURVE('',#1302,#1321,#1322,.F.);
#1162=EDGE_CURVE('',#1321,#1323,#1324,.T.);
#1163=EDGE_CURVE('',#1323,#1308,#1325,.T.);
#1164=EDGE_CURVE('',#1326,#1323,#1327,.F.);
#1165=EDGE_CURVE('',#1328,#1326,#1329,.T.);
#1166=EDGE_CURVE('',#1299,#1328,#1330,.T.);
#1167=EDGE_CURVE('',#1328,#1331,#1332,.T.);
#1168=EDGE_CURVE('',#1331,#1300,#1333,.T.);
#1169=EDGE_CURVE('',#1331,#1334,#1335,.T.);
#1170=EDGE_CURVE('',#1321,#1334,#1336,.F.);
#1171=EDGE_CURVE('',#1334,#1326,#1337,.F.);
#1172=EDGE_CURVE('',#1338,#1338,#1339,.T.);
#1173=VERTEX_POINT('',#1340);
#1174=CIRCLE('',#1341,15.0000000000001);
#1175=VERTEX_POINT('',#1345);
#1176=CIRCLE('',#1346,13.);
#1177=VERTEX_POINT('',#1350);
#1178=CIRCLE('',#1351,10.);
#1179=VERTEX_POINT('',#1355);
#1180=CIRCLE('',#1356,10.);
#1181=VERTEX_POINT('',#1360);
#1182=CIRCLE('',#1361,13.);
#1183=VERTEX_POINT('',#1365);
#1184=CIRCLE('',#1366,6.);
#1185=VERTEX_POINT('',#1370);
#1186=CIRCLE('',#1371,16.0000000000001);
#1187=VERTEX_POINT('',#1375);
#1188=CIRCLE('',#1376,6.);
#1189=VERTEX_POINT('',#1380);
#1190=CIRCLE('',#1381,12.);
#1191=VERTEX_POINT('',#1385);
#1192=CIRCLE('',#1386,7.);
#1193=VERTEX_POINT('',#1390);
#1194=CIRCLE('',#1391,6.);
#1195=VERTEX_POINT('',#1395);
#1196=VERTEX_POINT('',#1396);
#1197=CIRCLE('',#1397,16.);
#1198=CIRCLE('',#1401,16.);
#1199=VERTEX_POINT('',#1405);
#1200=CIRCLE('',#1406,6.);
#1201=VERTEX_POINT('',#1410);
#1202=VERTEX_POINT('',#1411);
#1203=CIRCLE('',#1412,17.);
#1204=CIRCLE('',#1416,17.);
#1205=VERTEX_POINT('',#1420);
#1206=CIRCLE('',#1421,12.);
#1207=VERTEX_POINT('',#1425);
#1208=CIRCLE('',#1426,7.);
#1209=VERTEX_POINT('',#1430);
#1210=VERTEX_POINT('',#1431);
#1211=CIRCLE('',#1432,26.6284210967504);
#1212=CIRCLE('',#1436,26.6284210967504);
#1213=VERTEX_POINT('',#1440);
#1214=CIRCLE('',#1441,13.);
#1215=VERTEX_POINT('',#1445);
#1216=CIRCLE('',#1446,13.);
#1217=VERTEX_POINT('',#1450);
#1218=VERTEX_POINT('',#1451);
#1219=CIRCLE('',#1452,27.4944465005349);
#1220=CIRCLE('',#1456,27.4944465005349);
#1221=VERTEX_POINT('',#1460);
#1222=CIRCLE('',#1461,15.);
#1223=VERTEX_POINT('',#1465);
#1224=CIRCLE('',#1466,35.0000000000001);
#1225=VERTEX_POINT('',#1470);
#1226=CIRCLE('',#1471,16.);
#1227=VERTEX_POINT('',#1475);
#1228=CIRCLE('',#1476,90.0000000000001);
#1229=VERTEX_POINT('',#1480);
#1230=CIRCLE('',#1481,4.);
#1231=VERTEX_POINT('',#1485);
#1232=CIRCLE('',#1486,4.);
#1233=VERTEX_POINT('',#1490);
#1234=CIRCLE('',#1491,4.);
#1235=VERTEX_POINT('',#1495);
#1236=CIRCLE('',#1496,4.25);
#1237=VERTEX_POINT('',#1500);
#1238=CIRCLE('',#1501,4.25);
#1239=VERTEX_POINT('',#1505);
#1240=CIRCLE('',#1506,3.5);
#1241=VERTEX_POINT('',#1510);
#1242=VERTEX_POINT('',#1511);
#1243=CIRCLE('',#1512,16.);
#1244=CIRCLE('',#1516,16.);
#1245=VERTEX_POINT('',#1520);
#1246=CIRCLE('',#1521,90.0000000000001);
#1247=VERTEX_POINT('',#1525);
#1248=CIRCLE('',#1526,4.);
#1249=VERTEX_POINT('',#1530);
#1250=CIRCLE('',#1531,4.);
#1251=VERTEX_POINT('',#1535);
#1252=CIRCLE('',#1536,4.);
#1253=VERTEX_POINT('',#1540);
#1254=B_SPLINE_CURVE_WITH_KNOTS('',3,
(#1541,#1542,#1543,#1544,#1545,#1546,#1547,#1548,#1549,#1550,#1551,#1552,#1553,#1554,
#1555,#1556,#1557,#1558,#1559,#1560,#1561,#1562,#1563,#1564,#1565,#1566,#1567,#1568,
#1569,#1570,#1571,#1572,#1573,#1574,#1575,#1576,#1577,#1578,#1579,#1580,#1581,#1582,
#1583,#1584,#1585,#1586,#1587,#1588,#1589,#1590,#1591,#1592,#1593,#1594,#1595,#1596,
#1597,#1598,#1599,#1600,#1601,#1602,#1603,#1604,#1605,#1606,#1607,#1608,#1609,#1610,
#1611,#1612,#1613,#1614,#1615,#1616,#1617,#1618,#1619,#1620,#1621,#1622,#1623,#1624,
#1625,#1626,#1627,#1628,#1629,#1630,#1631,#1632,#1633,#1634,#1635,#1636,#1637,#1638,
#1639,#1640,#1641,#1642,#1643,#1644,#1645,#1646,#1647,#1648,#1649,#1650,#1651,#1652,
#1653,#1654,#1655,#1656,#1657,#1658,#1659,#1660,#1661,#1662,#1663,#1664,#1665,#1666,
#1667,#1668,#1669,#1670,#1671,#1672,#1673,#1674,#1675,#1676,#1677,#1678,#1679,#1680,
#1681,#1682,#1683,#1684,#1685,#1686,#1687),
.UNSPECIFIED.,.T.,.F.,
(4,1,1,1,1,1,1,1,1,1,1,1,1,1,1,1,1,1,1,1,1,1,1,1,1,1,1,1,1,1,1,1,1,1,1,1,1,1,1,1,
1,1,1,1,1,1,1,1,1,1,1,1,1,1,1,1,1,1,1,1,1,1,1,1,1,1,1,1,1,1,1,1,1,1,1,1,1,1,1,1,
1,1,1,1,1,1,1,1,1,1,1,1,1,1,1,1,1,1,1,1,1,1,1,1,1,1,1,1,1,1,1,1,1,1,1,1,1,1,1,1,
1,1,1,1,1,1,1,1,1,1,1,1,1,1,1,1,1,1,1,1,1,1,1,1,4),
(0.,0.00699830416104661,0.013949202281452,0.0208444364055792,0.0276484582010336,
0.0344078691644153,0.0431537521014067,0.0517558131737659,0.0601981394020279,0.0668540495397917,
0.0739113383129561,0.0817730567172772,0.0900574424553793,0.0985851556254552,0.10694476315554,
0.11452551654989,0.121478004384349,0.127721248726655,0.133867141338123,0.142189169708059,
0.150786676507532,0.159641563523435,0.167129233915429,0.168135351110816,0.176332841894244,
0.184254620339924,0.190443499059277,0.196836374601412,0.203613291733098,0.210554779108727,
0.217723204304784,0.224941379372345,0.232077803887286,0.23910017719083,0.246045831320902,
0.250090775918342,0.253038522161355,0.260260814684898,0.267650118811609,0.275257651873027,
0.282902898141865,0.290443646975154,0.297857261956981,0.304979068393132,0.311943752950838,
0.318744300525395,0.325522831916509,0.332642077227465,0.340128970133426,0.351057441271033,
0.361919164184944,0.372696602596591,0.379624306695869,0.385852301220506,0.390848717842782,
0.395307115647554,0.3992294805538,0.403155202183131,0.407244177871926,0.411495459065631,
0.417129018969055,0.417669753231379,0.426222336348232,0.435402560685238,0.443431072820324,
0.45001446582348,0.456908686605349,0.464268308264553,0.471786093579179,0.47954648480969,
0.487411239413623,0.49790987948265,0.499998045481648,0.508215600716843,0.518310326732446,
0.525574877453486,0.532744922918499,0.540190355220293,0.5480133630308,0.55656742074328,
0.565496915397546,0.578510156339478,0.591658165004339,0.604923799935667,0.613978441149969,
0.622405184585693,0.629648880135686,0.636318087867152,0.642407844946158,0.648475313033459,
0.65501506650606,0.662066323399971,0.667126328163291,0.669780119542021,0.67765971938116,
0.685364866223301,0.692717942888323,0.701458926557227,0.709911482003234,0.718095765393073,
0.72448854346684,0.731095488974559,0.738111963443275,0.745309431435195,0.750087741413606,
0.752759282890732,0.760270062989579,0.767705406450901,0.775021234733211,0.782072176566262,
0.78898496371981,0.798017007728785,0.807430468742098,0.817242858421112,0.825534338963833,
0.834178040522437,0.843422132009482,0.852923202898581,0.861969305882211,0.870295533533419,
0.877252038951478,0.883539788918027,0.888591603556782,0.893068582832846,0.896957983284866,
0.900835880070514,0.904835706863831,0.908970273114778,0.913371029106806,0.91712674154547,
0.917902774656894,0.922874250087199,0.928158390363379,0.933917670610237,0.939839528823011,
0.94603247603419,0.952321672214629,0.95862744612955,0.96486720287196,0.970773500250709,
0.976412157623077,0.981610080879643,0.986627221789863,0.992696129145215,1.),
.UNSPECIFIED.);
#1255=VERTEX_POINT('',#1688);
#1256=B_SPLINE_CURVE_WITH_KNOTS('',3,
(#1689,#1690,#1691,#1692,#1693,#1694,#1695,#1696,#1697,#1698,#1699,#1700,#1701,#1702,
#1703,#1704,#1705,#1706,#1707,#1708,#1709,#1710,#1711,#1712,#1713,#1714,#1715,#1716,
#1717,#1718,#1719,#1720,#1721,#1722,#1723,#1724,#1725,#1726,#1727,#1728,#1729,#1730,
#1731,#1732,#1733,#1734,#1735,#1736,#1737,#1738,#1739,#1740,#1741,#1742,#1743,#1744,
#1745,#1746,#1747,#1748,#1749,#1750,#1751,#1752,#1753,#1754,#1755,#1756,#1757,#1758,
#1759,#1760,#1761,#1762,#1763,#1764,#1765,#1766),
.UNSPECIFIED.,.T.,.F.,
(4,1,1,1,1,1,1,1,1,1,1,1,1,1,1,1,1,1,1,1,1,1,1,1,1,1,1,1,1,1,1,1,1,1,1,1,1,1,1,1,
1,1,1,1,1,1,1,1,1,1,1,1,1,1,1,1,1,1,1,1,1,1,1,1,1,1,1,1,1,1,1,1,1,1,1,4),
(0.,0.00776425189895973,0.0161267312170517,0.0250796375599531,0.0352431118627925,
0.0460009951067612,0.0595115939538554,0.0731416205792799,0.0828702451274193,0.0868825779796211,
0.0995230693213695,0.113097008509347,0.127846579403353,0.142837726417771,0.158213739406009,
0.173736858793334,0.188717935233013,0.203017939105536,0.216576529018379,0.230079938979098,
0.245984203093569,0.24990604099013,0.263894354340504,0.283485034673776,0.300030945654,
0.31397268121408,0.326475257099069,0.332866010060599,0.339823968790914,0.35494360488822,
0.370985711656054,0.387426398493668,0.40335017205002,0.418007599694196,0.431924313611571,
0.445448663379362,0.459310986623015,0.474135512390094,0.489587544426083,0.499997101357468,
0.506132810430415,0.52314040783383,0.539310561877415,0.554171384758267,0.566991512660127,
0.57908612679273,0.582865800306271,0.590084629187328,0.600716691912911,0.612112238650541,
0.624619854136198,0.639029909146783,0.654228278909053,0.670231731154048,0.686258019242275,
0.702383572377929,0.718590929609741,0.734917841382446,0.749903574437055,0.751282956957943,
0.768341104157593,0.786053264225613,0.804218239002318,0.822177366964532,0.832863453567144,
0.839774975766554,0.857217098371157,0.873789163848935,0.889643444898659,0.905031346646214,
0.920668064265908,0.936312582486702,0.951719816492612,0.967350923528348,0.98343993118908,
1.),
.UNSPECIFIED.);
#1257=VERTEX_POINT('',#1767);
#1258=CIRCLE('',#1768,3.5);
#1259=VERTEX_POINT('',#1772);
#1260=VERTEX_POINT('',#1773);
#1261=CIRCLE('',#1774,17.);
#1262=CIRCLE('',#1778,17.);
#1263=VERTEX_POINT('',#1782);
#1264=VERTEX_POINT('',#1783);
#1265=CIRCLE('',#1784,62.);
#1266=CIRCLE('',#1788,62.);
#1267=VERTEX_POINT('',#1792);
#1268=VERTEX_POINT('',#1793);
#1269=B_SPLINE_CURVE_WITH_KNOTS('',3,
(#1794,#1795,#1796,#1797,#1798,#1799,#1800,#1801,#1802,#1803,#1804,#1805,#1806,#1807,
#1808,#1809,#1810,#1811,#1812,#1813,#1814,#1815,#1816,#1817,#1818,#1819,#1820,#1821,
#1822,#1823,#1824,#1825,#1826,#1827,#1828,#1829,#1830,#1831,#1832,#1833,#1834,#1835,
#1836,#1837,#1838,#1839,#1840,#1841,#1842,#1843,#1844,#1845,#1846,#1847,#1848,#1849,
#1850,#1851,#1852,#1853,#1854,#1855,#1856,#1857,#1858,#1859,#1860,#1861,#1862,#1863,
#1864,#1865,#1866,#1867,#1868,#1869,#1870,#1871,#1872,#1873,#1874,#1875,#1876,#1877,
#1878,#1879,#1880,#1881,#1882,#1883,#1884,#1885,#1886,#1887,#1888,#1889,#1890,#1891,
#1892,#1893,#1894,#1895,#1896,#1897,#1898,#1899,#1900,#1901,#1902,#1903,#1904),
.UNSPECIFIED.,.F.,.F.,
(4,1,1,1,1,1,1,1,1,1,1,1,1,1,1,1,1,1,1,1,1,1,1,1,1,1,1,1,1,1,1,1,1,1,1,1,1,1,1,1,
1,1,1,1,1,1,1,1,1,1,1,1,1,1,1,1,1,1,1,1,1,1,1,1,1,1,1,1,1,1,1,1,1,1,1,1,1,1,1,1,
1,1,1,1,1,1,1,1,1,1,1,1,1,1,1,1,1,1,1,1,1,1,1,1,1,1,1,1,4),
(0.,0.00962051249454611,0.0173786647192572,0.0233235348361145,0.0293265004199589,
0.037624621466696,0.0460833025282093,0.0546963385266414,0.0613311832020985,0.0680738371440908,
0.0749806981329375,0.0819427906110916,0.0897993488817872,0.0984904961876399,0.111164686628938,
0.126925038205171,0.141777807363537,0.152615610583261,0.159461071100002,0.166279178620196,
0.173153550757038,0.180116494863608,0.187283317590742,0.194563801383508,0.202194388326866,
0.21005923572972,0.218294896203277,0.226674776910602,0.236581314388029,0.247869489655609,
0.261785593607079,0.276972637159212,0.301359965350182,0.325834493846622,0.350360857378695,
0.365837829880851,0.380125061873031,0.391862613731324,0.402212349397742,0.410931734585542,
0.419412140320532,0.4278221327499,0.43638999693818,0.444669389402258,0.452501370074896,
0.459457238201479,0.465985937231471,0.471245854986359,0.475668320040985,0.479232036721565,
0.482775131868054,0.486333934114599,0.489928142407269,0.493615245517349,0.497361229007107,
0.499998533856305,0.50270970664664,0.50827511972345,0.514055740232863,0.518684341178792,
0.523488279288955,0.528565086440002,0.533736791688025,0.539134831187191,0.544662417083684,
0.550341787929431,0.556045651400747,0.561837040203541,0.567690135122894,0.57364782632686,
0.579652853614169,0.586480860215918,0.594085171035214,0.602628544123615,0.611330512213218,
0.623509158710386,0.635437741476612,0.647099774422548,0.65532381810382,0.663688371206485,
0.673561886862999,0.684803038895511,0.69865802270539,0.713783675307462,0.738118278168015,
0.77047451370249,0.810810487116731,0.843106699486163,0.86730736117686,0.882117569585518,
0.895563369583442,0.906143871568653,0.915202945119023,0.922521099674179,0.929622724883834,
0.936091991962799,0.942149086440005,0.949252856145682,0.955921210060347,0.962151395645934,
0.96646694339649,0.970764734731153,0.97502093074698,0.979251521473661,0.9834412143128,
0.98761686938507,0.991762029399759,0.995890038421618,1.),
.UNSPECIFIED.);
#1270=B_SPLINE_CURVE_WITH_KNOTS('',3,
(#1905,#1906,#1907,#1908,#1909,#1910,#1911,#1912,#1913,#1914,#1915,#1916,#1917,#1918,
#1919,#1920,#1921,#1922,#1923,#1924,#1925,#1926,#1927,#1928,#1929,#1930,#1931,#1932,
#1933,#1934,#1935,#1936,#1937,#1938,#1939,#1940,#1941,#1942,#1943,#1944,#1945,#1946,
#1947,#1948,#1949,#1950,#1951,#1952,#1953,#1954,#1955,#1956,#1957,#1958,#1959,#1960,
#1961,#1962,#1963,#1964,#1965,#1966,#1967,#1968,#1969,#1970,#1971,#1972,#1973,#1974,
#1975,#1976,#1977,#1978,#1979,#1980,#1981,#1982,#1983,#1984,#1985,#1986,#1987,#1988,
#1989,#1990,#1991,#1992,#1993,#1994,#1995,#1996,#1997,#1998,#1999,#2000,#2001,#2002,
#2003,#2004,#2005,#2006,#2007,#2008,#2009,#2010,#2011,#2012,#2013,#2014,#2015,#2016,
#2017,#2018,#2019,#2020,#2021,#2022,#2023,#2024,#2025,#2026,#2027,#2028,#2029,#2030,
#2031,#2032,#2033,#2034,#2035,#2036,#2037,#2038,#2039,#2040,#2041),
.UNSPECIFIED.,.F.,.F.,
(4,1,1,1,1,1,1,1,1,1,1,1,1,1,1,1,1,1,1,1,1,1,1,1,1,1,1,1,1,1,1,1,1,1,1,1,1,1,1,1,
1,1,1,1,1,1,1,1,1,1,1,1,1,1,1,1,1,1,1,1,1,1,1,1,1,1,1,1,1,1,1,1,1,1,1,1,1,1,1,1,
1,1,1,1,1,1,1,1,1,1,1,1,1,1,1,1,1,1,1,1,1,1,1,1,1,1,1,1,1,1,1,1,1,1,1,1,1,1,1,1,
1,1,1,1,1,1,1,1,1,1,1,1,1,1,4),
(0.,0.00492992278394946,0.00986507306458018,0.0148042925894715,0.0197466856885857,
0.024689241548975,0.0296299021023547,0.0345672158747209,0.039500518456823,0.0444345633744902,
0.0495592865082542,0.0548731798645565,0.0605590387769926,0.0664285515840169,0.0735029173615755,
0.0815931029444847,0.0939764272820646,0.109839793405459,0.125091539931156,0.136500419816281,
0.14376734865286,0.150952891360088,0.158028573088492,0.165077579065977,0.174561948032651,
0.184213861157402,0.194023984535787,0.201601885098334,0.209247256682728,0.217020945397891,
0.224857324195502,0.232757872099251,0.240665082129765,0.248545839733658,0.256388859859458,
0.264140552373077,0.2718363986372,0.279390550758062,0.28685340028478,0.294166485097721,
0.301422846424849,0.308460923795771,0.315338308908055,0.321961176227152,0.328484786523499,
0.334747431552397,0.340849364194185,0.346734326446153,0.35256053712678,0.358226359815347,
0.363786250209895,0.369179465870422,0.374514138291578,0.379721403267603,0.384858856823399,
0.389918471674661,0.394970647236622,0.399964971632775,0.404906913768872,0.409745210067542,
0.41453356238996,0.419176090486779,0.423721768243416,0.428125474705179,0.432482311260074,
0.436678407865517,0.440757934397443,0.444643717239433,0.448454052361927,0.453209990440676,
0.457819114358153,0.462280642544298,0.466581221306932,0.470826171345557,0.475019456944933,
0.478169183563129,0.481336036727424,0.484544704950587,0.487778542205973,0.491164940463632,
0.494678476188844,0.498420648303309,0.500003393479885,0.50226320462493,0.506387558260246,
0.510694778299211,0.515267242652838,0.519922067780733,0.524856283088688,0.529988322218031,
0.535433678649506,0.540992490624819,0.54682731925884,0.552828610386269,0.559036852778543,
0.565288136182721,0.571635541990507,0.578034569970804,0.586669626631984,0.596029966540519,
0.606113251145411,0.617803740014469,0.629703780704657,0.641837291215378,0.650678442699461,
0.659084035304636,0.667202989569215,0.675478228525414,0.685323572479177,0.696581997337813,
0.710500181776978,0.725690302842219,0.750109645197425,0.782474376550426,0.814780320696145,
0.839025995878721,0.854005607730495,0.867677438058911,0.878630098368225,0.88814923694117,
0.89858453751949,0.908555660666275,0.918082312748551,0.924669927424636,0.9311282744088,
0.937354708889018,0.943476089787806,0.949532752228602,0.95562550452875,0.96180915252581,
0.968049594078544,0.97437005789726,0.980710710375702,0.989261262497243,1.),
.UNSPECIFIED.);
#1271=VERTEX_POINT('',#2042);
#1272=VERTEX_POINT('',#2043);
#1273=CIRCLE('',#2044,10.);
#1274=CIRCLE('',#2048,10.);
#1275=VERTEX_POINT('',#2052);
#1276=(BOUNDED_CURVE()B_SPLINE_CURVE(3,
(#2053,#2054,#2055,#2056,#2057,#2058,#2059,#2060,#2061,#2062,#2063,#2064,#2065,#2066,
#2067,#2068,#2069,#2070,#2071,#2072,#2073,#2074,#2075,#2076,#2077,#2078,#2079,#2080,
#2081,#2082,#2083,#2084,#2085,#2086,#2087,#2088,#2089,#2090,#2091,#2092,#2093,#2094,
#2095,#2096,#2097,#2098,#2099,#2100,#2101,#2102,#2103,#2104,#2105,#2106,#2107,#2108,
#2109,#2110,#2111,#2112,#2113,#2114,#2115,#2116,#2117,#2118,#2119,#2120,#2121,#2122,
#2123,#2124,#2125,#2126,#2127,#2128,#2129,#2130,#2131),
.UNSPECIFIED.,.T.,.F.)B_SPLINE_CURVE_WITH_KNOTS((4,1,1,1,1,1,1,1,1,1,1,1,1,1,1,1,
1,1,1,1,1,1,1,1,1,1,1,1,1,1,1,1,1,1,1,1,1,1,1,1,1,1,1,1,1,1,1,1,1,1,1,1,1,1,1,1,
1,1,1,1,1,1,1,1,1,1,1,1,1,1,1,1,1,1,1,1,4),
(0.,0.0082119428517698,0.0169072631907191,0.0260791850830925,0.0358386286231189,
0.0456857002893754,0.0548824821124105,0.0633154673293351,0.0712345569980796,0.0793773664205431,
0.0828706468720696,0.0883094299957127,0.0977822956815464,0.108902557309431,0.121106451476326,
0.134400824069552,0.147700775146042,0.161982705573027,0.177246294966491,0.19743746243798,
0.216713432570416,0.235073322722064,0.249911745060635,0.250840456277465,0.268501321404302,
0.287891707325445,0.306614848506784,0.324973211462222,0.332872601698666,0.343100426717548,
0.359133235849678,0.373136612846204,0.385364786238865,0.397830375702814,0.417098604051592,
0.436731996202989,0.456727952793932,0.471425381031224,0.487032188830503,0.500000851652868,
0.503134034601196,0.518817593680159,0.533708270687614,0.548219722012176,0.561433646786841,
0.573733066718702,0.582869228038389,0.584630306201801,0.595042609980399,0.606142181853431,
0.618394338955684,0.632562401160761,0.647486127105377,0.663268269075943,0.679152742099232,
0.695353794210438,0.711770615568392,0.727516582957045,0.742379866600425,0.749908456439656,
0.756025918041236,0.769342720759284,0.784314795898191,0.801081569420366,0.819523273278724,
0.832869265862354,0.835635801975487,0.849599305626077,0.86251625758688,0.876423839994644,
0.891545091828103,0.906888013616354,0.928121986291804,0.948222209803724,0.967188782855951,
0.982177315988237,1.),
.UNSPECIFIED.)CURVE()GEOMETRIC_REPRESENTATION_ITEM()RATIONAL_B_SPLINE_CURVE((1.,
1.,1.,1.,1.,1.,1.,1.,1.,1.,1.,1.,1.,1.,1.,1.,1.,1.,1.,1.,1.,1.,1.,1.,1.,1.,1.,1.,
1.,1.,1.,1.,1.,1.,1.,1.,1.,1.,1.,1.,1.,1.,1.,1.,1.,1.,1.,1.,1.,1.,1.,1.,1.,1.,1.,
1.,1.,1.,1.,1.,1.,1.,1.,1.,1.,1.,1.,1.,1.,1.,1.,1.,1.,1.,1.,1.,1.,1.,1.))REPRESENTATION_ITEM(
''));
#1277=VERTEX_POINT('',#2132);
#1278=VERTEX_POINT('',#2133);
#1279=B_SPLINE_CURVE_WITH_KNOTS('',3,
(#2134,#2135,#2136,#2137,#2138,#2139,#2140,#2141,#2142,#2143,#2144,#2145,#2146,#2147,
#2148,#2149,#2150,#2151,#2152,#2153,#2154,#2155,#2156,#2157,#2158,#2159,#2160,#2161,
#2162,#2163,#2164,#2165,#2166,#2167,#2168,#2169,#2170,#2171,#2172,#2173,#2174,#2175,
#2176,#2177,#2178,#2179,#2180,#2181,#2182,#2183,#2184,#2185,#2186,#2187,#2188,#2189,
#2190,#2191,#2192,#2193,#2194,#2195,#2196,#2197,#2198,#2199,#2200,#2201,#2202,#2203,
#2204,#2205,#2206,#2207,#2208,#2209,#2210,#2211,#2212,#2213,#2214,#2215,#2216,#2217,
#2218,#2219,#2220,#2221,#2222,#2223,#2224,#2225,#2226,#2227,#2228,#2229,#2230,#2231,
#2232,#2233,#2234,#2235,#2236,#2237,#2238,#2239,#2240,#2241,#2242,#2243,#2244,#2245,
#2246,#2247,#2248,#2249,#2250,#2251,#2252,#2253,#2254,#2255,#2256,#2257,#2258,#2259,
#2260,#2261,#2262,#2263,#2264,#2265,#2266,#2267,#2268,#2269,#2270,#2271),
.UNSPECIFIED.,.F.,.F.,
(4,1,1,1,1,1,1,1,1,1,1,1,1,1,1,1,1,1,1,1,1,1,1,1,1,1,1,1,1,1,1,1,1,1,1,1,1,1,1,1,
1,1,1,1,1,1,1,1,1,1,1,1,1,1,1,1,1,1,1,1,1,1,1,1,1,1,1,1,1,1,1,1,1,1,1,1,1,1,1,1,
1,1,1,1,1,1,1,1,1,1,1,1,1,1,1,1,1,1,1,1,1,1,1,1,1,1,1,1,1,1,1,1,1,1,1,1,1,1,1,1,
1,1,1,1,1,1,1,1,1,1,1,1,1,1,1,4),
(0.,0.00493021344166509,0.00986565403944502,0.0148051635661061,0.0197478462353729,
0.0246906914504467,0.0296316410090427,0.0345692436148659,0.039502834837654,0.044437168336589,
0.0495621904703574,0.0548763933009692,0.0605625827093767,0.0664324366087302,0.0735072113793299,
0.0815978634872769,0.0939818940606828,0.109846153553212,0.125098750204556,0.136508259938908,
0.143775585879909,0.150961520801804,0.158037590485206,0.165086987833424,0.174571893923581,
0.184224352373366,0.194035025688696,0.201613330211349,0.20925909591988,0.217033155537773,
0.224869888042076,0.232770764096343,0.240678290914983,0.248559338568552,0.256402632057923,
0.26415457688932,0.271850673038109,0.279405076957541,0.286868185993109,0.294181524299863,
0.301438134920005,0.308666907630834,0.315925852856875,0.323312323755759,0.330790452683315,
0.338565083927873,0.346543274318113,0.354851737550051,0.36329634193934,0.371897184814057,
0.380519940720064,0.389055725368906,0.397485889625445,0.405481031299747,0.413137993636741,
0.420208351151244,0.427029911358106,0.433102217217675,0.438677821115578,0.44349532421009,
0.448053825997977,0.453192629850116,0.457999813984447,0.462474605867779,0.466798679598509,
0.471077528910951,0.475315358805031,0.478516703672316,0.481745501570814,0.485031405518678,
0.488347510765012,0.491836453974526,0.495467689739343,0.499352672367112,0.499998168157361,
0.503347661942331,0.507650164733791,0.512152398720771,0.516941988978954,0.521819935286989,
0.527046323376458,0.532533701429784,0.538454446981076,0.54454506665121,0.551078471952874,
0.557889063219826,0.565067469883914,0.572338853203132,0.579853608984933,0.587514976713228,
0.598077186625266,0.608748582451181,0.619517278704073,0.627608589979114,0.635677870129688,
0.643629876333713,0.651486521614601,0.659171614530049,0.666778006061226,0.678166502247442,
0.693505346470833,0.71287269110539,0.728614715015731,0.74061356111255,0.748899836503559,
0.757326820885716,0.767269267286556,0.778585589175141,0.79537429807102,0.812050445658047,
0.82857777238545,0.839371005081153,0.848661901016921,0.85624515425242,0.863624972354666,
0.870450263301792,0.876926171863799,0.882885629320921,0.88868197653038,0.894175643022842,
0.899528977271158,0.904769052769687,0.910037703178612,0.915425302824984,0.920901943634812,
0.926521638453759,0.932195835465236,0.938006635738829,0.943897183430793,0.949906952569312,
0.955952062382462,0.962087513020377,0.968279673097633,0.976659727756257,0.987227466648549,
1.),
.UNSPECIFIED.);
#1280=B_SPLINE_CURVE_WITH_KNOTS('',3,
(#2272,#2273,#2274,#2275,#2276,#2277,#2278,#2279,#2280,#2281,#2282,#2283,#2284,#2285,
#2286,#2287,#2288,#2289,#2290,#2291,#2292,#2293,#2294,#2295,#2296,#2297,#2298,#2299,
#2300,#2301,#2302,#2303,#2304,#2305,#2306,#2307,#2308,#2309,#2310,#2311,#2312,#2313,
#2314,#2315,#2316,#2317,#2318,#2319,#2320,#2321,#2322,#2323,#2324,#2325,#2326,#2327,
#2328,#2329,#2330,#2331,#2332,#2333,#2334,#2335,#2336,#2337,#2338,#2339),
.UNSPECIFIED.,.F.,.F.,
(4,1,1,1,1,1,1,1,1,1,1,1,1,1,1,1,1,1,1,1,1,1,1,1,1,1,1,1,1,1,1,1,1,1,1,1,1,1,1,1,
1,1,1,1,1,1,1,1,1,1,1,1,1,1,1,1,1,1,1,1,1,1,1,1,1,4),
(0.,0.0194419293742248,0.0353792334218353,0.052608671861213,0.0704468880439746,0.0889281263121273,
0.10323442911018,0.11754838440494,0.131706623076926,0.145706613642453,0.159436348763826,
0.173017989922623,0.187122919067132,0.201896094096024,0.218110059060015,0.235139163757095,
0.260481982342354,0.293348157015613,0.333676088273486,0.366969799319199,0.393228720406058,
0.411138216696629,0.427656854647561,0.445109204550177,0.46066703935877,0.474368690836941,
0.487068792476702,0.499757955652853,0.499994733842729,0.512459258706936,0.521499336423283,
0.530042686693844,0.538216970664506,0.546526170702061,0.556315948675248,0.56745066938943,
0.58115555289899,0.596110061248233,0.612768290845706,0.629909928227638,0.646794380746197,
0.662918301318836,0.677568773484332,0.691463651755761,0.704617967398231,0.717792876679009,
0.730977047819324,0.744166828086225,0.757383015043494,0.770592036001266,0.784585992462357,
0.799367922850333,0.815673705859747,0.832758611823554,0.857994235091595,0.882741567071936,
0.906964752514901,0.922072798119012,0.935938312431882,0.947316310505553,0.957425317958355,
0.966167879984872,0.974817063717482,0.983299253155554,0.991696155553944,1.),
.UNSPECIFIED.);
#1281=VERTEX_POINT('',#2340);
#1282=VERTEX_POINT('',#2341);
#1283=CIRCLE('',#2342,9.99999999999999);
#1284=CIRCLE('',#2346,9.99999999999999);
#1285=VERTEX_POINT('',#2350);
#1286=B_SPLINE_CURVE_WITH_KNOTS('',3,
(#2351,#2352,#2353,#2354,#2355,#2356,#2357,#2358,#2359,#2360,#2361,#2362,#2363,#2364,
#2365,#2366,#2367,#2368,#2369,#2370,#2371,#2372,#2373,#2374,#2375,#2376,#2377,#2378,
#2379,#2380,#2381,#2382,#2383,#2384,#2385,#2386,#2387,#2388,#2389,#2390,#2391,#2392,
#2393,#2394,#2395,#2396,#2397,#2398,#2399,#2400,#2401,#2402,#2403,#2404,#2405,#2406,
#2407,#2408,#2409,#2410,#2411,#2412,#2413,#2414,#2415,#2416,#2417,#2418,#2419,#2420,
#2421,#2422,#2423,#2424,#2425,#2426,#2427,#2428),
.UNSPECIFIED.,.T.,.F.,
(4,1,1,1,1,1,1,1,1,1,1,1,1,1,1,1,1,1,1,1,1,1,1,1,1,1,1,1,1,1,1,1,1,1,1,1,1,1,1,1,
1,1,1,1,1,1,1,1,1,1,1,1,1,1,1,1,1,1,1,1,1,1,1,1,1,1,1,1,1,1,1,1,1,1,1,4),
(0.,0.0077642519320932,0.0161267313019755,0.0250796377156551,0.0352431121114227,
0.0460009954516334,0.0595115943356152,0.073141620905215,0.0828702451291097,0.0868825781571233,
0.0995230692918916,0.11309700824356,0.127846578961007,0.142837725886341,0.15821373890407,
0.173736858350898,0.188717934909993,0.203017938931543,0.216576528963351,0.230079938983794,
0.245984203098595,0.249906040995443,0.263894354345909,0.283485034679623,0.300030945660239,
0.313972681220663,0.326475257105954,0.332866010067689,0.339823968798119,0.354943604895767,
0.370985711663955,0.387426398501922,0.403350172058624,0.418007599703135,0.431924313620838,
0.445448663388963,0.45931098663297,0.474135512400404,0.489587544436735,0.499997101368119,
0.506132810441396,0.523140407845143,0.539310561889029,0.55417138477015,0.566991512672244,
0.579086126805079,0.582865800318686,0.590084629199901,0.600716691925699,0.612112238663546,
0.624619854149433,0.639029909160283,0.654228278922835,0.670231731168149,0.686258019256716,
0.702383572392734,0.718590929624918,0.734917841398007,0.749903574453032,0.751282956973891,
0.768341104173939,0.786053264242363,0.804218239019486,0.82217736698212,0.832863453584902,
0.839774975784553,0.857217098389556,0.873789163867748,0.889643444917929,0.905031346665778,
0.920668064285448,0.936312582505437,0.951719816510216,0.967350923540855,0.983439931195073,
1.),
.UNSPECIFIED.);
#1287=VERTEX_POINT('',#2429);
#1288=CIRCLE('',#2430,3.);
#1289=VERTEX_POINT('',#2434);
#1290=VERTEX_POINT('',#2435);
#1291=CIRCLE('',#2436,26.6284210967505);
#1292=CIRCLE('',#2440,26.6284210967505);
#1293=VERTEX_POINT('',#2444);
#1294=VERTEX_POINT('',#2445);
#1295=CIRCLE('',#2446,60.);
#1296=VERTEX_POINT('',#2450);
#1297=CIRCLE('',#2451,60.);
#1298=CIRCLE('',#2455,60.);
#1299=VERTEX_POINT('',#2459);
#1300=VERTEX_POINT('',#2460);
#1301=CIRCLE('',#2461,60.);
#1302=VERTEX_POINT('',#2465);
#1303=LINE('',#2466,#2467);
#1304=VERTEX_POINT('',#2469);
#1305=CIRCLE('',#2470,60.);
#1306=VERTEX_POINT('',#2474);
#1307=CIRCLE('',#2475,60.);
#1308=VERTEX_POINT('',#2479);
#1309=CIRCLE('',#2480,60.);
#1310=LINE('',#2484,#2485);
#1311=VERTEX_POINT('',#2487);
#1312=CIRCLE('',#2488,4.25);
#1313=VERTEX_POINT('',#2492);
#1314=CIRCLE('',#2493,4.25);
#1315=VERTEX_POINT('',#2497);
#1316=CIRCLE('',#2498,3.);
#1317=VERTEX_POINT('',#2502);
#1318=VERTEX_POINT('',#2503);
#1319=CIRCLE('',#2504,27.4944465005349);
#1320=CIRCLE('',#2508,27.4944465005349);
#1321=VERTEX_POINT('',#2512);
#1322=B_SPLINE_CURVE_WITH_KNOTS('',3,
(#2513,#2514,#2515,#2516,#2517,#2518,#2519,#2520,#2521,#2522,#2523,#2524,#2525,#2526,
#2527,#2528,#2529,#2530,#2531,#2532,#2533,#2534,#2535,#2536,#2537,#2538,#2539,#2540,
#2541),
.UNSPECIFIED.,.F.,.F.,
(4,1,1,1,1,1,1,1,1,1,1,1,1,1,1,1,1,1,1,1,1,1,1,1,1,1,4),
(0.,0.0395286983844133,0.0921872296988623,0.15809299659033,0.228388505112238,0.289880839031515,
0.341799196451286,0.392996236239074,0.442682528976825,0.491607307737701,0.533958066796195,
0.570419686097884,0.609790667161444,0.649127998220983,0.688512784377727,0.73208930108072,
0.776111493059158,0.820505442557743,0.849939538758059,0.876891936557454,0.898906143259492,
0.918420305275587,0.935223981324548,0.951821896383659,0.968053466096928,0.984114928299128,
1.),
.UNSPECIFIED.);
#1323=VERTEX_POINT('',#2542);
#1324=CIRCLE('',#2543,58.);
#1325=B_SPLINE_CURVE_WITH_KNOTS('',3,
(#2547,#2548,#2549,#2550,#2551,#2552,#2553,#2554,#2555,#2556,#2557,#2558,#2559,#2560,
#2561,#2562,#2563,#2564,#2565,#2566,#2567,#2568,#2569,#2570,#2571,#2572,#2573,#2574,
#2575),
.UNSPECIFIED.,.F.,.F.,
(4,1,1,1,1,1,1,1,1,1,1,1,1,1,1,1,1,1,1,1,1,1,1,1,1,1,4),
(0.,0.0395286983844077,0.0921872296988558,0.158092996590313,0.228388505112189,0.289880839031485,
0.34179919645129,0.392996236239093,0.442682528976856,0.491607307737753,0.533958066796281,
0.570419686098,0.609790667161587,0.649127998221142,0.688512784377881,0.732089301080823,
0.7761114930592,0.820505442557712,0.849939538757982,0.87689193655734,0.898906143259367,
0.918420305275466,0.935223981324441,0.951821896383568,0.968053466096859,0.98411492829909,
1.),
.UNSPECIFIED.);
#1326=VERTEX_POINT('',#2576);
#1327=LINE('',#2577,#2578);
#1328=VERTEX_POINT('',#2580);
#1329=LINE('',#2581,#2582);
#1330=LINE('',#2584,#2585);
#1331=VERTEX_POINT('',#2587);
#1332=CIRCLE('',#2588,10.);
#1333=LINE('',#2592,#2593);
#1334=VERTEX_POINT('',#2595);
#1335=LINE('',#2596,#2597);
#1336=LINE('',#2599,#2600);
#1337=CIRCLE('',#2602,10.);
#1338=VERTEX_POINT('',#2606);
#1339=CIRCLE('',#2607,35.);
#1340=CARTESIAN_POINT('',(15.,15.0079153453318,-6.12323399573681E-16));
#1341=AXIS2_PLACEMENT_3D('',#1342,#1343,#1344);
#1342=CARTESIAN_POINT('',(15.,0.00791534533175027,0.));
#1343=DIRECTION('',(1.,2.85843879430401E-16,0.));
#1344=DIRECTION('',(-2.85843879430401E-16,1.,0.));
#1345=CARTESIAN_POINT('',(15.,1.10415475483155E-15,-13.));
#1346=AXIS2_PLACEMENT_3D('',#1347,#1348,#1349);
#1347=CARTESIAN_POINT('',(15.,4.28823643261467E-15,0.));
#1348=DIRECTION('',(1.,2.85843879430401E-16,0.));
#1349=DIRECTION('',(3.50057792000303E-32,-1.22464679914735E-16,-1.));
#1350=CARTESIAN_POINT('',(5.,2.65364935586484E-15,-10.));
#1351=AXIS2_PLACEMENT_3D('',#1352,#1353,#1354);
#1352=CARTESIAN_POINT('',(5.,1.42900255671749E-15,0.));
#1353=DIRECTION('',(-1.,-2.85843879430401E-16,0.));
#1354=DIRECTION('',(0.,0.,-1.));
#1355=CARTESIAN_POINT('',(-5.,-2.04789438439169E-16,-10.));
#1356=AXIS2_PLACEMENT_3D('',#1357,#1358,#1359);
#1357=CARTESIAN_POINT('',(-5.,-1.42943623758652E-15,0.));
#1358=DIRECTION('',(-1.,-2.85843879430401E-16,0.));
#1359=DIRECTION('',(0.,0.,-1.));
#1360=CARTESIAN_POINT('',(17.,1.67584251369235E-15,-13.));
#1361=AXIS2_PLACEMENT_3D('',#1362,#1363,#1364);
#1362=CARTESIAN_POINT('',(17.,4.85992419147547E-15,0.));
#1363=DIRECTION('',(1.,2.85843879430401E-16,0.));
#1364=DIRECTION('',(3.50057792000303E-32,-1.22464679914735E-16,-1.));
#1365=CARTESIAN_POINT('',(5.,-3.97785206661673E-17,-6.));
#1366=AXIS2_PLACEMENT_3D('',#1367,#1368,#1369);
#1367=CARTESIAN_POINT('',(5.,1.42979763831066E-15,0.));
#1368=DIRECTION('',(1.,2.85843879430401E-16,0.));
#1369=DIRECTION('',(3.50057792000303E-32,-1.22464679914735E-16,-1.));
#1370=CARTESIAN_POINT('',(14.,16.0079153453318,-9.79717439317883E-16));
#1371=AXIS2_PLACEMENT_3D('',#1372,#1373,#1374);
#1372=CARTESIAN_POINT('',(14.,0.00791534533174999,0.));
#1373=DIRECTION('',(1.,2.85843879430401E-16,0.));
#1374=DIRECTION('',(-2.85843879430401E-16,1.,1.22464679914735E-16));
#1375=CARTESIAN_POINT('',(-5.,-2.89937379728748E-15,6.));
#1376=AXIS2_PLACEMENT_3D('',#1377,#1378,#1379);
#1377=CARTESIAN_POINT('',(-5.,-1.42979763831066E-15,0.));
#1378=DIRECTION('',(-1.,-2.85843879430401E-16,0.));
#1379=DIRECTION('',(3.50057792000303E-32,-1.22464679914735E-16,1.));
#1380=CARTESIAN_POINT('',(18.,2.20661575295222E-15,-12.));
#1381=AXIS2_PLACEMENT_3D('',#1382,#1383,#1384);
#1382=CARTESIAN_POINT('',(18.,5.14576807090587E-15,8.75811540203011E-47));
#1383=DIRECTION('',(1.,2.85843879430401E-16,0.));
#1384=DIRECTION('',(3.50057792000303E-32,-1.22464679914735E-16,-1.));
#1385=CARTESIAN_POINT('',(18.,3.43126255209958E-15,-7.));
#1386=AXIS2_PLACEMENT_3D('',#1387,#1388,#1389);
#1387=CARTESIAN_POINT('',(18.,5.14576807090587E-15,8.75811540203011E-47));
#1388=DIRECTION('',(1.,2.85843879430401E-16,0.));
#1389=DIRECTION('',(3.50057792000303E-32,-1.22464679914735E-16,-1.));
#1390=CARTESIAN_POINT('',(17.,3.39034803249865E-15,-6.));
#1391=AXIS2_PLACEMENT_3D('',#1392,#1393,#1394);
#1392=CARTESIAN_POINT('',(17.,4.85992419147547E-15,0.));
#1393=DIRECTION('',(1.,2.85843879430401E-16,0.));
#1394=DIRECTION('',(3.50057792000302E-32,-1.22464679914735E-16,-1.));
#1395=CARTESIAN_POINT('',(3.5,16.0079153453318,-2.61257983818103E-15));
#1396=CARTESIAN_POINT('',(3.5,-15.9920846546683,1.95943487863577E-15));
#1397=AXIS2_PLACEMENT_3D('',#1398,#1399,#1400);
#1398=CARTESIAN_POINT('',(3.5,0.00791534533174698,0.));
#1399=DIRECTION('',(1.,2.85843879430401E-16,0.));
#1400=DIRECTION('',(-2.85843879430401E-16,1.,0.));
#1401=AXIS2_PLACEMENT_3D('',#1402,#1403,#1404);
#1402=CARTESIAN_POINT('',(3.5,0.00791534533174698,0.));
#1403=DIRECTION('',(1.,2.85843879430401E-16,0.));
#1404=DIRECTION('',(2.85843879430401E-16,-1.,1.22464679914735E-16));
#1405=CARTESIAN_POINT('',(-17.,-6.32950035045229E-15,6.));
#1406=AXIS2_PLACEMENT_3D('',#1407,#1408,#1409);
#1407=CARTESIAN_POINT('',(-17.,-4.85992419147547E-15,0.));
#1408=DIRECTION('',(-1.,-2.85843879430401E-16,0.));
#1409=DIRECTION('',(3.50057792000302E-32,-1.22464679914735E-16,1.));
#1410=CARTESIAN_POINT('',(2.50000000000006,17.0079153453318,0.));
#1411=CARTESIAN_POINT('',(2.50000000000003,-16.9920846546683,2.0818995585505E-15));
#1412=AXIS2_PLACEMENT_3D('',#1413,#1414,#1415);
#1413=CARTESIAN_POINT('',(2.50000000000006,0.0079153453317467,0.));
#1414=DIRECTION('',(1.,2.85843879430401E-16,0.));
#1415=DIRECTION('',(-2.85843879430401E-16,1.,0.));
#1416=AXIS2_PLACEMENT_3D('',#1417,#1418,#1419);
#1417=CARTESIAN_POINT('',(2.50000000000006,0.0079153453317467,0.));
#1418=DIRECTION('',(1.,2.85843879430401E-16,0.));
#1419=DIRECTION('',(2.85843879430401E-16,-1.,1.22464679914735E-16));
#1420=CARTESIAN_POINT('',(-18.,-8.08492038885952E-15,12.));
#1421=AXIS2_PLACEMENT_3D('',#1422,#1423,#1424);
#1422=CARTESIAN_POINT('',(-18.,-5.14576807090587E-15,8.75811540203011E-47));
#1423=DIRECTION('',(-1.,-2.85843879430401E-16,0.));
#1424=DIRECTION('',(3.50057792000303E-32,-1.22464679914735E-16,1.));
#1425=CARTESIAN_POINT('',(-18.,-6.86027358971216E-15,7.));
#1426=AXIS2_PLACEMENT_3D('',#1427,#1428,#1429);
#1427=CARTESIAN_POINT('',(-18.,-5.14576807090587E-15,8.75811540203011E-47));
#1428=DIRECTION('',(-1.,-2.85843879430401E-16,0.));
#1429=DIRECTION('',(3.50057792000303E-32,-1.22464679914735E-16,1.));
#1430=CARTESIAN_POINT('',(2.5,26.6363364420822,0.));
#1431=CARTESIAN_POINT('',(2.50000000000004,-26.6205057514187,3.26104106624832E-15));
#1432=AXIS2_PLACEMENT_3D('',#1433,#1434,#1435);
#1433=CARTESIAN_POINT('',(2.50000000000006,0.0079153453317467,0.));
#1434=DIRECTION('',(1.,2.85843879430401E-16,0.));
#1435=DIRECTION('',(-2.85843879430401E-16,1.,0.));
#1436=AXIS2_PLACEMENT_3D('',#1437,#1438,#1439);
#1437=CARTESIAN_POINT('',(2.50000000000006,0.0079153453317467,0.));
#1438=DIRECTION('',(1.,2.85843879430401E-16,0.));
#1439=DIRECTION('',(2.85843879430401E-16,-1.,1.22464679914735E-16));
#1440=CARTESIAN_POINT('',(-15.,-7.47231811039778E-15,13.));
#1441=AXIS2_PLACEMENT_3D('',#1442,#1443,#1444);
#1442=CARTESIAN_POINT('',(-15.,-4.28823643261467E-15,0.));
#1443=DIRECTION('',(-1.,-2.85843879430401E-16,0.));
#1444=DIRECTION('',(3.50057792000303E-32,-1.22464679914735E-16,1.));
#1445=CARTESIAN_POINT('',(-17.,-8.04400586925859E-15,13.));
#1446=AXIS2_PLACEMENT_3D('',#1447,#1448,#1449);
#1447=CARTESIAN_POINT('',(-17.,-4.85992419147547E-15,0.));
#1448=DIRECTION('',(-1.,-2.85843879430401E-16,0.));
#1449=DIRECTION('',(3.50057792000303E-32,-1.22464679914735E-16,1.));
#1450=CARTESIAN_POINT('',(2.99999999999998,27.5023618458667,-2.24473239341388E-15));
#1451=CARTESIAN_POINT('',(3.,-27.4865311552032,3.36709859012083E-15));
#1452=AXIS2_PLACEMENT_3D('',#1453,#1454,#1455);
#1453=CARTESIAN_POINT('',(2.99999999999999,0.00791534533174684,0.));
#1454=DIRECTION('',(1.,2.85843879430401E-16,0.));
#1455=DIRECTION('',(-2.85843879430401E-16,1.,0.));
#1456=AXIS2_PLACEMENT_3D('',#1457,#1458,#1459);
#1457=CARTESIAN_POINT('',(2.99999999999999,0.00791534533174684,0.));
#1458=DIRECTION('',(1.,2.85843879430401E-16,0.));
#1459=DIRECTION('',(2.85843879430401E-16,-1.,-1.22464679914735E-16));
#1460=CARTESIAN_POINT('',(-15.,15.0079153453317,-1.83697019872103E-15));
#1461=AXIS2_PLACEMENT_3D('',#1462,#1463,#1464);
#1462=CARTESIAN_POINT('',(-15.,0.00791534533174169,0.));
#1463=DIRECTION('',(1.,2.85843879430401E-16,0.));
#1464=DIRECTION('',(-2.85843879430401E-16,1.,0.));
#1465=CARTESIAN_POINT('',(18.,35.0079153453318,-4.28626379701574E-15));
#1466=AXIS2_PLACEMENT_3D('',#1467,#1468,#1469);
#1467=CARTESIAN_POINT('',(18.,0.00791534533175113,0.));
#1468=DIRECTION('',(1.,2.85843879430401E-16,0.));
#1469=DIRECTION('',(-2.85843879430401E-16,1.,0.));
#1470=CARTESIAN_POINT('',(-14.,16.0079153453317,-1.95943487863576E-15));
#1471=AXIS2_PLACEMENT_3D('',#1472,#1473,#1474);
#1472=CARTESIAN_POINT('',(-14.,0.00791534533174198,0.));
#1473=DIRECTION('',(1.,2.85843879430401E-16,0.));
#1474=DIRECTION('',(-2.85843879430401E-16,1.,0.));
#1475=CARTESIAN_POINT('',(18.,90.0079153453318,-1.10218211923262E-14));
#1476=AXIS2_PLACEMENT_3D('',#1477,#1478,#1479);
#1477=CARTESIAN_POINT('',(18.,0.00791534533175113,0.));
#1478=DIRECTION('',(1.,2.85843879430401E-16,0.));
#1479=DIRECTION('',(-2.85843879430401E-16,1.,0.));
#1480=CARTESIAN_POINT('',(18.,38.7645364721845,63.1131456484465));
#1481=AXIS2_PLACEMENT_3D('',#1482,#1483,#1484);
#1482=CARTESIAN_POINT('',(18.,38.7645364721845,67.1131456484465));
#1483=DIRECTION('',(-1.,-2.85843879430401E-16,0.));
#1484=DIRECTION('',(0.,0.,-1.));
#1485=CARTESIAN_POINT('',(18.,73.8318907023244,-23.9221793006016));
#1486=AXIS2_PLACEMENT_3D('',#1487,#1488,#1489);
#1487=CARTESIAN_POINT('',(18.,74.8671668827345,-20.0584759954453));
#1488=DIRECTION('',(-1.,-2.85843879430401E-16,0.));
#1489=DIRECTION('',(7.39818399225762E-17,-0.25881904510252,-0.965925826289069));
#1490=CARTESIAN_POINT('',(18.,0.00791534533174451,-81.5));
#1491=AXIS2_PLACEMENT_3D('',#1492,#1493,#1494);
#1492=CARTESIAN_POINT('',(18.,0.00791534533174402,-77.5));
#1493=DIRECTION('',(-1.,-2.85843879430401E-16,0.));
#1494=DIRECTION('',(0.,0.,-1.));
#1495=CARTESIAN_POINT('',(18.,25.,-47.5512701892219));
#1496=AXIS2_PLACEMENT_3D('',#1497,#1498,#1499);
#1497=CARTESIAN_POINT('',(18.,25.,-43.3012701892219));
#1498=DIRECTION('',(-1.,-2.85843879430401E-16,0.));
#1499=DIRECTION('',(0.,0.,-1.));
#1500=CARTESIAN_POINT('',(18.,25.,39.0512701892219));
#1501=AXIS2_PLACEMENT_3D('',#1502,#1503,#1504);
#1502=CARTESIAN_POINT('',(18.,25.,43.3012701892219));
#1503=DIRECTION('',(-1.,-2.85843879430401E-16,0.));
#1504=DIRECTION('',(0.,0.,-1.));
#1505=CARTESIAN_POINT('',(18.,-35.3474237139956,38.8553390593274));
#1506=AXIS2_PLACEMENT_3D('',#1507,#1508,#1509);
#1507=CARTESIAN_POINT('',(18.,-35.3474237139956,35.3553390593274));
#1508=DIRECTION('',(1.,2.85843879430401E-16,0.));
#1509=DIRECTION('',(0.,0.,1.));
#1510=CARTESIAN_POINT('',(-3.49999999999998,-15.9920846546683,1.95943487863576E-15));
#1511=CARTESIAN_POINT('',(-3.49999999999999,16.0079153453317,-2.61257983818102E-15));
#1512=AXIS2_PLACEMENT_3D('',#1513,#1514,#1515);
#1513=CARTESIAN_POINT('',(-3.49999999999999,0.00791534533174498,0.));
#1514=DIRECTION('',(1.,2.85843879430401E-16,0.));
#1515=DIRECTION('',(2.85843879430401E-16,-1.,1.22464679914735E-16));
#1516=AXIS2_PLACEMENT_3D('',#1517,#1518,#1519);
#1517=CARTESIAN_POINT('',(-3.49999999999999,0.00791534533174498,0.));
#1518=DIRECTION('',(1.,2.85843879430401E-16,0.));
#1519=DIRECTION('',(-2.85843879430401E-16,1.,-2.44929359829471E-16));
#1520=CARTESIAN_POINT('',(14.,90.0079153453318,-1.10218211923262E-14));
#1521=AXIS2_PLACEMENT_3D('',#1522,#1523,#1524);
#1522=CARTESIAN_POINT('',(14.,0.00791534533174998,0.));
#1523=DIRECTION('',(1.,2.85843879430401E-16,0.));
#1524=DIRECTION('',(-2.85843879430401E-16,1.,0.));
#1525=CARTESIAN_POINT('',(14.,38.7645364721845,63.1131456484465));
#1526=AXIS2_PLACEMENT_3D('',#1527,#1528,#1529);
#1527=CARTESIAN_POINT('',(14.,38.7645364721845,67.1131456484465));
#1528=DIRECTION('',(-1.,-2.85843879430401E-16,0.));
#1529=DIRECTION('',(0.,0.,-1.));
#1530=CARTESIAN_POINT('',(14.,73.8318907023244,-23.9221793006016));
#1531=AXIS2_PLACEMENT_3D('',#1532,#1533,#1534);
#1532=CARTESIAN_POINT('',(14.,74.8671668827345,-20.0584759954453));
#1533=DIRECTION('',(-1.,-2.85843879430401E-16,0.));
#1534=DIRECTION('',(7.39818399225762E-17,-0.25881904510252,-0.965925826289069));
#1535=CARTESIAN_POINT('',(14.,0.00791534533174337,-81.5));
#1536=AXIS2_PLACEMENT_3D('',#1537,#1538,#1539);
#1537=CARTESIAN_POINT('',(14.,0.00791534533174288,-77.5));
#1538=DIRECTION('',(-1.,-2.85843879430401E-16,0.));
#1539=DIRECTION('',(0.,0.,-1.));
#1540=CARTESIAN_POINT('',(7.77161066619139,25.0000000001385,-47.5512701891419));
#1541=CARTESIAN_POINT('',(7.77161066613012,25.000000000534,-47.5512701891019));
#1542=CARTESIAN_POINT('',(7.75994263263069,24.9380452809524,-47.5512701682972));
#1543=CARTESIAN_POINT('',(7.73607579446897,24.8146586853361,-47.5485696499492));
#1544=CARTESIAN_POINT('',(7.69884943403862,24.6309073824973,-47.5365358161321));
#1545=CARTESIAN_POINT('',(7.66069336388871,24.449793708582,-47.5168026342493));
#1546=CARTESIAN_POINT('',(7.621901023056,24.2715636472578,-47.4896566933714));
#1547=CARTESIAN_POINT('',(7.57881784101084,24.0788256589331,-47.4519299820886));
#1548=CARTESIAN_POINT('',(7.53164506934337,23.8728766079902,-47.4012157563723));
#1549=CARTESIAN_POINT('',(7.48099212238601,23.6558371521392,-47.3351993767178));
#1550=CARTESIAN_POINT('',(7.43477397992096,23.4597980302565,-47.2640450670147));
#1551=CARTESIAN_POINT('',(7.39225546436776,23.2797364646681,-47.1889610484279));
#1552=CARTESIAN_POINT('',(7.35174978103122,23.1074872405993,-47.1083546911459));
#1553=CARTESIAN_POINT('',(7.30959931688382,22.9261861720162,-47.0130166972957));
#1554=CARTESIAN_POINT('',(7.26686297407963,22.7383628813462,-46.901842141686));
#1555=CARTESIAN_POINT('',(7.22599431303027,22.5525396899589,-46.7782359862625));
#1556=CARTESIAN_POINT('',(7.18943298187835,22.378069966476,-46.6483717672925));
#1557=CARTESIAN_POINT('',(7.15843727988551,22.2207322404413,-46.518533948188));
#1558=CARTESIAN_POINT('',(7.13325633607372,22.0831577089353,-46.3940005047404));
#1559=CARTESIAN_POINT('',(7.11252063921622,21.9597771702003,-46.2725966162523));
#1560=CARTESIAN_POINT('',(7.09321124903882,21.8326266198771,-46.1372845082775));
#1561=CARTESIAN_POINT('',(7.07567285907942,21.6978036949488,-45.9799552891903));
#1562=CARTESIAN_POINT('',(7.06155276303658,21.5565522893269,-45.796002146597));
#1563=CARTESIAN_POINT('',(7.05358133427506,21.4297925618926,-45.6104743131406));
#1564=CARTESIAN_POINT('',(7.05183213567926,21.348406484115,-45.4769564484741));
#1565=CARTESIAN_POINT('',(7.05205805795285,21.2736238368796,-45.3464666802286));
#1566=CARTESIAN_POINT('',(7.05441245178393,21.2008268542334,-45.2103550638458));
#1567=CARTESIAN_POINT('',(7.062277731935,21.1152658993836,-45.0285511802027));
#1568=CARTESIAN_POINT('',(7.07327664365188,21.0442728218499,-44.8582934907927));
#1569=CARTESIAN_POINT('',(7.08674604345795,20.983784878565,-44.6951883629067));
#1570=CARTESIAN_POINT('',(7.10396702406104,20.9281548617526,-44.5235296373754));
#1571=CARTESIAN_POINT('',(7.12516726479016,20.8782641993126,-44.3432606136736));
#1572=CARTESIAN_POINT('',(7.15008272378194,20.8356531991668,-44.1574745704857));
#1573=CARTESIAN_POINT('',(7.17833229822105,20.8012647974722,-43.9686409544273));
#1574=CARTESIAN_POINT('',(7.20918767353324,20.7756620599502,-43.7801666325174));
#1575=CARTESIAN_POINT('',(7.24208224242524,20.7587092716312,-43.5935985424877));
#1576=CARTESIAN_POINT('',(7.27196279126069,20.7512257852213,-43.4342132516156));
#1577=CARTESIAN_POINT('',(7.29603115488327,20.7496712403448,-43.3109549897795));
#1578=CARTESIAN_POINT('',(7.32113306325706,20.750826579912,-43.1853587591023));
#1579=CARTESIAN_POINT('',(7.35306224512645,20.7571668512917,-43.0304877827515));
#1580=CARTESIAN_POINT('',(7.3947919390515,20.7740652303596,-42.8353693357704));
#1581=CARTESIAN_POINT('',(7.43833599492793,20.8005027551436,-42.6377667015753));
#1582=CARTESIAN_POINT('',(7.48282688348057,20.8364811641495,-42.4404600947742));
#1583=CARTESIAN_POINT('',(7.52720209514337,20.8813183940282,-42.246785650107));
#1584=CARTESIAN_POINT('',(7.57044141732614,20.933852604703,-42.0598142223003));
#1585=CARTESIAN_POINT('',(7.61212008376259,20.9932056188214,-41.8801318829235));
#1586=CARTESIAN_POINT('',(7.65191060560517,21.0585001206004,-41.7081238326515));
#1587=CARTESIAN_POINT('',(7.69010605437978,21.1299825375945,-41.5416587795663));
#1588=CARTESIAN_POINT('',(7.72739978514184,21.2091418327722,-41.376897544974));
#1589=CARTESIAN_POINT('',(7.76440661270627,21.2983719576434,-41.2101001122061));
#1590=CARTESIAN_POINT('',(7.80634613098725,21.4141118470432,-41.0156299636461));
#1591=CARTESIAN_POINT('',(7.85069112776982,21.5598579501996,-40.8000424079648));
#1592=CARTESIAN_POINT('',(7.89421310842371,21.7385911750595,-40.5711202580791));
#1593=CARTESIAN_POINT('',(7.92663210223858,21.9091965019958,-40.3808953490752));
#1594=CARTESIAN_POINT('',(7.94944374255461,22.0611308967717,-40.2294622011187));
#1595=CARTESIAN_POINT('',(7.9641705536764,22.1812528990465,-40.1193175066085));
#1596=CARTESIAN_POINT('',(7.97492147354253,22.2884807674864,-40.0278023928632));
#1597=CARTESIAN_POINT('',(7.98263837125192,22.3823237784264,-39.9524579943751));
#1598=CARTESIAN_POINT('',(7.98852981084079,22.4705170614305,-39.8854306126961));
#1599=CARTESIAN_POINT('',(7.99313261563116,22.5576870899751,-39.8225469719038));
#1600=CARTESIAN_POINT('',(7.99668381340183,22.6489039461078,-39.760213686876));
#1601=CARTESIAN_POINT('',(7.99932138093947,22.7546956216555,-39.6919632369136));
#1602=CARTESIAN_POINT('',(8.00003710063818,22.8352113009354,-39.6435334324785));
#1603=CARTESIAN_POINT('',(7.99994011988226,22.9502557123215,-39.5773760269719));
#1604=CARTESIAN_POINT('',(7.99779380414964,23.0953852143418,-39.4994140968018));
#1605=CARTESIAN_POINT('',(7.98923454924875,23.3057428292394,-39.4012669717987));
#1606=CARTESIAN_POINT('',(7.9764775222724,23.5044178327225,-39.3214813358001));
#1607=CARTESIAN_POINT('',(7.9613365948513,23.6868856963403,-39.2578537917038));
#1608=CARTESIAN_POINT('',(7.94354757578694,23.86589603519,-39.2038856427237));
#1609=CARTESIAN_POINT('',(7.9216620377188,24.054964516075,-39.156068160347));
#1610=CARTESIAN_POINT('',(7.89552645748207,24.2532699902466,-39.1157171317439));
#1611=CARTESIAN_POINT('',(7.86549863307481,24.457321571545,-39.0843355745683));
#1612=CARTESIAN_POINT('',(7.82809941919976,24.6886110431151,-39.0603186108206));
#1613=CARTESIAN_POINT('',(7.7959217309964,24.8700143454008,-39.0519975515875));
#1614=CARTESIAN_POINT('',(7.76149491457553,25.0542996441027,-39.0507952952874));
#1615=CARTESIAN_POINT('',(7.72643026192561,25.2347449757376,-39.0554352722348));
#1616=CARTESIAN_POINT('',(7.68003259116103,25.4598357767071,-39.0741215773103));
#1617=CARTESIAN_POINT('',(7.63388505924273,25.6740348504075,-39.1036157675693));
#1618=CARTESIAN_POINT('',(7.59181159459505,25.8635243352444,-39.1384301848916));
#1619=CARTESIAN_POINT('',(7.54804349631454,26.0558983904856,-39.1828832732668));
#1620=CARTESIAN_POINT('',(7.50126921418823,26.2576118798548,-39.2396836792609));
#1621=CARTESIAN_POINT('',(7.4516974141372,26.4685832676395,-39.3108422323281));
#1622=CARTESIAN_POINT('',(7.39277302582616,26.7179654966798,-39.4103282202718));
#1623=CARTESIAN_POINT('',(7.32715737658013,26.9970013874642,-39.5443417625521));
#1624=CARTESIAN_POINT('',(7.2583422438962,27.2981114870952,-39.7204505433157));
#1625=CARTESIAN_POINT('',(7.20269491374553,27.5559866665577,-39.9013641832487));
#1626=CARTESIAN_POINT('',(7.16031495207597,27.7686447372384,-40.0739880244012));
#1627=CARTESIAN_POINT('',(7.13043161540644,27.9322029673853,-40.22239960542));
#1628=CARTESIAN_POINT('',(7.10718056100854,28.0734936379745,-40.3639578936694));
#1629=CARTESIAN_POINT('',(7.08955426422417,28.1945458207885,-40.4964128032647));
#1630=CARTESIAN_POINT('',(7.0758695717282,28.3035153634849,-40.6257805449452));
#1631=CARTESIAN_POINT('',(7.06513622207464,28.4068283467756,-40.7585000353549));
#1632=CARTESIAN_POINT('',(7.05706100467941,28.5098818816192,-40.9024217456971));
#1633=CARTESIAN_POINT('',(7.0527581985831,28.6017277059105,-41.0431578936921));
#1634=CARTESIAN_POINT('',(7.0517528404057,28.6701008168436,-41.1573017357288));
#1635=CARTESIAN_POINT('',(7.05230949383363,28.7393247114218,-41.279572418599));
#1636=CARTESIAN_POINT('',(7.05554538841506,28.8154682038744,-41.4252404914907));
#1637=CARTESIAN_POINT('',(7.06437092195864,28.9019760269521,-41.6128215897904));
#1638=CARTESIAN_POINT('',(7.07817582389258,28.982225297649,-41.811265640934));
#1639=CARTESIAN_POINT('',(7.09735651247609,29.0543318099148,-42.0195782476528));
#1640=CARTESIAN_POINT('',(7.12233126248378,29.1169172590921,-42.2382007090225));
#1641=CARTESIAN_POINT('',(7.14918146736714,29.1630998143288,-42.4387984015925));
#1642=CARTESIAN_POINT('',(7.17696170980899,29.1969889579828,-42.6246305674236));
#1643=CARTESIAN_POINT('',(7.2055981301714,29.221760328067,-42.8010268051811));
#1644=CARTESIAN_POINT('',(7.23773804829274,29.2396266565309,-42.9850614873114));
#1645=CARTESIAN_POINT('',(7.26902679716391,29.2484220204318,-43.1531183210465));
#1646=CARTESIAN_POINT('',(7.29426014101724,29.2503520056201,-43.2826621974568));
#1647=CARTESIAN_POINT('',(7.32065675455745,29.2492499065135,-43.4148565081515));
#1648=CARTESIAN_POINT('',(7.35267522910734,29.2430151527628,-43.570263993157));
#1649=CARTESIAN_POINT('',(7.39449603965059,29.2260382109204,-43.7657744560526));
#1650=CARTESIAN_POINT('',(7.43641091719523,29.2006841843922,-43.9560536930035));
#1651=CARTESIAN_POINT('',(7.47790484166902,29.1677051045182,-44.1403454914836));
#1652=CARTESIAN_POINT('',(7.52302908363337,29.1234859964114,-44.3377053038995));
#1653=CARTESIAN_POINT('',(7.57274409688726,29.0640052575391,-44.5527168292115));
#1654=CARTESIAN_POINT('',(7.62741593941827,28.9840595126081,-44.7883072128646));
#1655=CARTESIAN_POINT('',(7.67921872528364,28.8925267746007,-45.0129688973409));
#1656=CARTESIAN_POINT('',(7.72761430445965,28.7912310578013,-45.2263337722193));
#1657=CARTESIAN_POINT('',(7.77271022726299,28.6809746039917,-45.430063172527));
#1658=CARTESIAN_POINT('',(7.8168415438991,28.5535886581835,-45.636926936144));
#1659=CARTESIAN_POINT('',(7.85780565821142,28.4118430648796,-45.8394372542689));
#1660=CARTESIAN_POINT('',(7.89323420586642,28.263216196818,-46.0274348558522));
#1661=CARTESIAN_POINT('',(7.92137498648099,28.1192038992631,-46.1904107870429));
#1662=CARTESIAN_POINT('',(7.94300990850487,27.9844230055388,-46.3288606170898));
#1663=CARTESIAN_POINT('',(7.95878997331361,27.8650698546599,-46.4416018088041));
#1664=CARTESIAN_POINT('',(7.97044780728715,27.7583235309233,-46.5354100481241));
#1665=CARTESIAN_POINT('',(7.9788841304567,27.6653164163919,-46.6122887195009));
#1666=CARTESIAN_POINT('',(7.9853931758084,27.5785627056018,-46.6802018545602));
#1667=CARTESIAN_POINT('',(7.99057175349429,27.4935726602463,-46.7434160503149));
#1668=CARTESIAN_POINT('',(7.99473066812011,27.4051918124887,-46.8057784098875));
#1669=CARTESIAN_POINT('',(7.99784431296111,27.311280027169,-46.8684708686897));
#1670=CARTESIAN_POINT('',(7.9996267041651,27.2175329077129,-46.9274401323982));
#1671=CARTESIAN_POINT('',(8.00003550929872,27.148298306756,-46.9685233490642));
#1672=CARTESIAN_POINT('',(7.99994566225952,27.0740196748873,-47.0111640212617));
#1673=CARTESIAN_POINT('',(7.99906864603271,26.9868909614748,-47.0590852827238));
#1674=CARTESIAN_POINT('',(7.99579902036982,26.8582290038069,-47.1244775930889));
#1675=CARTESIAN_POINT('',(7.99007540273744,26.7196514212689,-47.1888909974478));
#1676=CARTESIAN_POINT('',(7.98156212396112,26.571358777448,-47.2512372574448));
#1677=CARTESIAN_POINT('',(7.97019721331503,26.4164672351769,-47.3094562534359));
#1678=CARTESIAN_POINT('',(7.95593434730274,26.2563019215889,-47.3625246359389));
#1679=CARTESIAN_POINT('',(7.93903581697211,26.0939581351823,-47.409218121631));
#1680=CARTESIAN_POINT('',(7.92004859615414,25.9334617682,-47.4485596630883));
#1681=CARTESIAN_POINT('',(7.8995892795053,25.7776778225481,-47.4804682137111));
#1682=CARTESIAN_POINT('',(7.87850189875251,25.6302703342948,-47.5051098135962));
#1683=CARTESIAN_POINT('',(7.85700903518814,25.4902221641033,-47.523637393887));
#1684=CARTESIAN_POINT('',(7.83355069276262,25.3460969185077,-47.5380165058033));
#1685=CARTESIAN_POINT('',(7.8054740006587,25.183149852572,-47.5485683273434));
#1686=CARTESIAN_POINT('',(7.78378816054134,25.0646598467276,-47.551270210815));
#1687=CARTESIAN_POINT('',(7.77161066613012,25.000000000534,-47.5512701891019));
#1688=CARTESIAN_POINT('',(7.77161066612181,24.9999999999538,39.0512701892486));
#1689=CARTESIAN_POINT('',(7.7716106672279,24.999999993395,39.0512701892623));
#1690=CARTESIAN_POINT('',(7.78455814486301,24.9312533525544,39.051270106649));
#1691=CARTESIAN_POINT('',(7.81067259622864,24.7883014517778,39.0547354416403));
#1692=CARTESIAN_POINT('',(7.84839292434032,24.5660018616161,39.0713813935926));
#1693=CARTESIAN_POINT('',(7.88586469800904,24.3231394568708,39.1029123055274));
#1694=CARTESIAN_POINT('',(7.92143184743954,24.0608992158159,39.1531518297568));
#1695=CARTESIAN_POINT('',(7.95522080137854,23.7622643674766,39.2311062140734));
#1696=CARTESIAN_POINT('',(7.98242634323393,23.4401177621194,39.3422260869968));
#1697=CARTESIAN_POINT('',(7.99722943006089,23.1364806031618,39.4772198907246));
#1698=CARTESIAN_POINT('',(8.00047554651654,22.9190521161477,39.5939367828922));
#1699=CARTESIAN_POINT('',(7.99918633063251,22.7146806808804,39.7154337108679));
#1700=CARTESIAN_POINT('',(7.9915759540217,22.4881108083582,39.8669186335771));
#1701=CARTESIAN_POINT('',(7.96845250420565,22.1996086969915,40.0967436891377));
#1702=CARTESIAN_POINT('',(7.93013843606593,21.9183240290164,40.3654515236188));
#1703=CARTESIAN_POINT('',(7.87650213149625,21.6540143117634,40.6703148344836));
#1704=CARTESIAN_POINT('',(7.80961548025397,21.4170036239652,41.0032041042844));
#1705=CARTESIAN_POINT('',(7.73262607980196,21.2142436267849,41.355730720984));
#1706=CARTESIAN_POINT('',(7.65028121614522,21.0504146185696,41.7159448768562));
#1707=CARTESIAN_POINT('',(7.56748882025841,20.9260501247846,42.0722410795772));
#1708=CARTESIAN_POINT('',(7.48610067108811,20.8362120087444,42.4249789094973));
#1709=CARTESIAN_POINT('',(7.40234800430351,20.7739156018003,42.7981315633473));
#1710=CARTESIAN_POINT('',(7.33999699947146,20.7521438895368,43.0914517136297));
#1711=CARTESIAN_POINT('',(7.28010011894356,20.7484873276884,43.390185548813));
#1712=CARTESIAN_POINT('',(7.21742772098494,20.7629525897842,43.7222307999513));
#1713=CARTESIAN_POINT('',(7.14647405894917,20.8291296999252,44.164291206086));
#1714=CARTESIAN_POINT('',(7.09405073500504,20.9456370345166,44.5978040997081));
#1715=CARTESIAN_POINT('',(7.06470886571263,21.081566336316,44.9598683071464));
#1716=CARTESIAN_POINT('',(7.05355834512476,21.2084682673413,45.2272233362751));
#1717=CARTESIAN_POINT('',(7.05133519056346,21.3208439661564,45.4313337599494));
#1718=CARTESIAN_POINT('',(7.05400009316976,21.454028246328,45.6506626383425));
#1719=CARTESIAN_POINT('',(7.06886767107157,21.6525765890725,45.9311520498621));
#1720=CARTESIAN_POINT('',(7.10639831423168,21.933066523765,46.2542454447361));
#1721=CARTESIAN_POINT('',(7.16258264272634,22.2491656576358,46.5505696862731));
#1722=CARTESIAN_POINT('',(7.23168120013343,22.5820326676233,46.8042986571075));
#1723=CARTESIAN_POINT('',(7.30715180619951,22.9169979108158,47.0122614635705));
#1724=CARTESIAN_POINT('',(7.38488484394854,23.2489027256329,47.1794168855613));
#1725=CARTESIAN_POINT('',(7.46479655436534,23.5865762580009,47.3147840466996));
#1726=CARTESIAN_POINT('',(7.54787765446676,23.9418601404319,47.4232394021067));
#1727=CARTESIAN_POINT('',(7.6337717541841,24.3222533031547,47.5032400173767));
#1728=CARTESIAN_POINT('',(7.70944467174402,24.6791315773996,47.543819265255));
#1729=CARTESIAN_POINT('',(7.76488032961013,24.962077992555,47.5530375767143));
#1730=CARTESIAN_POINT('',(7.81955723158632,25.2594415559436,47.5473413504082));
#1731=CARTESIAN_POINT('',(7.87727866622997,25.6081006968369,47.5153493291344));
#1732=CARTESIAN_POINT('',(7.93365181016369,26.029646244003,47.4316920690163));
#1733=CARTESIAN_POINT('',(7.97102829052512,26.4066642340049,47.3175334411506));
#1734=CARTESIAN_POINT('',(7.99239724093095,26.739036014485,47.1840604100475));
#1735=CARTESIAN_POINT('',(7.99926929609907,26.970745685357,47.0689512097915));
#1736=CARTESIAN_POINT('',(8.00033238883016,27.1522325937955,46.9670585262047));
#1737=CARTESIAN_POINT('',(7.99842941031074,27.3188189918762,46.8657105656894));
#1738=CARTESIAN_POINT('',(7.98951498125263,27.5358921288528,46.7161333446127));
#1739=CARTESIAN_POINT('',(7.96995149497619,27.7789107394647,46.5222664819344));
#1740=CARTESIAN_POINT('',(7.93786490843592,28.0308461468659,46.28794575549));
#1741=CARTESIAN_POINT('',(7.89069528766906,28.2840754110432,46.0086295811015));
#1742=CARTESIAN_POINT('',(7.82716648571566,28.5278908853754,45.683331374603));
#1743=CARTESIAN_POINT('',(7.75016142235367,28.745315012309,45.3249789177447));
#1744=CARTESIAN_POINT('',(7.662901045238,28.9286547584347,44.9409280396617));
#1745=CARTESIAN_POINT('',(7.56969187952203,29.0729731153308,44.5398754405929));
#1746=CARTESIAN_POINT('',(7.47378414878527,29.1769114123916,44.1243048837456));
#1747=CARTESIAN_POINT('',(7.38164042089785,29.2370562393346,43.709985099698));
#1748=CARTESIAN_POINT('',(7.32170450230346,29.2505700300449,43.4215549794046));
#1749=CARTESIAN_POINT('',(7.26349189845545,29.2492987028456,43.1260869220669));
#1750=CARTESIAN_POINT('',(7.20440010754975,29.229526323088,42.8059397007417));
#1751=CARTESIAN_POINT('',(7.13299048900319,29.1492424339876,42.3402537640983));
#1752=CARTESIAN_POINT('',(7.08069053034173,29.013930522265,41.8764901674999));
#1753=CARTESIAN_POINT('',(7.05605497414648,28.8502161465403,41.487587119487));
#1754=CARTESIAN_POINT('',(7.05093980488271,28.6994453995432,41.2046646545885));
#1755=CARTESIAN_POINT('',(7.05419685422462,28.5355736074185,40.9347087994237));
#1756=CARTESIAN_POINT('',(7.07139195232796,28.3202416999847,40.6350348630917));
#1757=CARTESIAN_POINT('',(7.11382014533699,28.0210196085924,40.3013939130047));
#1758=CARTESIAN_POINT('',(7.17177869289242,27.7045764001193,40.0140319561726));
#1759=CARTESIAN_POINT('',(7.24218480709574,27.3698259777501,39.7652783994785));
#1760=CARTESIAN_POINT('',(7.32262652475113,27.0158283159851,39.5521096013664));
#1761=CARTESIAN_POINT('',(7.41024779467303,26.6438771553769,39.3749117926268));
#1762=CARTESIAN_POINT('',(7.50157166732634,26.2574678801058,39.2346739530255));
#1763=CARTESIAN_POINT('',(7.59421623983547,25.8556893100095,39.1312834780448));
#1764=CARTESIAN_POINT('',(7.68619085173918,25.4350116538721,39.0662349231167));
#1765=CARTESIAN_POINT('',(7.74399549923032,25.1466270113812,39.051270365465));
#1766=CARTESIAN_POINT('',(7.7716106672279,24.999999993395,39.0512701892623));
#1767=CARTESIAN_POINT('',(4.00000000000002,-35.3474237139956,38.8553390593274));
#1768=AXIS2_PLACEMENT_3D('',#1769,#1770,#1771);
#1769=CARTESIAN_POINT('',(4.00000000000002,-35.3474237139956,35.3553390593274));
#1770=DIRECTION('',(1.,2.85843879430401E-16,0.));
#1771=DIRECTION('',(0.,0.,1.));
#1772=CARTESIAN_POINT('',(-2.49999999999999,-16.9920846546683,2.0818995585505E-15));
#1773=CARTESIAN_POINT('',(-2.5,17.0079153453318,0.));
#1774=AXIS2_PLACEMENT_3D('',#1775,#1776,#1777);
#1775=CARTESIAN_POINT('',(-2.49999999999999,0.00791534533174527,0.));
#1776=DIRECTION('',(1.,2.85843879430401E-16,0.));
#1777=DIRECTION('',(2.85843879430401E-16,-1.,1.22464679914735E-16));
#1778=AXIS2_PLACEMENT_3D('',#1779,#1780,#1781);
#1779=CARTESIAN_POINT('',(-2.49999999999999,0.00791534533174527,0.));
#1780=DIRECTION('',(1.,2.85843879430401E-16,0.));
#1781=DIRECTION('',(-2.85843879430401E-16,1.,0.));
#1782=CARTESIAN_POINT('',(14.,62.0079153453318,-7.59281015471359E-15));
#1783=CARTESIAN_POINT('',(14.,-61.9920846546683,7.59281015471359E-15));
#1784=AXIS2_PLACEMENT_3D('',#1785,#1786,#1787);
#1785=CARTESIAN_POINT('',(14.,0.00791534533174998,0.));
#1786=DIRECTION('',(1.,2.85843879430401E-16,0.));
#1787=DIRECTION('',(-2.85843879430401E-16,1.,0.));
#1788=AXIS2_PLACEMENT_3D('',#1789,#1790,#1791);
#1789=CARTESIAN_POINT('',(14.,0.00791534533174998,0.));
#1790=DIRECTION('',(1.,2.85843879430401E-16,0.));
#1791=DIRECTION('',(2.85843879430401E-16,-1.,1.22464679914735E-16));
#1792=CARTESIAN_POINT('',(-1.99999999999999,20.9215441657859,-56.2371774679373));
#1793=CARTESIAN_POINT('',(-2.,38.2432175203399,-46.2391957901411));
#1794=CARTESIAN_POINT('',(-2.,38.2432109294026,-46.2391843743049));
#1795=CARTESIAN_POINT('',(-1.899073039663,38.2432111771441,-46.2391838373016));
#1796=CARTESIAN_POINT('',(-1.71676661357683,38.2410535201631,-46.2409686163918));
#1797=CARTESIAN_POINT('',(-1.47232155085359,38.2329314942446,-46.2476830418595));
#1798=CARTESIAN_POINT('',(-1.26604798616057,38.2225902385055,-46.256228638907));
#1799=CARTESIAN_POINT('',(-1.05442681670337,38.2088522952727,-46.2675756805188));
#1800=CARTESIAN_POINT('',(-0.817039205501217,38.1892242157364,-46.2837766607432));
#1801=CARTESIAN_POINT('',(-0.553272597144894,38.1618909445604,-46.3063133746443));
#1802=CARTESIAN_POINT('',(-0.307773915113165,38.1311696961028,-46.3316097694378));
#1803=CARTESIAN_POINT('',(-0.0810069078223553,38.0983943633605,-46.3585586990586));
#1804=CARTESIAN_POINT('',(0.127291518757708,38.0647104339969,-46.3862162577187));
#1805=CARTESIAN_POINT('',(0.337943195429091,38.0269167253519,-46.4171996377133));
#1806=CARTESIAN_POINT('',(0.558790432002494,37.983276013754,-46.4529136375432));
#1807=CARTESIAN_POINT('',(0.796277263339693,37.931670815801,-46.4950595688727));
#1808=CARTESIAN_POINT('',(1.08919350099298,37.8614791533504,-46.5522425190312));
#1809=CARTESIAN_POINT('',(1.45726474803857,37.7624438223843,-46.6326444749981));
#1810=CARTESIAN_POINT('',(1.87934142354296,37.6318292370964,-46.7381325987773));
#1811=CARTESIAN_POINT('',(2.27526969637134,37.4913632339556,-46.8508443781109));
#1812=CARTESIAN_POINT('',(2.58003704852882,37.3711234917251,-46.9467401480247));
#1813=CARTESIAN_POINT('',(2.80621437950361,37.2754660547029,-47.0226890221079));
#1814=CARTESIAN_POINT('',(2.99356179830832,37.1920005015232,-47.0887218876009));
#1815=CARTESIAN_POINT('',(3.1796369362606,37.1047779329285,-47.157471170761));
#1816=CARTESIAN_POINT('',(3.36635904414979,37.0127430012702,-47.2297315043599));
#1817=CARTESIAN_POINT('',(3.55400580895303,36.9154854762272,-47.3057781778538));
#1818=CARTESIAN_POINT('',(3.74457700925762,36.8116023183281,-47.3866515825981));
#1819=CARTESIAN_POINT('',(3.93795512876165,36.7006514150761,-47.4726256079075));
#1820=CARTESIAN_POINT('',(4.13584483391111,36.5810005073538,-47.5648775155708));
#1821=CARTESIAN_POINT('',(4.33600265374729,36.4532906690861,-47.6628141318882));
#1822=CARTESIAN_POINT('',(4.5482622441781,36.3102122313448,-47.7719074844145));
#1823=CARTESIAN_POINT('',(4.77914366286345,36.1449660617205,-47.8970843114946));
#1824=CARTESIAN_POINT('',(5.04497888373973,35.9410934644404,-48.0503152249637));
#1825=CARTESIAN_POINT('',(5.33907008384521,35.6962799137837,-48.2325448653653));
#1826=CARTESIAN_POINT('',(5.70985365180237,35.3568398407723,-48.4822676070888));
#1827=CARTESIAN_POINT('',(6.12211584008248,34.9265061957198,-48.7936711287344));
#1828=CARTESIAN_POINT('',(6.54689366308183,34.4018618415197,-49.1650430672093));
#1829=CARTESIAN_POINT('',(6.87594296865716,33.9152943602662,-49.5014857762847));
#1830=CARTESIAN_POINT('',(7.12129123649017,33.4896310296577,-49.7899158830115));
#1831=CARTESIAN_POINT('',(7.29037045039109,33.1557851906479,-50.0126714871652));
#1832=CARTESIAN_POINT('',(7.42411563624014,32.8571790056415,-50.209179976269));
#1833=CARTESIAN_POINT('',(7.52685145759139,32.6002555228255,-50.3762515448725));
#1834=CARTESIAN_POINT('',(7.61049339971813,32.367595210258,-50.5259703542088));
#1835=CARTESIAN_POINT('',(7.68128200745457,32.1490342818594,-50.6652794873321));
#1836=CARTESIAN_POINT('',(7.74480247186643,31.9296739893957,-50.8037785695134));
#1837=CARTESIAN_POINT('',(7.80094459329251,31.7100949246147,-50.9410867853404));
#1838=CARTESIAN_POINT('',(7.84909169057606,31.4937896984302,-51.0750478837139));
#1839=CARTESIAN_POINT('',(7.8880631621865,31.2901700306003,-51.1999826666401));
#1840=CARTESIAN_POINT('',(7.91893581634965,31.100896275698,-51.315117815545));
#1841=CARTESIAN_POINT('',(7.94194583480918,30.9336563981138,-51.4160473973592));
#1842=CARTESIAN_POINT('',(7.95870863513434,30.7884755737122,-51.503056294654));
#1843=CARTESIAN_POINT('',(7.97029634109922,30.6695176644378,-51.5739410612479));
#1844=CARTESIAN_POINT('',(7.97886614237712,30.5657631679345,-51.6354731338952));
#1845=CARTESIAN_POINT('',(7.98554511453609,30.4696195709072,-51.6922501309977));
#1846=CARTESIAN_POINT('',(7.99099143174005,30.373048383303,-51.7490377417735));
#1847=CARTESIAN_POINT('',(7.99523314368946,30.2750303767513,-51.8064292824516));
#1848=CARTESIAN_POINT('',(7.99822458689014,30.1751778308077,-51.8646394732504));
#1849=CARTESIAN_POINT('',(7.99972240900733,30.0838671366926,-51.9176320416055));
#1850=CARTESIAN_POINT('',(8.00011790128683,30.0013179537592,-51.965355368806));
#1851=CARTESIAN_POINT('',(7.99962999307187,29.90217179015,-52.0224884391168));
#1852=CARTESIAN_POINT('',(7.99708301697502,29.7743182267256,-52.0957951389966));
#1853=CARTESIAN_POINT('',(7.99119958734917,29.6288244228749,-52.1786422118069));
#1854=CARTESIAN_POINT('',(7.98298583672264,29.4901348003064,-52.2571148565552));
#1855=CARTESIAN_POINT('',(7.97289716483739,29.3577810819333,-52.3315717017008));
#1856=CARTESIAN_POINT('',(7.95998269342817,29.2204220038648,-52.4083777136949));
#1857=CARTESIAN_POINT('',(7.94392258996908,29.0776279314101,-52.4877217126153));
#1858=CARTESIAN_POINT('',(7.92460770886341,28.9307494442495,-52.5688060950326));
#1859=CARTESIAN_POINT('',(7.90171298754363,28.7793193700033,-52.6518421052769));
#1860=CARTESIAN_POINT('',(7.87530135268348,28.6252371617704,-52.7357499621371));
#1861=CARTESIAN_POINT('',(7.84529461600003,28.4689484935064,-52.8202628399121));
#1862=CARTESIAN_POINT('',(7.81174822841327,28.3113344515561,-52.9048886552959));
#1863=CARTESIAN_POINT('',(7.77439733365044,28.1517338566448,-52.9899658691756));
#1864=CARTESIAN_POINT('',(7.73320541885902,27.9905833895393,-53.0752435872727));
#1865=CARTESIAN_POINT('',(7.686157066007,27.8210926041367,-53.1642732749678));
#1866=CARTESIAN_POINT('',(7.63080403341459,27.6373832237958,-53.2600082734717));
#1867=CARTESIAN_POINT('',(7.56332181952566,27.4317673299828,-53.3662072083866));
#1868=CARTESIAN_POINT('',(7.48402502765443,27.2106291364318,-53.479289952357));
#1869=CARTESIAN_POINT('',(7.3822247567844,26.9505703609039,-53.6108706536751));
#1870=CARTESIAN_POINT('',(7.25814556158377,26.6632869181708,-53.7543700199948));
#1871=CARTESIAN_POINT('',(7.10977805686238,26.3539730960611,-53.906617226618));
#1872=CARTESIAN_POINT('',(6.96660981565209,26.0826620277135,-54.0382640349764));
#1873=CARTESIAN_POINT('',(6.83124536613988,25.8448982604002,-54.1522673216038));
#1874=CARTESIAN_POINT('',(6.69810537909577,25.6248181239542,-54.2567525757298));
#1875=CARTESIAN_POINT('',(6.54212683242756,25.3830708189598,-54.3702905587147));
#1876=CARTESIAN_POINT('',(6.34677187323709,25.1013292639668,-54.5009835618526));
#1877=CARTESIAN_POINT('',(6.10827325107971,24.7846522225716,-54.6457608997443));
#1878=CARTESIAN_POINT('',(5.77163076462001,24.3771143217319,-54.8290367005719));
#1879=CARTESIAN_POINT('',(5.28187678767606,23.8524164906937,-55.0598346213252));
#1880=CARTESIAN_POINT('',(4.55415067086111,23.1961432061287,-55.3398659040476));
#1881=CARTESIAN_POINT('',(3.68383501745588,22.5686257312307,-55.5981267413709));
#1882=CARTESIAN_POINT('',(2.81595444757593,22.0760179671876,-55.794787496635));
#1883=CARTESIAN_POINT('',(2.14510862379886,21.7666342154994,-55.9158218536253));
#1884=CARTESIAN_POINT('',(1.63773791969671,21.5674927388884,-55.9927979742931));
#1885=CARTESIAN_POINT('',(1.25543951326994,21.4357104331279,-56.0433282611578));
#1886=CARTESIAN_POINT('',(0.925448180476072,21.3350193883204,-56.0817027280224));
#1887=CARTESIAN_POINT('',(0.653984649205489,21.2607990003988,-56.1098610436837));
#1888=CARTESIAN_POINT('',(0.41585013988703,21.201901442583,-56.1321296248617));
#1889=CARTESIAN_POINT('',(0.20276217898744,21.1540375921638,-56.1501759856294));
#1890=CARTESIAN_POINT('',(0.00155487459609313,21.1131040379377,-56.1655725403593));
#1891=CARTESIAN_POINT('',(-0.200500951647346,21.0759180963412,-56.1795313603474));
#1892=CARTESIAN_POINT('',(-0.405402040629686,21.0423570838197,-56.1921050053915));
#1893=CARTESIAN_POINT('',(-0.61283085047441,21.0127497689556,-56.2031778349096));
#1894=CARTESIAN_POINT('',(-0.791863466278514,20.9907071758659,-56.2114096873781));
#1895=CARTESIAN_POINT('',(-0.946555641657032,20.9741319959563,-56.2175935896873));
#1896=CARTESIAN_POINT('',(-1.08087316911174,20.9614868201462,-56.2223078023332));
#1897=CARTESIAN_POINT('',(-1.2144744770532,20.9506307335552,-56.2263524484852));
#1898=CARTESIAN_POINT('',(-1.34709020206697,20.9415469678811,-56.2297349497342));
#1899=CARTESIAN_POINT('',(-1.4789821227704,20.9341798855442,-56.2324769889994));
#1900=CARTESIAN_POINT('',(-1.61007396346959,20.9285015262813,-56.2345897347719));
#1901=CARTESIAN_POINT('',(-1.74059048873321,20.9244745590914,-56.2360876503712));
#1902=CARTESIAN_POINT('',(-1.87046645130181,20.9220754795728,-56.2369798916116));
#1903=CARTESIAN_POINT('',(-1.95688477984053,20.9215441384149,-56.2371774657379));
#1904=CARTESIAN_POINT('',(-1.99999999999999,20.9215441657859,-56.2371774679373));
#1905=CARTESIAN_POINT('',(-1.99999999999999,20.9215441657859,-56.2371774679373));
#1906=CARTESIAN_POINT('',(-2.05172170780836,20.9215441083763,-56.237177463781));
#1907=CARTESIAN_POINT('',(-2.15521844405711,20.9223075121544,-56.2368936133765));
#1908=CARTESIAN_POINT('',(-2.3104914642243,20.9257446225991,-56.2356152772779));
#1909=CARTESIAN_POINT('',(-2.46581529626231,20.931479131603,-56.2334819856254));
#1910=CARTESIAN_POINT('',(-2.62109880820867,20.9395117790108,-56.2304926385531));
#1911=CARTESIAN_POINT('',(-2.77624156966101,20.9498387586827,-56.2266475381577));
#1912=CARTESIAN_POINT('',(-2.93113776141151,20.9624511172554,-56.2219485792619));
#1913=CARTESIAN_POINT('',(-3.08570649805713,20.9773377265881,-56.2163981603185));
#1914=CARTESIAN_POINT('',(-3.23993847723805,20.9944922606041,-56.2099965845899));
#1915=CARTESIAN_POINT('',(-3.39581423022684,21.014160970241,-56.2026495006708));
#1916=CARTESIAN_POINT('',(-3.55528345497985,21.0367231831578,-56.1942120079567));
#1917=CARTESIAN_POINT('',(-3.72210963859935,21.0629862429902,-56.1843776439628));
#1918=CARTESIAN_POINT('',(-3.89610172206677,21.093314839681,-56.1730035979331));
#1919=CARTESIAN_POINT('',(-4.08756045330242,21.1301026086933,-56.159182807153));
#1920=CARTESIAN_POINT('',(-4.30277185567812,21.1757829310996,-56.141984293791));
#1921=CARTESIAN_POINT('',(-4.58301005370151,21.2419258308041,-56.1170123659302));
#1922=CARTESIAN_POINT('',(-4.94946625503014,21.340323249112,-56.0797114955458));
#1923=CARTESIAN_POINT('',(-5.3821142303087,21.4762602161175,-56.0278460518278));
#1924=CARTESIAN_POINT('',(-5.79754831486358,21.6282654051065,-55.9693612396571));
#1925=CARTESIAN_POINT('',(-6.123200249273,21.7622895374684,-55.9173713109714));
#1926=CARTESIAN_POINT('',(-6.36807471471036,21.8711167467773,-55.8748939659243));
#1927=CARTESIAN_POINT('',(-6.56965420378557,21.9659437739431,-55.8376983434879));
#1928=CARTESIAN_POINT('',(-6.76688203755631,22.0638866408177,-55.7990854307838));
#1929=CARTESIAN_POINT('',(-6.98274448079118,22.1767995288663,-55.7543382159896));
#1930=CARTESIAN_POINT('',(-7.21859820343854,22.3076612026318,-55.7021514767117));
#1931=CARTESIAN_POINT('',(-7.47453429590313,22.4593605797078,-55.6411906425222));
#1932=CARTESIAN_POINT('',(-7.70885185394188,22.6075944978191,-55.5811376692778));
#1933=CARTESIAN_POINT('',(-7.92166615515171,22.7500850199095,-55.5229727483523));
#1934=CARTESIAN_POINT('',(-8.11375082785935,22.8851213743191,-55.4674756538624));
#1935=CARTESIAN_POINT('',(-8.30438494585879,23.0258174018713,-55.409243429866));
#1936=CARTESIAN_POINT('',(-8.49330490172647,23.1721944633798,-55.348214690996));
#1937=CARTESIAN_POINT('',(-8.67932718180564,23.323490675213,-55.2846563408777));
#1938=CARTESIAN_POINT('',(-8.86159135404186,23.4790741902041,-55.2187872449871));
#1939=CARTESIAN_POINT('',(-9.03921277923723,23.6381565541913,-55.1509010300009));
#1940=CARTESIAN_POINT('',(-9.21140553481669,23.7999150481578,-55.0813149661556));
#1941=CARTESIAN_POINT('',(-9.37795064718357,23.9639507409567,-55.0101731740564));
#1942=CARTESIAN_POINT('',(-9.53813770752925,24.1293159821011,-54.937864896812));
#1943=CARTESIAN_POINT('',(-9.69203959809496,24.2957756007941,-54.8644776754001));
#1944=CARTESIAN_POINT('',(-9.83912769839696,24.462395449298,-54.7904145503072));
#1945=CARTESIAN_POINT('',(-9.98007974184895,24.6295707358489,-54.7154940139949));
#1946=CARTESIAN_POINT('',(-10.1142059973688,24.7961115336776,-54.6402459351499));
#1947=CARTESIAN_POINT('',(-10.2416114600386,24.9616883705111,-54.5648247775868));
#1948=CARTESIAN_POINT('',(-10.3613525311917,25.1244846593095,-54.4900770411261));
#1949=CARTESIAN_POINT('',(-10.4743971075324,25.2851777526555,-54.415717163901));
#1950=CARTESIAN_POINT('',(-10.5804343212868,25.4427268792857,-54.3422517248488));
#1951=CARTESIAN_POINT('',(-10.6802350709846,25.5976708458573,-54.2694567929997));
#1952=CARTESIAN_POINT('',(-10.7734562804098,25.7488292364078,-54.197919691131));
#1953=CARTESIAN_POINT('',(-10.8613819060875,25.8976892188587,-54.1269665752012));
#1954=CARTESIAN_POINT('',(-10.9442028160941,26.0441051839457,-54.0566883187301));
#1955=CARTESIAN_POINT('',(-11.0226035793612,26.1888847848901,-53.9867142620053));
#1956=CARTESIAN_POINT('',(-11.0962552777961,26.3309881895524,-53.91756707322));
#1957=CARTESIAN_POINT('',(-11.1657789271779,26.4711697087098,-53.8489011548728));
#1958=CARTESIAN_POINT('',(-11.2312276277007,26.6091444336207,-53.7808742410574));
#1959=CARTESIAN_POINT('',(-11.2931222335194,26.7456633035355,-53.7131312331453));
#1960=CARTESIAN_POINT('',(-11.3515002316215,26.8804790470269,-53.6458090553172));
#1961=CARTESIAN_POINT('',(-11.4069026468032,27.0145742451659,-53.5784270507155));
#1962=CARTESIAN_POINT('',(-11.4594247193087,27.147999253638,-53.5109643138695));
#1963=CARTESIAN_POINT('',(-11.5091977029754,27.2809304001527,-53.4433346629335));
#1964=CARTESIAN_POINT('',(-11.5559669904743,27.4124631363889,-53.3760055789455));
#1965=CARTESIAN_POINT('',(-11.599847023862,27.5426139600478,-53.3089806922714));
#1966=CARTESIAN_POINT('',(-11.6406581525076,27.6704952659891,-53.2427318749669));
#1967=CARTESIAN_POINT('',(-11.6785436644113,27.7961147424964,-53.1772743173261));
#1968=CARTESIAN_POINT('',(-11.7133994363813,27.9185927761337,-53.1130899658177));
#1969=CARTESIAN_POINT('',(-11.7456205314405,28.0387733634944,-53.0497598325467));
#1970=CARTESIAN_POINT('',(-11.7751756680796,28.1560383934063,-52.9876300955977));
#1971=CARTESIAN_POINT('',(-11.8022522971935,28.2705730832992,-52.9266248053706));
#1972=CARTESIAN_POINT('',(-11.8266934885726,28.3810027707345,-52.8675039284674));
#1973=CARTESIAN_POINT('',(-11.8488393393683,28.4880625609191,-52.8099039932744));
#1974=CARTESIAN_POINT('',(-11.8706999133393,28.6013868216705,-52.7486427691517));
#1975=CARTESIAN_POINT('',(-11.8919915194153,28.7214039259624,-52.6834192105796));
#1976=CARTESIAN_POINT('',(-11.9122199628401,28.8474429186453,-52.6145257676323));
#1977=CARTESIAN_POINT('',(-11.9297960751466,28.9693809310402,-52.5475000078997));
#1978=CARTESIAN_POINT('',(-11.9450250103243,29.0880233224595,-52.4819328602097));
#1979=CARTESIAN_POINT('',(-11.958153657182,29.2042266333194,-52.4173752630626));
#1980=CARTESIAN_POINT('',(-11.9684904015667,29.3099235444468,-52.3583495152561));
#1981=CARTESIAN_POINT('',(-11.9765970452363,29.4057688040398,-52.3045837971074));
#1982=CARTESIAN_POINT('',(-11.9829547396327,29.4926140696053,-52.255677979631));
#1983=CARTESIAN_POINT('',(-11.9883604442439,29.5801982585683,-52.2061634085033));
#1984=CARTESIAN_POINT('',(-11.9928470233672,29.6697474439755,-52.1553384259178));
#1985=CARTESIAN_POINT('',(-11.9963673629124,29.7620251254305,-52.1027530496715));
#1986=CARTESIAN_POINT('',(-11.9988537058311,29.8588655195534,-52.0473353446244));
#1987=CARTESIAN_POINT('',(-11.999860951444,29.939224220239,-52.0011462976188));
#1988=CARTESIAN_POINT('',(-12.0000590100942,30.0081332892717,-51.9614102381362));
#1989=CARTESIAN_POINT('',(-11.9997619763669,30.0804737190129,-51.9195983300189));
#1990=CARTESIAN_POINT('',(-11.9982372049917,30.1774542473338,-51.8633279540325));
#1991=CARTESIAN_POINT('',(-11.9945737559231,30.2952330193308,-51.7946415046453));
#1992=CARTESIAN_POINT('',(-11.9887788310292,30.4175950038689,-51.7229000790907));
#1993=CARTESIAN_POINT('',(-11.9805617247409,30.5453568223387,-51.6475771746927));
#1994=CARTESIAN_POINT('',(-11.9696953004713,30.6778470034343,-51.5690178702644));
#1995=CARTESIAN_POINT('',(-11.9556769599485,30.8170633739707,-51.4859743210322));
#1996=CARTESIAN_POINT('',(-11.9382908750913,30.9614215882377,-51.3993221903754));
#1997=CARTESIAN_POINT('',(-11.9171099668459,31.1115188223032,-51.3086385509257));
#1998=CARTESIAN_POINT('',(-11.8919882399961,31.2659368855531,-51.2147186279009));
#1999=CARTESIAN_POINT('',(-11.8624451026335,31.4253822984452,-51.1170689655045));
#2000=CARTESIAN_POINT('',(-11.8285556678665,31.5876711513178,-51.0169716919407));
#2001=CARTESIAN_POINT('',(-11.7902356114615,31.7520715629019,-50.9148416896044));
#2002=CARTESIAN_POINT('',(-11.747666496931,31.9171267342749,-50.8115633640757));
#2003=CARTESIAN_POINT('',(-11.6953809337439,32.1016683848415,-50.695253370503));
#2004=CARTESIAN_POINT('',(-11.6298706646116,32.3104725163235,-50.5625317966929));
#2005=CARTESIAN_POINT('',(-11.5464589964445,32.5482391713518,-50.4098780520211));
#2006=CARTESIAN_POINT('',(-11.4444665346353,32.8085763631082,-50.2409363153803));
#2007=CARTESIAN_POINT('',(-11.3227705203779,33.0858700945427,-50.058854055993));
#2008=CARTESIAN_POINT('',(-11.1807676682288,33.3747657523071,-49.8667577282381));
#2009=CARTESIAN_POINT('',(-11.0381944603998,33.6353354123916,-49.6913112496833));
#2010=CARTESIAN_POINT('',(-10.9016659439481,33.8638320685831,-49.5358089958225));
#2011=CARTESIAN_POINT('',(-10.7774185738656,34.0578731635582,-49.4026088065458));
#2012=CARTESIAN_POINT('',(-10.6500587689648,34.2444460098471,-49.2734878140335));
#2013=CARTESIAN_POINT('',(-10.5092202248445,34.4384464181735,-49.138155260634));
#2014=CARTESIAN_POINT('',(-10.3441166523065,34.6513182204911,-48.9883701126148));
#2015=CARTESIAN_POINT('',(-10.1372071837081,34.8988467367559,-48.8124777753941));
#2016=CARTESIAN_POINT('',(-9.88517065709192,35.1752696393608,-48.6137943221818));
#2017=CARTESIAN_POINT('',(-9.53084285267106,35.5276310230154,-48.3572822457689));
#2018=CARTESIAN_POINT('',(-9.0189916712881,35.9743658189299,-48.0265601476994));
#2019=CARTESIAN_POINT('',(-8.32678645553789,36.4764391550138,-47.6464686596189));
#2020=CARTESIAN_POINT('',(-7.57610782066103,36.9158683297945,-47.3062726314825));
#2021=CARTESIAN_POINT('',(-6.93540783000565,37.2236474874545,-47.0639954551942));
#2022=CARTESIAN_POINT('',(-6.44490536914264,37.4270158454563,-46.902285981695));
#2023=CARTESIAN_POINT('',(-6.06928840380699,37.5657896785586,-46.7911785465964));
#2024=CARTESIAN_POINT('',(-5.73978219039458,37.6752879848139,-46.7030398028373));
#2025=CARTESIAN_POINT('',(-5.43756361076002,37.7666929797954,-46.6291615831311));
#2026=CARTESIAN_POINT('',(-5.14149046909828,37.8478526792198,-46.5633181038012));
#2027=CARTESIAN_POINT('',(-4.84212247521831,37.9214575188805,-46.5033966380202));
#2028=CARTESIAN_POINT('',(-4.57880654366061,37.9792465205679,-46.456209849783));
#2029=CARTESIAN_POINT('',(-4.34938648357835,38.0246800317071,-46.4190305351175));
#2030=CARTESIAN_POINT('',(-4.15251195093165,38.0602972087899,-46.3898357711524));
#2031=CARTESIAN_POINT('',(-3.95953535419145,38.0920303558238,-46.3637862802431));
#2032=CARTESIAN_POINT('',(-3.76993145991925,38.1201972015758,-46.3406340506647));
#2033=CARTESIAN_POINT('',(-3.58104362230204,38.145323344722,-46.3199570740468));
#2034=CARTESIAN_POINT('',(-3.39092214273909,38.1676890040565,-46.3015326014494));
#2035=CARTESIAN_POINT('',(-3.19836303413537,38.1873682312197,-46.2853061439854));
#2036=CARTESIAN_POINT('',(-3.00296446357847,38.2043021057598,-46.271332078765));
#2037=CARTESIAN_POINT('',(-2.80552481553878,38.2183273169162,-46.259750379733));
#2038=CARTESIAN_POINT('',(-2.58358449839908,38.2306113316896,-46.2496008569505));
#2039=CARTESIAN_POINT('',(-2.31501444655583,38.2405378142097,-46.2413951997046));
#2040=CARTESIAN_POINT('',(-2.11266051552998,38.2432113197679,-46.239183546405));
#2041=CARTESIAN_POINT('',(-2.,38.2432109294026,-46.2391843743049));
#2042=CARTESIAN_POINT('',(-1.99999999999998,9.34172479848861,-36.1803419813084));
#2043=CARTESIAN_POINT('',(-1.99999999999999,26.6622328741774,-26.1803419813084));
#2044=AXIS2_PLACEMENT_3D('',#2045,#2046,#2047);
#2045=CARTESIAN_POINT('',(-1.99999999999999,18.001978836333,-31.1803419813084));
#2046=DIRECTION('',(-1.44428919872333E-16,0.5,-0.866025403784439));
#2047=DIRECTION('',(2.44249065417534E-16,-0.866025403784438,-0.5));
#2048=AXIS2_PLACEMENT_3D('',#2049,#2050,#2051);
#2049=CARTESIAN_POINT('',(-1.99999999999999,18.001978836333,-31.1803419813084));
#2050=DIRECTION('',(-1.44428919872333E-16,0.5,-0.866025403784439));
#2051=DIRECTION('',(-3.77475828372553E-16,0.866025403784439,0.5));
#2052=CARTESIAN_POINT('',(-11.7716106661218,25.0000000000462,-47.5512701891952));
#2053=CARTESIAN_POINT('',(-11.7716106659834,25.0000000000272,-47.5512701891819));
#2054=CARTESIAN_POINT('',(-11.7853046574096,25.0727095161769,-47.5512705725186));
#2055=CARTESIAN_POINT('',(-11.8126320007489,25.222569895863,-47.5474277776252));
#2056=CARTESIAN_POINT('',(-11.8516055164726,25.4536548603457,-47.5292322503733));
#2057=CARTESIAN_POINT('',(-11.8888517874641,25.6976684677873,-47.4961685629904));
#2058=CARTESIAN_POINT('',(-11.92266895153,25.9500685302113,-47.446504194823));
#2059=CARTESIAN_POINT('',(-11.9508435585731,26.1998268595953,-47.3810774100008));
#2060=CARTESIAN_POINT('',(-11.9720568483444,26.4344099023991,-47.304247320616));
#2061=CARTESIAN_POINT('',(-11.9866454257959,26.6485642515426,-47.2205812731377));
#2062=CARTESIAN_POINT('',(-11.9959023100455,26.8496483060932,-47.1297178028413));
#2063=CARTESIAN_POINT('',(-11.9995049327124,27.0063497166688,-47.0490357982355));
#2064=CARTESIAN_POINT('',(-12.0002314165172,27.1404545855825,-46.973584183311));
#2065=CARTESIAN_POINT('',(-11.9990120545076,27.2826515637242,-46.8881740311841));
#2066=CARTESIAN_POINT('',(-11.9925658928261,27.4778431475543,-46.757954739355));
#2067=CARTESIAN_POINT('',(-11.9763569122251,27.7122813304954,-46.5783221329627));
#2068=CARTESIAN_POINT('',(-11.9484263073676,27.9579648148002,-46.3594114055958));
#2069=CARTESIAN_POINT('',(-11.9081886961432,28.1980305558921,-46.1079595703718));
#2070=CARTESIAN_POINT('',(-11.8553004720558,28.4269848116294,-45.8238799422149));
#2071=CARTESIAN_POINT('',(-11.7900171772497,28.639472471802,-45.5076854374991));
#2072=CARTESIAN_POINT('',(-11.7044099035711,28.8503312334563,-45.1210414047917));
#2073=CARTESIAN_POINT('',(-11.6009110124001,29.0334889088713,-44.6739061812257));
#2074=CARTESIAN_POINT('',(-11.4868883710913,29.1675115910817,-44.1825457960874));
#2075=CARTESIAN_POINT('',(-11.3848067279734,29.2364138408901,-43.7252978007268));
#2076=CARTESIAN_POINT('',(-11.322274972624,29.2503799344496,-43.4242349618405));
#2077=CARTESIAN_POINT('',(-11.2639669528561,29.2495240364269,-43.128726827678));
#2078=CARTESIAN_POINT('',(-11.2017614583498,29.2290544590547,-42.7922505735654));
#2079=CARTESIAN_POINT('',(-11.1274923880927,29.1414186009419,-42.3020274313266));
#2080=CARTESIAN_POINT('',(-11.0753529672469,28.9928515746452,-41.8169658155837));
#2081=CARTESIAN_POINT('',(-11.0547238684795,28.8293608472684,-41.4458075214775));
#2082=CARTESIAN_POINT('',(-11.0508459611396,28.6721231333965,-41.156941917732));
#2083=CARTESIAN_POINT('',(-11.0555514496428,28.5095286881377,-40.8953545195102));
#2084=CARTESIAN_POINT('',(-11.0752128418164,28.2929406554514,-40.6042645723814));
#2085=CARTESIAN_POINT('',(-11.1117161416704,28.0384657184,-40.3227298254747));
#2086=CARTESIAN_POINT('',(-11.1565252850098,27.7859148530177,-40.0860558659724));
#2087=CARTESIAN_POINT('',(-11.2180613269859,27.4802166172846,-39.8412594098376));
#2088=CARTESIAN_POINT('',(-11.3032809868374,27.0978524698812,-39.5931291346386));
#2089=CARTESIAN_POINT('',(-11.4133960714922,26.6304905310833,-39.3648443890392));
#2090=CARTESIAN_POINT('',(-11.5203607168907,26.1779068997116,-39.2091462960754));
#2091=CARTESIAN_POINT('',(-11.6186786429508,25.7460593541495,-39.1108820818262));
#2092=CARTESIAN_POINT('',(-11.7000215028216,25.367422516518,-39.0615272864507));
#2093=CARTESIAN_POINT('',(-11.7554611156205,25.0871408770223,-39.050145866332));
#2094=CARTESIAN_POINT('',(-11.8078492265735,24.8055651205427,-39.0529013396514));
#2095=CARTESIAN_POINT('',(-11.8592116417686,24.5064951725026,-39.0734314397111));
#2096=CARTESIAN_POINT('',(-11.9163065737514,24.1092341975201,-39.1394231858272));
#2097=CARTESIAN_POINT('',(-11.9579116161262,23.7395087423213,-39.2367615876813));
#2098=CARTESIAN_POINT('',(-11.9847555265865,23.4006733749597,-39.358651019442));
#2099=CARTESIAN_POINT('',(-11.9976125654617,23.1163828576651,-39.4877829860205));
#2100=CARTESIAN_POINT('',(-12.0001959779269,22.9323252199749,-39.5870330346835));
#2101=CARTESIAN_POINT('',(-11.9997389402375,22.76656176047,-39.6839784608839));
#2102=CARTESIAN_POINT('',(-11.995785445945,22.5896681025505,-39.7968443998347));
#2103=CARTESIAN_POINT('',(-11.9812961035211,22.3450309748216,-39.9775983045375));
#2104=CARTESIAN_POINT('',(-11.954986009432,22.0892746531778,-40.1976476473351));
#2105=CARTESIAN_POINT('',(-11.9140287586233,21.8294278028698,-40.4621158078412));
#2106=CARTESIAN_POINT('',(-11.8567525414159,21.5759608737143,-40.7725167465468));
#2107=CARTESIAN_POINT('',(-11.7853225159126,21.3460520213225,-41.1171676469068));
#2108=CARTESIAN_POINT('',(-11.702034471554,21.1469150902908,-41.4911694588008));
#2109=CARTESIAN_POINT('',(-11.6105828811829,20.9844701047375,-41.887081461204));
#2110=CARTESIAN_POINT('',(-11.5157175146381,20.8634827629174,-42.295394171956));
#2111=CARTESIAN_POINT('',(-11.4234597627549,20.7859742137365,-42.7021032694232));
#2112=CARTESIAN_POINT('',(-11.3513024697858,20.7546481277117,-43.0369975149281));
#2113=CARTESIAN_POINT('',(-11.3002285844942,20.7487301844245,-43.2887462507079));
#2114=CARTESIAN_POINT('',(-11.2539809469874,20.7532777738181,-43.527248667917));
#2115=CARTESIAN_POINT('',(-11.199294526457,20.7776051200313,-43.831747176436));
#2116=CARTESIAN_POINT('',(-11.1383506275327,20.8449716376426,-44.2278983620876));
#2117=CARTESIAN_POINT('',(-11.0868572567722,20.9643074602935,-44.6617123495782));
#2118=CARTESIAN_POINT('',(-11.0576541872249,21.1265850960648,-45.0679875437835));
#2119=CARTESIAN_POINT('',(-11.0514366729516,21.2708128781256,-45.344244735611));
#2120=CARTESIAN_POINT('',(-11.0525558377134,21.4083770951687,-45.5777447906434));
#2121=CARTESIAN_POINT('',(-11.0603455906578,21.5561392798255,-45.8005325115471));
#2122=CARTESIAN_POINT('',(-11.0854073336019,21.7843720915534,-46.0879917951419));
#2123=CARTESIAN_POINT('',(-11.1249238051886,22.0425492944305,-46.3617728907764));
#2124=CARTESIAN_POINT('',(-11.1807342674416,22.3398438630934,-46.6241180523318));
#2125=CARTESIAN_POINT('',(-11.259933187364,22.7119121731606,-46.8938694310415));
#2126=CARTESIAN_POINT('',(-11.3610655239896,23.1490890494631,-47.1400743738238));
#2127=CARTESIAN_POINT('',(-11.4780804484687,23.6418843473785,-47.3394286658017));
#2128=CARTESIAN_POINT('',(-11.584713898702,24.1015775683309,-47.4633241911588));
#2129=CARTESIAN_POINT('',(-11.6835246186733,24.5523615075784,-47.5350791019653));
#2130=CARTESIAN_POINT('',(-11.741890088715,24.8421958415744,-47.5512693572121));
#2131=CARTESIAN_POINT('',(-11.7716106659834,25.0000000000272,-47.5512701891819));
#2132=CARTESIAN_POINT('',(-1.99999999999999,20.9215508576381,56.2371890585608));
#2133=CARTESIAN_POINT('',(-1.99999999999999,38.2432109293956,46.2391843742866));
#2134=CARTESIAN_POINT('',(-1.99999999999999,38.2432109293956,46.2391843742866));
#2135=CARTESIAN_POINT('',(-2.05172370862215,38.2432109545036,46.2391843225014));
#2136=CARTESIAN_POINT('',(-2.15522444349313,38.2425832867374,46.2397033987087));
#2137=CARTESIAN_POINT('',(-2.31050345786039,38.2397570106618,46.242040289812));
#2138=CARTESIAN_POINT('',(-2.46583327059649,38.2350411885061,46.2459389299999));
#2139=CARTESIAN_POINT('',(-2.62112274988422,38.228434497744,46.2513994097397));
#2140=CARTESIAN_POINT('',(-2.77627146398144,38.21993910358,46.2584185844448));
#2141=CARTESIAN_POINT('',(-2.93117359566602,38.2095611246084,46.2669896494911));
#2142=CARTESIAN_POINT('',(-3.08574825853487,38.1973082032908,46.2771041690262));
#2143=CARTESIAN_POINT('',(-3.23998615053883,38.1831837655295,46.2887568175669));
#2144=CARTESIAN_POINT('',(-3.39586787020469,38.166982928413,46.3021136380613));
#2145=CARTESIAN_POINT('',(-3.55534318257285,38.1483904686021,46.3174306245912));
#2146=CARTESIAN_POINT('',(-3.72217571105372,38.1267371568394,46.3352535923874));
#2147=CARTESIAN_POINT('',(-3.8961743937417,38.1017168989055,46.3558269075028));
#2148=CARTESIAN_POINT('',(-4.08764034979797,38.0713468838797,46.3807695916513));
#2149=CARTESIAN_POINT('',(-4.30285982577071,38.033603706354,46.4117231238381));
#2150=CARTESIAN_POINT('',(-4.58310839516569,37.9788933837275,46.4565076729096));
#2151=CARTESIAN_POINT('',(-4.94957790373173,37.8973725032928,46.5230556296788));
#2152=CARTESIAN_POINT('',(-5.38224127904869,37.7844613901318,46.6148252639322));
#2153=CARTESIAN_POINT('',(-5.79768994340308,37.657780434099,46.7171980520338));
#2154=CARTESIAN_POINT('',(-6.1233530266426,37.545718085342,46.8072491898311));
#2155=CARTESIAN_POINT('',(-6.36823564182024,37.4544971368509,46.8802395860235));
#2156=CARTESIAN_POINT('',(-6.56982169405168,37.3748530473719,46.9437486344443));
#2157=CARTESIAN_POINT('',(-6.76705587504085,37.2924229704843,47.0092469221678));
#2158=CARTESIAN_POINT('',(-6.98292526169574,37.1971924247053,47.0846400292261));
#2159=CARTESIAN_POINT('',(-7.21878642415673,37.0865410910772,47.1718545112278));
#2160=CARTESIAN_POINT('',(-7.47473023277643,36.9578681968531,47.2727244233156));
#2161=CARTESIAN_POINT('',(-7.70905431621792,36.8317149676317,47.3710475351238));
#2162=CARTESIAN_POINT('',(-7.92187397190168,36.7100697484907,47.4653415357849));
#2163=CARTESIAN_POINT('',(-8.11396273333441,36.5944637180004,47.55451492688));
#2164=CARTESIAN_POINT('',(-8.30460024106009,36.4736582879524,47.6472209564702));
#2165=CARTESIAN_POINT('',(-8.49352279686249,36.3475896926616,47.7434473573915));
#2166=CARTESIAN_POINT('',(-8.67954705201384,36.216870065521,47.8426679700279));
#2167=CARTESIAN_POINT('',(-8.86181255848861,36.0820050110685,47.944445119983));
#2168=CARTESIAN_POINT('',(-9.03943469485939,35.9436431912632,48.0482429328657));
#2169=CARTESIAN_POINT('',(-9.21162742858175,35.8024709970989,48.1535076051931));
#2170=CARTESIAN_POINT('',(-9.37817192208492,35.6588127033173,48.259965839298));
#2171=CARTESIAN_POINT('',(-9.53835787906504,35.5134793334234,48.3669917890568));
#2172=CARTESIAN_POINT('',(-9.69225831990476,35.3666642140922,48.4744256857824));
#2173=CARTESIAN_POINT('',(-9.83934457433991,35.2191836945908,48.5816601787785));
#2174=CARTESIAN_POINT('',(-9.98029426505402,35.0706830399627,48.6889466064443));
#2175=CARTESIAN_POINT('',(-10.1155997357468,34.9209078846508,48.7964588393274));
#2176=CARTESIAN_POINT('',(-10.2463874003789,34.7687370024466,48.9049802221717));
#2177=CARTESIAN_POINT('',(-10.3736827123206,34.6129333992713,49.0153564285723));
#2178=CARTESIAN_POINT('',(-10.4979925408534,34.4526345209318,49.1281438311886));
#2179=CARTESIAN_POINT('',(-10.6205229731796,34.2858462057161,49.2446722507852));
#2180=CARTESIAN_POINT('',(-10.7412596827123,34.1118785025485,49.3653255418825));
#2181=CARTESIAN_POINT('',(-10.8608904498602,33.9287657130524,49.4913438352965));
#2182=CARTESIAN_POINT('',(-10.9780106562795,33.7375437813466,49.6218787816805));
#2183=CARTESIAN_POINT('',(-11.0918348125287,33.5384454120344,49.7566416611864));
#2184=CARTESIAN_POINT('',(-11.2005510130508,33.3338496005512,49.893915917825));
#2185=CARTESIAN_POINT('',(-11.3029586672793,33.1255871781055,50.0323980611365));
#2186=CARTESIAN_POINT('',(-11.397983971883,32.9159295348934,50.1705450957845));
#2187=CARTESIAN_POINT('',(-11.4841424367458,32.7088686501625,50.3057422224734));
#2188=CARTESIAN_POINT('',(-11.5611035551647,32.5068399958886,50.4364787916109));
#2189=CARTESIAN_POINT('',(-11.6281300825649,32.3142928857747,50.5600097420422));
#2190=CARTESIAN_POINT('',(-11.686670425441,32.1300620890494,50.6772398827884));
#2191=CARTESIAN_POINT('',(-11.7364870040491,31.9580298295137,50.7858564761149));
#2192=CARTESIAN_POINT('',(-11.7787563238362,31.7977872642216,50.886292501642));
#2193=CARTESIAN_POINT('',(-11.8133497146455,31.6541033227412,50.9757529985918));
#2194=CARTESIAN_POINT('',(-11.842249179066,31.52299557821,51.0568971945545));
#2195=CARTESIAN_POINT('',(-11.8680960349859,31.395191614099,51.1355693710247));
#2196=CARTESIAN_POINT('',(-11.8916354230161,31.26696478719,51.2140588285987));
#2197=CARTESIAN_POINT('',(-11.9126978963975,31.1389893716144,51.2919410880539));
#2198=CARTESIAN_POINT('',(-11.9305040200363,31.0178449266422,51.3652661627984));
#2199=CARTESIAN_POINT('',(-11.945733154024,30.901060963137,51.4355868438252));
#2200=CARTESIAN_POINT('',(-11.9588739960743,30.7860798943555,51.5044708934601));
#2201=CARTESIAN_POINT('',(-11.9692266722426,30.6808846711188,51.5671748397462));
#2202=CARTESIAN_POINT('',(-11.9773467403568,30.5849154378565,51.6241267362636));
#2203=CARTESIAN_POINT('',(-11.9837141823249,30.4973591705149,51.6758870841024));
#2204=CARTESIAN_POINT('',(-11.9891021774836,30.4086220101184,51.7281415045069));
#2205=CARTESIAN_POINT('',(-11.9935348896758,30.3173921685197,51.7816515069633));
#2206=CARTESIAN_POINT('',(-11.9969480405255,30.2228984920591,51.8368495990107));
#2207=CARTESIAN_POINT('',(-11.9992541660568,30.1231118462845,51.8948899661253));
#2208=CARTESIAN_POINT('',(-11.999951712732,30.0490077411017,51.9377969404483));
#2209=CARTESIAN_POINT('',(-12.0000357000842,29.9774108931373,51.9791386564457));
#2210=CARTESIAN_POINT('',(-11.9995767904765,29.9019743820365,52.0225921428039));
#2211=CARTESIAN_POINT('',(-11.9973689460179,29.7913607186841,52.0860132843127));
#2212=CARTESIAN_POINT('',(-11.9929237679048,29.6675207090449,52.1566384062771));
#2213=CARTESIAN_POINT('',(-11.9861184276718,29.5383363042184,52.229895002751));
#2214=CARTESIAN_POINT('',(-11.9765922681912,29.4024730096245,52.3064849841286));
#2215=CARTESIAN_POINT('',(-11.964026340341,29.260195029229,52.3861960953915));
#2216=CARTESIAN_POINT('',(-11.9476904886541,29.1083876377584,52.4706884609076));
#2217=CARTESIAN_POINT('',(-11.9272304913236,28.9487280991008,52.5589297091789));
#2218=CARTESIAN_POINT('',(-11.9019010385081,28.7796240875924,52.6517015739489));
#2219=CARTESIAN_POINT('',(-11.871350776265,28.6025846352462,52.7480730576348));
#2220=CARTESIAN_POINT('',(-11.8346345217787,28.41591867285,52.8488502668982));
#2221=CARTESIAN_POINT('',(-11.7917773655107,28.2229417120381,52.9521369881366));
#2222=CARTESIAN_POINT('',(-11.7423800278484,28.0241081765227,53.0576108879601));
#2223=CARTESIAN_POINT('',(-11.6865703325142,27.8215798215341,53.1640659750782));
#2224=CARTESIAN_POINT('',(-11.616349894002,27.5903007788367,53.2844972630221));
#2225=CARTESIAN_POINT('',(-11.5291788899147,27.3321210210762,53.4174278190015));
#2226=CARTESIAN_POINT('',(-11.4219888954113,27.048416024572,53.561600303049));
#2227=CARTESIAN_POINT('',(-11.3132778758925,26.789030054846,53.6916889628203));
#2228=CARTESIAN_POINT('',(-11.2063951254669,26.5547007506873,53.807866221531));
#2229=CARTESIAN_POINT('',(-11.1048126794685,26.3467222542067,53.9099696262084));
#2230=CARTESIAN_POINT('',(-10.9985133558358,26.1427166487423,54.0091554951757));
#2231=CARTESIAN_POINT('',(-10.8884517336114,25.9440203173563,54.104844740477));
#2232=CARTESIAN_POINT('',(-10.7747747636868,25.7503388506378,54.1972555658246));
#2233=CARTESIAN_POINT('',(-10.6378945322257,25.5296201793627,54.3016140175498));
#2234=CARTESIAN_POINT('',(-10.4525087468828,25.2498262980709,54.4324239503041));
#2235=CARTESIAN_POINT('',(-10.1865438044642,24.8828327691837,54.6013386540873));
#2236=CARTESIAN_POINT('',(-9.87195551287042,24.4946450127622,54.7764823896352));
#2237=CARTESIAN_POINT('',(-9.55696585748927,24.1462493132132,54.9306575504787));
#2238=CARTESIAN_POINT('',(-9.30375353515841,23.8889749162276,55.0428308417009));
#2239=CARTESIAN_POINT('',(-9.09501408516553,23.6895651798344,55.1288595104183));
#2240=CARTESIAN_POINT('',(-8.89604584150716,23.508888192084,55.2061383874206));
#2241=CARTESIAN_POINT('',(-8.66828362242076,23.3132986075715,55.2890218737842));
#2242=CARTESIAN_POINT('',(-8.3674972312257,23.0712650432247,55.3905178385982));
#2243=CARTESIAN_POINT('',(-8.00020895629375,22.8003815636435,55.5025864763225));
#2244=CARTESIAN_POINT('',(-7.57363634717598,22.5175695694019,55.6178394581469));
#2245=CARTESIAN_POINT('',(-7.18477780175668,22.2866167593896,55.7106454628051));
#2246=CARTESIAN_POINT('',(-6.85268625758215,22.1072426178614,55.7819652561867));
#2247=CARTESIAN_POINT('',(-6.59725823390298,21.9789856540458,55.8325808747573));
#2248=CARTESIAN_POINT('',(-6.37022184942451,21.8720353157226,55.8745366599868));
#2249=CARTESIAN_POINT('',(-6.16388959180888,21.7803931195954,55.9103044563347));
#2250=CARTESIAN_POINT('',(-5.96600337876599,21.6974638326605,55.9425224973997));
#2251=CARTESIAN_POINT('',(-5.78001067738159,21.6238116174965,55.9710182430855));
#2252=CARTESIAN_POINT('',(-5.60252196403655,21.5572998264577,55.9966564918529));
#2253=CARTESIAN_POINT('',(-5.4333726321239,21.4972672646256,56.0197199050239));
#2254=CARTESIAN_POINT('',(-5.2690865859522,21.4420522444305,56.0408675437063));
#2255=CARTESIAN_POINT('',(-5.10933498122461,21.3912182874729,56.0602824663092));
#2256=CARTESIAN_POINT('',(-4.95094107217505,21.3435556749631,56.0784384957831));
#2257=CARTESIAN_POINT('',(-4.79137665720668,21.2982532924802,56.095652760497));
#2258=CARTESIAN_POINT('',(-4.6286303261227,21.2548286901633,56.1121142297051));
#2259=CARTESIAN_POINT('',(-4.46155008641338,21.213134737534,56.1278834664464));
#2260=CARTESIAN_POINT('',(-4.29079265825479,21.1735131880584,56.1428360026854));
#2261=CARTESIAN_POINT('',(-4.115886164607,21.136023075868,56.1569547271918));
#2262=CARTESIAN_POINT('',(-3.93749787231497,21.1009735348931,56.1701284630076));
#2263=CARTESIAN_POINT('',(-3.7549880008862,21.0684146359702,56.1823436620642));
#2264=CARTESIAN_POINT('',(-3.56943276802618,21.0387046468394,56.1934711887996));
#2265=CARTESIAN_POINT('',(-3.38076704722997,21.0119714759026,56.203468448897));
#2266=CARTESIAN_POINT('',(-3.18968802819609,20.9884350319013,56.2122582307649));
#2267=CARTESIAN_POINT('',(-2.97380982059482,20.9658729503224,56.2206741079205));
#2268=CARTESIAN_POINT('',(-2.71110156677236,20.944189103641,56.2287524266791));
#2269=CARTESIAN_POINT('',(-2.37886572172625,20.9262248817877,56.2354375150276));
#2270=CARTESIAN_POINT('',(-2.13400610849349,20.921542265435,56.2371772993862));
#2271=CARTESIAN_POINT('',(-1.99999999999999,20.9215441657996,56.2371774679542));
#2272=CARTESIAN_POINT('',(-1.99999999623229,20.9215441658042,56.2371774679525));
#2273=CARTESIAN_POINT('',(-1.79594518351958,20.9215338538463,56.2371762952485));
#2274=CARTESIAN_POINT('',(-1.42470571139643,20.9323564545674,56.2331605608105));
#2275=CARTESIAN_POINT('',(-0.874735862556769,20.9775634586968,56.2163223990179));
#2276=CARTESIAN_POINT('',(-0.344763892427672,21.0477175308823,56.190119346441));
#2277=CARTESIAN_POINT('',(0.206420348520886,21.1502909572745,56.1516275632677));
#2278=CARTESIAN_POINT('',(0.720671040453664,21.2751561601353,56.1044695993225));
#2279=CARTESIAN_POINT('',(1.19193809790094,21.4142843260157,56.0515333858518));
#2280=CARTESIAN_POINT('',(1.61339459682378,21.5585014981192,55.996260155965));
#2281=CARTESIAN_POINT('',(2.02452191519834,21.7189479997298,55.9342638032658));
#2282=CARTESIAN_POINT('',(2.42207283125113,21.8936204235476,55.8661664924435));
#2283=CARTESIAN_POINT('',(2.80570934050304,22.0814212796501,55.7922466933354));
#2284=CARTESIAN_POINT('',(3.18127593784637,22.2845877336143,55.7114624708775));
#2285=CARTESIAN_POINT('',(3.55621721420952,22.5078656136473,55.6217016514097));
#2286=CARTESIAN_POINT('',(3.94245866845221,22.7610083099381,55.5186897053372));
#2287=CARTESIAN_POINT('',(4.33920249183974,23.0481357317637,55.400226846495));
#2288=CARTESIAN_POINT('',(4.80299931581935,23.4203466556767,55.2442405784618));
#2289=CARTESIAN_POINT('',(5.36337469690196,23.9321625050581,55.0252695284486));
#2290=CARTESIAN_POINT('',(6.02867553204962,24.6576490970226,54.7053237454968));
#2291=CARTESIAN_POINT('',(6.64604487285989,25.5061080797739,54.3155798602282));
#2292=CARTESIAN_POINT('',(7.12073511062142,26.3496311523084,53.9106775670513));
#2293=CARTESIAN_POINT('',(7.4197690393209,27.0267681964502,53.5735711069725));
#2294=CARTESIAN_POINT('',(7.61244534338428,27.5671964863585,53.2970595856592));
#2295=CARTESIAN_POINT('',(7.74889764666895,28.0342114266938,53.0529658769868));
#2296=CARTESIAN_POINT('',(7.85219486675674,28.4835797399051,52.8131049322822));
#2297=CARTESIAN_POINT('',(7.92459960658767,28.9094347142276,52.5810990276838));
#2298=CARTESIAN_POINT('',(7.96952562091281,29.2925609110916,52.3685667575304));
#2299=CARTESIAN_POINT('',(7.99438498293203,29.6492113870043,52.1674869320979));
#2300=CARTESIAN_POINT('',(7.99994949897148,29.8824140795177,52.0339540340456));
#2301=CARTESIAN_POINT('',(8.00004869840005,30.1130504449414,51.900850286934));
#2302=CARTESIAN_POINT('',(7.99557687278003,30.31018140545,51.7862058039066));
#2303=CARTESIAN_POINT('',(7.97873630461158,30.5814209350447,51.6264096571376));
#2304=CARTESIAN_POINT('',(7.95683954040607,30.8128843335029,51.4886080791637));
#2305=CARTESIAN_POINT('',(7.92868938794394,31.0366351076393,51.3540715257977));
#2306=CARTESIAN_POINT('',(7.89204631596103,31.2701706410774,51.2122829832678));
#2307=CARTESIAN_POINT('',(7.8426450233223,31.5281785189495,51.0539723453781));
#2308=CARTESIAN_POINT('',(7.77237200915027,31.8309939131224,50.8659076499798));
#2309=CARTESIAN_POINT('',(7.67570328677388,32.1746858638314,50.6494071984395));
#2310=CARTESIAN_POINT('',(7.54493287325483,32.5597452787141,50.4029138920677));
#2311=CARTESIAN_POINT('',(7.38005195062078,32.965585441052,50.1385583245162));
#2312=CARTESIAN_POINT('',(7.18226249434495,33.3770617240859,49.8656260958765));
#2313=CARTESIAN_POINT('',(6.96087375131293,33.7727768673622,49.5984509479177));
#2314=CARTESIAN_POINT('',(6.72741212011569,34.1374065268434,49.3481240614923));
#2315=CARTESIAN_POINT('',(6.48898289340165,34.4684832676261,49.1173875700707));
#2316=CARTESIAN_POINT('',(6.24988763650013,34.7677811804891,48.9059595915263));
#2317=CARTESIAN_POINT('',(6.00458386411732,35.0471309051897,48.7061614223591));
#2318=CARTESIAN_POINT('',(5.74999796975583,35.3122272726476,48.514329326199));
#2319=CARTESIAN_POINT('',(5.48196860555986,35.5678736459288,48.327235294366));
#2320=CARTESIAN_POINT('',(5.20087325576325,35.8137477686874,48.1453257723865));
#2321=CARTESIAN_POINT('',(4.90726198701396,36.0493989474402,47.9691479878824));
#2322=CARTESIAN_POINT('',(4.59559175932428,36.2789278508462,47.7958212653782));
#2323=CARTESIAN_POINT('',(4.25946648242079,36.505371598428,47.6231332301627));
#2324=CARTESIAN_POINT('',(3.88517722101694,36.7345574191492,47.4466216220297));
#2325=CARTESIAN_POINT('',(3.4706641097441,36.9629322192213,47.2689616388946));
#2326=CARTESIAN_POINT('',(2.94847186123262,37.2187196489425,47.0679809557722));
#2327=CARTESIAN_POINT('',(2.32744698236944,37.4784550024083,46.8614735484369));
#2328=CARTESIAN_POINT('',(1.61359117520862,37.7215427282071,46.6659235531008));
#2329=CARTESIAN_POINT('',(0.978190629702935,37.8930411890575,46.5266367696859));
#2330=CARTESIAN_POINT('',(0.440545021783354,38.0092954317187,46.4316622909763));
#2331=CARTESIAN_POINT('',(0.0279584039403943,38.0827385572621,46.3714348074924));
#2332=CARTESIAN_POINT('',(-0.336520998886694,38.135748845332,46.3278465345999));
#2333=CARTESIAN_POINT('',(-0.649991496898357,38.172787072966,46.2973335593999));
#2334=CARTESIAN_POINT('',(-0.936334367452215,38.1998408550105,46.2750160683554));
#2335=CARTESIAN_POINT('',(-1.2065464642288,38.2195153975468,46.2587697086205));
#2336=CARTESIAN_POINT('',(-1.47373893519113,38.2333001814256,46.2473784657892));
#2337=CARTESIAN_POINT('',(-1.73770374140428,38.2414216536003,46.2406641357981));
#2338=CARTESIAN_POINT('',(-1.9128913328074,38.2432111283128,46.2391839572761));
#2339=CARTESIAN_POINT('',(-1.99999999999999,38.2432109293956,46.2391843742866));
#2340=CARTESIAN_POINT('',(-1.99999999999999,9.33974596215562,36.1769145362398));
#2341=CARTESIAN_POINT('',(-1.99999999999999,26.6602540378444,26.1769145362398));
#2342=AXIS2_PLACEMENT_3D('',#2343,#2344,#2345);
#2343=CARTESIAN_POINT('',(-1.99999999999999,18.,31.1769145362398));
#2344=DIRECTION('',(-1.45495164045277E-16,0.5,0.866025403784439));
#2345=DIRECTION('',(1.11022302462516E-16,-0.866025403784439,0.5));
#2346=AXIS2_PLACEMENT_3D('',#2347,#2348,#2349);
#2347=CARTESIAN_POINT('',(-1.99999999999999,18.,31.1769145362398));
#2348=DIRECTION('',(-1.45495164045277E-16,0.5,0.866025403784439));
#2349=DIRECTION('',(-2.44249065417535E-16,0.866025403784439,-0.5));
#2350=CARTESIAN_POINT('',(-11.7716106655965,25.,39.0512701892219));
#2351=CARTESIAN_POINT('',(-11.7716106668515,24.9999999933241,39.0512701892223));
#2352=CARTESIAN_POINT('',(-11.7845581446259,24.9312533522042,39.0512701066155));
#2353=CARTESIAN_POINT('',(-11.8106725965452,24.7883014508664,39.0547354416853));
#2354=CARTESIAN_POINT('',(-11.8483929246995,24.5660018591791,39.0713813938051));
#2355=CARTESIAN_POINT('',(-11.8858646986596,24.3231394525735,39.1029123061783));
#2356=CARTESIAN_POINT('',(-11.9214318482673,24.060899209288,39.1531518311762));
#2357=CARTESIAN_POINT('',(-11.9552208022216,23.7622643591143,39.2311062165689));
#2358=CARTESIAN_POINT('',(-11.9824263438206,23.4401177533304,39.3422260904669));
#2359=CARTESIAN_POINT('',(-11.9972294301988,23.1364805974963,39.4772198936216));
#2360=CARTESIAN_POINT('',(-12.0004755465215,22.919052112238,39.5939367851361));
#2361=CARTESIAN_POINT('',(-11.9991863305984,22.7146806797963,39.7154337115864));
#2362=CARTESIAN_POINT('',(-11.9915759540032,22.4881108093634,39.8669186330487));
#2363=CARTESIAN_POINT('',(-11.9684525046839,22.1996087021523,40.0967436848485));
#2364=CARTESIAN_POINT('',(-11.930138437328,21.9183240368201,40.3654515155878));
#2365=CARTESIAN_POINT('',(-11.8765021334666,21.6540143199779,40.6703148240741));
#2366=CARTESIAN_POINT('',(-11.8096154826077,21.4170036310599,41.0032040931488));
#2367=CARTESIAN_POINT('',(-11.7326260820765,21.2142436318878,41.3557307108875));
#2368=CARTESIAN_POINT('',(-11.6502812179607,21.0504146215947,41.7159448690295));
#2369=CARTESIAN_POINT('',(-11.5674888213698,20.9260501261236,42.072241074786));
#2370=CARTESIAN_POINT('',(-11.4861006715544,20.8362120091118,42.4249789074321));
#2371=CARTESIAN_POINT('',(-11.4023480044159,20.7739156018398,42.7981315628188));
#2372=CARTESIAN_POINT('',(-11.3399969994722,20.752143889537,43.0914517136259));
#2373=CARTESIAN_POINT('',(-11.2801001189443,20.7484873276883,43.3901855488091));
#2374=CARTESIAN_POINT('',(-11.2174277209856,20.7629525897839,43.7222307999475));
#2375=CARTESIAN_POINT('',(-11.1464740589498,20.8291296999241,44.1642912060812));
#2376=CARTESIAN_POINT('',(-11.0940507350054,20.9456370345153,44.5978040997042));
#2377=CARTESIAN_POINT('',(-11.0647088657127,21.0815663363149,44.9598683071437));
#2378=CARTESIAN_POINT('',(-11.0535583451248,21.2084682673406,45.2272233362738));
#2379=CARTESIAN_POINT('',(-11.0513351905634,21.320843966156,45.4313337599486));
#2380=CARTESIAN_POINT('',(-11.0540000931698,21.4540282463277,45.6506626383422));
#2381=CARTESIAN_POINT('',(-11.0688676710715,21.6525765890722,45.9311520498617));
#2382=CARTESIAN_POINT('',(-11.1063983142317,21.9330665237649,46.254245444736));
#2383=CARTESIAN_POINT('',(-11.1625826427263,22.2491656576358,46.5505696862732));
#2384=CARTESIAN_POINT('',(-11.2316812001335,22.5820326676236,46.8042986571077));
#2385=CARTESIAN_POINT('',(-11.3071518061997,22.9169979108167,47.012261463571));
#2386=CARTESIAN_POINT('',(-11.3848848439489,23.2489027256346,47.1794168855621));
#2387=CARTESIAN_POINT('',(-11.464796554366,23.5865762580038,47.3147840467007));
#2388=CARTESIAN_POINT('',(-11.5478776544677,23.941860140436,47.4232394021078));
#2389=CARTESIAN_POINT('',(-11.6337717541853,24.3222533031599,47.5032400173776));
#2390=CARTESIAN_POINT('',(-11.7094446717448,24.6791315774034,47.5438192652553));
#2391=CARTESIAN_POINT('',(-11.7648803296108,24.9620779925587,47.5530375767143));
#2392=CARTESIAN_POINT('',(-11.8195572315869,25.2594415559468,47.547341350408));
#2393=CARTESIAN_POINT('',(-11.8772786662306,25.6081006968412,47.5153493291337));
#2394=CARTESIAN_POINT('',(-11.933651810164,26.0296462440062,47.4316920690155));
#2395=CARTESIAN_POINT('',(-11.9710282905253,26.4066642340069,47.3175334411499));
#2396=CARTESIAN_POINT('',(-11.9923972409309,26.7390360144861,47.184060410047));
#2397=CARTESIAN_POINT('',(-11.9992692960991,26.9707456853574,47.0689512097912));
#2398=CARTESIAN_POINT('',(-12.0003323888302,27.1522325937956,46.9670585262046));
#2399=CARTESIAN_POINT('',(-11.9984294103107,27.3188189918762,46.8657105656894));
#2400=CARTESIAN_POINT('',(-11.9895149812527,27.5358921288525,46.716133344613));
#2401=CARTESIAN_POINT('',(-11.9699514949762,27.7789107394639,46.522266481935));
#2402=CARTESIAN_POINT('',(-11.9378649084361,28.0308461468645,46.2879457554914));
#2403=CARTESIAN_POINT('',(-11.8906952876694,28.2840754110412,46.0086295811038));
#2404=CARTESIAN_POINT('',(-11.8271664857163,28.5278908853732,45.6833313746063));
#2405=CARTESIAN_POINT('',(-11.7501614223546,28.7453150123068,45.3249789177487));
#2406=CARTESIAN_POINT('',(-11.6629010452389,28.9286547584329,44.9409280396659));
#2407=CARTESIAN_POINT('',(-11.5696918795229,29.0729731153297,44.5398754405968));
#2408=CARTESIAN_POINT('',(-11.4737841487861,29.176911412391,44.1243048837489));
#2409=CARTESIAN_POINT('',(-11.3816404208983,29.2370562393345,43.7099850997001));
#2410=CARTESIAN_POINT('',(-11.3217045023037,29.2505700300449,43.4215549794059));
#2411=CARTESIAN_POINT('',(-11.2634918984555,29.2492987028456,43.1260869220677));
#2412=CARTESIAN_POINT('',(-11.2044001075498,29.2295263230881,42.8059397007424));
#2413=CARTESIAN_POINT('',(-11.1329904890031,29.1492424339876,42.3402537640981));
#2414=CARTESIAN_POINT('',(-11.0806905303416,29.0139305222646,41.8764901674988));
#2415=CARTESIAN_POINT('',(-11.0560549741464,28.85021614654,41.4875871194864));
#2416=CARTESIAN_POINT('',(-11.0509398048827,28.6994453995426,41.2046646545874));
#2417=CARTESIAN_POINT('',(-11.0541968542246,28.5355736074172,40.9347087994217));
#2418=CARTESIAN_POINT('',(-11.0713919523283,28.320241699981,40.635034863087));
#2419=CARTESIAN_POINT('',(-11.1138201453379,28.0210196085871,40.3013939129995));
#2420=CARTESIAN_POINT('',(-11.1717786928925,27.7045764001194,40.014031956173));
#2421=CARTESIAN_POINT('',(-11.2421848070951,27.3698259777513,39.7652783994789));
#2422=CARTESIAN_POINT('',(-11.3226265247553,27.0158283159725,39.5521096013589));
#2423=CARTESIAN_POINT('',(-11.4102477946666,26.6438771553841,39.3749117926336));
#2424=CARTESIAN_POINT('',(-11.5015716673018,26.2574678802845,39.2346739530861));
#2425=CARTESIAN_POINT('',(-11.5942162397046,25.8556893102887,39.1312834781045));
#2426=CARTESIAN_POINT('',(-11.6861908519211,25.435011654255,39.066234923163));
#2427=CARTESIAN_POINT('',(-11.7439954986847,25.1466270112276,39.0512703654112));
#2428=CARTESIAN_POINT('',(-11.7716106668515,24.9999999933241,39.0512701892223));
#2429=CARTESIAN_POINT('',(4.00000000000002,-35.3474237139956,32.3553390593274));
#2430=AXIS2_PLACEMENT_3D('',#2431,#2432,#2433);
#2431=CARTESIAN_POINT('',(4.00000000000002,-35.3474237139956,35.3553390593274));
#2432=DIRECTION('',(-1.,-2.85843879430401E-16,0.));
#2433=DIRECTION('',(0.,0.,-1.));
#2434=CARTESIAN_POINT('',(-2.49999999999998,-26.6205057514188,3.26104106624833E-15));
#2435=CARTESIAN_POINT('',(-2.5,26.6363364420822,0.));
#2436=AXIS2_PLACEMENT_3D('',#2437,#2438,#2439);
#2437=CARTESIAN_POINT('',(-2.49999999999999,0.00791534533174527,0.));
#2438=DIRECTION('',(1.,2.85843879430401E-16,0.));
#2439=DIRECTION('',(2.85843879430401E-16,-1.,1.22464679914735E-16));
#2440=AXIS2_PLACEMENT_3D('',#2441,#2442,#2443);
#2441=CARTESIAN_POINT('',(-2.49999999999999,0.00791534533174527,0.));
#2442=DIRECTION('',(1.,2.85843879430401E-16,0.));
#2443=DIRECTION('',(-2.85843879430401E-16,1.,0.));
#2444=CARTESIAN_POINT('',(12.,60.0079153453318,-7.34788079488412E-15));
#2445=CARTESIAN_POINT('',(12.,-59.9920846546683,2.80184378852701E-14));
#2446=AXIS2_PLACEMENT_3D('',#2447,#2448,#2449);
#2447=CARTESIAN_POINT('',(12.,0.00791534533174941,0.));
#2448=DIRECTION('',(1.,2.85843879430401E-16,0.));
#2449=DIRECTION('',(-2.85843879430401E-16,1.,-2.44929359829471E-16));
#2450=CARTESIAN_POINT('',(12.,-27.5082979580073,-53.3184583933664));
#2451=AXIS2_PLACEMENT_3D('',#2452,#2453,#2454);
#2452=CARTESIAN_POINT('',(12.,0.00791534533174941,0.));
#2453=DIRECTION('',(1.,2.85843879430401E-16,0.));
#2454=DIRECTION('',(2.85843879430401E-16,-1.,5.66553889764798E-16));
#2455=AXIS2_PLACEMENT_3D('',#2456,#2457,#2458);
#2456=CARTESIAN_POINT('',(12.,0.00791534533174941,0.));
#2457=DIRECTION('',(1.,2.85843879430401E-16,0.));
#2458=DIRECTION('',(1.31089019297681E-16,-0.458603555055651,-0.888640973222774));
#2459=CARTESIAN_POINT('',(-3.99999999999997,-34.7540181695065,48.9040691385693));
#2460=CARTESIAN_POINT('',(-3.99999999999997,-48.8961537932375,34.7619335148383));
#2461=AXIS2_PLACEMENT_3D('',#2462,#2463,#2464);
#2462=CARTESIAN_POINT('',(-3.99999999999998,0.00791534533174484,0.));
#2463=DIRECTION('',(1.,2.85843879430401E-16,-2.46519032881566E-32));
#2464=DIRECTION('',(1.65608098873051E-16,-0.579365558580638,0.815067818976155));
#2465=CARTESIAN_POINT('',(-16.,-48.8961537932375,34.7619335148384));
#2466=CARTESIAN_POINT('',(-16.,-48.8961537932375,34.7619335148384));
#2467=VECTOR('',#2468,1.);
#2468=DIRECTION('',(1.,1.77635683940025E-15,-1.1842378929335E-15));
#2469=CARTESIAN_POINT('',(-16.,-27.5082979580073,-53.3184583933664));
#2470=AXIS2_PLACEMENT_3D('',#2471,#2472,#2473);
#2471=CARTESIAN_POINT('',(-16.,0.00791534533174141,0.));
#2472=DIRECTION('',(1.,2.85843879430401E-16,0.));
#2473=DIRECTION('',(2.32982147375019E-16,-0.815067818976153,0.57936555858064));
#2474=CARTESIAN_POINT('',(-16.,60.0079153453318,-2.32542745370587E-14));
#2475=AXIS2_PLACEMENT_3D('',#2476,#2477,#2478);
#2476=CARTESIAN_POINT('',(-16.,0.00791534533174141,0.));
#2477=DIRECTION('',(1.,2.85843879430401E-16,0.));
#2478=DIRECTION('',(1.31089019297681E-16,-0.458603555055651,-0.888640973222774));
#2479=CARTESIAN_POINT('',(-16.,-34.7540181695066,48.9040691385693));
#2480=AXIS2_PLACEMENT_3D('',#2481,#2482,#2483);
#2481=CARTESIAN_POINT('',(-16.,0.00791534533174141,0.));
#2482=DIRECTION('',(1.,2.85843879430401E-16,0.));
#2483=DIRECTION('',(-2.85843879430401E-16,1.,-2.44929359829471E-16));
#2484=CARTESIAN_POINT('',(-16.,-34.7540181695065,48.9040691385693));
#2485=VECTOR('',#2486,1.);
#2486=DIRECTION('',(1.,5.92118946466749E-16,0.));
#2487=CARTESIAN_POINT('',(-18.,25.,-47.5512701892219));
#2488=AXIS2_PLACEMENT_3D('',#2489,#2490,#2491);
#2489=CARTESIAN_POINT('',(-18.,25.,-43.3012701892219));
#2490=DIRECTION('',(-1.,-2.85843879430401E-16,0.));
#2491=DIRECTION('',(0.,0.,-1.));
#2492=CARTESIAN_POINT('',(-18.,25.,39.0512701892219));
#2493=AXIS2_PLACEMENT_3D('',#2494,#2495,#2496);
#2494=CARTESIAN_POINT('',(-18.,25.,43.3012701892219));
#2495=DIRECTION('',(-1.,-2.85843879430401E-16,0.));
#2496=DIRECTION('',(0.,0.,-1.));
#2497=CARTESIAN_POINT('',(-3.99999999999997,-35.3474237139956,32.3553390593274));
#2498=AXIS2_PLACEMENT_3D('',#2499,#2500,#2501);
#2499=CARTESIAN_POINT('',(-3.99999999999997,-35.3474237139956,35.3553390593274));
#2500=DIRECTION('',(-1.,-2.85843879430401E-16,0.));
#2501=DIRECTION('',(0.,0.,-1.));
#2502=CARTESIAN_POINT('',(-2.99999999999997,-27.4865311552032,-1.68354929506041E-15));
#2503=CARTESIAN_POINT('',(-2.99999999999998,27.5023618458667,4.48946478682776E-15));
#2504=AXIS2_PLACEMENT_3D('',#2505,#2506,#2507);
#2505=CARTESIAN_POINT('',(-2.99999999999998,0.00791534533174512,0.));
#2506=DIRECTION('',(1.,2.85843879430401E-16,0.));
#2507=DIRECTION('',(2.85843879430401E-16,-1.,-2.44929359829471E-16));
#2508=AXIS2_PLACEMENT_3D('',#2509,#2510,#2511);
#2509=CARTESIAN_POINT('',(-2.99999999999998,0.00791534533174512,0.));
#2510=DIRECTION('',(1.,2.85843879430401E-16,0.));
#2511=DIRECTION('',(-2.85843879430401E-16,1.,3.67394039744206E-16));
#2512=CARTESIAN_POINT('',(-18.,-47.4611722199821,33.3269519415829));
#2513=CARTESIAN_POINT('',(-18.,-47.4611722199821,33.3269519415829));
#2514=CARTESIAN_POINT('',(-18.000002733652,-47.4906684748794,33.3564481964802));
#2515=CARTESIAN_POINT('',(-17.9970446800887,-47.5594476607582,33.425227382359));
#2516=CARTESIAN_POINT('',(-17.9801924888886,-47.6768653611954,33.5426450827962));
#2517=CARTESIAN_POINT('',(-17.9420774739065,-47.815305542199,33.6810852637997));
#2518=CARTESIAN_POINT('',(-17.8809095388337,-47.9565387028491,33.8223184244498));
#2519=CARTESIAN_POINT('',(-17.805534766999,-48.0829495692636,33.9487292908642));
#2520=CARTESIAN_POINT('',(-17.7242293246012,-48.1915481727366,34.0573278943371));
#2521=CARTESIAN_POINT('',(-17.6375726855115,-48.2877711188472,34.1535508404476));
#2522=CARTESIAN_POINT('',(-17.54239074057,-48.3770932568705,34.2428729784707));
#2523=CARTESIAN_POINT('',(-17.4439350774266,-48.4560063799507,34.3217861015509));
#2524=CARTESIAN_POINT('',(-17.3477236482591,-48.5228015553633,34.3885812769633));
#2525=CARTESIAN_POINT('',(-17.2534737535699,-48.5805699647545,34.4463496863543));
#2526=CARTESIAN_POINT('',(-17.157021703622,-48.6328837878387,34.4986635094384));
#2527=CARTESIAN_POINT('',(-17.053590069798,-48.6820692835281,34.5478490051277));
#2528=CARTESIAN_POINT('',(-16.942188356222,-48.728180654632,34.5939603762314));
#2529=CARTESIAN_POINT('',(-16.822296452887,-48.7705677565545,34.6363474781537));
#2530=CARTESIAN_POINT('',(-16.693632117497,-48.8083740413082,34.6741537629073));
#2531=CARTESIAN_POINT('',(-16.5756639163952,-48.8363173307334,34.7020970523322));
#2532=CARTESIAN_POINT('',(-16.4729978164982,-48.8559548008011,34.7217345223998));
#2533=CARTESIAN_POINT('',(-16.3922416329796,-48.8686664255517,34.7344461471502));
#2534=CARTESIAN_POINT('',(-16.3211496299004,-48.8778037016937,34.7435834232921));
#2535=CARTESIAN_POINT('',(-16.2602650838476,-48.8841568974976,34.7499366190959));
#2536=CARTESIAN_POINT('',(-16.2048249818119,-48.8887801510804,34.7545598726786));
#2537=CARTESIAN_POINT('',(-16.1526824986791,-48.8921299008966,34.7579096224948));
#2538=CARTESIAN_POINT('',(-16.1012185679535,-48.8944719954398,34.7602517170379));
#2539=CARTESIAN_POINT('',(-16.0504410882609,-48.8958502258068,34.7616299474048));
#2540=CARTESIAN_POINT('',(-16.0167512971743,-48.8961538452988,34.7619335668968));
#2541=CARTESIAN_POINT('',(-16.,-48.8961537932389,34.7619335148369));
#2542=CARTESIAN_POINT('',(-18.,-33.3190365962511,47.4690875653138));
#2543=AXIS2_PLACEMENT_3D('',#2544,#2545,#2546);
#2544=CARTESIAN_POINT('',(-18.,0.00791534533174084,0.));
#2545=DIRECTION('',(1.,2.85843879430401E-16,0.));
#2546=DIRECTION('',(2.33943933494667E-16,-0.818432544229548,0.574602619682463));
#2547=CARTESIAN_POINT('',(-18.,-33.3190365962511,47.4690875653138));
#2548=CARTESIAN_POINT('',(-18.000002733652,-33.3485328511484,47.4985838202112));
#2549=CARTESIAN_POINT('',(-17.9970446800888,-33.4173120370272,47.56736300609));
#2550=CARTESIAN_POINT('',(-17.9801924888886,-33.5347297374644,47.6847807065272));
#2551=CARTESIAN_POINT('',(-17.9420774739065,-33.6731699184679,47.8232208875307));
#2552=CARTESIAN_POINT('',(-17.8809095388337,-33.814403079118,47.9644540481807));
#2553=CARTESIAN_POINT('',(-17.805534766999,-33.9408139455326,48.0908649145952));
#2554=CARTESIAN_POINT('',(-17.7242293246011,-34.0494125490057,48.1994635180681));
#2555=CARTESIAN_POINT('',(-17.6375726855114,-34.1456354951163,48.2956864641786));
#2556=CARTESIAN_POINT('',(-17.5423907405699,-34.2349576331396,48.3850086022017));
#2557=CARTESIAN_POINT('',(-17.4439350774265,-34.3138707562199,48.4639217252819));
#2558=CARTESIAN_POINT('',(-17.3477236482589,-34.3806659316325,48.5307169006944));
#2559=CARTESIAN_POINT('',(-17.2534737535696,-34.4384343410237,48.5884853100854));
#2560=CARTESIAN_POINT('',(-17.1570217036216,-34.490748164108,48.6407991331695));
#2561=CARTESIAN_POINT('',(-17.0535900697976,-34.5399336597975,48.6899846288588));
#2562=CARTESIAN_POINT('',(-16.9421883562216,-34.5860450309013,48.7360959999624));
#2563=CARTESIAN_POINT('',(-16.8222964528867,-34.6284321328238,48.7784831018846));
#2564=CARTESIAN_POINT('',(-16.6936321174968,-34.6662384175775,48.8162893866381));
#2565=CARTESIAN_POINT('',(-16.5756639163952,-34.6941817070026,48.8442326760629));
#2566=CARTESIAN_POINT('',(-16.4729978164984,-34.7138191770703,48.8638701461304));
#2567=CARTESIAN_POINT('',(-16.39224163298,-34.7265308018209,48.8765817708809));
#2568=CARTESIAN_POINT('',(-16.3211496299008,-34.735668077963,48.8857190470228));
#2569=CARTESIAN_POINT('',(-16.260265083848,-34.7420212737669,48.8920722428265));
#2570=CARTESIAN_POINT('',(-16.2048249818122,-34.7466445273497,48.8966954964092));
#2571=CARTESIAN_POINT('',(-16.1526824986794,-34.749994277166,48.9000452462254));
#2572=CARTESIAN_POINT('',(-16.1012185679537,-34.7523363717092,48.9023873407685));
#2573=CARTESIAN_POINT('',(-16.050441088261,-34.7537146020762,48.9037655711354));
#2574=CARTESIAN_POINT('',(-16.0167512971743,-34.7540182215683,48.9040691906274));
#2575=CARTESIAN_POINT('',(-16.,-34.7540181695084,48.9040691385675));
#2576=CARTESIAN_POINT('',(-18.,-28.2763559021301,42.4264068711929));
#2577=CARTESIAN_POINT('',(-18.,-33.3190365962511,47.4690875653138));
#2578=VECTOR('',#2579,1.);
#2579=DIRECTION('',(-1.49453123424383E-15,0.707106781186547,-0.707106781186548));
#2580=CARTESIAN_POINT('',(-3.99999999999997,-28.2763559021301,42.4264068711928));
#2581=CARTESIAN_POINT('',(-3.99999999999997,-28.2763559021301,42.4264068711929));
#2582=VECTOR('',#2583,1.);
#2583=DIRECTION('',(-1.,7.61295788314391E-16,-1.01506105108586E-15));
#2584=CARTESIAN_POINT('',(-3.99999999999997,-34.7540181695065,48.9040691385693));
#2585=VECTOR('',#2586,1.);
#2586=DIRECTION('',(-1.93908529821476E-16,0.707106781186544,-0.707106781186551));
#2587=CARTESIAN_POINT('',(-3.99999999999997,-42.4184915258611,28.2842712474619));
#2588=AXIS2_PLACEMENT_3D('',#2589,#2590,#2591);
#2589=CARTESIAN_POINT('',(-3.99999999999997,-35.3474237139956,35.3553390593274));
#2590=DIRECTION('',(-1.,-2.85843879430401E-16,0.));
#2591=DIRECTION('',(-2.02122145505907E-16,0.707106781186548,0.707106781186547));
#2592=CARTESIAN_POINT('',(-3.99999999999997,-42.4184915258611,28.2842712474619));
#2593=VECTOR('',#2594,1.);
#2594=DIRECTION('',(0.,-0.707106781186546,0.707106781186549));
#2595=CARTESIAN_POINT('',(-18.,-42.4184915258611,28.2842712474619));
#2596=CARTESIAN_POINT('',(-3.99999999999997,-42.4184915258611,28.2842712474619));
#2597=VECTOR('',#2598,1.);
#2598=DIRECTION('',(-1.,-5.07530525542928E-16,0.));
#2599=CARTESIAN_POINT('',(-18.,-42.4184915258611,28.2842712474619));
#2600=VECTOR('',#2601,1.);
#2601=DIRECTION('',(-9.96354156162543E-16,-0.707106781186545,0.70710678118655));
#2602=AXIS2_PLACEMENT_3D('',#2603,#2604,#2605);
#2603=CARTESIAN_POINT('',(-18.,-35.3474237139956,35.3553390593274));
#2604=DIRECTION('',(-1.,-2.85843879430401E-16,0.));
#2605=DIRECTION('',(-2.02122145505907E-16,0.707106781186548,0.707106781186547));
#2606=CARTESIAN_POINT('',(-18.,35.0079153453318,4.28626379701574E-15));
#2607=AXIS2_PLACEMENT_3D('',#2608,#2609,#2610);
#2608=CARTESIAN_POINT('',(-18.,0.00791534533174084,0.));
#2609=DIRECTION('',(1.,2.85843879430401E-16,0.));
#2610=DIRECTION('',(-2.85843879430401E-16,1.,0.));
ENDSEC;
END-ISO-10303-21;
