ISO-10303-21;
HEADER;
FILE_DESCRIPTION(('STEP AP203'),
    '1');
FILE_NAME('FEM_model',
    '',
    ('UNSPECIFIED'),
    ('UNSPECIFIED'),
    'C3D Converter',
    'C3D Toolkit',
    '');
FILE_SCHEMA(('CONFIG_CONTROL_DESIGN'));
ENDSEC;

DATA;
#1=PRODUCT_DEFINITION('','UNSPECIFIED',#15,#18);
#2=SHAPE_DEFINITION_REPRESENTATION(#13,#3);
#3=SHAPE_REPRESENTATION('NONE',(#4,#40,#109,#135,#395,#421,#491,#517),#8);
#4=AXIS2_PLACEMENT_3D('',#5,#6,#7);
#5=CARTESIAN_POINT('',(0.,0.,0.));
#6=DIRECTION('',(0.,0.,1.));
#7=DIRECTION('',(1.,0.,0.));
#8=(GEOMETRIC_REPRESENTATION_CONTEXT(3)GLOBAL_UNCERTAINTY_ASSIGNED_CONTEXT((#10))
GLOBAL_UNIT_ASSIGNED_CONTEXT((#9,#11,#12))REPRESENTATION_CONTEXT('NONE','NONE'));
#9=(LENGTH_UNIT()NAMED_UNIT(*)SI_UNIT(.MILLI.,.METRE.));
#10=UNCERTAINTY_MEASURE_WITH_UNIT(LENGTH_MEASURE(1.E-5),#9,'NONE','NONE');
#11=(NAMED_UNIT(*)PLANE_ANGLE_UNIT()SI_UNIT($,.RADIAN.));
#12=(NAMED_UNIT(*)SI_UNIT($,.STERADIAN.)SOLID_ANGLE_UNIT());
#13=PRODUCT_DEFINITION_SHAPE('NONE','NONE',#1);
#14=MECHANICAL_CONTEXT('NONE',#19,'mechanical');
#15=PRODUCT_DEFINITION_FORMATION_WITH_SPECIFIED_SOURCE('ANY','UNSPECIFIED',#16,.NOT_KNOWN.);
#16=PRODUCT('','\X2\04210431043E0440043A0430\X0\','NONE',(#14));
#17=PRODUCT_RELATED_PRODUCT_CATEGORY('assembly','',(#16));
#18=DESIGN_CONTEXT('detailed design',#19,'design');
#19=APPLICATION_CONTEXT('configuration controlled 3d designs of mechanical parts and assemblies');
#20=APPLICATION_PROTOCOL_DEFINITION('international standard','config_control_design',
1994,#19);
#21=CC_DESIGN_DATE_AND_TIME_ASSIGNMENT(#22,#26,(#1));
#22=DATE_AND_TIME(#23,#24);
#23=CALENDAR_DATE(0,1,1);
#24=LOCAL_TIME(0,0,0.,#25);
#25=COORDINATED_UNIVERSAL_TIME_OFFSET(0,0,.AHEAD.);
#26=DATE_TIME_ROLE('creation_date');
#27=CC_DESIGN_APPROVAL(#28,(#1));
#28=APPROVAL(#29,'UNSPECIFIED');
#29=APPROVAL_STATUS('not_yet_approved');
#30=APPROVAL_DATE_TIME(#31,#28);
#31=DATE_AND_TIME(#32,#33);
#32=CALENDAR_DATE(0,1,1);
#33=LOCAL_TIME(0,0,0.,#34);
#34=COORDINATED_UNIVERSAL_TIME_OFFSET(0,0,.AHEAD.);
#35=PERSON('UNSPECIFIED','gnomy','UNSPECIFIED',('UNSPECIFIED'),('UNSPECIFIED'),(
'UNSPECIFIED'));
#36=ORGANIZATION('UNSPECIFIED','UNSPECIFIED','UNSPECIFIED');
#37=PERSON_AND_ORGANIZATION(#35,#36);
#38=PERSON_AND_ORGANIZATION_ROLE('creator');
#39=CC_DESIGN_PERSON_AND_ORGANIZATION_ASSIGNMENT(#37,#38,(#15,#1));
#40=AXIS2_PLACEMENT_3D('',#41,#42,#43);
#41=CARTESIAN_POINT('',(0.,0.,0.));
#42=DIRECTION('',(0.,0.,1.));
#43=DIRECTION('',(1.,0.,0.));
#44=PRODUCT_DEFINITION('','UNSPECIFIED',#62,#65);
#45=SHAPE_DEFINITION_REPRESENTATION(#60,#46);
#46=SHAPE_REPRESENTATION('NONE',(#4),#8);
#47=MANIFOLD_SOLID_BREP('',#48);
#48=CLOSED_SHELL('',(#587,#596,#605,#606,#607,#616,#617,#618,#619,#628,#629,#638,
#639,#648,#649,#658,#667,#676,#685,#694,#703,#712,#721,#730,#739,#748,#757,#766,
#775,#784,#793,#802,#811,#820,#829,#838,#847,#856,#865,#874,#883,#892,#901,#910,
#919,#928,#937,#946,#955,#956,#957,#958));
#49=COLOUR_RGB('',0.564705882352941,0.564705882352941,0.564705882352941);
#50=FILL_AREA_STYLE_COLOUR('',#49);
#51=FILL_AREA_STYLE($,(#50));
#52=SURFACE_STYLE_FILL_AREA(#51);
#53=SURFACE_SIDE_STYLE('',(#52));
#54=SURFACE_STYLE_USAGE(.BOTH.,#53);
#55=PRESENTATION_STYLE_ASSIGNMENT((#54));
#56=MECHANICAL_DESIGN_GEOMETRIC_PRESENTATION_REPRESENTATION('NONE',(#57,#185,#253,
#321,#439,#535,#595,#604,#615,#627,#637,#647,#657,#666,#675,#684,#693,#702,#711,
#720,#729,#738,#747,#756,#765,#774,#783,#792,#801,#810,#819,#828,#837,#846,#855,
#864,#873,#882,#891,#900,#909,#918,#927,#936,#945,#954,#967,#976,#993,#1002,#1011,
#1020,#1029,#1038,#1047,#1056,#1065,#1074,#1087,#1107,#1131,#1146,#1201,#1210,#1227,
#1236,#1245,#1254,#1263,#1272,#1281,#1290,#1304,#1323,#1346,#1355,#1366,#1380,#1401,
#1410,#1419,#1428,#1437,#1446,#1455,#1464,#1473,#1482,#1491,#1500,#1509,#1518,#1527,
#1536,#1545,#1554,#1563,#1572,#1581,#1590,#1599,#1608,#1617,#1626,#1635,#1644,#1653,
#1662,#1671,#1680,#1689,#1698,#1707,#1716,#1725),#8);
#57=STYLED_ITEM('',(#55),#47);
#58=ADVANCED_BREP_SHAPE_REPRESENTATION('NONE',(#47),#8);
#59=SHAPE_REPRESENTATION_RELATIONSHIP('','',#46,#58);
#60=PRODUCT_DEFINITION_SHAPE('NONE','NONE',#44);
#61=MECHANICAL_CONTEXT('NONE',#66,'mechanical');
#62=PRODUCT_DEFINITION_FORMATION_WITH_SPECIFIED_SOURCE('ANY','UNSPECIFIED',#63,.NOT_KNOWN.);
#63=PRODUCT('71','\X2\041404180421041A\X0\','NONE',(#61));
#64=PRODUCT_RELATED_PRODUCT_CATEGORY('detail','',(#63));
#65=DESIGN_CONTEXT('detailed design',#66,'design');
#66=APPLICATION_CONTEXT('configuration controlled 3d designs of mechanical parts and assemblies');
#67=APPLICATION_PROTOCOL_DEFINITION('international standard','config_control_design',
1994,#66);
#68=CC_DESIGN_DATE_AND_TIME_ASSIGNMENT(#69,#73,(#44));
#69=DATE_AND_TIME(#70,#71);
#70=CALENDAR_DATE(0,1,1);
#71=LOCAL_TIME(0,0,0.,#72);
#72=COORDINATED_UNIVERSAL_TIME_OFFSET(0,0,.AHEAD.);
#73=DATE_TIME_ROLE('creation_date');
#74=CC_DESIGN_APPROVAL(#75,(#44));
#75=APPROVAL(#76,'UNSPECIFIED');
#76=APPROVAL_STATUS('not_yet_approved');
#77=APPROVAL_DATE_TIME(#78,#75);
#78=DATE_AND_TIME(#79,#80);
#79=CALENDAR_DATE(0,1,1);
#80=LOCAL_TIME(0,0,0.,#81);
#81=COORDINATED_UNIVERSAL_TIME_OFFSET(0,0,.AHEAD.);
#82=PERSON('UNSPECIFIED','gnomy','UNSPECIFIED',('UNSPECIFIED'),('UNSPECIFIED'),(
'UNSPECIFIED'));
#83=ORGANIZATION('UNSPECIFIED','UNSPECIFIED','UNSPECIFIED');
#84=PERSON_AND_ORGANIZATION(#82,#83);
#85=PERSON_AND_ORGANIZATION_ROLE('creator');
#86=CC_DESIGN_PERSON_AND_ORGANIZATION_ASSIGNMENT(#84,#85,(#62,#44));
#87=ITEM_DEFINED_TRANSFORMATION('','',#4,#40);
#88=(REPRESENTATION_RELATIONSHIP('','',#46,#3)REPRESENTATION_RELATIONSHIP_WITH_TRANSFORMATION(
#87)SHAPE_REPRESENTATION_RELATIONSHIP());
#89=NEXT_ASSEMBLY_USAGE_OCCURRENCE('71','\X2\041404180421041A\X0\','',#1,#44,'');
#90=CC_DESIGN_SECURITY_CLASSIFICATION(#91,(#89));
#91=SECURITY_CLASSIFICATION('','',#92);
#92=SECURITY_CLASSIFICATION_LEVEL('unclassified');
#93=CC_DESIGN_DATE_AND_TIME_ASSIGNMENT(#94,#98,(#91));
#94=DATE_AND_TIME(#95,#96);
#95=CALENDAR_DATE(0,1,1);
#96=LOCAL_TIME(0,0,0.,#97);
#97=COORDINATED_UNIVERSAL_TIME_OFFSET(0,0,.AHEAD.);
#98=DATE_TIME_ROLE('classification_date');
#99=CC_DESIGN_APPROVAL(#100,(#91));
#100=APPROVAL(#101,'UNSPECIFIED');
#101=APPROVAL_STATUS('not_yet_approved');
#102=APPROVAL_DATE_TIME(#103,#100);
#103=DATE_AND_TIME(#104,#105);
#104=CALENDAR_DATE(0,1,1);
#105=LOCAL_TIME(0,0,0.,#106);
#106=COORDINATED_UNIVERSAL_TIME_OFFSET(0,0,.AHEAD.);
#107=PRODUCT_DEFINITION_SHAPE('NONE','NONE',#89);
#108=CONTEXT_DEPENDENT_SHAPE_REPRESENTATION(#88,#107);
#109=AXIS2_PLACEMENT_3D('',#110,#111,#112);
#110=CARTESIAN_POINT('',(346.,9.9475983006414E-14,-7.105427357601E-14));
#111=DIRECTION('',(-2.77555756156291E-16,0.,-1.));
#112=DIRECTION('',(-1.,-5.716877588608E-16,2.77555756156291E-16));
#113=ITEM_DEFINED_TRANSFORMATION('','',#4,#109);
#114=(REPRESENTATION_RELATIONSHIP('','',#46,#3)REPRESENTATION_RELATIONSHIP_WITH_TRANSFORMATION(
#113)SHAPE_REPRESENTATION_RELATIONSHIP());
#115=NEXT_ASSEMBLY_USAGE_OCCURRENCE('71','\X2\041404180421041A\X0\','',#1,#44,'');
#116=CC_DESIGN_SECURITY_CLASSIFICATION(#117,(#115));
#117=SECURITY_CLASSIFICATION('','',#118);
#118=SECURITY_CLASSIFICATION_LEVEL('unclassified');
#119=CC_DESIGN_DATE_AND_TIME_ASSIGNMENT(#120,#124,(#117));
#120=DATE_AND_TIME(#121,#122);
#121=CALENDAR_DATE(0,1,1);
#122=LOCAL_TIME(0,0,0.,#123);
#123=COORDINATED_UNIVERSAL_TIME_OFFSET(0,0,.AHEAD.);
#124=DATE_TIME_ROLE('classification_date');
#125=CC_DESIGN_APPROVAL(#126,(#117));
#126=APPROVAL(#127,'UNSPECIFIED');
#127=APPROVAL_STATUS('not_yet_approved');
#128=APPROVAL_DATE_TIME(#129,#126);
#129=DATE_AND_TIME(#130,#131);
#130=CALENDAR_DATE(0,1,1);
#131=LOCAL_TIME(0,0,0.,#132);
#132=COORDINATED_UNIVERSAL_TIME_OFFSET(0,0,.AHEAD.);
#133=PRODUCT_DEFINITION_SHAPE('NONE','NONE',#115);
#134=CONTEXT_DEPENDENT_SHAPE_REPRESENTATION(#114,#133);
#135=AXIS2_PLACEMENT_3D('',#136,#137,#138);
#136=CARTESIAN_POINT('',(-0.75,0.0545511103230787,-0.0944852946888091));
#137=DIRECTION('',(0.,0.,1.));
#138=DIRECTION('',(1.,0.,0.));
#139=PRODUCT_DEFINITION('','UNSPECIFIED',#144,#147);
#140=SHAPE_DEFINITION_REPRESENTATION(#142,#141);
#141=SHAPE_REPRESENTATION('NONE',(#4,#169,#237,#305),#8);
#142=PRODUCT_DEFINITION_SHAPE('NONE','NONE',#139);
#143=MECHANICAL_CONTEXT('NONE',#148,'mechanical');
#144=PRODUCT_DEFINITION_FORMATION_WITH_SPECIFIED_SOURCE('ANY','UNSPECIFIED',#145,
.NOT_KNOWN.);
#145=PRODUCT('','\X2\04210431043E0440043A0430\X0\','NONE',(#143));
#146=PRODUCT_RELATED_PRODUCT_CATEGORY('assembly','',(#145));
#147=DESIGN_CONTEXT('detailed design',#148,'design');
#148=APPLICATION_CONTEXT('configuration controlled 3d designs of mechanical parts and assemblies');
#149=APPLICATION_PROTOCOL_DEFINITION('international standard','config_control_design',
1994,#148);
#150=CC_DESIGN_DATE_AND_TIME_ASSIGNMENT(#151,#155,(#139));
#151=DATE_AND_TIME(#152,#153);
#152=CALENDAR_DATE(0,1,1);
#153=LOCAL_TIME(0,0,0.,#154);
#154=COORDINATED_UNIVERSAL_TIME_OFFSET(0,0,.AHEAD.);
#155=DATE_TIME_ROLE('creation_date');
#156=CC_DESIGN_APPROVAL(#157,(#139));
#157=APPROVAL(#158,'UNSPECIFIED');
#158=APPROVAL_STATUS('not_yet_approved');
#159=APPROVAL_DATE_TIME(#160,#157);
#160=DATE_AND_TIME(#161,#162);
#161=CALENDAR_DATE(0,1,1);
#162=LOCAL_TIME(0,0,0.,#163);
#163=COORDINATED_UNIVERSAL_TIME_OFFSET(0,0,.AHEAD.);
#164=PERSON('UNSPECIFIED','gnomy','UNSPECIFIED',('UNSPECIFIED'),('UNSPECIFIED'),
('UNSPECIFIED'));
#165=ORGANIZATION('UNSPECIFIED','UNSPECIFIED','UNSPECIFIED');
#166=PERSON_AND_ORGANIZATION(#164,#165);
#167=PERSON_AND_ORGANIZATION_ROLE('creator');
#168=CC_DESIGN_PERSON_AND_ORGANIZATION_ASSIGNMENT(#166,#167,(#144,#139));
#169=AXIS2_PLACEMENT_3D('',#170,#171,#172);
#170=CARTESIAN_POINT('',(-1.25000000000002,17.9181733345154,31.2241571835842));
#171=DIRECTION('',(-1.17961196366423E-16,-0.866025403784439,0.5));
#172=DIRECTION('',(1.,-1.22464679914735E-16,2.42861286636759E-17));
#173=PRODUCT_DEFINITION('','UNSPECIFIED',#190,#193);
#174=SHAPE_DEFINITION_REPRESENTATION(#188,#175);
#175=SHAPE_REPRESENTATION('NONE',(#4),#8);
#176=MANIFOLD_SOLID_BREP('',#177);
#177=CLOSED_SHELL('',(#959,#968,#977,#978,#979,#980,#981,#982,#983,#984,#985,#994,
#1003,#1012,#1021,#1030,#1039,#1048,#1057,#1066,#1075,#1076,#1077,#1078,#1079,#1088,
#1089,#1090,#1091,#1092,#1093,#1094,#1095,#1096,#1097,#1098,#1099,#1108,#1109,#1110,
#1111,#1112,#1113,#1114,#1115,#1116,#1117,#1118,#1119,#1120,#1121,#1122,#1123,#1132,
#1133,#1134,#1135,#1136,#1137,#1138,#1147,#1148,#1149,#1150,#1151,#1152,#1153,#1154,
#1155,#1156,#1157,#1158));
#178=COLOUR_RGB('',0.545098039215686,0.545098039215686,0.);
#179=FILL_AREA_STYLE_COLOUR('',#178);
#180=FILL_AREA_STYLE($,(#179));
#181=SURFACE_STYLE_FILL_AREA(#180);
#182=SURFACE_SIDE_STYLE('',(#181));
#183=SURFACE_STYLE_USAGE(.BOTH.,#182);
#184=PRESENTATION_STYLE_ASSIGNMENT((#183));
#185=STYLED_ITEM('',(#184),#176);
#186=ADVANCED_BREP_SHAPE_REPRESENTATION('NONE',(#176),#8);
#187=SHAPE_REPRESENTATION_RELATIONSHIP('','',#175,#186);
#188=PRODUCT_DEFINITION_SHAPE('NONE','NONE',#173);
#189=MECHANICAL_CONTEXT('NONE',#194,'mechanical');
#190=PRODUCT_DEFINITION_FORMATION_WITH_SPECIFIED_SOURCE('ANY','UNSPECIFIED',#191,
.NOT_KNOWN.);
#191=PRODUCT('16','\X2\0414044304330430\X0\','NONE',(#189));
#192=PRODUCT_RELATED_PRODUCT_CATEGORY('detail','',(#191));
#193=DESIGN_CONTEXT('detailed design',#194,'design');
#194=APPLICATION_CONTEXT('configuration controlled 3d designs of mechanical parts and assemblies');
#195=APPLICATION_PROTOCOL_DEFINITION('international standard','config_control_design',
1994,#194);
#196=CC_DESIGN_DATE_AND_TIME_ASSIGNMENT(#197,#201,(#173));
#197=DATE_AND_TIME(#198,#199);
#198=CALENDAR_DATE(0,1,1);
#199=LOCAL_TIME(0,0,0.,#200);
#200=COORDINATED_UNIVERSAL_TIME_OFFSET(0,0,.AHEAD.);
#201=DATE_TIME_ROLE('creation_date');
#202=CC_DESIGN_APPROVAL(#203,(#173));
#203=APPROVAL(#204,'UNSPECIFIED');
#204=APPROVAL_STATUS('not_yet_approved');
#205=APPROVAL_DATE_TIME(#206,#203);
#206=DATE_AND_TIME(#207,#208);
#207=CALENDAR_DATE(0,1,1);
#208=LOCAL_TIME(0,0,0.,#209);
#209=COORDINATED_UNIVERSAL_TIME_OFFSET(0,0,.AHEAD.);
#210=PERSON('UNSPECIFIED','gnomy','UNSPECIFIED',('UNSPECIFIED'),('UNSPECIFIED'),
('UNSPECIFIED'));
#211=ORGANIZATION('UNSPECIFIED','UNSPECIFIED','UNSPECIFIED');
#212=PERSON_AND_ORGANIZATION(#210,#211);
#213=PERSON_AND_ORGANIZATION_ROLE('creator');
#214=CC_DESIGN_PERSON_AND_ORGANIZATION_ASSIGNMENT(#212,#213,(#190,#173));
#215=ITEM_DEFINED_TRANSFORMATION('','',#4,#169);
#216=(REPRESENTATION_RELATIONSHIP('','',#175,#141)REPRESENTATION_RELATIONSHIP_WITH_TRANSFORMATION(
#215)SHAPE_REPRESENTATION_RELATIONSHIP());
#217=NEXT_ASSEMBLY_USAGE_OCCURRENCE('16','\X2\0414044304330430\X0\','',#139,#173,
'');
#218=CC_DESIGN_SECURITY_CLASSIFICATION(#219,(#217));
#219=SECURITY_CLASSIFICATION('','',#220);
#220=SECURITY_CLASSIFICATION_LEVEL('unclassified');
#221=CC_DESIGN_DATE_AND_TIME_ASSIGNMENT(#222,#226,(#219));
#222=DATE_AND_TIME(#223,#224);
#223=CALENDAR_DATE(0,1,1);
#224=LOCAL_TIME(0,0,0.,#225);
#225=COORDINATED_UNIVERSAL_TIME_OFFSET(0,0,.AHEAD.);
#226=DATE_TIME_ROLE('classification_date');
#227=CC_DESIGN_APPROVAL(#228,(#219));
#228=APPROVAL(#229,'UNSPECIFIED');
#229=APPROVAL_STATUS('not_yet_approved');
#230=APPROVAL_DATE_TIME(#231,#228);
#231=DATE_AND_TIME(#232,#233);
#232=CALENDAR_DATE(0,1,1);
#233=LOCAL_TIME(0,0,0.,#234);
#234=COORDINATED_UNIVERSAL_TIME_OFFSET(0,0,.AHEAD.);
#235=PRODUCT_DEFINITION_SHAPE('NONE','NONE',#217);
#236=CONTEXT_DEPENDENT_SHAPE_REPRESENTATION(#216,#235);
#237=AXIS2_PLACEMENT_3D('',#238,#239,#240);
#238=CARTESIAN_POINT('',(-1.37500000000004,203.,-3.32288450239956E-17));
#239=DIRECTION('',(-1.,1.83697019872103E-16,6.12323399573677E-17));
#240=DIRECTION('',(6.12323399573676E-17,-6.12323399573677E-17,1.));
#241=PRODUCT_DEFINITION('','UNSPECIFIED',#258,#261);
#242=SHAPE_DEFINITION_REPRESENTATION(#256,#243);
#243=SHAPE_REPRESENTATION('NONE',(#4),#8);
#244=MANIFOLD_SOLID_BREP('',#245);
#245=CLOSED_SHELL('',(#1159,#1160,#1161,#1162,#1163,#1164,#1165,#1166,#1167,#1168,
#1169,#1170,#1171,#1172,#1173,#1174,#1175,#1176,#1177,#1178,#1179,#1180,#1181,#1182,
#1183,#1184,#1185,#1186,#1187,#1188,#1189,#1190,#1191,#1192));
#246=COLOUR_RGB('',0.564705882352941,0.564705882352941,0.564705882352941);
#247=FILL_AREA_STYLE_COLOUR('',#246);
#248=FILL_AREA_STYLE($,(#247));
#249=SURFACE_STYLE_FILL_AREA(#248);
#250=SURFACE_SIDE_STYLE('',(#249));
#251=SURFACE_STYLE_USAGE(.BOTH.,#250);
#252=PRESENTATION_STYLE_ASSIGNMENT((#251));
#253=STYLED_ITEM('',(#252),#244);
#254=ADVANCED_BREP_SHAPE_REPRESENTATION('NONE',(#244),#8);
#255=SHAPE_REPRESENTATION_RELATIONSHIP('','',#243,#254);
#256=PRODUCT_DEFINITION_SHAPE('NONE','NONE',#241);
#257=MECHANICAL_CONTEXT('NONE',#262,'mechanical');
#258=PRODUCT_DEFINITION_FORMATION_WITH_SPECIFIED_SOURCE('ANY','UNSPECIFIED',#259,
.NOT_KNOWN.);
#259=PRODUCT('','\X2\0414043504420430043B044C\X0\','NONE',(#257));
#260=PRODUCT_RELATED_PRODUCT_CATEGORY('detail','',(#259));
#261=DESIGN_CONTEXT('detailed design',#262,'design');
#262=APPLICATION_CONTEXT('configuration controlled 3d designs of mechanical parts and assemblies');
#263=APPLICATION_PROTOCOL_DEFINITION('international standard','config_control_design',
1994,#262);
#264=CC_DESIGN_DATE_AND_TIME_ASSIGNMENT(#265,#269,(#241));
#265=DATE_AND_TIME(#266,#267);
#266=CALENDAR_DATE(0,1,1);
#267=LOCAL_TIME(0,0,0.,#268);
#268=COORDINATED_UNIVERSAL_TIME_OFFSET(0,0,.AHEAD.);
#269=DATE_TIME_ROLE('creation_date');
#270=CC_DESIGN_APPROVAL(#271,(#241));
#271=APPROVAL(#272,'UNSPECIFIED');
#272=APPROVAL_STATUS('not_yet_approved');
#273=APPROVAL_DATE_TIME(#274,#271);
#274=DATE_AND_TIME(#275,#276);
#275=CALENDAR_DATE(0,1,1);
#276=LOCAL_TIME(0,0,0.,#277);
#277=COORDINATED_UNIVERSAL_TIME_OFFSET(0,0,.AHEAD.);
#278=PERSON('UNSPECIFIED','gnomy','UNSPECIFIED',('UNSPECIFIED'),('UNSPECIFIED'),
('UNSPECIFIED'));
#279=ORGANIZATION('UNSPECIFIED','UNSPECIFIED','UNSPECIFIED');
#280=PERSON_AND_ORGANIZATION(#278,#279);
#281=PERSON_AND_ORGANIZATION_ROLE('creator');
#282=CC_DESIGN_PERSON_AND_ORGANIZATION_ASSIGNMENT(#280,#281,(#258,#241));
#283=ITEM_DEFINED_TRANSFORMATION('','',#4,#237);
#284=(REPRESENTATION_RELATIONSHIP('','',#243,#141)REPRESENTATION_RELATIONSHIP_WITH_TRANSFORMATION(
#283)SHAPE_REPRESENTATION_RELATIONSHIP());
#285=NEXT_ASSEMBLY_USAGE_OCCURRENCE('','\X2\0414043504420430043B044C\X0\','',#139,
#241,'');
#286=CC_DESIGN_SECURITY_CLASSIFICATION(#287,(#285));
#287=SECURITY_CLASSIFICATION('','',#288);
#288=SECURITY_CLASSIFICATION_LEVEL('unclassified');
#289=CC_DESIGN_DATE_AND_TIME_ASSIGNMENT(#290,#294,(#287));
#290=DATE_AND_TIME(#291,#292);
#291=CALENDAR_DATE(0,1,1);
#292=LOCAL_TIME(0,0,0.,#293);
#293=COORDINATED_UNIVERSAL_TIME_OFFSET(0,0,.AHEAD.);
#294=DATE_TIME_ROLE('classification_date');
#295=CC_DESIGN_APPROVAL(#296,(#287));
#296=APPROVAL(#297,'UNSPECIFIED');
#297=APPROVAL_STATUS('not_yet_approved');
#298=APPROVAL_DATE_TIME(#299,#296);
#299=DATE_AND_TIME(#300,#301);
#300=CALENDAR_DATE(0,1,1);
#301=LOCAL_TIME(0,0,0.,#302);
#302=COORDINATED_UNIVERSAL_TIME_OFFSET(0,0,.AHEAD.);
#303=PRODUCT_DEFINITION_SHAPE('NONE','NONE',#285);
#304=CONTEXT_DEPENDENT_SHAPE_REPRESENTATION(#284,#303);
#305=AXIS2_PLACEMENT_3D('',#306,#307,#308);
#306=CARTESIAN_POINT('',(-1.24999999999998,18.001978836333,-31.1803419813084));
#307=DIRECTION('',(2.87617635394451E-19,-0.866025403784438,-0.500000000000001));
#308=DIRECTION('',(-1.,-7.24635441149957E-17,1.24935304832892E-16));
#309=PRODUCT_DEFINITION('','UNSPECIFIED',#326,#329);
#310=SHAPE_DEFINITION_REPRESENTATION(#324,#311);
#311=SHAPE_REPRESENTATION('NONE',(#4),#8);
#312=MANIFOLD_SOLID_BREP('',#313);
#313=CLOSED_SHELL('',(#1193,#1202,#1211,#1212,#1213,#1214,#1215,#1216,#1217,#1218,
#1219,#1228,#1237,#1246,#1255,#1264,#1273,#1282,#1291,#1292,#1293,#1294,#1295,#1296,
#1305,#1306,#1307,#1308,#1309,#1310,#1311,#1312,#1313,#1314,#1315,#1324,#1325,#1326,
#1327,#1328,#1329,#1330,#1331,#1332,#1333,#1334,#1335,#1336,#1337,#1338,#1347,#1356,
#1357,#1358,#1367,#1368,#1369,#1370,#1371,#1372,#1381,#1382,#1383,#1384,#1385,#1386,
#1387,#1388,#1389,#1390,#1391,#1392));
#314=COLOUR_RGB('',0.545098039215686,0.545098039215686,0.);
#315=FILL_AREA_STYLE_COLOUR('',#314);
#316=FILL_AREA_STYLE($,(#315));
#317=SURFACE_STYLE_FILL_AREA(#316);
#318=SURFACE_SIDE_STYLE('',(#317));
#319=SURFACE_STYLE_USAGE(.BOTH.,#318);
#320=PRESENTATION_STYLE_ASSIGNMENT((#319));
#321=STYLED_ITEM('',(#320),#312);
#322=ADVANCED_BREP_SHAPE_REPRESENTATION('NONE',(#312),#8);
#323=SHAPE_REPRESENTATION_RELATIONSHIP('','',#311,#322);
#324=PRODUCT_DEFINITION_SHAPE('NONE','NONE',#309);
#325=MECHANICAL_CONTEXT('NONE',#330,'mechanical');
#326=PRODUCT_DEFINITION_FORMATION_WITH_SPECIFIED_SOURCE('ANY','UNSPECIFIED',#327,
.NOT_KNOWN.);
#327=PRODUCT('16','\X2\0414044304330430\X0\','NONE',(#325));
#328=PRODUCT_RELATED_PRODUCT_CATEGORY('detail','',(#327));
#329=DESIGN_CONTEXT('detailed design',#330,'design');
#330=APPLICATION_CONTEXT('configuration controlled 3d designs of mechanical parts and assemblies');
#331=APPLICATION_PROTOCOL_DEFINITION('international standard','config_control_design',
1994,#330);
#332=CC_DESIGN_DATE_AND_TIME_ASSIGNMENT(#333,#337,(#309));
#333=DATE_AND_TIME(#334,#335);
#334=CALENDAR_DATE(0,1,1);
#335=LOCAL_TIME(0,0,0.,#336);
#336=COORDINATED_UNIVERSAL_TIME_OFFSET(0,0,.AHEAD.);
#337=DATE_TIME_ROLE('creation_date');
#338=CC_DESIGN_APPROVAL(#339,(#309));
#339=APPROVAL(#340,'UNSPECIFIED');
#340=APPROVAL_STATUS('not_yet_approved');
#341=APPROVAL_DATE_TIME(#342,#339);
#342=DATE_AND_TIME(#343,#344);
#343=CALENDAR_DATE(0,1,1);
#344=LOCAL_TIME(0,0,0.,#345);
#345=COORDINATED_UNIVERSAL_TIME_OFFSET(0,0,.AHEAD.);
#346=PERSON('UNSPECIFIED','gnomy','UNSPECIFIED',('UNSPECIFIED'),('UNSPECIFIED'),
('UNSPECIFIED'));
#347=ORGANIZATION('UNSPECIFIED','UNSPECIFIED','UNSPECIFIED');
#348=PERSON_AND_ORGANIZATION(#346,#347);
#349=PERSON_AND_ORGANIZATION_ROLE('creator');
#350=CC_DESIGN_PERSON_AND_ORGANIZATION_ASSIGNMENT(#348,#349,(#326,#309));
#351=ITEM_DEFINED_TRANSFORMATION('','',#4,#305);
#352=(REPRESENTATION_RELATIONSHIP('','',#311,#141)REPRESENTATION_RELATIONSHIP_WITH_TRANSFORMATION(
#351)SHAPE_REPRESENTATION_RELATIONSHIP());
#353=NEXT_ASSEMBLY_USAGE_OCCURRENCE('16','\X2\0414044304330430\X0\','',#139,#309,
'');
#354=CC_DESIGN_SECURITY_CLASSIFICATION(#355,(#353));
#355=SECURITY_CLASSIFICATION('','',#356);
#356=SECURITY_CLASSIFICATION_LEVEL('unclassified');
#357=CC_DESIGN_DATE_AND_TIME_ASSIGNMENT(#358,#362,(#355));
#358=DATE_AND_TIME(#359,#360);
#359=CALENDAR_DATE(0,1,1);
#360=LOCAL_TIME(0,0,0.,#361);
#361=COORDINATED_UNIVERSAL_TIME_OFFSET(0,0,.AHEAD.);
#362=DATE_TIME_ROLE('classification_date');
#363=CC_DESIGN_APPROVAL(#364,(#355));
#364=APPROVAL(#365,'UNSPECIFIED');
#365=APPROVAL_STATUS('not_yet_approved');
#366=APPROVAL_DATE_TIME(#367,#364);
#367=DATE_AND_TIME(#368,#369);
#368=CALENDAR_DATE(0,1,1);
#369=LOCAL_TIME(0,0,0.,#370);
#370=COORDINATED_UNIVERSAL_TIME_OFFSET(0,0,.AHEAD.);
#371=PRODUCT_DEFINITION_SHAPE('NONE','NONE',#353);
#372=CONTEXT_DEPENDENT_SHAPE_REPRESENTATION(#352,#371);
#373=ITEM_DEFINED_TRANSFORMATION('','',#4,#135);
#374=(REPRESENTATION_RELATIONSHIP('','',#141,#3)REPRESENTATION_RELATIONSHIP_WITH_TRANSFORMATION(
#373)SHAPE_REPRESENTATION_RELATIONSHIP());
#375=NEXT_ASSEMBLY_USAGE_OCCURRENCE('','\X2\04210431043E0440043A0430\X0\','',#1,
#139,'');
#376=CC_DESIGN_SECURITY_CLASSIFICATION(#377,(#375));
#377=SECURITY_CLASSIFICATION('','',#378);
#378=SECURITY_CLASSIFICATION_LEVEL('unclassified');
#379=CC_DESIGN_DATE_AND_TIME_ASSIGNMENT(#380,#384,(#377));
#380=DATE_AND_TIME(#381,#382);
#381=CALENDAR_DATE(0,1,1);
#382=LOCAL_TIME(0,0,0.,#383);
#383=COORDINATED_UNIVERSAL_TIME_OFFSET(0,0,.AHEAD.);
#384=DATE_TIME_ROLE('classification_date');
#385=CC_DESIGN_APPROVAL(#386,(#377));
#386=APPROVAL(#387,'UNSPECIFIED');
#387=APPROVAL_STATUS('not_yet_approved');
#388=APPROVAL_DATE_TIME(#389,#386);
#389=DATE_AND_TIME(#390,#391);
#390=CALENDAR_DATE(0,1,1);
#391=LOCAL_TIME(0,0,0.,#392);
#392=COORDINATED_UNIVERSAL_TIME_OFFSET(0,0,.AHEAD.);
#393=PRODUCT_DEFINITION_SHAPE('NONE','NONE',#375);
#394=CONTEXT_DEPENDENT_SHAPE_REPRESENTATION(#374,#393);
#395=AXIS2_PLACEMENT_3D('',#396,#397,#398);
#396=CARTESIAN_POINT('',(346.75,0.0545511103232137,0.0944852946887558));
#397=DIRECTION('',(8.91994811347274E-15,-4.23245423084029E-17,-1.));
#398=DIRECTION('',(-1.,1.53641156956354E-14,-8.92168283694872E-15));
#399=ITEM_DEFINED_TRANSFORMATION('','',#4,#395);
#400=(REPRESENTATION_RELATIONSHIP('','',#141,#3)REPRESENTATION_RELATIONSHIP_WITH_TRANSFORMATION(
#399)SHAPE_REPRESENTATION_RELATIONSHIP());
#401=NEXT_ASSEMBLY_USAGE_OCCURRENCE('','\X2\04210431043E0440043A0430\X0\','',#1,
#139,'');
#402=CC_DESIGN_SECURITY_CLASSIFICATION(#403,(#401));
#403=SECURITY_CLASSIFICATION('','',#404);
#404=SECURITY_CLASSIFICATION_LEVEL('unclassified');
#405=CC_DESIGN_DATE_AND_TIME_ASSIGNMENT(#406,#410,(#403));
#406=DATE_AND_TIME(#407,#408);
#407=CALENDAR_DATE(0,1,1);
#408=LOCAL_TIME(0,0,0.,#409);
#409=COORDINATED_UNIVERSAL_TIME_OFFSET(0,0,.AHEAD.);
#410=DATE_TIME_ROLE('classification_date');
#411=CC_DESIGN_APPROVAL(#412,(#403));
#412=APPROVAL(#413,'UNSPECIFIED');
#413=APPROVAL_STATUS('not_yet_approved');
#414=APPROVAL_DATE_TIME(#415,#412);
#415=DATE_AND_TIME(#416,#417);
#416=CALENDAR_DATE(0,1,1);
#417=LOCAL_TIME(0,0,0.,#418);
#418=COORDINATED_UNIVERSAL_TIME_OFFSET(0,0,.AHEAD.);
#419=PRODUCT_DEFINITION_SHAPE('NONE','NONE',#401);
#420=CONTEXT_DEPENDENT_SHAPE_REPRESENTATION(#400,#419);
#421=AXIS2_PLACEMENT_3D('',#422,#423,#424);
#422=CARTESIAN_POINT('',(173.,203.,172.761022835006));
#423=DIRECTION('',(0.,0.,1.));
#424=DIRECTION('',(1.,0.,0.));
#425=PRODUCT_DEFINITION('','UNSPECIFIED',#444,#447);
#426=SHAPE_DEFINITION_REPRESENTATION(#442,#427);
#427=SHAPE_REPRESENTATION('NONE',(#4),#8);
#428=MANIFOLD_SOLID_BREP('',#429);
#429=CLOSED_SHELL('',(#1393,#1402,#1411,#1420,#1429,#1438,#1447,#1456,#1465,#1474,
#1483,#1492,#1501,#1510,#1519,#1528,#1537,#1546,#1555,#1564,#1573,#1582,#1591,#1600,
#1609,#1618,#1627,#1636,#1645,#1654,#1663,#1672,#1681,#1690));
#430=COLOUR_RGB('',1.,1.,1.);
#431=FILL_AREA_STYLE_COLOUR('',#430);
#432=FILL_AREA_STYLE($,(#431));
#433=SURFACE_STYLE_FILL_AREA(#432);
#434=SURFACE_SIDE_STYLE('',(#433,#438));
#435=SURFACE_STYLE_USAGE(.BOTH.,#434);
#436=PRESENTATION_STYLE_ASSIGNMENT((#435));
#437=SURFACE_STYLE_TRANSPARENT(0.541000008583069);
#438=SURFACE_STYLE_RENDERING_WITH_PROPERTIES(.UNSPECIFIED.,$,(#437));
#439=STYLED_ITEM('',(#436),#428);
#440=ADVANCED_BREP_SHAPE_REPRESENTATION('NONE',(#428),#8);
#441=SHAPE_REPRESENTATION_RELATIONSHIP('','',#427,#440);
#442=PRODUCT_DEFINITION_SHAPE('NONE','NONE',#425);
#443=MECHANICAL_CONTEXT('NONE',#448,'mechanical');
#444=PRODUCT_DEFINITION_FORMATION_WITH_SPECIFIED_SOURCE('ANY','UNSPECIFIED',#445,
.NOT_KNOWN.);
#445=PRODUCT('','\X2\0414043504420430043B044C\X0\','NONE',(#443));
#446=PRODUCT_RELATED_PRODUCT_CATEGORY('detail','',(#445));
#447=DESIGN_CONTEXT('detailed design',#448,'design');
#448=APPLICATION_CONTEXT('configuration controlled 3d designs of mechanical parts and assemblies');
#449=APPLICATION_PROTOCOL_DEFINITION('international standard','config_control_design',
1994,#448);
#450=CC_DESIGN_DATE_AND_TIME_ASSIGNMENT(#451,#455,(#425));
#451=DATE_AND_TIME(#452,#453);
#452=CALENDAR_DATE(0,1,1);
#453=LOCAL_TIME(0,0,0.,#454);
#454=COORDINATED_UNIVERSAL_TIME_OFFSET(0,0,.AHEAD.);
#455=DATE_TIME_ROLE('creation_date');
#456=CC_DESIGN_APPROVAL(#457,(#425));
#457=APPROVAL(#458,'UNSPECIFIED');
#458=APPROVAL_STATUS('not_yet_approved');
#459=APPROVAL_DATE_TIME(#460,#457);
#460=DATE_AND_TIME(#461,#462);
#461=CALENDAR_DATE(0,1,1);
#462=LOCAL_TIME(0,0,0.,#463);
#463=COORDINATED_UNIVERSAL_TIME_OFFSET(0,0,.AHEAD.);
#464=PERSON('UNSPECIFIED','gnomy','UNSPECIFIED',('UNSPECIFIED'),('UNSPECIFIED'),
('UNSPECIFIED'));
#465=ORGANIZATION('UNSPECIFIED','UNSPECIFIED','UNSPECIFIED');
#466=PERSON_AND_ORGANIZATION(#464,#465);
#467=PERSON_AND_ORGANIZATION_ROLE('creator');
#468=CC_DESIGN_PERSON_AND_ORGANIZATION_ASSIGNMENT(#466,#467,(#444,#425));
#469=ITEM_DEFINED_TRANSFORMATION('','',#4,#421);
#470=(REPRESENTATION_RELATIONSHIP('','',#427,#3)REPRESENTATION_RELATIONSHIP_WITH_TRANSFORMATION(
#469)SHAPE_REPRESENTATION_RELATIONSHIP());
#471=NEXT_ASSEMBLY_USAGE_OCCURRENCE('','\X2\0414043504420430043B044C\X0\','',#1,
#425,'');
#472=CC_DESIGN_SECURITY_CLASSIFICATION(#473,(#471));
#473=SECURITY_CLASSIFICATION('','',#474);
#474=SECURITY_CLASSIFICATION_LEVEL('unclassified');
#475=CC_DESIGN_DATE_AND_TIME_ASSIGNMENT(#476,#480,(#473));
#476=DATE_AND_TIME(#477,#478);
#477=CALENDAR_DATE(0,1,1);
#478=LOCAL_TIME(0,0,0.,#479);
#479=COORDINATED_UNIVERSAL_TIME_OFFSET(0,0,.AHEAD.);
#480=DATE_TIME_ROLE('classification_date');
#481=CC_DESIGN_APPROVAL(#482,(#473));
#482=APPROVAL(#483,'UNSPECIFIED');
#483=APPROVAL_STATUS('not_yet_approved');
#484=APPROVAL_DATE_TIME(#485,#482);
#485=DATE_AND_TIME(#486,#487);
#486=CALENDAR_DATE(0,1,1);
#487=LOCAL_TIME(0,0,0.,#488);
#488=COORDINATED_UNIVERSAL_TIME_OFFSET(0,0,.AHEAD.);
#489=PRODUCT_DEFINITION_SHAPE('NONE','NONE',#471);
#490=CONTEXT_DEPENDENT_SHAPE_REPRESENTATION(#470,#489);
#491=AXIS2_PLACEMENT_3D('',#492,#493,#494);
#492=CARTESIAN_POINT('',(173.078432583508,204.,-172.656178222107));
#493=DIRECTION('',(0.,0.,1.));
#494=DIRECTION('',(1.,0.,0.));
#495=ITEM_DEFINED_TRANSFORMATION('','',#4,#491);
#496=(REPRESENTATION_RELATIONSHIP('','',#427,#3)REPRESENTATION_RELATIONSHIP_WITH_TRANSFORMATION(
#495)SHAPE_REPRESENTATION_RELATIONSHIP());
#497=NEXT_ASSEMBLY_USAGE_OCCURRENCE('','\X2\0414043504420430043B044C\X0\','',#1,
#425,'');
#498=CC_DESIGN_SECURITY_CLASSIFICATION(#499,(#497));
#499=SECURITY_CLASSIFICATION('','',#500);
#500=SECURITY_CLASSIFICATION_LEVEL('unclassified');
#501=CC_DESIGN_DATE_AND_TIME_ASSIGNMENT(#502,#506,(#499));
#502=DATE_AND_TIME(#503,#504);
#503=CALENDAR_DATE(0,1,1);
#504=LOCAL_TIME(0,0,0.,#505);
#505=COORDINATED_UNIVERSAL_TIME_OFFSET(0,0,.AHEAD.);
#506=DATE_TIME_ROLE('classification_date');
#507=CC_DESIGN_APPROVAL(#508,(#499));
#508=APPROVAL(#509,'UNSPECIFIED');
#509=APPROVAL_STATUS('not_yet_approved');
#510=APPROVAL_DATE_TIME(#511,#508);
#511=DATE_AND_TIME(#512,#513);
#512=CALENDAR_DATE(0,1,1);
#513=LOCAL_TIME(0,0,0.,#514);
#514=COORDINATED_UNIVERSAL_TIME_OFFSET(0,0,.AHEAD.);
#515=PRODUCT_DEFINITION_SHAPE('NONE','NONE',#497);
#516=CONTEXT_DEPENDENT_SHAPE_REPRESENTATION(#496,#515);
#517=AXIS2_PLACEMENT_3D('',#518,#519,#520);
#518=CARTESIAN_POINT('',(173.,8.02425255871004E-15,-2.04836148043341E-14));
#519=DIRECTION('',(0.,0.,1.));
#520=DIRECTION('',(1.,0.,0.));
#521=PRODUCT_DEFINITION('','UNSPECIFIED',#540,#543);
#522=SHAPE_DEFINITION_REPRESENTATION(#538,#523);
#523=SHAPE_REPRESENTATION('NONE',(#4),#8);
#524=MANIFOLD_SOLID_BREP('',#525);
#525=CLOSED_SHELL('',(#1699,#1708,#1717));
#526=COLOUR_RGB('',1.,1.,1.);
#527=FILL_AREA_STYLE_COLOUR('',#526);
#528=FILL_AREA_STYLE($,(#527));
#529=SURFACE_STYLE_FILL_AREA(#528);
#530=SURFACE_SIDE_STYLE('',(#529,#534));
#531=SURFACE_STYLE_USAGE(.BOTH.,#530);
#532=PRESENTATION_STYLE_ASSIGNMENT((#531));
#533=SURFACE_STYLE_TRANSPARENT(0.541000008583069);
#534=SURFACE_STYLE_RENDERING_WITH_PROPERTIES(.UNSPECIFIED.,$,(#533));
#535=STYLED_ITEM('',(#532),#524);
#536=ADVANCED_BREP_SHAPE_REPRESENTATION('NONE',(#524),#8);
#537=SHAPE_REPRESENTATION_RELATIONSHIP('','',#523,#536);
#538=PRODUCT_DEFINITION_SHAPE('NONE','NONE',#521);
#539=MECHANICAL_CONTEXT('NONE',#544,'mechanical');
#540=PRODUCT_DEFINITION_FORMATION_WITH_SPECIFIED_SOURCE('ANY','UNSPECIFIED',#541,
.NOT_KNOWN.);
#541=PRODUCT('','\X2\0414043504420430043B044C\X0\','NONE',(#539));
#542=PRODUCT_RELATED_PRODUCT_CATEGORY('detail','',(#541));
#543=DESIGN_CONTEXT('detailed design',#544,'design');
#544=APPLICATION_CONTEXT('configuration controlled 3d designs of mechanical parts and assemblies');
#545=APPLICATION_PROTOCOL_DEFINITION('international standard','config_control_design',
1994,#544);
#546=CC_DESIGN_DATE_AND_TIME_ASSIGNMENT(#547,#551,(#521));
#547=DATE_AND_TIME(#548,#549);
#548=CALENDAR_DATE(0,1,1);
#549=LOCAL_TIME(0,0,0.,#550);
#550=COORDINATED_UNIVERSAL_TIME_OFFSET(0,0,.AHEAD.);
#551=DATE_TIME_ROLE('creation_date');
#552=CC_DESIGN_APPROVAL(#553,(#521));
#553=APPROVAL(#554,'UNSPECIFIED');
#554=APPROVAL_STATUS('not_yet_approved');
#555=APPROVAL_DATE_TIME(#556,#553);
#556=DATE_AND_TIME(#557,#558);
#557=CALENDAR_DATE(0,1,1);
#558=LOCAL_TIME(0,0,0.,#559);
#559=COORDINATED_UNIVERSAL_TIME_OFFSET(0,0,.AHEAD.);
#560=PERSON('UNSPECIFIED','gnomy','UNSPECIFIED',('UNSPECIFIED'),('UNSPECIFIED'),
('UNSPECIFIED'));
#561=ORGANIZATION('UNSPECIFIED','UNSPECIFIED','UNSPECIFIED');
#562=PERSON_AND_ORGANIZATION(#560,#561);
#563=PERSON_AND_ORGANIZATION_ROLE('creator');
#564=CC_DESIGN_PERSON_AND_ORGANIZATION_ASSIGNMENT(#562,#563,(#540,#521));
#565=ITEM_DEFINED_TRANSFORMATION('','',#4,#517);
#566=(REPRESENTATION_RELATIONSHIP('','',#523,#3)REPRESENTATION_RELATIONSHIP_WITH_TRANSFORMATION(
#565)SHAPE_REPRESENTATION_RELATIONSHIP());
#567=NEXT_ASSEMBLY_USAGE_OCCURRENCE('','\X2\0414043504420430043B044C\X0\','',#1,
#521,'');
#568=CC_DESIGN_SECURITY_CLASSIFICATION(#569,(#567));
#569=SECURITY_CLASSIFICATION('','',#570);
#570=SECURITY_CLASSIFICATION_LEVEL('unclassified');
#571=CC_DESIGN_DATE_AND_TIME_ASSIGNMENT(#572,#576,(#569));
#572=DATE_AND_TIME(#573,#574);
#573=CALENDAR_DATE(0,1,1);
#574=LOCAL_TIME(0,0,0.,#575);
#575=COORDINATED_UNIVERSAL_TIME_OFFSET(0,0,.AHEAD.);
#576=DATE_TIME_ROLE('classification_date');
#577=CC_DESIGN_APPROVAL(#578,(#569));
#578=APPROVAL(#579,'UNSPECIFIED');
#579=APPROVAL_STATUS('not_yet_approved');
#580=APPROVAL_DATE_TIME(#581,#578);
#581=DATE_AND_TIME(#582,#583);
#582=CALENDAR_DATE(0,1,1);
#583=LOCAL_TIME(0,0,0.,#584);
#584=COORDINATED_UNIVERSAL_TIME_OFFSET(0,0,.AHEAD.);
#585=PRODUCT_DEFINITION_SHAPE('NONE','NONE',#567);
#586=CONTEXT_DEPENDENT_SHAPE_REPRESENTATION(#566,#585);
#587=ADVANCED_FACE('',(#1726,#1728),#1730,.T.);
#588=COLOUR_RGB('',0.564705882352941,0.564705882352941,0.564705882352941);
#589=FILL_AREA_STYLE_COLOUR('',#588);
#590=FILL_AREA_STYLE($,(#589));
#591=SURFACE_STYLE_FILL_AREA(#590);
#592=SURFACE_SIDE_STYLE('',(#591));
#593=SURFACE_STYLE_USAGE(.BOTH.,#592);
#594=PRESENTATION_STYLE_ASSIGNMENT((#593));
#595=STYLED_ITEM('',(#594),#587);
#596=ADVANCED_FACE('',(#1735,#1737),#1739,.F.);
#597=COLOUR_RGB('',0.564705882352941,0.564705882352941,0.564705882352941);
#598=FILL_AREA_STYLE_COLOUR('',#597);
#599=FILL_AREA_STYLE($,(#598));
#600=SURFACE_STYLE_FILL_AREA(#599);
#601=SURFACE_SIDE_STYLE('',(#600));
#602=SURFACE_STYLE_USAGE(.BOTH.,#601);
#603=PRESENTATION_STYLE_ASSIGNMENT((#602));
#604=STYLED_ITEM('',(#603),#596);
#605=ADVANCED_FACE('',(#1744,#1746),#1748,.T.);
#606=ADVANCED_FACE('',(#1753,#1755),#1757,.F.);
#607=ADVANCED_FACE('',(#1762,#1764),#1766,.T.);
#608=COLOUR_RGB('',0.564705882352941,0.564705882352941,0.564705882352941);
#609=FILL_AREA_STYLE_COLOUR('',#608);
#610=FILL_AREA_STYLE($,(#609));
#611=SURFACE_STYLE_FILL_AREA(#610);
#612=SURFACE_SIDE_STYLE('',(#611));
#613=SURFACE_STYLE_USAGE(.BOTH.,#612);
#614=PRESENTATION_STYLE_ASSIGNMENT((#613));
#615=STYLED_ITEM('',(#614),#607);
#616=ADVANCED_FACE('',(#1771,#1773),#1775,.F.);
#617=ADVANCED_FACE('',(#1780,#1782),#1784,.T.);
#618=ADVANCED_FACE('',(#1789,#1791),#1793,.F.);
#619=ADVANCED_FACE('',(#1798,#1800),#1802,.T.);
#620=COLOUR_RGB('',0.564705882352941,0.564705882352941,0.564705882352941);
#621=FILL_AREA_STYLE_COLOUR('',#620);
#622=FILL_AREA_STYLE($,(#621));
#623=SURFACE_STYLE_FILL_AREA(#622);
#624=SURFACE_SIDE_STYLE('',(#623));
#625=SURFACE_STYLE_USAGE(.BOTH.,#624);
#626=PRESENTATION_STYLE_ASSIGNMENT((#625));
#627=STYLED_ITEM('',(#626),#619);
#628=ADVANCED_FACE('',(#1807,#1809),#1811,.F.);
#629=ADVANCED_FACE('',(#1816,#1818),#1820,.F.);
#630=COLOUR_RGB('',0.564705882352941,0.564705882352941,0.564705882352941);
#631=FILL_AREA_STYLE_COLOUR('',#630);
#632=FILL_AREA_STYLE($,(#631));
#633=SURFACE_STYLE_FILL_AREA(#632);
#634=SURFACE_SIDE_STYLE('',(#633));
#635=SURFACE_STYLE_USAGE(.BOTH.,#634);
#636=PRESENTATION_STYLE_ASSIGNMENT((#635));
#637=STYLED_ITEM('',(#636),#629);
#638=ADVANCED_FACE('',(#1825,#1827),#1829,.T.);
#639=ADVANCED_FACE('',(#1834,#1836),#1838,.T.);
#640=COLOUR_RGB('',0.564705882352941,0.564705882352941,0.564705882352941);
#641=FILL_AREA_STYLE_COLOUR('',#640);
#642=FILL_AREA_STYLE($,(#641));
#643=SURFACE_STYLE_FILL_AREA(#642);
#644=SURFACE_SIDE_STYLE('',(#643));
#645=SURFACE_STYLE_USAGE(.BOTH.,#644);
#646=PRESENTATION_STYLE_ASSIGNMENT((#645));
#647=STYLED_ITEM('',(#646),#639);
#648=ADVANCED_FACE('',(#1843,#1845),#1847,.T.);
#649=ADVANCED_FACE('',(#1852,#1854),#1856,.F.);
#650=COLOUR_RGB('',0.564705882352941,0.564705882352941,0.564705882352941);
#651=FILL_AREA_STYLE_COLOUR('',#650);
#652=FILL_AREA_STYLE($,(#651));
#653=SURFACE_STYLE_FILL_AREA(#652);
#654=SURFACE_SIDE_STYLE('',(#653));
#655=SURFACE_STYLE_USAGE(.BOTH.,#654);
#656=PRESENTATION_STYLE_ASSIGNMENT((#655));
#657=STYLED_ITEM('',(#656),#649);
#658=ADVANCED_FACE('',(#1861,#1863),#1865,.T.);
#659=COLOUR_RGB('',0.564705882352941,0.564705882352941,0.564705882352941);
#660=FILL_AREA_STYLE_COLOUR('',#659);
#661=FILL_AREA_STYLE($,(#660));
#662=SURFACE_STYLE_FILL_AREA(#661);
#663=SURFACE_SIDE_STYLE('',(#662));
#664=SURFACE_STYLE_USAGE(.BOTH.,#663);
#665=PRESENTATION_STYLE_ASSIGNMENT((#664));
#666=STYLED_ITEM('',(#665),#658);
#667=ADVANCED_FACE('',(#1870,#1872),#1874,.F.);
#668=COLOUR_RGB('',0.564705882352941,0.564705882352941,0.564705882352941);
#669=FILL_AREA_STYLE_COLOUR('',#668);
#670=FILL_AREA_STYLE($,(#669));
#671=SURFACE_STYLE_FILL_AREA(#670);
#672=SURFACE_SIDE_STYLE('',(#671));
#673=SURFACE_STYLE_USAGE(.BOTH.,#672);
#674=PRESENTATION_STYLE_ASSIGNMENT((#673));
#675=STYLED_ITEM('',(#674),#667);
#676=ADVANCED_FACE('',(#1879,#1881),#1883,.T.);
#677=COLOUR_RGB('',0.564705882352941,0.564705882352941,0.564705882352941);
#678=FILL_AREA_STYLE_COLOUR('',#677);
#679=FILL_AREA_STYLE($,(#678));
#680=SURFACE_STYLE_FILL_AREA(#679);
#681=SURFACE_SIDE_STYLE('',(#680));
#682=SURFACE_STYLE_USAGE(.BOTH.,#681);
#683=PRESENTATION_STYLE_ASSIGNMENT((#682));
#684=STYLED_ITEM('',(#683),#676);
#685=ADVANCED_FACE('',(#1888,#1890,#1892,#1894,#1896,#1898,#1900,#1902),#1904,.T.);
#686=COLOUR_RGB('',0.564705882352941,0.564705882352941,0.564705882352941);
#687=FILL_AREA_STYLE_COLOUR('',#686);
#688=FILL_AREA_STYLE($,(#687));
#689=SURFACE_STYLE_FILL_AREA(#688);
#690=SURFACE_SIDE_STYLE('',(#689));
#691=SURFACE_STYLE_USAGE(.BOTH.,#690);
#692=PRESENTATION_STYLE_ASSIGNMENT((#691));
#693=STYLED_ITEM('',(#692),#685);
#694=ADVANCED_FACE('',(#1909,#1911),#1913,.T.);
#695=COLOUR_RGB('',0.564705882352941,0.564705882352941,0.564705882352941);
#696=FILL_AREA_STYLE_COLOUR('',#695);
#697=FILL_AREA_STYLE($,(#696));
#698=SURFACE_STYLE_FILL_AREA(#697);
#699=SURFACE_SIDE_STYLE('',(#698));
#700=SURFACE_STYLE_USAGE(.BOTH.,#699);
#701=PRESENTATION_STYLE_ASSIGNMENT((#700));
#702=STYLED_ITEM('',(#701),#694);
#703=ADVANCED_FACE('',(#1918,#1920),#1922,.T.);
#704=COLOUR_RGB('',0.564705882352941,0.564705882352941,0.564705882352941);
#705=FILL_AREA_STYLE_COLOUR('',#704);
#706=FILL_AREA_STYLE($,(#705));
#707=SURFACE_STYLE_FILL_AREA(#706);
#708=SURFACE_SIDE_STYLE('',(#707));
#709=SURFACE_STYLE_USAGE(.BOTH.,#708);
#710=PRESENTATION_STYLE_ASSIGNMENT((#709));
#711=STYLED_ITEM('',(#710),#703);
#712=ADVANCED_FACE('',(#1927,#1929),#1931,.F.);
#713=COLOUR_RGB('',0.564705882352941,0.564705882352941,0.564705882352941);
#714=FILL_AREA_STYLE_COLOUR('',#713);
#715=FILL_AREA_STYLE($,(#714));
#716=SURFACE_STYLE_FILL_AREA(#715);
#717=SURFACE_SIDE_STYLE('',(#716));
#718=SURFACE_STYLE_USAGE(.BOTH.,#717);
#719=PRESENTATION_STYLE_ASSIGNMENT((#718));
#720=STYLED_ITEM('',(#719),#712);
#721=ADVANCED_FACE('',(#1936,#1938),#1940,.F.);
#722=COLOUR_RGB('',0.564705882352941,0.564705882352941,0.564705882352941);
#723=FILL_AREA_STYLE_COLOUR('',#722);
#724=FILL_AREA_STYLE($,(#723));
#725=SURFACE_STYLE_FILL_AREA(#724);
#726=SURFACE_SIDE_STYLE('',(#725));
#727=SURFACE_STYLE_USAGE(.BOTH.,#726);
#728=PRESENTATION_STYLE_ASSIGNMENT((#727));
#729=STYLED_ITEM('',(#728),#721);
#730=ADVANCED_FACE('',(#1945,#1947),#1949,.F.);
#731=COLOUR_RGB('',0.564705882352941,0.564705882352941,0.564705882352941);
#732=FILL_AREA_STYLE_COLOUR('',#731);
#733=FILL_AREA_STYLE($,(#732));
#734=SURFACE_STYLE_FILL_AREA(#733);
#735=SURFACE_SIDE_STYLE('',(#734));
#736=SURFACE_STYLE_USAGE(.BOTH.,#735);
#737=PRESENTATION_STYLE_ASSIGNMENT((#736));
#738=STYLED_ITEM('',(#737),#730);
#739=ADVANCED_FACE('',(#1954,#1956),#1958,.F.);
#740=COLOUR_RGB('',0.564705882352941,0.564705882352941,0.564705882352941);
#741=FILL_AREA_STYLE_COLOUR('',#740);
#742=FILL_AREA_STYLE($,(#741));
#743=SURFACE_STYLE_FILL_AREA(#742);
#744=SURFACE_SIDE_STYLE('',(#743));
#745=SURFACE_STYLE_USAGE(.BOTH.,#744);
#746=PRESENTATION_STYLE_ASSIGNMENT((#745));
#747=STYLED_ITEM('',(#746),#739);
#748=ADVANCED_FACE('',(#1963,#1965),#1967,.F.);
#749=COLOUR_RGB('',0.564705882352941,0.564705882352941,0.564705882352941);
#750=FILL_AREA_STYLE_COLOUR('',#749);
#751=FILL_AREA_STYLE($,(#750));
#752=SURFACE_STYLE_FILL_AREA(#751);
#753=SURFACE_SIDE_STYLE('',(#752));
#754=SURFACE_STYLE_USAGE(.BOTH.,#753);
#755=PRESENTATION_STYLE_ASSIGNMENT((#754));
#756=STYLED_ITEM('',(#755),#748);
#757=ADVANCED_FACE('',(#1972,#1974),#1976,.F.);
#758=COLOUR_RGB('',0.564705882352941,0.564705882352941,0.564705882352941);
#759=FILL_AREA_STYLE_COLOUR('',#758);
#760=FILL_AREA_STYLE($,(#759));
#761=SURFACE_STYLE_FILL_AREA(#760);
#762=SURFACE_SIDE_STYLE('',(#761));
#763=SURFACE_STYLE_USAGE(.BOTH.,#762);
#764=PRESENTATION_STYLE_ASSIGNMENT((#763));
#765=STYLED_ITEM('',(#764),#757);
#766=ADVANCED_FACE('',(#1981,#1983),#1985,.F.);
#767=COLOUR_RGB('',0.564705882352941,0.564705882352941,0.564705882352941);
#768=FILL_AREA_STYLE_COLOUR('',#767);
#769=FILL_AREA_STYLE($,(#768));
#770=SURFACE_STYLE_FILL_AREA(#769);
#771=SURFACE_SIDE_STYLE('',(#770));
#772=SURFACE_STYLE_USAGE(.BOTH.,#771);
#773=PRESENTATION_STYLE_ASSIGNMENT((#772));
#774=STYLED_ITEM('',(#773),#766);
#775=ADVANCED_FACE('',(#1990,#1992,#1994,#1996,#1998),#2000,.T.);
#776=COLOUR_RGB('',0.564705882352941,0.564705882352941,0.564705882352941);
#777=FILL_AREA_STYLE_COLOUR('',#776);
#778=FILL_AREA_STYLE($,(#777));
#779=SURFACE_STYLE_FILL_AREA(#778);
#780=SURFACE_SIDE_STYLE('',(#779));
#781=SURFACE_STYLE_USAGE(.BOTH.,#780);
#782=PRESENTATION_STYLE_ASSIGNMENT((#781));
#783=STYLED_ITEM('',(#782),#775);
#784=ADVANCED_FACE('',(#2005,#2007,#2009,#2011),#2013,.F.);
#785=COLOUR_RGB('',0.564705882352941,0.564705882352941,0.564705882352941);
#786=FILL_AREA_STYLE_COLOUR('',#785);
#787=FILL_AREA_STYLE($,(#786));
#788=SURFACE_STYLE_FILL_AREA(#787);
#789=SURFACE_SIDE_STYLE('',(#788));
#790=SURFACE_STYLE_USAGE(.BOTH.,#789);
#791=PRESENTATION_STYLE_ASSIGNMENT((#790));
#792=STYLED_ITEM('',(#791),#784);
#793=ADVANCED_FACE('',(#2018,#2020,#2022,#2024),#2026,.F.);
#794=COLOUR_RGB('',0.564705882352941,0.564705882352941,0.564705882352941);
#795=FILL_AREA_STYLE_COLOUR('',#794);
#796=FILL_AREA_STYLE($,(#795));
#797=SURFACE_STYLE_FILL_AREA(#796);
#798=SURFACE_SIDE_STYLE('',(#797));
#799=SURFACE_STYLE_USAGE(.BOTH.,#798);
#800=PRESENTATION_STYLE_ASSIGNMENT((#799));
#801=STYLED_ITEM('',(#800),#793);
#802=ADVANCED_FACE('',(#2031,#2033),#2035,.T.);
#803=COLOUR_RGB('',0.564705882352941,0.564705882352941,0.564705882352941);
#804=FILL_AREA_STYLE_COLOUR('',#803);
#805=FILL_AREA_STYLE($,(#804));
#806=SURFACE_STYLE_FILL_AREA(#805);
#807=SURFACE_SIDE_STYLE('',(#806));
#808=SURFACE_STYLE_USAGE(.BOTH.,#807);
#809=PRESENTATION_STYLE_ASSIGNMENT((#808));
#810=STYLED_ITEM('',(#809),#802);
#811=ADVANCED_FACE('',(#2040,#2042),#2044,.T.);
#812=COLOUR_RGB('',0.564705882352941,0.564705882352941,0.564705882352941);
#813=FILL_AREA_STYLE_COLOUR('',#812);
#814=FILL_AREA_STYLE($,(#813));
#815=SURFACE_STYLE_FILL_AREA(#814);
#816=SURFACE_SIDE_STYLE('',(#815));
#817=SURFACE_STYLE_USAGE(.BOTH.,#816);
#818=PRESENTATION_STYLE_ASSIGNMENT((#817));
#819=STYLED_ITEM('',(#818),#811);
#820=ADVANCED_FACE('',(#2049,#2051),#2053,.F.);
#821=COLOUR_RGB('',0.564705882352941,0.564705882352941,0.564705882352941);
#822=FILL_AREA_STYLE_COLOUR('',#821);
#823=FILL_AREA_STYLE($,(#822));
#824=SURFACE_STYLE_FILL_AREA(#823);
#825=SURFACE_SIDE_STYLE('',(#824));
#826=SURFACE_STYLE_USAGE(.BOTH.,#825);
#827=PRESENTATION_STYLE_ASSIGNMENT((#826));
#828=STYLED_ITEM('',(#827),#820);
#829=ADVANCED_FACE('',(#2058),#2060,.F.);
#830=COLOUR_RGB('',0.564705882352941,0.564705882352941,0.564705882352941);
#831=FILL_AREA_STYLE_COLOUR('',#830);
#832=FILL_AREA_STYLE($,(#831));
#833=SURFACE_STYLE_FILL_AREA(#832);
#834=SURFACE_SIDE_STYLE('',(#833));
#835=SURFACE_STYLE_USAGE(.BOTH.,#834);
#836=PRESENTATION_STYLE_ASSIGNMENT((#835));
#837=STYLED_ITEM('',(#836),#829);
#838=ADVANCED_FACE('',(#2065,#2067,#2069,#2071),#2073,.T.);
#839=COLOUR_RGB('',0.564705882352941,0.564705882352941,0.564705882352941);
#840=FILL_AREA_STYLE_COLOUR('',#839);
#841=FILL_AREA_STYLE($,(#840));
#842=SURFACE_STYLE_FILL_AREA(#841);
#843=SURFACE_SIDE_STYLE('',(#842));
#844=SURFACE_STYLE_USAGE(.BOTH.,#843);
#845=PRESENTATION_STYLE_ASSIGNMENT((#844));
#846=STYLED_ITEM('',(#845),#838);
#847=ADVANCED_FACE('',(#2078,#2080),#2082,.F.);
#848=COLOUR_RGB('',0.564705882352941,0.564705882352941,0.564705882352941);
#849=FILL_AREA_STYLE_COLOUR('',#848);
#850=FILL_AREA_STYLE($,(#849));
#851=SURFACE_STYLE_FILL_AREA(#850);
#852=SURFACE_SIDE_STYLE('',(#851));
#853=SURFACE_STYLE_USAGE(.BOTH.,#852);
#854=PRESENTATION_STYLE_ASSIGNMENT((#853));
#855=STYLED_ITEM('',(#854),#847);
#856=ADVANCED_FACE('',(#2087),#2089,.F.);
#857=COLOUR_RGB('',0.564705882352941,0.564705882352941,0.564705882352941);
#858=FILL_AREA_STYLE_COLOUR('',#857);
#859=FILL_AREA_STYLE($,(#858));
#860=SURFACE_STYLE_FILL_AREA(#859);
#861=SURFACE_SIDE_STYLE('',(#860));
#862=SURFACE_STYLE_USAGE(.BOTH.,#861);
#863=PRESENTATION_STYLE_ASSIGNMENT((#862));
#864=STYLED_ITEM('',(#863),#856);
#865=ADVANCED_FACE('',(#2094,#2096),#2098,.F.);
#866=COLOUR_RGB('',0.564705882352941,0.564705882352941,0.564705882352941);
#867=FILL_AREA_STYLE_COLOUR('',#866);
#868=FILL_AREA_STYLE($,(#867));
#869=SURFACE_STYLE_FILL_AREA(#868);
#870=SURFACE_SIDE_STYLE('',(#869));
#871=SURFACE_STYLE_USAGE(.BOTH.,#870);
#872=PRESENTATION_STYLE_ASSIGNMENT((#871));
#873=STYLED_ITEM('',(#872),#865);
#874=ADVANCED_FACE('',(#2103,#2105),#2107,.F.);
#875=COLOUR_RGB('',0.564705882352941,0.564705882352941,0.564705882352941);
#876=FILL_AREA_STYLE_COLOUR('',#875);
#877=FILL_AREA_STYLE($,(#876));
#878=SURFACE_STYLE_FILL_AREA(#877);
#879=SURFACE_SIDE_STYLE('',(#878));
#880=SURFACE_STYLE_USAGE(.BOTH.,#879);
#881=PRESENTATION_STYLE_ASSIGNMENT((#880));
#882=STYLED_ITEM('',(#881),#874);
#883=ADVANCED_FACE('',(#2112,#2114),#2116,.F.);
#884=COLOUR_RGB('',0.564705882352941,0.564705882352941,0.564705882352941);
#885=FILL_AREA_STYLE_COLOUR('',#884);
#886=FILL_AREA_STYLE($,(#885));
#887=SURFACE_STYLE_FILL_AREA(#886);
#888=SURFACE_SIDE_STYLE('',(#887));
#889=SURFACE_STYLE_USAGE(.BOTH.,#888);
#890=PRESENTATION_STYLE_ASSIGNMENT((#889));
#891=STYLED_ITEM('',(#890),#883);
#892=ADVANCED_FACE('',(#2121),#2123,.T.);
#893=COLOUR_RGB('',0.564705882352941,0.564705882352941,0.564705882352941);
#894=FILL_AREA_STYLE_COLOUR('',#893);
#895=FILL_AREA_STYLE($,(#894));
#896=SURFACE_STYLE_FILL_AREA(#895);
#897=SURFACE_SIDE_STYLE('',(#896));
#898=SURFACE_STYLE_USAGE(.BOTH.,#897);
#899=PRESENTATION_STYLE_ASSIGNMENT((#898));
#900=STYLED_ITEM('',(#899),#892);
#901=ADVANCED_FACE('',(#2128),#2130,.F.);
#902=COLOUR_RGB('',0.564705882352941,0.564705882352941,0.564705882352941);
#903=FILL_AREA_STYLE_COLOUR('',#902);
#904=FILL_AREA_STYLE($,(#903));
#905=SURFACE_STYLE_FILL_AREA(#904);
#906=SURFACE_SIDE_STYLE('',(#905));
#907=SURFACE_STYLE_USAGE(.BOTH.,#906);
#908=PRESENTATION_STYLE_ASSIGNMENT((#907));
#909=STYLED_ITEM('',(#908),#901);
#910=ADVANCED_FACE('',(#2135,#2137),#2139,.T.);
#911=COLOUR_RGB('',0.564705882352941,0.564705882352941,0.564705882352941);
#912=FILL_AREA_STYLE_COLOUR('',#911);
#913=FILL_AREA_STYLE($,(#912));
#914=SURFACE_STYLE_FILL_AREA(#913);
#915=SURFACE_SIDE_STYLE('',(#914));
#916=SURFACE_STYLE_USAGE(.BOTH.,#915);
#917=PRESENTATION_STYLE_ASSIGNMENT((#916));
#918=STYLED_ITEM('',(#917),#910);
#919=ADVANCED_FACE('',(#2144),#2146,.F.);
#920=COLOUR_RGB('',0.564705882352941,0.564705882352941,0.564705882352941);
#921=FILL_AREA_STYLE_COLOUR('',#920);
#922=FILL_AREA_STYLE($,(#921));
#923=SURFACE_STYLE_FILL_AREA(#922);
#924=SURFACE_SIDE_STYLE('',(#923));
#925=SURFACE_STYLE_USAGE(.BOTH.,#924);
#926=PRESENTATION_STYLE_ASSIGNMENT((#925));
#927=STYLED_ITEM('',(#926),#919);
#928=ADVANCED_FACE('',(#2151,#2153,#2155,#2157),#2159,.T.);
#929=COLOUR_RGB('',0.564705882352941,0.564705882352941,0.564705882352941);
#930=FILL_AREA_STYLE_COLOUR('',#929);
#931=FILL_AREA_STYLE($,(#930));
#932=SURFACE_STYLE_FILL_AREA(#931);
#933=SURFACE_SIDE_STYLE('',(#932));
#934=SURFACE_STYLE_USAGE(.BOTH.,#933);
#935=PRESENTATION_STYLE_ASSIGNMENT((#934));
#936=STYLED_ITEM('',(#935),#928);
#937=ADVANCED_FACE('',(#2164,#2166),#2168,.F.);
#938=COLOUR_RGB('',0.564705882352941,0.564705882352941,0.564705882352941);
#939=FILL_AREA_STYLE_COLOUR('',#938);
#940=FILL_AREA_STYLE($,(#939));
#941=SURFACE_STYLE_FILL_AREA(#940);
#942=SURFACE_SIDE_STYLE('',(#941));
#943=SURFACE_STYLE_USAGE(.BOTH.,#942);
#944=PRESENTATION_STYLE_ASSIGNMENT((#943));
#945=STYLED_ITEM('',(#944),#937);
#946=ADVANCED_FACE('',(#2173),#2175,.F.);
#947=COLOUR_RGB('',0.564705882352941,0.564705882352941,0.564705882352941);
#948=FILL_AREA_STYLE_COLOUR('',#947);
#949=FILL_AREA_STYLE($,(#948));
#950=SURFACE_STYLE_FILL_AREA(#949);
#951=SURFACE_SIDE_STYLE('',(#950));
#952=SURFACE_STYLE_USAGE(.BOTH.,#951);
#953=PRESENTATION_STYLE_ASSIGNMENT((#952));
#954=STYLED_ITEM('',(#953),#946);
#955=ADVANCED_FACE('',(#2180,#2182),#2184,.T.);
#956=ADVANCED_FACE('',(#2189,#2191),#2193,.T.);
#957=ADVANCED_FACE('',(#2198,#2200),#2202,.F.);
#958=ADVANCED_FACE('',(#2207,#2209),#2211,.F.);
#959=ADVANCED_FACE('',(#2216,#2218,#2220,#2222,#2224,#2226),#2228,.F.);
#960=COLOUR_RGB('',0.545098039215686,0.545098039215686,0.);
#961=FILL_AREA_STYLE_COLOUR('',#960);
#962=FILL_AREA_STYLE($,(#961));
#963=SURFACE_STYLE_FILL_AREA(#962);
#964=SURFACE_SIDE_STYLE('',(#963));
#965=SURFACE_STYLE_USAGE(.BOTH.,#964);
#966=PRESENTATION_STYLE_ASSIGNMENT((#965));
#967=STYLED_ITEM('',(#966),#959);
#968=ADVANCED_FACE('',(#2233,#2235,#2237,#2239,#2241,#2243),#2245,.T.);
#969=COLOUR_RGB('',0.545098039215686,0.545098039215686,0.);
#970=FILL_AREA_STYLE_COLOUR('',#969);
#971=FILL_AREA_STYLE($,(#970));
#972=SURFACE_STYLE_FILL_AREA(#971);
#973=SURFACE_SIDE_STYLE('',(#972));
#974=SURFACE_STYLE_USAGE(.BOTH.,#973);
#975=PRESENTATION_STYLE_ASSIGNMENT((#974));
#976=STYLED_ITEM('',(#975),#968);
#977=ADVANCED_FACE('',(#2250),#2252,.T.);
#978=ADVANCED_FACE('',(#2257),#2259,.T.);
#979=ADVANCED_FACE('',(#2264),#2266,.T.);
#980=ADVANCED_FACE('',(#2271),#2273,.T.);
#981=ADVANCED_FACE('',(#2278,#2280),#2282,.T.);
#982=ADVANCED_FACE('',(#2287),#2289,.T.);
#983=ADVANCED_FACE('',(#2294,#2296),#2298,.F.);
#984=ADVANCED_FACE('',(#2303),#2305,.F.);
#985=ADVANCED_FACE('',(#2310),#2312,.F.);
#986=COLOUR_RGB('',0.545098039215686,0.545098039215686,0.);
#987=FILL_AREA_STYLE_COLOUR('',#986);
#988=FILL_AREA_STYLE($,(#987));
#989=SURFACE_STYLE_FILL_AREA(#988);
#990=SURFACE_SIDE_STYLE('',(#989));
#991=SURFACE_STYLE_USAGE(.BOTH.,#990);
#992=PRESENTATION_STYLE_ASSIGNMENT((#991));
#993=STYLED_ITEM('',(#992),#985);
#994=ADVANCED_FACE('',(#2317,#2319),#2321,.F.);
#995=COLOUR_RGB('',0.545098039215686,0.545098039215686,0.);
#996=FILL_AREA_STYLE_COLOUR('',#995);
#997=FILL_AREA_STYLE($,(#996));
#998=SURFACE_STYLE_FILL_AREA(#997);
#999=SURFACE_SIDE_STYLE('',(#998));
#1000=SURFACE_STYLE_USAGE(.BOTH.,#999);
#1001=PRESENTATION_STYLE_ASSIGNMENT((#1000));
#1002=STYLED_ITEM('',(#1001),#994);
#1003=ADVANCED_FACE('',(#2326),#2328,.F.);
#1004=COLOUR_RGB('',0.545098039215686,0.545098039215686,0.);
#1005=FILL_AREA_STYLE_COLOUR('',#1004);
#1006=FILL_AREA_STYLE($,(#1005));
#1007=SURFACE_STYLE_FILL_AREA(#1006);
#1008=SURFACE_SIDE_STYLE('',(#1007));
#1009=SURFACE_STYLE_USAGE(.BOTH.,#1008);
#1010=PRESENTATION_STYLE_ASSIGNMENT((#1009));
#1011=STYLED_ITEM('',(#1010),#1003);
#1012=ADVANCED_FACE('',(#2333),#2335,.F.);
#1013=COLOUR_RGB('',0.545098039215686,0.545098039215686,0.);
#1014=FILL_AREA_STYLE_COLOUR('',#1013);
#1015=FILL_AREA_STYLE($,(#1014));
#1016=SURFACE_STYLE_FILL_AREA(#1015);
#1017=SURFACE_SIDE_STYLE('',(#1016));
#1018=SURFACE_STYLE_USAGE(.BOTH.,#1017);
#1019=PRESENTATION_STYLE_ASSIGNMENT((#1018));
#1020=STYLED_ITEM('',(#1019),#1012);
#1021=ADVANCED_FACE('',(#2340),#2342,.F.);
#1022=COLOUR_RGB('',0.545098039215686,0.545098039215686,0.);
#1023=FILL_AREA_STYLE_COLOUR('',#1022);
#1024=FILL_AREA_STYLE($,(#1023));
#1025=SURFACE_STYLE_FILL_AREA(#1024);
#1026=SURFACE_SIDE_STYLE('',(#1025));
#1027=SURFACE_STYLE_USAGE(.BOTH.,#1026);
#1028=PRESENTATION_STYLE_ASSIGNMENT((#1027));
#1029=STYLED_ITEM('',(#1028),#1021);
#1030=ADVANCED_FACE('',(#2347,#2349,#2351,#2353),#2355,.T.);
#1031=COLOUR_RGB('',0.545098039215686,0.545098039215686,0.);
#1032=FILL_AREA_STYLE_COLOUR('',#1031);
#1033=FILL_AREA_STYLE($,(#1032));
#1034=SURFACE_STYLE_FILL_AREA(#1033);
#1035=SURFACE_SIDE_STYLE('',(#1034));
#1036=SURFACE_STYLE_USAGE(.BOTH.,#1035);
#1037=PRESENTATION_STYLE_ASSIGNMENT((#1036));
#1038=STYLED_ITEM('',(#1037),#1030);
#1039=ADVANCED_FACE('',(#2360),#2362,.F.);
#1040=COLOUR_RGB('',0.545098039215686,0.545098039215686,0.);
#1041=FILL_AREA_STYLE_COLOUR('',#1040);
#1042=FILL_AREA_STYLE($,(#1041));
#1043=SURFACE_STYLE_FILL_AREA(#1042);
#1044=SURFACE_SIDE_STYLE('',(#1043));
#1045=SURFACE_STYLE_USAGE(.BOTH.,#1044);
#1046=PRESENTATION_STYLE_ASSIGNMENT((#1045));
#1047=STYLED_ITEM('',(#1046),#1039);
#1048=ADVANCED_FACE('',(#2367),#2369,.F.);
#1049=COLOUR_RGB('',0.545098039215686,0.545098039215686,0.);
#1050=FILL_AREA_STYLE_COLOUR('',#1049);
#1051=FILL_AREA_STYLE($,(#1050));
#1052=SURFACE_STYLE_FILL_AREA(#1051);
#1053=SURFACE_SIDE_STYLE('',(#1052));
#1054=SURFACE_STYLE_USAGE(.BOTH.,#1053);
#1055=PRESENTATION_STYLE_ASSIGNMENT((#1054));
#1056=STYLED_ITEM('',(#1055),#1048);
#1057=ADVANCED_FACE('',(#2374),#2376,.F.);
#1058=COLOUR_RGB('',0.545098039215686,0.545098039215686,0.);
#1059=FILL_AREA_STYLE_COLOUR('',#1058);
#1060=FILL_AREA_STYLE($,(#1059));
#1061=SURFACE_STYLE_FILL_AREA(#1060);
#1062=SURFACE_SIDE_STYLE('',(#1061));
#1063=SURFACE_STYLE_USAGE(.BOTH.,#1062);
#1064=PRESENTATION_STYLE_ASSIGNMENT((#1063));
#1065=STYLED_ITEM('',(#1064),#1057);
#1066=ADVANCED_FACE('',(#2381),#2383,.F.);
#1067=COLOUR_RGB('',0.545098039215686,0.545098039215686,0.);
#1068=FILL_AREA_STYLE_COLOUR('',#1067);
#1069=FILL_AREA_STYLE($,(#1068));
#1070=SURFACE_STYLE_FILL_AREA(#1069);
#1071=SURFACE_SIDE_STYLE('',(#1070));
#1072=SURFACE_STYLE_USAGE(.BOTH.,#1071);
#1073=PRESENTATION_STYLE_ASSIGNMENT((#1072));
#1074=STYLED_ITEM('',(#1073),#1066);
#1075=ADVANCED_FACE('',(#2388),#2390,.F.);
#1076=ADVANCED_FACE('',(#2395),#2397,.T.);
#1077=ADVANCED_FACE('',(#2402),#2404,.T.);
#1078=ADVANCED_FACE('',(#2409),#2411,.T.);
#1079=ADVANCED_FACE('',(#2416,#2418),#2420,.T.);
#1080=COLOUR_RGB('',0.545098039215686,0.545098039215686,0.);
#1081=FILL_AREA_STYLE_COLOUR('',#1080);
#1082=FILL_AREA_STYLE($,(#1081));
#1083=SURFACE_STYLE_FILL_AREA(#1082);
#1084=SURFACE_SIDE_STYLE('',(#1083));
#1085=SURFACE_STYLE_USAGE(.BOTH.,#1084);
#1086=PRESENTATION_STYLE_ASSIGNMENT((#1085));
#1087=STYLED_ITEM('',(#1086),#1079);
#1088=ADVANCED_FACE('',(#2425,#2427),#2429,.T.);
#1089=ADVANCED_FACE('',(#2434,#2436),#2438,.F.);
#1090=ADVANCED_FACE('',(#2443),#2445,.T.);
#1091=ADVANCED_FACE('',(#2450,#2452),#2454,.T.);
#1092=ADVANCED_FACE('',(#2459),#2461,.T.);
#1093=ADVANCED_FACE('',(#2466),#2468,.T.);
#1094=ADVANCED_FACE('',(#2473),#2475,.T.);
#1095=ADVANCED_FACE('',(#2480),#2482,.F.);
#1096=ADVANCED_FACE('',(#2487),#2489,.F.);
#1097=ADVANCED_FACE('',(#2494),#2496,.F.);
#1098=ADVANCED_FACE('',(#2501),#2503,.F.);
#1099=ADVANCED_FACE('',(#2508,#2510),#2512,.F.);
#1100=COLOUR_RGB('',0.545098039215686,0.545098039215686,0.);
#1101=FILL_AREA_STYLE_COLOUR('',#1100);
#1102=FILL_AREA_STYLE($,(#1101));
#1103=SURFACE_STYLE_FILL_AREA(#1102);
#1104=SURFACE_SIDE_STYLE('',(#1103));
#1105=SURFACE_STYLE_USAGE(.BOTH.,#1104);
#1106=PRESENTATION_STYLE_ASSIGNMENT((#1105));
#1107=STYLED_ITEM('',(#1106),#1099);
#1108=ADVANCED_FACE('',(#2517),#2519,.T.);
#1109=ADVANCED_FACE('',(#2524),#2526,.T.);
#1110=ADVANCED_FACE('',(#2531),#2533,.T.);
#1111=ADVANCED_FACE('',(#2538),#2540,.T.);
#1112=ADVANCED_FACE('',(#2545),#2547,.T.);
#1113=ADVANCED_FACE('',(#2552),#2554,.T.);
#1114=ADVANCED_FACE('',(#2559),#2561,.T.);
#1115=ADVANCED_FACE('',(#2566),#2568,.T.);
#1116=ADVANCED_FACE('',(#2573),#2575,.T.);
#1117=ADVANCED_FACE('',(#2580),#2582,.T.);
#1118=ADVANCED_FACE('',(#2587),#2589,.F.);
#1119=ADVANCED_FACE('',(#2594),#2596,.F.);
#1120=ADVANCED_FACE('',(#2601),#2603,.F.);
#1121=ADVANCED_FACE('',(#2608),#2610,.F.);
#1122=ADVANCED_FACE('',(#2615),#2617,.T.);
#1123=ADVANCED_FACE('',(#2622,#2624),#2626,.T.);
#1124=COLOUR_RGB('',0.545098039215686,0.545098039215686,0.);
#1125=FILL_AREA_STYLE_COLOUR('',#1124);
#1126=FILL_AREA_STYLE($,(#1125));
#1127=SURFACE_STYLE_FILL_AREA(#1126);
#1128=SURFACE_SIDE_STYLE('',(#1127));
#1129=SURFACE_STYLE_USAGE(.BOTH.,#1128);
#1130=PRESENTATION_STYLE_ASSIGNMENT((#1129));
#1131=STYLED_ITEM('',(#1130),#1123);
#1132=ADVANCED_FACE('',(#2631,#2633),#2635,.T.);
#1133=ADVANCED_FACE('',(#2640),#2642,.T.);
#1134=ADVANCED_FACE('',(#2647),#2649,.F.);
#1135=ADVANCED_FACE('',(#2654),#2656,.F.);
#1136=ADVANCED_FACE('',(#2661),#2663,.F.);
#1137=ADVANCED_FACE('',(#2668),#2670,.F.);
#1138=ADVANCED_FACE('',(#2675,#2677),#2679,.F.);
#1139=COLOUR_RGB('',0.545098039215686,0.545098039215686,0.);
#1140=FILL_AREA_STYLE_COLOUR('',#1139);
#1141=FILL_AREA_STYLE($,(#1140));
#1142=SURFACE_STYLE_FILL_AREA(#1141);
#1143=SURFACE_SIDE_STYLE('',(#1142));
#1144=SURFACE_STYLE_USAGE(.BOTH.,#1143);
#1145=PRESENTATION_STYLE_ASSIGNMENT((#1144));
#1146=STYLED_ITEM('',(#1145),#1138);
#1147=ADVANCED_FACE('',(#2684),#2686,.T.);
#1148=ADVANCED_FACE('',(#2691),#2693,.F.);
#1149=ADVANCED_FACE('',(#2698),#2700,.T.);
#1150=ADVANCED_FACE('',(#2705),#2707,.T.);
#1151=ADVANCED_FACE('',(#2712),#2714,.F.);
#1152=ADVANCED_FACE('',(#2719),#2721,.T.);
#1153=ADVANCED_FACE('',(#2726),#2728,.F.);
#1154=ADVANCED_FACE('',(#2733),#2735,.T.);
#1155=ADVANCED_FACE('',(#2740),#2742,.T.);
#1156=ADVANCED_FACE('',(#2747),#2749,.F.);
#1157=ADVANCED_FACE('',(#2754,#2756,#2758,#2760),#2762,.F.);
#1158=ADVANCED_FACE('',(#2767,#2769),#2771,.T.);
#1159=ADVANCED_FACE('',(#2776),#2778,.T.);
#1160=ADVANCED_FACE('',(#2783),#2785,.T.);
#1161=ADVANCED_FACE('',(#2790),#2792,.F.);
#1162=ADVANCED_FACE('',(#2797),#2799,.F.);
#1163=ADVANCED_FACE('',(#2804,#2806,#2808,#2810,#2812,#2814),#2816,.F.);
#1164=ADVANCED_FACE('',(#2821,#2823,#2825,#2827,#2829,#2831),#2833,.T.);
#1165=ADVANCED_FACE('',(#2838),#2840,.F.);
#1166=ADVANCED_FACE('',(#2845),#2847,.F.);
#1167=ADVANCED_FACE('',(#2852),#2854,.F.);
#1168=ADVANCED_FACE('',(#2859),#2861,.F.);
#1169=ADVANCED_FACE('',(#2866),#2868,.F.);
#1170=ADVANCED_FACE('',(#2873),#2875,.F.);
#1171=ADVANCED_FACE('',(#2880),#2882,.F.);
#1172=ADVANCED_FACE('',(#2887),#2889,.F.);
#1173=ADVANCED_FACE('',(#2894),#2896,.F.);
#1174=ADVANCED_FACE('',(#2901),#2903,.F.);
#1175=ADVANCED_FACE('',(#2908),#2910,.F.);
#1176=ADVANCED_FACE('',(#2915),#2917,.F.);
#1177=ADVANCED_FACE('',(#2922),#2924,.F.);
#1178=ADVANCED_FACE('',(#2929),#2931,.F.);
#1179=ADVANCED_FACE('',(#2936),#2938,.F.);
#1180=ADVANCED_FACE('',(#2943),#2945,.F.);
#1181=ADVANCED_FACE('',(#2950),#2952,.F.);
#1182=ADVANCED_FACE('',(#2957),#2959,.F.);
#1183=ADVANCED_FACE('',(#2964),#2966,.F.);
#1184=ADVANCED_FACE('',(#2971),#2973,.F.);
#1185=ADVANCED_FACE('',(#2978),#2980,.F.);
#1186=ADVANCED_FACE('',(#2985),#2987,.F.);
#1187=ADVANCED_FACE('',(#2992),#2994,.F.);
#1188=ADVANCED_FACE('',(#2999),#3001,.F.);
#1189=ADVANCED_FACE('',(#3006),#3008,.F.);
#1190=ADVANCED_FACE('',(#3013),#3015,.F.);
#1191=ADVANCED_FACE('',(#3020),#3022,.F.);
#1192=ADVANCED_FACE('',(#3027),#3029,.F.);
#1193=ADVANCED_FACE('',(#3034,#3036,#3038,#3040,#3042,#3044),#3046,.F.);
#1194=COLOUR_RGB('',0.545098039215686,0.545098039215686,0.);
#1195=FILL_AREA_STYLE_COLOUR('',#1194);
#1196=FILL_AREA_STYLE($,(#1195));
#1197=SURFACE_STYLE_FILL_AREA(#1196);
#1198=SURFACE_SIDE_STYLE('',(#1197));
#1199=SURFACE_STYLE_USAGE(.BOTH.,#1198);
#1200=PRESENTATION_STYLE_ASSIGNMENT((#1199));
#1201=STYLED_ITEM('',(#1200),#1193);
#1202=ADVANCED_FACE('',(#3051,#3053,#3055,#3057,#3059,#3061),#3063,.T.);
#1203=COLOUR_RGB('',0.545098039215686,0.545098039215686,0.);
#1204=FILL_AREA_STYLE_COLOUR('',#1203);
#1205=FILL_AREA_STYLE($,(#1204));
#1206=SURFACE_STYLE_FILL_AREA(#1205);
#1207=SURFACE_SIDE_STYLE('',(#1206));
#1208=SURFACE_STYLE_USAGE(.BOTH.,#1207);
#1209=PRESENTATION_STYLE_ASSIGNMENT((#1208));
#1210=STYLED_ITEM('',(#1209),#1202);
#1211=ADVANCED_FACE('',(#3068),#3070,.T.);
#1212=ADVANCED_FACE('',(#3075),#3077,.T.);
#1213=ADVANCED_FACE('',(#3082),#3084,.T.);
#1214=ADVANCED_FACE('',(#3089),#3091,.T.);
#1215=ADVANCED_FACE('',(#3096,#3098),#3100,.T.);
#1216=ADVANCED_FACE('',(#3105),#3107,.T.);
#1217=ADVANCED_FACE('',(#3112,#3114),#3116,.F.);
#1218=ADVANCED_FACE('',(#3121),#3123,.F.);
#1219=ADVANCED_FACE('',(#3128,#3130),#3132,.F.);
#1220=COLOUR_RGB('',0.545098039215686,0.545098039215686,0.);
#1221=FILL_AREA_STYLE_COLOUR('',#1220);
#1222=FILL_AREA_STYLE($,(#1221));
#1223=SURFACE_STYLE_FILL_AREA(#1222);
#1224=SURFACE_SIDE_STYLE('',(#1223));
#1225=SURFACE_STYLE_USAGE(.BOTH.,#1224);
#1226=PRESENTATION_STYLE_ASSIGNMENT((#1225));
#1227=STYLED_ITEM('',(#1226),#1219);
#1228=ADVANCED_FACE('',(#3137,#3139,#3141,#3143),#3145,.T.);
#1229=COLOUR_RGB('',0.545098039215686,0.545098039215686,0.);
#1230=FILL_AREA_STYLE_COLOUR('',#1229);
#1231=FILL_AREA_STYLE($,(#1230));
#1232=SURFACE_STYLE_FILL_AREA(#1231);
#1233=SURFACE_SIDE_STYLE('',(#1232));
#1234=SURFACE_STYLE_USAGE(.BOTH.,#1233);
#1235=PRESENTATION_STYLE_ASSIGNMENT((#1234));
#1236=STYLED_ITEM('',(#1235),#1228);
#1237=ADVANCED_FACE('',(#3150),#3152,.F.);
#1238=COLOUR_RGB('',0.545098039215686,0.545098039215686,0.);
#1239=FILL_AREA_STYLE_COLOUR('',#1238);
#1240=FILL_AREA_STYLE($,(#1239));
#1241=SURFACE_STYLE_FILL_AREA(#1240);
#1242=SURFACE_SIDE_STYLE('',(#1241));
#1243=SURFACE_STYLE_USAGE(.BOTH.,#1242);
#1244=PRESENTATION_STYLE_ASSIGNMENT((#1243));
#1245=STYLED_ITEM('',(#1244),#1237);
#1246=ADVANCED_FACE('',(#3157),#3159,.F.);
#1247=COLOUR_RGB('',0.545098039215686,0.545098039215686,0.);
#1248=FILL_AREA_STYLE_COLOUR('',#1247);
#1249=FILL_AREA_STYLE($,(#1248));
#1250=SURFACE_STYLE_FILL_AREA(#1249);
#1251=SURFACE_SIDE_STYLE('',(#1250));
#1252=SURFACE_STYLE_USAGE(.BOTH.,#1251);
#1253=PRESENTATION_STYLE_ASSIGNMENT((#1252));
#1254=STYLED_ITEM('',(#1253),#1246);
#1255=ADVANCED_FACE('',(#3164),#3166,.F.);
#1256=COLOUR_RGB('',0.545098039215686,0.545098039215686,0.);
#1257=FILL_AREA_STYLE_COLOUR('',#1256);
#1258=FILL_AREA_STYLE($,(#1257));
#1259=SURFACE_STYLE_FILL_AREA(#1258);
#1260=SURFACE_SIDE_STYLE('',(#1259));
#1261=SURFACE_STYLE_USAGE(.BOTH.,#1260);
#1262=PRESENTATION_STYLE_ASSIGNMENT((#1261));
#1263=STYLED_ITEM('',(#1262),#1255);
#1264=ADVANCED_FACE('',(#3171),#3173,.F.);
#1265=COLOUR_RGB('',0.545098039215686,0.545098039215686,0.);
#1266=FILL_AREA_STYLE_COLOUR('',#1265);
#1267=FILL_AREA_STYLE($,(#1266));
#1268=SURFACE_STYLE_FILL_AREA(#1267);
#1269=SURFACE_SIDE_STYLE('',(#1268));
#1270=SURFACE_STYLE_USAGE(.BOTH.,#1269);
#1271=PRESENTATION_STYLE_ASSIGNMENT((#1270));
#1272=STYLED_ITEM('',(#1271),#1264);
#1273=ADVANCED_FACE('',(#3178),#3180,.F.);
#1274=COLOUR_RGB('',0.545098039215686,0.545098039215686,0.);
#1275=FILL_AREA_STYLE_COLOUR('',#1274);
#1276=FILL_AREA_STYLE($,(#1275));
#1277=SURFACE_STYLE_FILL_AREA(#1276);
#1278=SURFACE_SIDE_STYLE('',(#1277));
#1279=SURFACE_STYLE_USAGE(.BOTH.,#1278);
#1280=PRESENTATION_STYLE_ASSIGNMENT((#1279));
#1281=STYLED_ITEM('',(#1280),#1273);
#1282=ADVANCED_FACE('',(#3185),#3187,.F.);
#1283=COLOUR_RGB('',0.545098039215686,0.545098039215686,0.);
#1284=FILL_AREA_STYLE_COLOUR('',#1283);
#1285=FILL_AREA_STYLE($,(#1284));
#1286=SURFACE_STYLE_FILL_AREA(#1285);
#1287=SURFACE_SIDE_STYLE('',(#1286));
#1288=SURFACE_STYLE_USAGE(.BOTH.,#1287);
#1289=PRESENTATION_STYLE_ASSIGNMENT((#1288));
#1290=STYLED_ITEM('',(#1289),#1282);
#1291=ADVANCED_FACE('',(#3192),#3194,.F.);
#1292=ADVANCED_FACE('',(#3199),#3201,.T.);
#1293=ADVANCED_FACE('',(#3206),#3208,.T.);
#1294=ADVANCED_FACE('',(#3213),#3215,.T.);
#1295=ADVANCED_FACE('',(#3220,#3222),#3224,.T.);
#1296=ADVANCED_FACE('',(#3229,#3231),#3233,.T.);
#1297=COLOUR_RGB('',0.545098039215686,0.545098039215686,0.);
#1298=FILL_AREA_STYLE_COLOUR('',#1297);
#1299=FILL_AREA_STYLE($,(#1298));
#1300=SURFACE_STYLE_FILL_AREA(#1299);
#1301=SURFACE_SIDE_STYLE('',(#1300));
#1302=SURFACE_STYLE_USAGE(.BOTH.,#1301);
#1303=PRESENTATION_STYLE_ASSIGNMENT((#1302));
#1304=STYLED_ITEM('',(#1303),#1296);
#1305=ADVANCED_FACE('',(#3238,#3240),#3242,.F.);
#1306=ADVANCED_FACE('',(#3247),#3249,.T.);
#1307=ADVANCED_FACE('',(#3254,#3256),#3258,.T.);
#1308=ADVANCED_FACE('',(#3263),#3265,.T.);
#1309=ADVANCED_FACE('',(#3270),#3272,.T.);
#1310=ADVANCED_FACE('',(#3277),#3279,.T.);
#1311=ADVANCED_FACE('',(#3284),#3286,.F.);
#1312=ADVANCED_FACE('',(#3291),#3293,.F.);
#1313=ADVANCED_FACE('',(#3298),#3300,.F.);
#1314=ADVANCED_FACE('',(#3305),#3307,.F.);
#1315=ADVANCED_FACE('',(#3312,#3314),#3316,.F.);
#1316=COLOUR_RGB('',0.545098039215686,0.545098039215686,0.);
#1317=FILL_AREA_STYLE_COLOUR('',#1316);
#1318=FILL_AREA_STYLE($,(#1317));
#1319=SURFACE_STYLE_FILL_AREA(#1318);
#1320=SURFACE_SIDE_STYLE('',(#1319));
#1321=SURFACE_STYLE_USAGE(.BOTH.,#1320);
#1322=PRESENTATION_STYLE_ASSIGNMENT((#1321));
#1323=STYLED_ITEM('',(#1322),#1315);
#1324=ADVANCED_FACE('',(#3321),#3323,.T.);
#1325=ADVANCED_FACE('',(#3328),#3330,.T.);
#1326=ADVANCED_FACE('',(#3335),#3337,.T.);
#1327=ADVANCED_FACE('',(#3342),#3344,.T.);
#1328=ADVANCED_FACE('',(#3349),#3351,.T.);
#1329=ADVANCED_FACE('',(#3356),#3358,.T.);
#1330=ADVANCED_FACE('',(#3363),#3365,.T.);
#1331=ADVANCED_FACE('',(#3370),#3372,.T.);
#1332=ADVANCED_FACE('',(#3377),#3379,.T.);
#1333=ADVANCED_FACE('',(#3384),#3386,.T.);
#1334=ADVANCED_FACE('',(#3391),#3393,.F.);
#1335=ADVANCED_FACE('',(#3398),#3400,.F.);
#1336=ADVANCED_FACE('',(#3405),#3407,.F.);
#1337=ADVANCED_FACE('',(#3412),#3414,.F.);
#1338=ADVANCED_FACE('',(#3419),#3421,.F.);
#1339=COLOUR_RGB('',0.545098039215686,0.545098039215686,0.);
#1340=FILL_AREA_STYLE_COLOUR('',#1339);
#1341=FILL_AREA_STYLE($,(#1340));
#1342=SURFACE_STYLE_FILL_AREA(#1341);
#1343=SURFACE_SIDE_STYLE('',(#1342));
#1344=SURFACE_STYLE_USAGE(.BOTH.,#1343);
#1345=PRESENTATION_STYLE_ASSIGNMENT((#1344));
#1346=STYLED_ITEM('',(#1345),#1338);
#1347=ADVANCED_FACE('',(#3426),#3428,.F.);
#1348=COLOUR_RGB('',0.545098039215686,0.545098039215686,0.);
#1349=FILL_AREA_STYLE_COLOUR('',#1348);
#1350=FILL_AREA_STYLE($,(#1349));
#1351=SURFACE_STYLE_FILL_AREA(#1350);
#1352=SURFACE_SIDE_STYLE('',(#1351));
#1353=SURFACE_STYLE_USAGE(.BOTH.,#1352);
#1354=PRESENTATION_STYLE_ASSIGNMENT((#1353));
#1355=STYLED_ITEM('',(#1354),#1347);
#1356=ADVANCED_FACE('',(#3433),#3435,.T.);
#1357=ADVANCED_FACE('',(#3440,#3442),#3444,.T.);
#1358=ADVANCED_FACE('',(#3449,#3451),#3453,.T.);
#1359=COLOUR_RGB('',0.545098039215686,0.545098039215686,0.);
#1360=FILL_AREA_STYLE_COLOUR('',#1359);
#1361=FILL_AREA_STYLE($,(#1360));
#1362=SURFACE_STYLE_FILL_AREA(#1361);
#1363=SURFACE_SIDE_STYLE('',(#1362));
#1364=SURFACE_STYLE_USAGE(.BOTH.,#1363);
#1365=PRESENTATION_STYLE_ASSIGNMENT((#1364));
#1366=STYLED_ITEM('',(#1365),#1358);
#1367=ADVANCED_FACE('',(#3458),#3460,.T.);
#1368=ADVANCED_FACE('',(#3465),#3467,.F.);
#1369=ADVANCED_FACE('',(#3472),#3474,.F.);
#1370=ADVANCED_FACE('',(#3479),#3481,.F.);
#1371=ADVANCED_FACE('',(#3486),#3488,.F.);
#1372=ADVANCED_FACE('',(#3493,#3495),#3497,.F.);
#1373=COLOUR_RGB('',0.545098039215686,0.545098039215686,0.);
#1374=FILL_AREA_STYLE_COLOUR('',#1373);
#1375=FILL_AREA_STYLE($,(#1374));
#1376=SURFACE_STYLE_FILL_AREA(#1375);
#1377=SURFACE_SIDE_STYLE('',(#1376));
#1378=SURFACE_STYLE_USAGE(.BOTH.,#1377);
#1379=PRESENTATION_STYLE_ASSIGNMENT((#1378));
#1380=STYLED_ITEM('',(#1379),#1372);
#1381=ADVANCED_FACE('',(#3502),#3504,.T.);
#1382=ADVANCED_FACE('',(#3509),#3511,.F.);
#1383=ADVANCED_FACE('',(#3516),#3518,.T.);
#1384=ADVANCED_FACE('',(#3523),#3525,.T.);
#1385=ADVANCED_FACE('',(#3530),#3532,.F.);
#1386=ADVANCED_FACE('',(#3537),#3539,.T.);
#1387=ADVANCED_FACE('',(#3544),#3546,.F.);
#1388=ADVANCED_FACE('',(#3551),#3553,.T.);
#1389=ADVANCED_FACE('',(#3558),#3560,.T.);
#1390=ADVANCED_FACE('',(#3565),#3567,.F.);
#1391=ADVANCED_FACE('',(#3572,#3574,#3576,#3578),#3580,.F.);
#1392=ADVANCED_FACE('',(#3585,#3587),#3589,.T.);
#1393=ADVANCED_FACE('',(#3594),#3596,.T.);
#1394=COLOUR_RGB('',0.564705882352941,0.564705882352941,0.564705882352941);
#1395=FILL_AREA_STYLE_COLOUR('',#1394);
#1396=FILL_AREA_STYLE($,(#1395));
#1397=SURFACE_STYLE_FILL_AREA(#1396);
#1398=SURFACE_SIDE_STYLE('',(#1397));
#1399=SURFACE_STYLE_USAGE(.BOTH.,#1398);
#1400=PRESENTATION_STYLE_ASSIGNMENT((#1399));
#1401=STYLED_ITEM('',(#1400),#1393);
#1402=ADVANCED_FACE('',(#3601),#3603,.T.);
#1403=COLOUR_RGB('',0.564705882352941,0.564705882352941,0.564705882352941);
#1404=FILL_AREA_STYLE_COLOUR('',#1403);
#1405=FILL_AREA_STYLE($,(#1404));
#1406=SURFACE_STYLE_FILL_AREA(#1405);
#1407=SURFACE_SIDE_STYLE('',(#1406));
#1408=SURFACE_STYLE_USAGE(.BOTH.,#1407);
#1409=PRESENTATION_STYLE_ASSIGNMENT((#1408));
#1410=STYLED_ITEM('',(#1409),#1402);
#1411=ADVANCED_FACE('',(#3608),#3610,.F.);
#1412=COLOUR_RGB('',0.564705882352941,0.564705882352941,0.564705882352941);
#1413=FILL_AREA_STYLE_COLOUR('',#1412);
#1414=FILL_AREA_STYLE($,(#1413));
#1415=SURFACE_STYLE_FILL_AREA(#1414);
#1416=SURFACE_SIDE_STYLE('',(#1415));
#1417=SURFACE_STYLE_USAGE(.BOTH.,#1416);
#1418=PRESENTATION_STYLE_ASSIGNMENT((#1417));
#1419=STYLED_ITEM('',(#1418),#1411);
#1420=ADVANCED_FACE('',(#3615),#3617,.F.);
#1421=COLOUR_RGB('',0.564705882352941,0.564705882352941,0.564705882352941);
#1422=FILL_AREA_STYLE_COLOUR('',#1421);
#1423=FILL_AREA_STYLE($,(#1422));
#1424=SURFACE_STYLE_FILL_AREA(#1423);
#1425=SURFACE_SIDE_STYLE('',(#1424));
#1426=SURFACE_STYLE_USAGE(.BOTH.,#1425);
#1427=PRESENTATION_STYLE_ASSIGNMENT((#1426));
#1428=STYLED_ITEM('',(#1427),#1420);
#1429=ADVANCED_FACE('',(#3622,#3624,#3626,#3628,#3630,#3632),#3634,.F.);
#1430=COLOUR_RGB('',0.564705882352941,0.564705882352941,0.564705882352941);
#1431=FILL_AREA_STYLE_COLOUR('',#1430);
#1432=FILL_AREA_STYLE($,(#1431));
#1433=SURFACE_STYLE_FILL_AREA(#1432);
#1434=SURFACE_SIDE_STYLE('',(#1433));
#1435=SURFACE_STYLE_USAGE(.BOTH.,#1434);
#1436=PRESENTATION_STYLE_ASSIGNMENT((#1435));
#1437=STYLED_ITEM('',(#1436),#1429);
#1438=ADVANCED_FACE('',(#3639,#3641,#3643,#3645,#3647,#3649),#3651,.T.);
#1439=COLOUR_RGB('',0.564705882352941,0.564705882352941,0.564705882352941);
#1440=FILL_AREA_STYLE_COLOUR('',#1439);
#1441=FILL_AREA_STYLE($,(#1440));
#1442=SURFACE_STYLE_FILL_AREA(#1441);
#1443=SURFACE_SIDE_STYLE('',(#1442));
#1444=SURFACE_STYLE_USAGE(.BOTH.,#1443);
#1445=PRESENTATION_STYLE_ASSIGNMENT((#1444));
#1446=STYLED_ITEM('',(#1445),#1438);
#1447=ADVANCED_FACE('',(#3656),#3658,.F.);
#1448=COLOUR_RGB('',0.564705882352941,0.564705882352941,0.564705882352941);
#1449=FILL_AREA_STYLE_COLOUR('',#1448);
#1450=FILL_AREA_STYLE($,(#1449));
#1451=SURFACE_STYLE_FILL_AREA(#1450);
#1452=SURFACE_SIDE_STYLE('',(#1451));
#1453=SURFACE_STYLE_USAGE(.BOTH.,#1452);
#1454=PRESENTATION_STYLE_ASSIGNMENT((#1453));
#1455=STYLED_ITEM('',(#1454),#1447);
#1456=ADVANCED_FACE('',(#3663),#3665,.F.);
#1457=COLOUR_RGB('',0.564705882352941,0.564705882352941,0.564705882352941);
#1458=FILL_AREA_STYLE_COLOUR('',#1457);
#1459=FILL_AREA_STYLE($,(#1458));
#1460=SURFACE_STYLE_FILL_AREA(#1459);
#1461=SURFACE_SIDE_STYLE('',(#1460));
#1462=SURFACE_STYLE_USAGE(.BOTH.,#1461);
#1463=PRESENTATION_STYLE_ASSIGNMENT((#1462));
#1464=STYLED_ITEM('',(#1463),#1456);
#1465=ADVANCED_FACE('',(#3670),#3672,.F.);
#1466=COLOUR_RGB('',0.564705882352941,0.564705882352941,0.564705882352941);
#1467=FILL_AREA_STYLE_COLOUR('',#1466);
#1468=FILL_AREA_STYLE($,(#1467));
#1469=SURFACE_STYLE_FILL_AREA(#1468);
#1470=SURFACE_SIDE_STYLE('',(#1469));
#1471=SURFACE_STYLE_USAGE(.BOTH.,#1470);
#1472=PRESENTATION_STYLE_ASSIGNMENT((#1471));
#1473=STYLED_ITEM('',(#1472),#1465);
#1474=ADVANCED_FACE('',(#3677),#3679,.F.);
#1475=COLOUR_RGB('',0.564705882352941,0.564705882352941,0.564705882352941);
#1476=FILL_AREA_STYLE_COLOUR('',#1475);
#1477=FILL_AREA_STYLE($,(#1476));
#1478=SURFACE_STYLE_FILL_AREA(#1477);
#1479=SURFACE_SIDE_STYLE('',(#1478));
#1480=SURFACE_STYLE_USAGE(.BOTH.,#1479);
#1481=PRESENTATION_STYLE_ASSIGNMENT((#1480));
#1482=STYLED_ITEM('',(#1481),#1474);
#1483=ADVANCED_FACE('',(#3684),#3686,.F.);
#1484=COLOUR_RGB('',0.564705882352941,0.564705882352941,0.564705882352941);
#1485=FILL_AREA_STYLE_COLOUR('',#1484);
#1486=FILL_AREA_STYLE($,(#1485));
#1487=SURFACE_STYLE_FILL_AREA(#1486);
#1488=SURFACE_SIDE_STYLE('',(#1487));
#1489=SURFACE_STYLE_USAGE(.BOTH.,#1488);
#1490=PRESENTATION_STYLE_ASSIGNMENT((#1489));
#1491=STYLED_ITEM('',(#1490),#1483);
#1492=ADVANCED_FACE('',(#3691),#3693,.F.);
#1493=COLOUR_RGB('',0.564705882352941,0.564705882352941,0.564705882352941);
#1494=FILL_AREA_STYLE_COLOUR('',#1493);
#1495=FILL_AREA_STYLE($,(#1494));
#1496=SURFACE_STYLE_FILL_AREA(#1495);
#1497=SURFACE_SIDE_STYLE('',(#1496));
#1498=SURFACE_STYLE_USAGE(.BOTH.,#1497);
#1499=PRESENTATION_STYLE_ASSIGNMENT((#1498));
#1500=STYLED_ITEM('',(#1499),#1492);
#1501=ADVANCED_FACE('',(#3698),#3700,.F.);
#1502=COLOUR_RGB('',0.564705882352941,0.564705882352941,0.564705882352941);
#1503=FILL_AREA_STYLE_COLOUR('',#1502);
#1504=FILL_AREA_STYLE($,(#1503));
#1505=SURFACE_STYLE_FILL_AREA(#1504);
#1506=SURFACE_SIDE_STYLE('',(#1505));
#1507=SURFACE_STYLE_USAGE(.BOTH.,#1506);
#1508=PRESENTATION_STYLE_ASSIGNMENT((#1507));
#1509=STYLED_ITEM('',(#1508),#1501);
#1510=ADVANCED_FACE('',(#3705),#3707,.F.);
#1511=COLOUR_RGB('',0.564705882352941,0.564705882352941,0.564705882352941);
#1512=FILL_AREA_STYLE_COLOUR('',#1511);
#1513=FILL_AREA_STYLE($,(#1512));
#1514=SURFACE_STYLE_FILL_AREA(#1513);
#1515=SURFACE_SIDE_STYLE('',(#1514));
#1516=SURFACE_STYLE_USAGE(.BOTH.,#1515);
#1517=PRESENTATION_STYLE_ASSIGNMENT((#1516));
#1518=STYLED_ITEM('',(#1517),#1510);
#1519=ADVANCED_FACE('',(#3712),#3714,.F.);
#1520=COLOUR_RGB('',0.564705882352941,0.564705882352941,0.564705882352941);
#1521=FILL_AREA_STYLE_COLOUR('',#1520);
#1522=FILL_AREA_STYLE($,(#1521));
#1523=SURFACE_STYLE_FILL_AREA(#1522);
#1524=SURFACE_SIDE_STYLE('',(#1523));
#1525=SURFACE_STYLE_USAGE(.BOTH.,#1524);
#1526=PRESENTATION_STYLE_ASSIGNMENT((#1525));
#1527=STYLED_ITEM('',(#1526),#1519);
#1528=ADVANCED_FACE('',(#3719),#3721,.F.);
#1529=COLOUR_RGB('',0.564705882352941,0.564705882352941,0.564705882352941);
#1530=FILL_AREA_STYLE_COLOUR('',#1529);
#1531=FILL_AREA_STYLE($,(#1530));
#1532=SURFACE_STYLE_FILL_AREA(#1531);
#1533=SURFACE_SIDE_STYLE('',(#1532));
#1534=SURFACE_STYLE_USAGE(.BOTH.,#1533);
#1535=PRESENTATION_STYLE_ASSIGNMENT((#1534));
#1536=STYLED_ITEM('',(#1535),#1528);
#1537=ADVANCED_FACE('',(#3726),#3728,.F.);
#1538=COLOUR_RGB('',0.564705882352941,0.564705882352941,0.564705882352941);
#1539=FILL_AREA_STYLE_COLOUR('',#1538);
#1540=FILL_AREA_STYLE($,(#1539));
#1541=SURFACE_STYLE_FILL_AREA(#1540);
#1542=SURFACE_SIDE_STYLE('',(#1541));
#1543=SURFACE_STYLE_USAGE(.BOTH.,#1542);
#1544=PRESENTATION_STYLE_ASSIGNMENT((#1543));
#1545=STYLED_ITEM('',(#1544),#1537);
#1546=ADVANCED_FACE('',(#3733),#3735,.F.);
#1547=COLOUR_RGB('',0.564705882352941,0.564705882352941,0.564705882352941);
#1548=FILL_AREA_STYLE_COLOUR('',#1547);
#1549=FILL_AREA_STYLE($,(#1548));
#1550=SURFACE_STYLE_FILL_AREA(#1549);
#1551=SURFACE_SIDE_STYLE('',(#1550));
#1552=SURFACE_STYLE_USAGE(.BOTH.,#1551);
#1553=PRESENTATION_STYLE_ASSIGNMENT((#1552));
#1554=STYLED_ITEM('',(#1553),#1546);
#1555=ADVANCED_FACE('',(#3740),#3742,.F.);
#1556=COLOUR_RGB('',0.564705882352941,0.564705882352941,0.564705882352941);
#1557=FILL_AREA_STYLE_COLOUR('',#1556);
#1558=FILL_AREA_STYLE($,(#1557));
#1559=SURFACE_STYLE_FILL_AREA(#1558);
#1560=SURFACE_SIDE_STYLE('',(#1559));
#1561=SURFACE_STYLE_USAGE(.BOTH.,#1560);
#1562=PRESENTATION_STYLE_ASSIGNMENT((#1561));
#1563=STYLED_ITEM('',(#1562),#1555);
#1564=ADVANCED_FACE('',(#3747),#3749,.F.);
#1565=COLOUR_RGB('',0.564705882352941,0.564705882352941,0.564705882352941);
#1566=FILL_AREA_STYLE_COLOUR('',#1565);
#1567=FILL_AREA_STYLE($,(#1566));
#1568=SURFACE_STYLE_FILL_AREA(#1567);
#1569=SURFACE_SIDE_STYLE('',(#1568));
#1570=SURFACE_STYLE_USAGE(.BOTH.,#1569);
#1571=PRESENTATION_STYLE_ASSIGNMENT((#1570));
#1572=STYLED_ITEM('',(#1571),#1564);
#1573=ADVANCED_FACE('',(#3754),#3756,.F.);
#1574=COLOUR_RGB('',0.564705882352941,0.564705882352941,0.564705882352941);
#1575=FILL_AREA_STYLE_COLOUR('',#1574);
#1576=FILL_AREA_STYLE($,(#1575));
#1577=SURFACE_STYLE_FILL_AREA(#1576);
#1578=SURFACE_SIDE_STYLE('',(#1577));
#1579=SURFACE_STYLE_USAGE(.BOTH.,#1578);
#1580=PRESENTATION_STYLE_ASSIGNMENT((#1579));
#1581=STYLED_ITEM('',(#1580),#1573);
#1582=ADVANCED_FACE('',(#3761),#3763,.F.);
#1583=COLOUR_RGB('',0.564705882352941,0.564705882352941,0.564705882352941);
#1584=FILL_AREA_STYLE_COLOUR('',#1583);
#1585=FILL_AREA_STYLE($,(#1584));
#1586=SURFACE_STYLE_FILL_AREA(#1585);
#1587=SURFACE_SIDE_STYLE('',(#1586));
#1588=SURFACE_STYLE_USAGE(.BOTH.,#1587);
#1589=PRESENTATION_STYLE_ASSIGNMENT((#1588));
#1590=STYLED_ITEM('',(#1589),#1582);
#1591=ADVANCED_FACE('',(#3768),#3770,.F.);
#1592=COLOUR_RGB('',0.564705882352941,0.564705882352941,0.564705882352941);
#1593=FILL_AREA_STYLE_COLOUR('',#1592);
#1594=FILL_AREA_STYLE($,(#1593));
#1595=SURFACE_STYLE_FILL_AREA(#1594);
#1596=SURFACE_SIDE_STYLE('',(#1595));
#1597=SURFACE_STYLE_USAGE(.BOTH.,#1596);
#1598=PRESENTATION_STYLE_ASSIGNMENT((#1597));
#1599=STYLED_ITEM('',(#1598),#1591);
#1600=ADVANCED_FACE('',(#3775),#3777,.F.);
#1601=COLOUR_RGB('',0.564705882352941,0.564705882352941,0.564705882352941);
#1602=FILL_AREA_STYLE_COLOUR('',#1601);
#1603=FILL_AREA_STYLE($,(#1602));
#1604=SURFACE_STYLE_FILL_AREA(#1603);
#1605=SURFACE_SIDE_STYLE('',(#1604));
#1606=SURFACE_STYLE_USAGE(.BOTH.,#1605);
#1607=PRESENTATION_STYLE_ASSIGNMENT((#1606));
#1608=STYLED_ITEM('',(#1607),#1600);
#1609=ADVANCED_FACE('',(#3782),#3784,.F.);
#1610=COLOUR_RGB('',0.564705882352941,0.564705882352941,0.564705882352941);
#1611=FILL_AREA_STYLE_COLOUR('',#1610);
#1612=FILL_AREA_STYLE($,(#1611));
#1613=SURFACE_STYLE_FILL_AREA(#1612);
#1614=SURFACE_SIDE_STYLE('',(#1613));
#1615=SURFACE_STYLE_USAGE(.BOTH.,#1614);
#1616=PRESENTATION_STYLE_ASSIGNMENT((#1615));
#1617=STYLED_ITEM('',(#1616),#1609);
#1618=ADVANCED_FACE('',(#3789),#3791,.F.);
#1619=COLOUR_RGB('',0.564705882352941,0.564705882352941,0.564705882352941);
#1620=FILL_AREA_STYLE_COLOUR('',#1619);
#1621=FILL_AREA_STYLE($,(#1620));
#1622=SURFACE_STYLE_FILL_AREA(#1621);
#1623=SURFACE_SIDE_STYLE('',(#1622));
#1624=SURFACE_STYLE_USAGE(.BOTH.,#1623);
#1625=PRESENTATION_STYLE_ASSIGNMENT((#1624));
#1626=STYLED_ITEM('',(#1625),#1618);
#1627=ADVANCED_FACE('',(#3796),#3798,.F.);
#1628=COLOUR_RGB('',0.564705882352941,0.564705882352941,0.564705882352941);
#1629=FILL_AREA_STYLE_COLOUR('',#1628);
#1630=FILL_AREA_STYLE($,(#1629));
#1631=SURFACE_STYLE_FILL_AREA(#1630);
#1632=SURFACE_SIDE_STYLE('',(#1631));
#1633=SURFACE_STYLE_USAGE(.BOTH.,#1632);
#1634=PRESENTATION_STYLE_ASSIGNMENT((#1633));
#1635=STYLED_ITEM('',(#1634),#1627);
#1636=ADVANCED_FACE('',(#3803),#3805,.F.);
#1637=COLOUR_RGB('',0.564705882352941,0.564705882352941,0.564705882352941);
#1638=FILL_AREA_STYLE_COLOUR('',#1637);
#1639=FILL_AREA_STYLE($,(#1638));
#1640=SURFACE_STYLE_FILL_AREA(#1639);
#1641=SURFACE_SIDE_STYLE('',(#1640));
#1642=SURFACE_STYLE_USAGE(.BOTH.,#1641);
#1643=PRESENTATION_STYLE_ASSIGNMENT((#1642));
#1644=STYLED_ITEM('',(#1643),#1636);
#1645=ADVANCED_FACE('',(#3810),#3812,.F.);
#1646=COLOUR_RGB('',0.564705882352941,0.564705882352941,0.564705882352941);
#1647=FILL_AREA_STYLE_COLOUR('',#1646);
#1648=FILL_AREA_STYLE($,(#1647));
#1649=SURFACE_STYLE_FILL_AREA(#1648);
#1650=SURFACE_SIDE_STYLE('',(#1649));
#1651=SURFACE_STYLE_USAGE(.BOTH.,#1650);
#1652=PRESENTATION_STYLE_ASSIGNMENT((#1651));
#1653=STYLED_ITEM('',(#1652),#1645);
#1654=ADVANCED_FACE('',(#3817),#3819,.F.);
#1655=COLOUR_RGB('',0.564705882352941,0.564705882352941,0.564705882352941);
#1656=FILL_AREA_STYLE_COLOUR('',#1655);
#1657=FILL_AREA_STYLE($,(#1656));
#1658=SURFACE_STYLE_FILL_AREA(#1657);
#1659=SURFACE_SIDE_STYLE('',(#1658));
#1660=SURFACE_STYLE_USAGE(.BOTH.,#1659);
#1661=PRESENTATION_STYLE_ASSIGNMENT((#1660));
#1662=STYLED_ITEM('',(#1661),#1654);
#1663=ADVANCED_FACE('',(#3824),#3826,.F.);
#1664=COLOUR_RGB('',0.564705882352941,0.564705882352941,0.564705882352941);
#1665=FILL_AREA_STYLE_COLOUR('',#1664);
#1666=FILL_AREA_STYLE($,(#1665));
#1667=SURFACE_STYLE_FILL_AREA(#1666);
#1668=SURFACE_SIDE_STYLE('',(#1667));
#1669=SURFACE_STYLE_USAGE(.BOTH.,#1668);
#1670=PRESENTATION_STYLE_ASSIGNMENT((#1669));
#1671=STYLED_ITEM('',(#1670),#1663);
#1672=ADVANCED_FACE('',(#3831),#3833,.F.);
#1673=COLOUR_RGB('',0.564705882352941,0.564705882352941,0.564705882352941);
#1674=FILL_AREA_STYLE_COLOUR('',#1673);
#1675=FILL_AREA_STYLE($,(#1674));
#1676=SURFACE_STYLE_FILL_AREA(#1675);
#1677=SURFACE_SIDE_STYLE('',(#1676));
#1678=SURFACE_STYLE_USAGE(.BOTH.,#1677);
#1679=PRESENTATION_STYLE_ASSIGNMENT((#1678));
#1680=STYLED_ITEM('',(#1679),#1672);
#1681=ADVANCED_FACE('',(#3838),#3840,.F.);
#1682=COLOUR_RGB('',0.564705882352941,0.564705882352941,0.564705882352941);
#1683=FILL_AREA_STYLE_COLOUR('',#1682);
#1684=FILL_AREA_STYLE($,(#1683));
#1685=SURFACE_STYLE_FILL_AREA(#1684);
#1686=SURFACE_SIDE_STYLE('',(#1685));
#1687=SURFACE_STYLE_USAGE(.BOTH.,#1686);
#1688=PRESENTATION_STYLE_ASSIGNMENT((#1687));
#1689=STYLED_ITEM('',(#1688),#1681);
#1690=ADVANCED_FACE('',(#3845),#3847,.F.);
#1691=COLOUR_RGB('',0.564705882352941,0.564705882352941,0.564705882352941);
#1692=FILL_AREA_STYLE_COLOUR('',#1691);
#1693=FILL_AREA_STYLE($,(#1692));
#1694=SURFACE_STYLE_FILL_AREA(#1693);
#1695=SURFACE_SIDE_STYLE('',(#1694));
#1696=SURFACE_STYLE_USAGE(.BOTH.,#1695);
#1697=PRESENTATION_STYLE_ASSIGNMENT((#1696));
#1698=STYLED_ITEM('',(#1697),#1690);
#1699=ADVANCED_FACE('',(#3852,#3854),#3856,.T.);
#1700=COLOUR_RGB('',0.564705882352941,0.564705882352941,0.564705882352941);
#1701=FILL_AREA_STYLE_COLOUR('',#1700);
#1702=FILL_AREA_STYLE($,(#1701));
#1703=SURFACE_STYLE_FILL_AREA(#1702);
#1704=SURFACE_SIDE_STYLE('',(#1703));
#1705=SURFACE_STYLE_USAGE(.BOTH.,#1704);
#1706=PRESENTATION_STYLE_ASSIGNMENT((#1705));
#1707=STYLED_ITEM('',(#1706),#1699);
#1708=ADVANCED_FACE('',(#3861),#3863,.T.);
#1709=COLOUR_RGB('',0.564705882352941,0.564705882352941,0.564705882352941);
#1710=FILL_AREA_STYLE_COLOUR('',#1709);
#1711=FILL_AREA_STYLE($,(#1710));
#1712=SURFACE_STYLE_FILL_AREA(#1711);
#1713=SURFACE_SIDE_STYLE('',(#1712));
#1714=SURFACE_STYLE_USAGE(.BOTH.,#1713);
#1715=PRESENTATION_STYLE_ASSIGNMENT((#1714));
#1716=STYLED_ITEM('',(#1715),#1708);
#1717=ADVANCED_FACE('',(#3868),#3870,.F.);
#1718=COLOUR_RGB('',0.564705882352941,0.564705882352941,0.564705882352941);
#1719=FILL_AREA_STYLE_COLOUR('',#1718);
#1720=FILL_AREA_STYLE($,(#1719));
#1721=SURFACE_STYLE_FILL_AREA(#1720);
#1722=SURFACE_SIDE_STYLE('',(#1721));
#1723=SURFACE_STYLE_USAGE(.BOTH.,#1722);
#1724=PRESENTATION_STYLE_ASSIGNMENT((#1723));
#1725=STYLED_ITEM('',(#1724),#1717);
#1726=FACE_BOUND('',#1727,.T.);
#1727=EDGE_LOOP('',(#3875));
#1728=FACE_BOUND('',#1729,.T.);
#1729=EDGE_LOOP('',(#3876));
#1730=PLANE('',#1731);
#1731=AXIS2_PLACEMENT_3D('',#1732,#1733,#1734);
#1732=CARTESIAN_POINT('',(15.,0.00791534533175027,0.));
#1733=DIRECTION('',(1.,2.85843879430401E-16,0.));
#1734=DIRECTION('',(-2.85843879430401E-16,1.,0.));
#1735=FACE_OUTER_BOUND('',#1736,.T.);
#1736=EDGE_LOOP('',(#3877));
#1737=FACE_OUTER_BOUND('',#1738,.T.);
#1738=EDGE_LOOP('',(#3878));
#1739=CYLINDRICAL_SURFACE('',#1740,10.);
#1740=AXIS2_PLACEMENT_3D('',#1741,#1742,#1743);
#1741=CARTESIAN_POINT('',(18.0000000000001,5.14497298931273E-15,0.));
#1742=DIRECTION('',(-1.,-2.85843879430401E-16,0.));
#1743=DIRECTION('',(0.,0.,-1.));
#1744=FACE_OUTER_BOUND('',#1745,.T.);
#1745=EDGE_LOOP('',(#3879));
#1746=FACE_OUTER_BOUND('',#1747,.T.);
#1747=EDGE_LOOP('',(#3880));
#1748=CYLINDRICAL_SURFACE('',#1749,13.);
#1749=AXIS2_PLACEMENT_3D('',#1750,#1751,#1752);
#1750=CARTESIAN_POINT('',(5.,1.42979763831066E-15,0.));
#1751=DIRECTION('',(1.,2.85843879430401E-16,0.));
#1752=DIRECTION('',(3.50057792000303E-32,-1.22464679914735E-16,-1.));
#1753=FACE_BOUND('',#1754,.T.);
#1754=EDGE_LOOP('',(#3881));
#1755=FACE_BOUND('',#1756,.T.);
#1756=EDGE_LOOP('',(#3882));
#1757=PLANE('',#1758);
#1758=AXIS2_PLACEMENT_3D('',#1759,#1760,#1761);
#1759=CARTESIAN_POINT('',(5.,1.42979763831066E-15,0.));
#1760=DIRECTION('',(1.,2.85843879430401E-16,0.));
#1761=DIRECTION('',(3.50057792000303E-32,-1.22464679914735E-16,-1.));
#1762=FACE_OUTER_BOUND('',#1763,.T.);
#1763=EDGE_LOOP('',(#3883));
#1764=FACE_OUTER_BOUND('',#1765,.T.);
#1765=EDGE_LOOP('',(#3884));
#1766=CONICAL_SURFACE('',#1767,15.5000000000001,0.78539816339745);
#1767=AXIS2_PLACEMENT_3D('',#1768,#1769,#1770);
#1768=CARTESIAN_POINT('',(14.5,0.00791534533175013,0.));
#1769=DIRECTION('',(-1.,-2.85843879430401E-16,0.));
#1770=DIRECTION('',(2.85843879430401E-16,-1.,0.));
#1771=FACE_BOUND('',#1772,.T.);
#1772=EDGE_LOOP('',(#3885));
#1773=FACE_BOUND('',#1774,.T.);
#1774=EDGE_LOOP('',(#3886));
#1775=PLANE('',#1776);
#1776=AXIS2_PLACEMENT_3D('',#1777,#1778,#1779);
#1777=CARTESIAN_POINT('',(-5.,-1.42979763831066E-15,0.));
#1778=DIRECTION('',(-1.,-2.85843879430401E-16,0.));
#1779=DIRECTION('',(3.50057792000303E-32,-1.22464679914735E-16,1.));
#1780=FACE_BOUND('',#1781,.T.);
#1781=EDGE_LOOP('',(#3887));
#1782=FACE_BOUND('',#1783,.T.);
#1783=EDGE_LOOP('',(#3888));
#1784=PLANE('',#1785);
#1785=AXIS2_PLACEMENT_3D('',#1786,#1787,#1788);
#1786=CARTESIAN_POINT('',(18.,5.14576807090587E-15,0.));
#1787=DIRECTION('',(1.,2.85843879430401E-16,0.));
#1788=DIRECTION('',(3.50057792000303E-32,-1.22464679914735E-16,-1.));
#1789=FACE_OUTER_BOUND('',#1790,.T.);
#1790=EDGE_LOOP('',(#3889));
#1791=FACE_OUTER_BOUND('',#1792,.T.);
#1792=EDGE_LOOP('',(#3890));
#1793=CYLINDRICAL_SURFACE('',#1794,6.);
#1794=AXIS2_PLACEMENT_3D('',#1795,#1796,#1797);
#1795=CARTESIAN_POINT('',(5.,1.42979763831066E-15,0.));
#1796=DIRECTION('',(1.,2.85843879430401E-16,0.));
#1797=DIRECTION('',(3.50057792000303E-32,-1.22464679914735E-16,-1.));
#1798=FACE_OUTER_BOUND('',#1799,.T.);
#1799=EDGE_LOOP('',(#3891));
#1800=FACE_BOUND('',#1801,.T.);
#1801=EDGE_LOOP('',(#3892,#3893));
#1802=CYLINDRICAL_SURFACE('',#1803,16.);
#1803=AXIS2_PLACEMENT_3D('',#1804,#1805,#1806);
#1804=CARTESIAN_POINT('',(3.5,0.00791534533174698,0.));
#1805=DIRECTION('',(1.,2.85843879430401E-16,0.));
#1806=DIRECTION('',(-2.85843879430401E-16,1.,0.));
#1807=FACE_OUTER_BOUND('',#1808,.T.);
#1808=EDGE_LOOP('',(#3894));
#1809=FACE_OUTER_BOUND('',#1810,.T.);
#1810=EDGE_LOOP('',(#3895));
#1811=CYLINDRICAL_SURFACE('',#1812,6.);
#1812=AXIS2_PLACEMENT_3D('',#1813,#1814,#1815);
#1813=CARTESIAN_POINT('',(-5.,-1.42979763831066E-15,0.));
#1814=DIRECTION('',(-1.,-2.85843879430401E-16,0.));
#1815=DIRECTION('',(3.50057792000303E-32,-1.22464679914735E-16,1.));
#1816=FACE_BOUND('',#1817,.T.);
#1817=EDGE_LOOP('',(#3896,#3897));
#1818=FACE_BOUND('',#1819,.T.);
#1819=EDGE_LOOP('',(#3898,#3899));
#1820=TOROIDAL_SURFACE('',#1821,17.0000000000001,1.);
#1821=AXIS2_PLACEMENT_3D('',#1822,#1823,#1824);
#1822=CARTESIAN_POINT('',(3.5,0.00791534533174698,0.));
#1823=DIRECTION('',(1.,2.85843879430401E-16,0.));
#1824=DIRECTION('',(-2.85843879430401E-16,1.,0.));
#1825=FACE_BOUND('',#1826,.T.);
#1826=EDGE_LOOP('',(#3900));
#1827=FACE_BOUND('',#1828,.T.);
#1828=EDGE_LOOP('',(#3901));
#1829=PLANE('',#1830);
#1830=AXIS2_PLACEMENT_3D('',#1831,#1832,#1833);
#1831=CARTESIAN_POINT('',(-18.,-5.14576807090587E-15,0.));
#1832=DIRECTION('',(-1.,-2.85843879430401E-16,0.));
#1833=DIRECTION('',(3.50057792000303E-32,-1.22464679914735E-16,1.));
#1834=FACE_BOUND('',#1835,.T.);
#1835=EDGE_LOOP('',(#3902,#3903));
#1836=FACE_BOUND('',#1837,.T.);
#1837=EDGE_LOOP('',(#3904,#3905));
#1838=PLANE('',#1839);
#1839=AXIS2_PLACEMENT_3D('',#1840,#1841,#1842);
#1840=CARTESIAN_POINT('',(2.50000000000006,0.0079153453317467,0.));
#1841=DIRECTION('',(1.,2.85843879430401E-16,0.));
#1842=DIRECTION('',(-2.85843879430401E-16,1.,0.));
#1843=FACE_OUTER_BOUND('',#1844,.T.);
#1844=EDGE_LOOP('',(#3906));
#1845=FACE_OUTER_BOUND('',#1846,.T.);
#1846=EDGE_LOOP('',(#3907));
#1847=CYLINDRICAL_SURFACE('',#1848,13.);
#1848=AXIS2_PLACEMENT_3D('',#1849,#1850,#1851);
#1849=CARTESIAN_POINT('',(-5.,-1.42979763831066E-15,0.));
#1850=DIRECTION('',(-1.,-2.85843879430401E-16,0.));
#1851=DIRECTION('',(3.50057792000303E-32,-1.22464679914735E-16,1.));
#1852=FACE_BOUND('',#1853,.T.);
#1853=EDGE_LOOP('',(#3908,#3909));
#1854=FACE_BOUND('',#1855,.T.);
#1855=EDGE_LOOP('',(#3910,#3911));
#1856=TOROIDAL_SURFACE('',#1857,26.6284210967505,1.);
#1857=AXIS2_PLACEMENT_3D('',#1858,#1859,#1860);
#1858=CARTESIAN_POINT('',(3.50000000000001,0.00791534533174698,0.));
#1859=DIRECTION('',(1.,2.85843879430401E-16,0.));
#1860=DIRECTION('',(-2.85843879430401E-16,1.,0.));
#1861=FACE_BOUND('',#1862,.T.);
#1862=EDGE_LOOP('',(#3912));
#1863=FACE_BOUND('',#1864,.T.);
#1864=EDGE_LOOP('',(#3913));
#1865=PLANE('',#1866);
#1866=AXIS2_PLACEMENT_3D('',#1867,#1868,#1869);
#1867=CARTESIAN_POINT('',(-15.,0.00791534533174169,0.));
#1868=DIRECTION('',(-1.,-2.85843879430401E-16,0.));
#1869=DIRECTION('',(-2.85843879430401E-16,1.,0.));
#1870=FACE_OUTER_BOUND('',#1871,.T.);
#1871=EDGE_LOOP('',(#3914));
#1872=FACE_BOUND('',#1873,.T.);
#1873=EDGE_LOOP('',(#3915,#3916));
#1874=CONICAL_SURFACE('',#1875,31.2472232502675,0.463943751773521);
#1875=AXIS2_PLACEMENT_3D('',#1876,#1877,#1878);
#1876=CARTESIAN_POINT('',(10.5,0.00791534533174898,0.));
#1877=DIRECTION('',(1.,2.85843879430401E-16,0.));
#1878=DIRECTION('',(-2.85843879430401E-16,1.,0.));
#1879=FACE_OUTER_BOUND('',#1880,.T.);
#1880=EDGE_LOOP('',(#3917));
#1881=FACE_OUTER_BOUND('',#1882,.T.);
#1882=EDGE_LOOP('',(#3918));
#1883=CONICAL_SURFACE('',#1884,15.5,0.785398163397447);
#1884=AXIS2_PLACEMENT_3D('',#1885,#1886,#1887);
#1885=CARTESIAN_POINT('',(-14.5,0.00791534533174184,0.));
#1886=DIRECTION('',(1.,2.85843879430401E-16,0.));
#1887=DIRECTION('',(-2.85843879430401E-16,1.,0.));
#1888=FACE_BOUND('',#1889,.T.);
#1889=EDGE_LOOP('',(#3919));
#1890=FACE_BOUND('',#1891,.T.);
#1891=EDGE_LOOP('',(#3920));
#1892=FACE_BOUND('',#1893,.T.);
#1893=EDGE_LOOP('',(#3921));
#1894=FACE_BOUND('',#1895,.T.);
#1895=EDGE_LOOP('',(#3922));
#1896=FACE_BOUND('',#1897,.T.);
#1897=EDGE_LOOP('',(#3923));
#1898=FACE_BOUND('',#1899,.T.);
#1899=EDGE_LOOP('',(#3924));
#1900=FACE_BOUND('',#1901,.T.);
#1901=EDGE_LOOP('',(#3925));
#1902=FACE_BOUND('',#1903,.T.);
#1903=EDGE_LOOP('',(#3926));
#1904=PLANE('',#1905);
#1905=AXIS2_PLACEMENT_3D('',#1906,#1907,#1908);
#1906=CARTESIAN_POINT('',(18.,0.00791534533175113,0.));
#1907=DIRECTION('',(1.,2.85843879430401E-16,0.));
#1908=DIRECTION('',(-2.85843879430401E-16,1.,0.));
#1909=FACE_BOUND('',#1910,.T.);
#1910=EDGE_LOOP('',(#3927,#3928));
#1911=FACE_OUTER_BOUND('',#1912,.T.);
#1912=EDGE_LOOP('',(#3929));
#1913=CYLINDRICAL_SURFACE('',#1914,16.);
#1914=AXIS2_PLACEMENT_3D('',#1915,#1916,#1917);
#1915=CARTESIAN_POINT('',(-14.,0.00791534533174198,0.));
#1916=DIRECTION('',(1.,2.85843879430401E-16,0.));
#1917=DIRECTION('',(-2.85843879430401E-16,1.,0.));
#1918=FACE_OUTER_BOUND('',#1919,.T.);
#1919=EDGE_LOOP('',(#3930));
#1920=FACE_OUTER_BOUND('',#1921,.T.);
#1921=EDGE_LOOP('',(#3931));
#1922=CYLINDRICAL_SURFACE('',#1923,90.0000000000001);
#1923=AXIS2_PLACEMENT_3D('',#1924,#1925,#1926);
#1924=CARTESIAN_POINT('',(14.,0.00791534533174998,0.));
#1925=DIRECTION('',(1.,2.85843879430401E-16,0.));
#1926=DIRECTION('',(-2.85843879430401E-16,1.,0.));
#1927=FACE_OUTER_BOUND('',#1928,.T.);
#1928=EDGE_LOOP('',(#3932));
#1929=FACE_OUTER_BOUND('',#1930,.T.);
#1930=EDGE_LOOP('',(#3933));
#1931=CYLINDRICAL_SURFACE('',#1932,4.);
#1932=AXIS2_PLACEMENT_3D('',#1933,#1934,#1935);
#1933=CARTESIAN_POINT('',(24.,38.7645364721845,67.1131456484465));
#1934=DIRECTION('',(-1.,-2.85843879430401E-16,0.));
#1935=DIRECTION('',(0.,0.,-1.));
#1936=FACE_OUTER_BOUND('',#1937,.T.);
#1937=EDGE_LOOP('',(#3934));
#1938=FACE_OUTER_BOUND('',#1939,.T.);
#1939=EDGE_LOOP('',(#3935));
#1940=CYLINDRICAL_SURFACE('',#1941,4.);
#1941=AXIS2_PLACEMENT_3D('',#1942,#1943,#1944);
#1942=CARTESIAN_POINT('',(24.,74.8671668827345,-20.0584759954453));
#1943=DIRECTION('',(-1.,-2.85843879430401E-16,0.));
#1944=DIRECTION('',(7.39818399225762E-17,-0.25881904510252,-0.965925826289068));
#1945=FACE_OUTER_BOUND('',#1946,.T.);
#1946=EDGE_LOOP('',(#3936));
#1947=FACE_OUTER_BOUND('',#1948,.T.);
#1948=EDGE_LOOP('',(#3937));
#1949=CYLINDRICAL_SURFACE('',#1950,4.);
#1950=AXIS2_PLACEMENT_3D('',#1951,#1952,#1953);
#1951=CARTESIAN_POINT('',(24.,0.00791534533174574,-77.5));
#1952=DIRECTION('',(-1.,-2.85843879430401E-16,0.));
#1953=DIRECTION('',(0.,0.,-1.));
#1954=FACE_OUTER_BOUND('',#1955,.T.);
#1955=EDGE_LOOP('',(#3938));
#1956=FACE_OUTER_BOUND('',#1957,.T.);
#1957=EDGE_LOOP('',(#3939));
#1958=CYLINDRICAL_SURFACE('',#1959,4.25);
#1959=AXIS2_PLACEMENT_3D('',#1960,#1961,#1962);
#1960=CARTESIAN_POINT('',(382.,25.0000000000001,-43.3012701892219));
#1961=DIRECTION('',(-1.,-2.85843879430401E-16,0.));
#1962=DIRECTION('',(0.,0.,-1.));
#1963=FACE_OUTER_BOUND('',#1964,.T.);
#1964=EDGE_LOOP('',(#3940));
#1965=FACE_OUTER_BOUND('',#1966,.T.);
#1966=EDGE_LOOP('',(#3941));
#1967=CYLINDRICAL_SURFACE('',#1968,4.25);
#1968=AXIS2_PLACEMENT_3D('',#1969,#1970,#1971);
#1969=CARTESIAN_POINT('',(382.,25.0000000000001,43.3012701892219));
#1970=DIRECTION('',(-1.,-2.85843879430401E-16,0.));
#1971=DIRECTION('',(0.,0.,-1.));
#1972=FACE_OUTER_BOUND('',#1973,.T.);
#1973=EDGE_LOOP('',(#3942));
#1974=FACE_OUTER_BOUND('',#1975,.T.);
#1975=EDGE_LOOP('',(#3943));
#1976=CYLINDRICAL_SURFACE('',#1977,3.5);
#1977=AXIS2_PLACEMENT_3D('',#1978,#1979,#1980);
#1978=CARTESIAN_POINT('',(4.00000000000002,-35.3474237139956,35.3553390593274));
#1979=DIRECTION('',(1.,2.858438794304E-16,0.));
#1980=DIRECTION('',(0.,0.,1.));
#1981=FACE_BOUND('',#1982,.T.);
#1982=EDGE_LOOP('',(#3944,#3945));
#1983=FACE_BOUND('',#1984,.T.);
#1984=EDGE_LOOP('',(#3946,#3947));
#1985=TOROIDAL_SURFACE('',#1986,17.,1.);
#1986=AXIS2_PLACEMENT_3D('',#1987,#1988,#1989);
#1987=CARTESIAN_POINT('',(-3.5,0.00791534533174498,0.));
#1988=DIRECTION('',(1.,2.85843879430401E-16,0.));
#1989=DIRECTION('',(-2.85843879430401E-16,1.,0.));
#1990=FACE_BOUND('',#1991,.T.);
#1991=EDGE_LOOP('',(#3948));
#1992=FACE_BOUND('',#1993,.T.);
#1993=EDGE_LOOP('',(#3949,#3950));
#1994=FACE_BOUND('',#1995,.T.);
#1995=EDGE_LOOP('',(#3951));
#1996=FACE_BOUND('',#1997,.T.);
#1997=EDGE_LOOP('',(#3952));
#1998=FACE_BOUND('',#1999,.T.);
#1999=EDGE_LOOP('',(#3953));
#2000=PLANE('',#2001);
#2001=AXIS2_PLACEMENT_3D('',#2002,#2003,#2004);
#2002=CARTESIAN_POINT('',(14.,0.00791534533174998,0.));
#2003=DIRECTION('',(-1.,-2.85843879430401E-16,0.));
#2004=DIRECTION('',(-2.85843879430401E-16,1.,0.));
#2005=FACE_BOUND('',#2006,.T.);
#2006=EDGE_LOOP('',(#3954,#3955));
#2007=FACE_BOUND('',#2008,.T.);
#2008=EDGE_LOOP('',(#3956,#3957));
#2009=FACE_BOUND('',#2010,.T.);
#2010=EDGE_LOOP('',(#3958));
#2011=FACE_BOUND('',#2012,.T.);
#2012=EDGE_LOOP('',(#3959));
#2013=CYLINDRICAL_SURFACE('',#2014,10.);
#2014=AXIS2_PLACEMENT_3D('',#2015,#2016,#2017);
#2015=CARTESIAN_POINT('',(-1.99999999999999,18.001978836333,-31.1803419813084));
#2016=DIRECTION('',(-1.44428919872333E-16,0.5,-0.866025403784439));
#2017=DIRECTION('',(2.44249065417534E-16,-0.866025403784439,-0.5));
#2018=FACE_BOUND('',#2019,.T.);
#2019=EDGE_LOOP('',(#3960,#3961));
#2020=FACE_BOUND('',#2021,.T.);
#2021=EDGE_LOOP('',(#3962,#3963));
#2022=FACE_BOUND('',#2023,.T.);
#2023=EDGE_LOOP('',(#3964));
#2024=FACE_BOUND('',#2025,.T.);
#2025=EDGE_LOOP('',(#3965));
#2026=CYLINDRICAL_SURFACE('',#2027,9.99999999999999);
#2027=AXIS2_PLACEMENT_3D('',#2028,#2029,#2030);
#2028=CARTESIAN_POINT('',(-1.99999999999999,18.,31.1769145362398));
#2029=DIRECTION('',(-1.45495164045277E-16,0.5,0.866025403784439));
#2030=DIRECTION('',(-2.44249065417535E-16,0.866025403784439,-0.5));
#2031=FACE_BOUND('',#2032,.T.);
#2032=EDGE_LOOP('',(#3966));
#2033=FACE_BOUND('',#2034,.T.);
#2034=EDGE_LOOP('',(#3967));
#2035=PLANE('',#2036);
#2036=AXIS2_PLACEMENT_3D('',#2037,#2038,#2039);
#2037=CARTESIAN_POINT('',(4.00000000000001,0.,0.));
#2038=DIRECTION('',(1.,2.85843879430401E-16,0.));
#2039=DIRECTION('',(0.,0.,1.));
#2040=FACE_BOUND('',#2041,.T.);
#2041=EDGE_LOOP('',(#3968,#3969));
#2042=FACE_BOUND('',#2043,.T.);
#2043=EDGE_LOOP('',(#3970,#3971));
#2044=PLANE('',#2045);
#2045=AXIS2_PLACEMENT_3D('',#2046,#2047,#2048);
#2046=CARTESIAN_POINT('',(-2.49999999999999,0.00791534533174527,0.));
#2047=DIRECTION('',(-1.,-2.85843879430401E-16,0.));
#2048=DIRECTION('',(-2.85843879430401E-16,1.,0.));
#2049=FACE_BOUND('',#2050,.T.);
#2050=EDGE_LOOP('',(#3972,#3973));
#2051=FACE_BOUND('',#2052,.T.);
#2052=EDGE_LOOP('',(#3974,#3975,#3976));
#2053=TOROIDAL_SURFACE('',#2054,62.,2.);
#2054=AXIS2_PLACEMENT_3D('',#2055,#2056,#2057);
#2055=CARTESIAN_POINT('',(12.,0.00791534533174941,0.));
#2056=DIRECTION('',(1.,2.85843879430401E-16,0.));
#2057=DIRECTION('',(-2.85843879430401E-16,1.,0.));
#2058=FACE_BOUND('',#2059,.T.);
#2059=EDGE_LOOP('',(#3977,#3978));
#2060=PLANE('',#2061);
#2061=AXIS2_PLACEMENT_3D('',#2062,#2063,#2064);
#2062=CARTESIAN_POINT('',(-1.99999999999999,18.001978836333,-31.1803419813084));
#2063=DIRECTION('',(1.44428919872333E-16,-0.5,0.866025403784439));
#2064=DIRECTION('',(2.44249065417534E-16,-0.866025403784439,-0.5));
#2065=FACE_BOUND('',#2066,.T.);
#2066=EDGE_LOOP('',(#3979,#3980,#3981));
#2067=FACE_BOUND('',#2068,.T.);
#2068=EDGE_LOOP('',(#3982,#3983,#3984,#3985,#3986,#3987));
#2069=FACE_BOUND('',#2070,.T.);
#2070=EDGE_LOOP('',(#3988,#3989));
#2071=FACE_BOUND('',#2072,.T.);
#2072=EDGE_LOOP('',(#3990,#3991));
#2073=CYLINDRICAL_SURFACE('',#2074,60.);
#2074=AXIS2_PLACEMENT_3D('',#2075,#2076,#2077);
#2075=CARTESIAN_POINT('',(-18.,0.00791534533174084,0.));
#2076=DIRECTION('',(1.,2.85843879430401E-16,0.));
#2077=DIRECTION('',(-2.85843879430401E-16,1.,0.));
#2078=FACE_OUTER_BOUND('',#2079,.T.);
#2079=EDGE_LOOP('',(#3992));
#2080=FACE_OUTER_BOUND('',#2081,.T.);
#2081=EDGE_LOOP('',(#3993));
#2082=CYLINDRICAL_SURFACE('',#2083,4.25);
#2083=AXIS2_PLACEMENT_3D('',#2084,#2085,#2086);
#2084=CARTESIAN_POINT('',(382.,25.0000000000001,-43.3012701892219));
#2085=DIRECTION('',(-1.,-2.85843879430401E-16,0.));
#2086=DIRECTION('',(0.,0.,-1.));
#2087=FACE_BOUND('',#2088,.T.);
#2088=EDGE_LOOP('',(#3994,#3995));
#2089=PLANE('',#2090);
#2090=AXIS2_PLACEMENT_3D('',#2091,#2092,#2093);
#2091=CARTESIAN_POINT('',(-1.99999999999999,18.,31.1769145362398));
#2092=DIRECTION('',(1.45495164045277E-16,-0.5,-0.866025403784439));
#2093=DIRECTION('',(-2.44249065417535E-16,0.866025403784439,-0.5));
#2094=FACE_OUTER_BOUND('',#2095,.T.);
#2095=EDGE_LOOP('',(#3996));
#2096=FACE_OUTER_BOUND('',#2097,.T.);
#2097=EDGE_LOOP('',(#3997));
#2098=CYLINDRICAL_SURFACE('',#2099,4.25);
#2099=AXIS2_PLACEMENT_3D('',#2100,#2101,#2102);
#2100=CARTESIAN_POINT('',(382.,25.0000000000001,43.3012701892219));
#2101=DIRECTION('',(-1.,-2.85843879430401E-16,0.));
#2102=DIRECTION('',(0.,0.,-1.));
#2103=FACE_OUTER_BOUND('',#2104,.T.);
#2104=EDGE_LOOP('',(#3998));
#2105=FACE_OUTER_BOUND('',#2106,.T.);
#2106=EDGE_LOOP('',(#3999));
#2107=CYLINDRICAL_SURFACE('',#2108,3.);
#2108=AXIS2_PLACEMENT_3D('',#2109,#2110,#2111);
#2109=CARTESIAN_POINT('',(18.0000000000001,-35.3474237139956,35.3553390593274));
#2110=DIRECTION('',(-1.,-2.858438794304E-16,0.));
#2111=DIRECTION('',(0.,0.,-1.));
#2112=FACE_BOUND('',#2113,.T.);
#2113=EDGE_LOOP('',(#4000,#4001));
#2114=FACE_BOUND('',#2115,.T.);
#2115=EDGE_LOOP('',(#4002,#4003));
#2116=TOROIDAL_SURFACE('',#2117,26.6284210967505,1.);
#2117=AXIS2_PLACEMENT_3D('',#2118,#2119,#2120);
#2118=CARTESIAN_POINT('',(-3.49999999999999,0.00791534533174498,0.));
#2119=DIRECTION('',(1.,2.85843879430401E-16,0.));
#2120=DIRECTION('',(-2.85843879430401E-16,1.,0.));
#2121=FACE_BOUND('',#2122,.T.);
#2122=EDGE_LOOP('',(#4004,#4005,#4006,#4007,#4008,#4009));
#2123=TOROIDAL_SURFACE('',#2124,58.,2.);
#2124=AXIS2_PLACEMENT_3D('',#2125,#2126,#2127);
#2125=CARTESIAN_POINT('',(-16.,0.00791534533174141,0.));
#2126=DIRECTION('',(1.,2.85843879430401E-16,0.));
#2127=DIRECTION('',(2.21016110493766E-16,-0.773205677638378,0.634155328029164));
#2128=FACE_BOUND('',#2129,.T.);
#2129=EDGE_LOOP('',(#4010,#4011,#4012,#4013,#4014));
#2130=PLANE('',#2131);
#2131=AXIS2_PLACEMENT_3D('',#2132,#2133,#2134);
#2132=CARTESIAN_POINT('',(-3.99999999999997,-34.7540181695065,48.9040691385693));
#2133=DIRECTION('',(-2.95546815752241E-16,0.70710678118655,0.707106781186545));
#2134=DIRECTION('',(-1.93908529821478E-16,0.707106781186545,-0.70710678118655));
#2135=FACE_BOUND('',#2136,.T.);
#2136=EDGE_LOOP('',(#4015,#4016,#4017,#4018));
#2137=FACE_BOUND('',#2138,.T.);
#2138=EDGE_LOOP('',(#4019));
#2139=PLANE('',#2140);
#2140=AXIS2_PLACEMENT_3D('',#2141,#2142,#2143);
#2141=CARTESIAN_POINT('',(-3.99999999999998,0.,0.));
#2142=DIRECTION('',(-1.,-2.85843879430401E-16,0.));
#2143=DIRECTION('',(0.,0.,-1.));
#2144=FACE_BOUND('',#2145,.T.);
#2145=EDGE_LOOP('',(#4020,#4021,#4022,#4023,#4024));
#2146=PLANE('',#2147);
#2147=AXIS2_PLACEMENT_3D('',#2148,#2149,#2150);
#2148=CARTESIAN_POINT('',(-3.99999999999997,-42.4184915258611,28.2842712474619));
#2149=DIRECTION('',(2.9554681575224E-16,-0.707106781186548,-0.707106781186547));
#2150=DIRECTION('',(1.93908529821478E-16,-0.707106781186547,0.707106781186548));
#2151=FACE_BOUND('',#2152,.T.);
#2152=EDGE_LOOP('',(#4025,#4026,#4027,#4028));
#2153=FACE_BOUND('',#2154,.T.);
#2154=EDGE_LOOP('',(#4029));
#2155=FACE_BOUND('',#2156,.T.);
#2156=EDGE_LOOP('',(#4030));
#2157=FACE_BOUND('',#2158,.T.);
#2158=EDGE_LOOP('',(#4031));
#2159=PLANE('',#2160);
#2160=AXIS2_PLACEMENT_3D('',#2161,#2162,#2163);
#2161=CARTESIAN_POINT('',(-18.,0.00791534533174084,0.));
#2162=DIRECTION('',(-1.,-2.85843879430401E-16,0.));
#2163=DIRECTION('',(-2.85843879430401E-16,1.,0.));
#2164=FACE_BOUND('',#2165,.T.);
#2165=EDGE_LOOP('',(#4032,#4033));
#2166=FACE_OUTER_BOUND('',#2167,.T.);
#2167=EDGE_LOOP('',(#4034));
#2168=CONICAL_SURFACE('',#2169,31.2472232502675,0.463943751773522);
#2169=AXIS2_PLACEMENT_3D('',#2170,#2171,#2172);
#2170=CARTESIAN_POINT('',(-10.5,0.00791534533174298,0.));
#2171=DIRECTION('',(-1.,-2.85843879430401E-16,0.));
#2172=DIRECTION('',(2.85843879430401E-16,-1.,0.));
#2173=FACE_BOUND('',#2174,.T.);
#2174=EDGE_LOOP('',(#4035,#4036,#4037,#4038));
#2175=CYLINDRICAL_SURFACE('',#2176,10.);
#2176=AXIS2_PLACEMENT_3D('',#2177,#2178,#2179);
#2177=CARTESIAN_POINT('',(-3.99999999999997,-35.3474237139956,35.3553390593274));
#2178=DIRECTION('',(-1.,-2.85843879430401E-16,0.));
#2179=DIRECTION('',(-2.02122145505907E-16,0.707106781186548,0.707106781186547));
#2180=FACE_OUTER_BOUND('',#2181,.T.);
#2181=EDGE_LOOP('',(#4039));
#2182=FACE_OUTER_BOUND('',#2183,.T.);
#2183=EDGE_LOOP('',(#4040));
#2184=CONICAL_SURFACE('',#2185,12.5,0.785398163397448);
#2185=AXIS2_PLACEMENT_3D('',#2186,#2187,#2188);
#2186=CARTESIAN_POINT('',(17.5,5.00284613119067E-15,0.));
#2187=DIRECTION('',(-1.,-2.85843879430401E-16,0.));
#2188=DIRECTION('',(-3.50057792000303E-32,1.22464679914735E-16,1.));
#2189=FACE_OUTER_BOUND('',#2190,.T.);
#2190=EDGE_LOOP('',(#4041));
#2191=FACE_OUTER_BOUND('',#2192,.T.);
#2192=EDGE_LOOP('',(#4042));
#2193=CONICAL_SURFACE('',#2194,12.5,0.785398163397448);
#2194=AXIS2_PLACEMENT_3D('',#2195,#2196,#2197);
#2195=CARTESIAN_POINT('',(-17.5,-5.00284613119067E-15,0.));
#2196=DIRECTION('',(1.,2.85843879430401E-16,0.));
#2197=DIRECTION('',(-3.50057792000303E-32,1.22464679914735E-16,-1.));
#2198=FACE_OUTER_BOUND('',#2199,.T.);
#2199=EDGE_LOOP('',(#4043));
#2200=FACE_OUTER_BOUND('',#2201,.T.);
#2201=EDGE_LOOP('',(#4044));
#2202=CONICAL_SURFACE('',#2203,6.5,0.785398163397448);
#2203=AXIS2_PLACEMENT_3D('',#2204,#2205,#2206);
#2204=CARTESIAN_POINT('',(17.5,5.00284613119067E-15,0.));
#2205=DIRECTION('',(1.,2.85843879430401E-16,0.));
#2206=DIRECTION('',(3.50057792000302E-32,-1.22464679914735E-16,-1.));
#2207=FACE_OUTER_BOUND('',#2208,.T.);
#2208=EDGE_LOOP('',(#4045));
#2209=FACE_OUTER_BOUND('',#2210,.T.);
#2210=EDGE_LOOP('',(#4046));
#2211=CONICAL_SURFACE('',#2212,6.5,0.785398163397448);
#2212=AXIS2_PLACEMENT_3D('',#2213,#2214,#2215);
#2213=CARTESIAN_POINT('',(-17.5,-5.00284613119067E-15,0.));
#2214=DIRECTION('',(-1.,-2.85843879430401E-16,0.));
#2215=DIRECTION('',(3.50057792000302E-32,-1.22464679914735E-16,1.));
#2216=FACE_BOUND('',#2217,.T.);
#2217=EDGE_LOOP('',(#4047,#4048,#4049));
#2218=FACE_BOUND('',#2219,.T.);
#2219=EDGE_LOOP('',(#4050,#4051,#4052,#4053,#4054,#4055));
#2220=FACE_OUTER_BOUND('',#2221,.T.);
#2221=EDGE_LOOP('',(#4056));
#2222=FACE_BOUND('',#2223,.T.);
#2223=EDGE_LOOP('',(#4057,#4058,#4059,#4060));
#2224=FACE_BOUND('',#2225,.T.);
#2225=EDGE_LOOP('',(#4061,#4062,#4063,#4064));
#2226=FACE_BOUND('',#2227,.T.);
#2227=EDGE_LOOP('',(#4065,#4066,#4067,#4068));
#2228=CYLINDRICAL_SURFACE('',#2229,8.);
#2229=AXIS2_PLACEMENT_3D('',#2230,#2231,#2232);
#2230=CARTESIAN_POINT('',(0.,206.698729810778,-75.));
#2231=DIRECTION('',(0.,-0.5,0.866025403784439));
#2232=DIRECTION('',(1.,0.,0.));
#2233=FACE_BOUND('',#2234,.T.);
#2234=EDGE_LOOP('',(#4069,#4070,#4071));
#2235=FACE_BOUND('',#2236,.T.);
#2236=EDGE_LOOP('',(#4072,#4073,#4074,#4075,#4076,#4077));
#2237=FACE_OUTER_BOUND('',#2238,.T.);
#2238=EDGE_LOOP('',(#4078));
#2239=FACE_BOUND('',#2240,.T.);
#2240=EDGE_LOOP('',(#4079,#4080,#4081,#4082));
#2241=FACE_BOUND('',#2242,.T.);
#2242=EDGE_LOOP('',(#4083,#4084,#4085,#4086));
#2243=FACE_BOUND('',#2244,.T.);
#2244=EDGE_LOOP('',(#4087,#4088,#4089,#4090));
#2245=CYLINDRICAL_SURFACE('',#2246,10.);
#2246=AXIS2_PLACEMENT_3D('',#2247,#2248,#2249);
#2247=CARTESIAN_POINT('',(0.,206.698729810778,-75.));
#2248=DIRECTION('',(0.,0.5,-0.866025403784439));
#2249=DIRECTION('',(1.,0.,0.));
#2250=FACE_BOUND('',#2251,.T.);
#2251=EDGE_LOOP('',(#4091,#4092,#4093,#4094));
#2252=PLANE('',#2253);
#2253=AXIS2_PLACEMENT_3D('',#2254,#2255,#2256);
#2254=CARTESIAN_POINT('',(9.92156741649221,223.582531754731,-101.743602791856));
#2255=DIRECTION('',(0.242535625036334,0.485071250072664,-0.840168050416807));
#2256=DIRECTION('',(0.970142500145332,-0.121267812518168,0.210042012604202));
#2257=FACE_BOUND('',#2258,.T.);
#2258=EDGE_LOOP('',(#4095,#4096,#4097,#4098));
#2259=PLANE('',#2260);
#2260=AXIS2_PLACEMENT_3D('',#2261,#2262,#2263);
#2261=CARTESIAN_POINT('',(29.9215674164922,211.082531754731,-80.0929676972449));
#2262=DIRECTION('',(0.242535625036333,-0.485071250072664,0.840168050416807));
#2263=DIRECTION('',(-0.970142500145332,-0.121267812518166,0.210042012604202));
#2264=FACE_BOUND('',#2265,.T.);
#2265=EDGE_LOOP('',(#4099,#4100,#4101,#4102));
#2266=PLANE('',#2267);
#2267=AXIS2_PLACEMENT_3D('',#2268,#2269,#2270);
#2268=CARTESIAN_POINT('',(9.92156741649221,215.082531754731,-87.0211709275204));
#2269=DIRECTION('',(0.,-0.499999999999998,0.86602540378444));
#2270=DIRECTION('',(-1.,0.,0.));
#2271=FACE_BOUND('',#2272,.T.);
#2272=EDGE_LOOP('',(#4103,#4104,#4105,#4106));
#2273=PLANE('',#2274);
#2274=AXIS2_PLACEMENT_3D('',#2275,#2276,#2277);
#2275=CARTESIAN_POINT('',(4.92156741649221,217.082531754731,-90.4852725426582));
#2276=DIRECTION('',(0.,0.499999999999998,-0.86602540378444));
#2277=DIRECTION('',(1.,0.,0.));
#2278=FACE_BOUND('',#2279,.T.);
#2279=EDGE_LOOP('',(#4107,#4108,#4109,#4110));
#2280=FACE_BOUND('',#2281,.T.);
#2281=EDGE_LOOP('',(#4111,#4112,#4113,#4114));
#2282=PLANE('',#2283);
#2283=AXIS2_PLACEMENT_3D('',#2284,#2285,#2286);
#2284=CARTESIAN_POINT('',(9.92156741649221,212.91746824527,-88.2711709275204));
#2285=DIRECTION('',(0.,-0.866025403784438,-0.500000000000001));
#2286=DIRECTION('',(-1.,0.,0.));
#2287=FACE_BOUND('',#2288,.T.);
#2288=EDGE_LOOP('',(#4115,#4116,#4117,#4118));
#2289=PLANE('',#2290);
#2290=AXIS2_PLACEMENT_3D('',#2291,#2292,#2293);
#2291=CARTESIAN_POINT('',(9.92156741649221,212.91746824527,-88.2711709275204));
#2292=DIRECTION('',(0.,-0.866025403784438,-0.500000000000001));
#2293=DIRECTION('',(-1.,0.,0.));
#2294=FACE_BOUND('',#2295,.T.);
#2295=EDGE_LOOP('',(#4119,#4120,#4121,#4122));
#2296=FACE_BOUND('',#2297,.T.);
#2297=EDGE_LOOP('',(#4123,#4124,#4125,#4126));
#2298=PLANE('',#2299);
#2299=AXIS2_PLACEMENT_3D('',#2300,#2301,#2302);
#2300=CARTESIAN_POINT('',(9.92156741649221,215.082531754731,-87.0211709275204));
#2301=DIRECTION('',(0.,-0.866025403784438,-0.500000000000001));
#2302=DIRECTION('',(-1.,0.,0.));
#2303=FACE_BOUND('',#2304,.T.);
#2304=EDGE_LOOP('',(#4127,#4128,#4129,#4130));
#2305=PLANE('',#2306);
#2306=AXIS2_PLACEMENT_3D('',#2307,#2308,#2309);
#2307=CARTESIAN_POINT('',(9.92156741649221,215.082531754731,-87.0211709275204));
#2308=DIRECTION('',(0.,-0.866025403784438,-0.500000000000001));
#2309=DIRECTION('',(-1.,0.,0.));
#2310=FACE_BOUND('',#2311,.T.);
#2311=EDGE_LOOP('',(#4131,#4132,#4133,#4134));
#2312=PLANE('',#2313);
#2313=AXIS2_PLACEMENT_3D('',#2314,#2315,#2316);
#2314=CARTESIAN_POINT('',(15.,214.91746824527,-91.7352725426582));
#2315=DIRECTION('',(0.,-0.866025403784438,-0.500000000000001));
#2316=DIRECTION('',(0.,-0.500000000000001,0.866025403784438));
#2317=FACE_BOUND('',#2318,.T.);
#2318=EDGE_LOOP('',(#4135,#4136,#4137));
#2319=FACE_BOUND('',#2320,.T.);
#2320=EDGE_LOOP('',(#4138,#4139));
#2321=TOROIDAL_SURFACE('',#2322,150.,8.);
#2322=AXIS2_PLACEMENT_3D('',#2323,#2324,#2325);
#2323=CARTESIAN_POINT('',(0.,76.7949192431123,-150.));
#2324=DIRECTION('',(-1.,0.,0.));
#2325=DIRECTION('',(0.,-1.8947806286936E-16,1.));
#2326=FACE_BOUND('',#2327,.T.);
#2327=EDGE_LOOP('',(#4140,#4141,#4142,#4143,#4144,#4145));
#2328=PLANE('',#2329);
#2329=AXIS2_PLACEMENT_3D('',#2330,#2331,#2332);
#2330=CARTESIAN_POINT('',(15.,212.91746824527,-88.2711709275204));
#2331=DIRECTION('',(0.,-0.500000000000003,0.866025403784437));
#2332=DIRECTION('',(0.,0.866025403784437,0.500000000000003));
#2333=FACE_BOUND('',#2334,.T.);
#2334=EDGE_LOOP('',(#4146,#4147,#4148,#4149));
#2335=PLANE('',#2336);
#2336=AXIS2_PLACEMENT_3D('',#2337,#2338,#2339);
#2337=CARTESIAN_POINT('',(15.,215.082531754731,-87.0211709275204));
#2338=DIRECTION('',(0.,0.866025403784438,0.500000000000001));
#2339=DIRECTION('',(0.,0.500000000000001,-0.866025403784438));
#2340=FACE_BOUND('',#2341,.T.);
#2341=EDGE_LOOP('',(#4150,#4151,#4152,#4153,#4154,#4155));
#2342=PLANE('',#2343);
#2343=AXIS2_PLACEMENT_3D('',#2344,#2345,#2346);
#2344=CARTESIAN_POINT('',(15.,217.082531754731,-90.4852725426581));
#2345=DIRECTION('',(0.,0.500000000000008,-0.866025403784434));
#2346=DIRECTION('',(0.,-0.866025403784434,-0.500000000000008));
#2347=FACE_BOUND('',#2348,.T.);
#2348=EDGE_LOOP('',(#4156,#4157,#4158,#4159,#4160,#4161,#4162,#4163,#4164,#4165));
#2349=FACE_BOUND('',#2350,.T.);
#2350=EDGE_LOOP('',(#4166));
#2351=FACE_BOUND('',#2352,.T.);
#2352=EDGE_LOOP('',(#4167,#4168));
#2353=FACE_BOUND('',#2354,.T.);
#2354=EDGE_LOOP('',(#4169,#4170));
#2355=PLANE('',#2356);
#2356=AXIS2_PLACEMENT_3D('',#2357,#2358,#2359);
#2357=CARTESIAN_POINT('',(0.,250.,-150.));
#2358=DIRECTION('',(0.,0.5,-0.866025403784439));
#2359=DIRECTION('',(1.,0.,0.));
#2360=FACE_BOUND('',#2361,.T.);
#2361=EDGE_LOOP('',(#4171,#4172,#4173,#4174));
#2362=PLANE('',#2363);
#2363=AXIS2_PLACEMENT_3D('',#2364,#2365,#2366);
#2364=CARTESIAN_POINT('',(1.25,203.009607789698,-98.6102532241682));
#2365=DIRECTION('',(0.,0.500000000000002,-0.866025403784437));
#2366=DIRECTION('',(-1.,0.,0.));
#2367=FACE_BOUND('',#2368,.T.);
#2368=EDGE_LOOP('',(#4175,#4176,#4177,#4178));
#2369=PLANE('',#2370);
#2370=AXIS2_PLACEMENT_3D('',#2371,#2372,#2373);
#2371=CARTESIAN_POINT('',(-1.25,203.009607789698,-98.6102532241682));
#2372=DIRECTION('',(-1.,0.,0.));
#2373=DIRECTION('',(0.,-0.500000000000002,0.866025403784438));
#2374=FACE_BOUND('',#2375,.T.);
#2375=EDGE_LOOP('',(#4179,#4180,#4181,#4182));
#2376=PLANE('',#2377);
#2377=AXIS2_PLACEMENT_3D('',#2378,#2379,#2380);
#2378=CARTESIAN_POINT('',(-1.25,201.009607789698,-95.1461516090305));
#2379=DIRECTION('',(0.,-0.500000000000002,0.866025403784437));
#2380=DIRECTION('',(1.,0.,0.));
#2381=FACE_BOUND('',#2382,.T.);
#2382=EDGE_LOOP('',(#4183,#4184,#4185,#4186));
#2383=PLANE('',#2384);
#2384=AXIS2_PLACEMENT_3D('',#2385,#2386,#2387);
#2385=CARTESIAN_POINT('',(1.25,201.009607789698,-95.1461516090305));
#2386=DIRECTION('',(1.,0.,0.));
#2387=DIRECTION('',(0.,0.500000000000002,-0.866025403784438));
#2388=FACE_BOUND('',#2389,.T.);
#2389=EDGE_LOOP('',(#4187,#4188,#4189,#4190));
#2390=PLANE('',#2391);
#2391=AXIS2_PLACEMENT_3D('',#2392,#2393,#2394);
#2392=CARTESIAN_POINT('',(1.25,205.407659418422,-92.6069353172766));
#2393=DIRECTION('',(-1.,-6.1232339957368E-17,1.06057523872491E-16));
#2394=DIRECTION('',(-7.49879891330929E-33,0.866025403784437,0.500000000000002));
#2395=FACE_BOUND('',#2396,.T.);
#2396=EDGE_LOOP('',(#4191,#4192,#4193,#4194));
#2397=PLANE('',#2398);
#2398=AXIS2_PLACEMENT_3D('',#2399,#2400,#2401);
#2399=CARTESIAN_POINT('',(1.25,205.407659418422,-92.6069353172766));
#2400=DIRECTION('',(0.,-0.500000000000003,0.866025403784437));
#2401=DIRECTION('',(0.,0.866025403784437,0.500000000000003));
#2402=FACE_BOUND('',#2403,.T.);
#2403=EDGE_LOOP('',(#4195,#4196,#4197,#4198));
#2404=PLANE('',#2405);
#2405=AXIS2_PLACEMENT_3D('',#2406,#2407,#2408);
#2406=CARTESIAN_POINT('',(-1.25,205.407659418422,-92.6069353172766));
#2407=DIRECTION('',(-1.,-6.1232339957368E-17,1.06057523872491E-16));
#2408=DIRECTION('',(-7.49879891330929E-33,0.866025403784437,0.500000000000002));
#2409=FACE_BOUND('',#2410,.T.);
#2410=EDGE_LOOP('',(#4199,#4200,#4201,#4202));
#2411=PLANE('',#2412);
#2412=AXIS2_PLACEMENT_3D('',#2413,#2414,#2415);
#2413=CARTESIAN_POINT('',(1.25,211.737786437344,-93.5710369324143));
#2414=DIRECTION('',(0.,0.500000000000003,-0.866025403784437));
#2415=DIRECTION('',(0.,-0.866025403784437,-0.500000000000003));
#2416=FACE_BOUND('',#2417,.T.);
#2417=EDGE_LOOP('',(#4203,#4204,#4205));
#2418=FACE_BOUND('',#2419,.T.);
#2419=EDGE_LOOP('',(#4206,#4207));
#2420=TOROIDAL_SURFACE('',#2421,150.,10.);
#2421=AXIS2_PLACEMENT_3D('',#2422,#2423,#2424);
#2422=CARTESIAN_POINT('',(0.,76.7949192431123,-150.));
#2423=DIRECTION('',(-1.,0.,0.));
#2424=DIRECTION('',(0.,-1.8947806286936E-16,1.));
#2425=FACE_BOUND('',#2426,.T.);
#2426=EDGE_LOOP('',(#4208));
#2427=FACE_BOUND('',#2428,.T.);
#2428=EDGE_LOOP('',(#4209));
#2429=PLANE('',#2430);
#2430=AXIS2_PLACEMENT_3D('',#2431,#2432,#2433);
#2431=CARTESIAN_POINT('',(1.25,224.407670571957,-125.515919979575));
#2432=DIRECTION('',(0.,-0.5,0.866025403784439));
#2433=DIRECTION('',(6.12323399573677E-17,0.866025403784439,0.5));
#2434=FACE_BOUND('',#2435,.T.);
#2435=EDGE_LOOP('',(#4210,#4211,#4212,#4213));
#2436=FACE_BOUND('',#2437,.T.);
#2437=EDGE_LOOP('',(#4214,#4215,#4216,#4217));
#2438=PLANE('',#2439);
#2439=AXIS2_PLACEMENT_3D('',#2440,#2441,#2442);
#2440=CARTESIAN_POINT('',(1.25,205.407659418422,-92.6069353172766));
#2441=DIRECTION('',(-1.,-6.1232339957368E-17,1.06057523872491E-16));
#2442=DIRECTION('',(-7.49879891330929E-33,0.866025403784437,0.500000000000002));
#2443=FACE_BOUND('',#2444,.T.);
#2444=EDGE_LOOP('',(#4218,#4219,#4220,#4221));
#2445=PLANE('',#2446);
#2446=AXIS2_PLACEMENT_3D('',#2447,#2448,#2449);
#2447=CARTESIAN_POINT('',(1.25,213.907659418422,-107.329367181612));
#2448=DIRECTION('',(0.,0.275029237468467,-0.961435862934972));
#2449=DIRECTION('',(2.15414908165752E-17,-0.961435862934972,-0.275029237468467));
#2450=FACE_BOUND('',#2451,.T.);
#2451=EDGE_LOOP('',(#4222,#4223,#4224,#4225));
#2452=FACE_BOUND('',#2453,.T.);
#2453=EDGE_LOOP('',(#4226,#4227,#4228,#4229));
#2454=PLANE('',#2455);
#2455=AXIS2_PLACEMENT_3D('',#2456,#2457,#2458);
#2456=CARTESIAN_POINT('',(-1.25,205.407659418422,-92.6069353172766));
#2457=DIRECTION('',(-1.,-6.1232339957368E-17,1.06057523872491E-16));
#2458=DIRECTION('',(-7.49879891330929E-33,0.866025403784437,0.500000000000002));
#2459=FACE_BOUND('',#2460,.T.);
#2460=EDGE_LOOP('',(#4230,#4231,#4232,#4233));
#2461=PLANE('',#2462);
#2462=AXIS2_PLACEMENT_3D('',#2463,#2464,#2465);
#2463=CARTESIAN_POINT('',(1.25,184.087151342733,-95.6787320870011));
#2464=DIRECTION('',(0.,-0.695113262676869,0.718900237898638));
#2465=DIRECTION('',(3.23122362248628E-17,0.718900237898638,0.695113262676869));
#2466=FACE_BOUND('',#2467,.T.);
#2467=EDGE_LOOP('',(#4234,#4235,#4236,#4237));
#2468=PLANE('',#2469);
#2469=AXIS2_PLACEMENT_3D('',#2470,#2471,#2472);
#2470=CARTESIAN_POINT('',(29.9215674164922,221.082531754731,-97.4134757729337));
#2471=DIRECTION('',(1.,0.,0.));
#2472=DIRECTION('',(0.,-0.500000000000001,0.866025403784438));
#2473=FACE_BOUND('',#2474,.T.);
#2474=EDGE_LOOP('',(#4238,#4239,#4240,#4241));
#2475=PLANE('',#2476);
#2476=AXIS2_PLACEMENT_3D('',#2477,#2478,#2479);
#2477=CARTESIAN_POINT('',(4.92156741649221,215.082531754731,-87.0211709275204));
#2478=DIRECTION('',(-1.,0.,0.));
#2479=DIRECTION('',(0.,0.500000000000001,-0.866025403784439));
#2480=FACE_BOUND('',#2481,.T.);
#2481=EDGE_LOOP('',(#4242,#4243,#4244,#4245));
#2482=CYLINDRICAL_SURFACE('',#2483,3.50000000000001);
#2483=AXIS2_PLACEMENT_3D('',#2484,#2485,#2486);
#2484=CARTESIAN_POINT('',(21.9215632075988,216.957552197686,-90.2688015999492));
#2485=DIRECTION('',(0.,-0.86602540378444,-0.499999999999998));
#2486=DIRECTION('',(-0.999998455696209,-0.00087872140030409,0.00152199011102476));
#2487=FACE_BOUND('',#2488,.T.);
#2488=EDGE_LOOP('',(#4246,#4247,#4248,#4249));
#2489=PLANE('',#2490);
#2490=AXIS2_PLACEMENT_3D('',#2491,#2492,#2493);
#2491=CARTESIAN_POINT('',(18.4215716252974,215.207547988847,-87.2377053967803));
#2492=DIRECTION('',(-0.999999999999628,-4.31133137065337E-7,7.46744498223724E-7));
#2493=DIRECTION('',(-8.62266274130677E-7,0.499999999999818,-0.866025403784114));
#2494=FACE_BOUND('',#2495,.T.);
#2495=EDGE_LOOP('',(#4250,#4251,#4252,#4253));
#2496=CYLINDRICAL_SURFACE('',#2497,3.50000000000001);
#2497=AXIS2_PLACEMENT_3D('',#2498,#2499,#2500);
#2498=CARTESIAN_POINT('',(21.9215716252873,215.207552197691,-87.2377126867124));
#2499=DIRECTION('',(0.,-0.86602540378444,-0.499999999999998));
#2500=DIRECTION('',(0.999999999997108,1.20252693142879E-6,-2.08283774270457E-6));
#2501=FACE_BOUND('',#2502,.T.);
#2502=EDGE_LOOP('',(#4254,#4255,#4256,#4257));
#2503=PLANE('',#2504);
#2504=AXIS2_PLACEMENT_3D('',#2505,#2506,#2507);
#2505=CARTESIAN_POINT('',(25.4215632075988,216.957552197686,-90.2688015999492));
#2506=DIRECTION('',(0.999999999997108,1.20252837755641E-6,-2.08284024747107E-6));
#2507=DIRECTION('',(2.40505675511282E-6,-0.499999999998551,0.866025403781936));
#2508=FACE_BOUND('',#2509,.T.);
#2509=EDGE_LOOP('',(#4258,#4259));
#2510=FACE_OUTER_BOUND('',#2511,.T.);
#2511=EDGE_LOOP('',(#4260));
#2512=CYLINDRICAL_SURFACE('',#2513,8.);
#2513=AXIS2_PLACEMENT_3D('',#2514,#2515,#2516);
#2514=CARTESIAN_POINT('',(0.,0.,0.));
#2515=DIRECTION('',(0.,-1.,-3.70098825684398E-16));
#2516=DIRECTION('',(1.,0.,0.));
#2517=FACE_BOUND('',#2518,.T.);
#2518=EDGE_LOOP('',(#4261,#4262,#4263,#4264));
#2519=CYLINDRICAL_SURFACE('',#2520,20.);
#2520=AXIS2_PLACEMENT_3D('',#2521,#2522,#2523);
#2521=CARTESIAN_POINT('',(-6.66133814775094E-16,248.,-146.535898384862));
#2522=DIRECTION('',(0.,0.499999999999999,-0.866025403784439));
#2523=DIRECTION('',(-0.916494629953563,-0.346450855028115,-0.200023494411457));
#2524=FACE_BOUND('',#2525,.T.);
#2525=EDGE_LOOP('',(#4265,#4266,#4267,#4268));
#2526=PLANE('',#2527);
#2527=AXIS2_PLACEMENT_3D('',#2528,#2529,#2530);
#2528=CARTESIAN_POINT('',(-18.3298925990712,254.929017100562,-142.535428496633));
#2529=DIRECTION('',(-0.916494629953563,0.346450855028114,0.20002349441146));
#2530=DIRECTION('',(0.400046988822916,0.793707631971803,0.458247314976782));
#2531=FACE_BOUND('',#2532,.T.);
#2532=EDGE_LOOP('',(#4269,#4270,#4271,#4272));
#2533=CYLINDRICAL_SURFACE('',#2534,8.00000000000002);
#2534=AXIS2_PLACEMENT_3D('',#2535,#2536,#2537);
#2535=CARTESIAN_POINT('',(0.00153808747824979,273.980762079387,-131.535898404577));
#2536=DIRECTION('',(0.,0.499999999999999,-0.866025403784439));
#2537=DIRECTION('',(-0.916494629953563,0.346450855028115,0.200023494411457));
#2538=FACE_BOUND('',#2539,.T.);
#2539=EDGE_LOOP('',(#4273,#4274,#4275,#4276));
#2540=CYLINDRICAL_SURFACE('',#2541,8.00000000000002);
#2541=AXIS2_PLACEMENT_3D('',#2542,#2543,#2544);
#2542=CARTESIAN_POINT('',(-0.00153808747825468,273.980762079387,-131.535898404577));
#2543=DIRECTION('',(0.,0.499999999999999,-0.866025403784439));
#2544=DIRECTION('',(0.000192260934781468,0.866025387778442,0.499999990758932));
#2545=FACE_BOUND('',#2546,.T.);
#2546=EDGE_LOOP('',(#4277,#4278,#4279,#4280));
#2547=PLANE('',#2548);
#2548=AXIS2_PLACEMENT_3D('',#2549,#2550,#2551);
#2549=CARTESIAN_POINT('',(7.33041895215024,276.752368919612,-129.935710449285));
#2550=DIRECTION('',(0.916494629953563,0.346450855028115,0.200023494411458));
#2551=DIRECTION('',(0.400046988822916,-0.793707631971803,-0.458247314976782));
#2552=FACE_BOUND('',#2553,.T.);
#2553=EDGE_LOOP('',(#4281,#4282,#4283,#4284));
#2554=CYLINDRICAL_SURFACE('',#2555,20.);
#2555=AXIS2_PLACEMENT_3D('',#2556,#2557,#2558);
#2556=CARTESIAN_POINT('',(-6.66133814775094E-16,248.,-146.535898384862));
#2557=DIRECTION('',(0.,0.499999999999999,-0.866025403784439));
#2558=DIRECTION('',(0.916494629953563,0.346450855028115,0.200023494411457));
#2559=FACE_BOUND('',#2560,.T.);
#2560=EDGE_LOOP('',(#4285,#4286,#4287,#4288));
#2561=PLANE('',#2562);
#2562=AXIS2_PLACEMENT_3D('',#2563,#2564,#2565);
#2563=CARTESIAN_POINT('',(18.3298925990712,241.070982899438,-150.536368273091));
#2564=DIRECTION('',(0.916494629953563,-0.346450855028115,-0.200023494411458));
#2565=DIRECTION('',(-0.400046988822916,-0.793707631971804,-0.458247314976781));
#2566=FACE_BOUND('',#2567,.T.);
#2567=EDGE_LOOP('',(#4289,#4290,#4291,#4292));
#2568=CYLINDRICAL_SURFACE('',#2569,8.00000000000002);
#2569=AXIS2_PLACEMENT_3D('',#2570,#2571,#2572);
#2570=CARTESIAN_POINT('',(-0.0015380874782509,222.019237920613,-161.535898365148));
#2571=DIRECTION('',(0.,0.499999999999999,-0.866025403784439));
#2572=DIRECTION('',(0.916494629953563,-0.346450855028114,-0.200023494411457));
#2573=FACE_BOUND('',#2574,.T.);
#2574=EDGE_LOOP('',(#4293,#4294,#4295,#4296));
#2575=CYLINDRICAL_SURFACE('',#2576,8.00000000000002);
#2576=AXIS2_PLACEMENT_3D('',#2577,#2578,#2579);
#2577=CARTESIAN_POINT('',(0.00153808747825357,222.019237920613,-161.535898365148));
#2578=DIRECTION('',(0.,0.499999999999999,-0.866025403784439));
#2579=DIRECTION('',(-0.000192260934781274,-0.866025387778442,-0.499999990758932));
#2580=FACE_BOUND('',#2581,.T.);
#2581=EDGE_LOOP('',(#4297,#4298,#4299,#4300));
#2582=PLANE('',#2583);
#2583=AXIS2_PLACEMENT_3D('',#2584,#2585,#2586);
#2584=CARTESIAN_POINT('',(-7.33041895215024,219.247631080388,-163.13608632044));
#2585=DIRECTION('',(-0.916494629953563,-0.346450855028115,-0.200023494411458));
#2586=DIRECTION('',(-0.400046988822916,0.793707631971804,0.458247314976781));
#2587=FACE_BOUND('',#2588,.T.);
#2588=EDGE_LOOP('',(#4301,#4302,#4303,#4304));
#2589=CYLINDRICAL_SURFACE('',#2590,3.25);
#2590=AXIS2_PLACEMENT_3D('',#2591,#2592,#2593);
#2591=CARTESIAN_POINT('',(0.00153808747824979,273.980762079387,-131.535898404577));
#2592=DIRECTION('',(0.,0.499999999999999,-0.866025403784439));
#2593=DIRECTION('',(-0.000473257685615874,-0.866025306801351,-0.499999944006787));
#2594=FACE_BOUND('',#2595,.T.);
#2595=EDGE_LOOP('',(#4305,#4306,#4307,#4308));
#2596=CYLINDRICAL_SURFACE('',#2597,3.25);
#2597=AXIS2_PLACEMENT_3D('',#2598,#2599,#2600);
#2598=CARTESIAN_POINT('',(-0.00153808747825468,273.980762079387,-131.535898404577));
#2599=DIRECTION('',(0.,0.499999999999999,-0.866025403784439));
#2600=DIRECTION('',(0.000473257685616011,0.866025306801351,0.499999944006787));
#2601=FACE_BOUND('',#2602,.T.);
#2602=EDGE_LOOP('',(#4309,#4310,#4311,#4312));
#2603=CYLINDRICAL_SURFACE('',#2604,3.25);
#2604=AXIS2_PLACEMENT_3D('',#2605,#2606,#2607);
#2605=CARTESIAN_POINT('',(-0.0015380874782509,222.019237920613,-161.535898365148));
#2606=DIRECTION('',(0.,0.499999999999999,-0.866025403784439));
#2607=DIRECTION('',(0.000473257685616011,0.866025306801351,0.499999944006787));
#2608=FACE_BOUND('',#2609,.T.);
#2609=EDGE_LOOP('',(#4313,#4314,#4315,#4316));
#2610=CYLINDRICAL_SURFACE('',#2611,3.25);
#2611=AXIS2_PLACEMENT_3D('',#2612,#2613,#2614);
#2612=CARTESIAN_POINT('',(0.00153808747825357,222.019237920613,-161.535898365148));
#2613=DIRECTION('',(0.,0.499999999999999,-0.866025403784439));
#2614=DIRECTION('',(-0.000473257685615874,-0.866025306801351,-0.499999944006787));
#2615=FACE_BOUND('',#2616,.T.);
#2616=EDGE_LOOP('',(#4317,#4318,#4319,#4320));
#2617=PLANE('',#2618);
#2618=AXIS2_PLACEMENT_3D('',#2619,#2620,#2621);
#2619=CARTESIAN_POINT('',(1.25,209.737786437344,-90.1069353172766));
#2620=DIRECTION('',(6.16297582203915E-33,0.866025403784439,0.500000000000001));
#2621=DIRECTION('',(-1.11022302462516E-16,0.500000000000001,-0.866025403784439));
#2622=FACE_BOUND('',#2623,.T.);
#2623=EDGE_LOOP('',(#4321,#4322));
#2624=FACE_OUTER_BOUND('',#2625,.T.);
#2625=EDGE_LOOP('',(#4323));
#2626=CYLINDRICAL_SURFACE('',#2627,10.);
#2627=AXIS2_PLACEMENT_3D('',#2628,#2629,#2630);
#2628=CARTESIAN_POINT('',(0.,0.,0.));
#2629=DIRECTION('',(0.,1.,3.70098825684398E-16));
#2630=DIRECTION('',(1.,0.,0.));
#2631=FACE_OUTER_BOUND('',#2632,.T.);
#2632=EDGE_LOOP('',(#4324));
#2633=FACE_OUTER_BOUND('',#2634,.T.);
#2634=EDGE_LOOP('',(#4325));
#2635=CONICAL_SURFACE('',#2636,12.5,0.785398163397444);
#2636=AXIS2_PLACEMENT_3D('',#2637,#2638,#2639);
#2637=CARTESIAN_POINT('',(-2.22044604925031E-16,233.25,-120.988148973221));
#2638=DIRECTION('',(0.,0.5,-0.866025403784439));
#2639=DIRECTION('',(-5.84861693688349E-17,-0.866025403784439,-0.5));
#2640=FACE_BOUND('',#2641,.T.);
#2641=EDGE_LOOP('',(#4326,#4327,#4328,#4329));
#2642=PLANE('',#2643);
#2643=AXIS2_PLACEMENT_3D('',#2644,#2645,#2646);
#2644=CARTESIAN_POINT('',(1.25,194.087151342733,-112.99924016269));
#2645=DIRECTION('',(6.16297582203915E-33,-0.866025403784437,-0.500000000000003));
#2646=DIRECTION('',(1.22124532708767E-16,-0.500000000000003,0.866025403784437));
#2647=FACE_BOUND('',#2648,.T.);
#2648=EDGE_LOOP('',(#4330,#4331,#4332,#4333));
#2649=PLANE('',#2650);
#2650=AXIS2_PLACEMENT_3D('',#2651,#2652,#2653);
#2651=CARTESIAN_POINT('',(1.25,193.859289747727,-103.604563885259));
#2652=DIRECTION('',(-6.16297582203915E-33,-0.866024201253558,-0.500002082838798));
#2653=DIRECTION('',(1.26882936546029E-16,-0.500002082838798,0.866024201253558));
#2654=FACE_BOUND('',#2655,.T.);
#2655=EDGE_LOOP('',(#4334,#4335,#4336,#4337));
#2656=CYLINDRICAL_SURFACE('',#2657,3.50000000000001);
#2657=AXIS2_PLACEMENT_3D('',#2658,#2659,#2660);
#2658=CARTESIAN_POINT('',(1.25,195.140371371046,-98.8234791808662));
#2659=DIRECTION('',(-1.,0.,0.));
#2660=DIRECTION('',(0.,-0.866024201255001,-0.500002082836299));
#2661=FACE_BOUND('',#2662,.T.);
#2662=EDGE_LOOP('',(#4338,#4339,#4340,#4341));
#2663=PLANE('',#2664);
#2664=AXIS2_PLACEMENT_3D('',#2665,#2666,#2667);
#2665=CARTESIAN_POINT('',(1.25,198.171456075438,-97.0734718909391));
#2666=DIRECTION('',(0.,0.866024972650978,0.500000746744316));
#2667=DIRECTION('',(-1.27105706699137E-16,0.500000746744316,-0.866024972650978));
#2668=FACE_BOUND('',#2669,.T.);
#2669=EDGE_LOOP('',(#4342,#4343,#4344,#4345));
#2670=CYLINDRICAL_SURFACE('',#2671,3.50000000000001);
#2671=AXIS2_PLACEMENT_3D('',#2672,#2673,#2674);
#2672=CARTESIAN_POINT('',(1.25,196.890378660973,-101.854563885259));
#2673=DIRECTION('',(-1.,0.,0.));
#2674=DIRECTION('',(0.,0.865145344977819,0.501521217959132));
#2675=FACE_BOUND('',#2676,.T.);
#2676=EDGE_LOOP('',(#4346));
#2677=FACE_BOUND('',#2678,.T.);
#2678=EDGE_LOOP('',(#4347));
#2679=PLANE('',#2680);
#2680=AXIS2_PLACEMENT_3D('',#2681,#2682,#2683);
#2681=CARTESIAN_POINT('',(0.,0.,0.));
#2682=DIRECTION('',(0.,1.,0.));
#2683=DIRECTION('',(1.,0.,0.));
#2684=FACE_BOUND('',#2685,.T.);
#2685=EDGE_LOOP('',(#4348,#4349,#4350,#4351));
#2686=CONICAL_SURFACE('',#2687,19.5,0.785398163397459);
#2687=AXIS2_PLACEMENT_3D('',#2688,#2689,#2690);
#2688=CARTESIAN_POINT('',(-6.58696730703425E-16,248.25,-146.968911086754));
#2689=DIRECTION('',(-2.77555756156289E-17,0.5,-0.866025403784439));
#2690=DIRECTION('',(-0.869389297473,-0.427927198340504,-0.247063883155452));
#2691=FACE_BOUND('',#2692,.T.);
#2692=EDGE_LOOP('',(#4352,#4353,#4354,#4355));
#2693=PLANE('',#2694);
#2694=AXIS2_PLACEMENT_3D('',#2695,#2696,#2697);
#2695=CARTESIAN_POINT('',(-19.9300805543629,252.254186572675,-145.234443160325));
#2696=DIRECTION('',(0.648059567761225,0.108575641655012,-0.753810404990762));
#2697=DIRECTION('',(0.400046988822916,0.793707631971803,0.458247314976782));
#2698=FACE_BOUND('',#2699,.T.);
#2699=EDGE_LOOP('',(#4356,#4357,#4358,#4359));
#2700=CONICAL_SURFACE('',#2701,7.50000000000002,0.785398163397452);
#2701=AXIS2_PLACEMENT_3D('',#2702,#2703,#2704);
#2702=CARTESIAN_POINT('',(0.0015380874782498,274.230762079387,-131.968911106469));
#2703=DIRECTION('',(2.08166817117217E-17,0.5,-0.866025403784439));
#2704=DIRECTION('',(-0.99209085455395,0.108705115945894,0.0627609279536514));
#2705=FACE_BOUND('',#2706,.T.);
#2706=EDGE_LOOP('',(#4360,#4361,#4362,#4363));
#2707=CONICAL_SURFACE('',#2708,7.49999999999999,0.785398163397439);
#2708=AXIS2_PLACEMENT_3D('',#2709,#2710,#2711);
#2709=CARTESIAN_POINT('',(-0.00153808747825467,274.230762079387,-131.968911106469));
#2710=DIRECTION('',(1.38777878078145E-17,0.5,-0.866025403784439));
#2711=DIRECTION('',(-0.281658380124942,0.830964149454744,0.479757375374625));
#2712=FACE_BOUND('',#2713,.T.);
#2713=EDGE_LOOP('',(#4364,#4365,#4366,#4367));
#2714=PLANE('',#2715);
#2715=AXIS2_PLACEMENT_3D('',#2716,#2717,#2718);
#2716=CARTESIAN_POINT('',(5.73023099685857,280.427199447499,-128.968746593162));
#2717=DIRECTION('',(-0.648059567761232,0.108575641655004,-0.753810404990757));
#2718=DIRECTION('',(0.400046988822917,-0.793707631971804,-0.458247314976781));
#2719=FACE_BOUND('',#2720,.T.);
#2720=EDGE_LOOP('',(#4368,#4369,#4370,#4371));
#2721=CONICAL_SURFACE('',#2722,19.5,0.785398163397439);
#2722=AXIS2_PLACEMENT_3D('',#2723,#2724,#2725);
#2723=CARTESIAN_POINT('',(-6.58696730703425E-16,248.25,-146.968911086754));
#2724=DIRECTION('',(0.,0.5,-0.866025403784439));
#2725=DIRECTION('',(0.869389297473,0.427927198340504,0.247063883155452));
#2726=FACE_BOUND('',#2727,.T.);
#2727=EDGE_LOOP('',(#4372,#4373,#4374,#4375));
#2728=PLANE('',#2729);
#2729=AXIS2_PLACEMENT_3D('',#2730,#2731,#2732);
#2730=CARTESIAN_POINT('',(19.9300805543629,244.745813427325,-149.569404416969));
#2731=DIRECTION('',(-0.648059567761229,0.59853113953153,-0.470934466400812));
#2732=DIRECTION('',(-0.400046988822916,-0.793707631971804,-0.458247314976781));
#2733=FACE_BOUND('',#2734,.T.);
#2734=EDGE_LOOP('',(#4376,#4377,#4378,#4379));
#2735=CONICAL_SURFACE('',#2736,7.50000000000002,0.785398163397442);
#2736=AXIS2_PLACEMENT_3D('',#2737,#2738,#2739);
#2737=CARTESIAN_POINT('',(-0.0015380874782509,222.269237920613,-161.96891106704));
#2738=DIRECTION('',(2.08166817117217E-17,0.5,-0.866025403784439));
#2739=DIRECTION('',(0.99209085455395,-0.108705115945896,-0.0627609279536523));
#2740=FACE_BOUND('',#2741,.T.);
#2741=EDGE_LOOP('',(#4380,#4381,#4382,#4383));
#2742=CONICAL_SURFACE('',#2743,7.50000000000001,0.785398163397476);
#2743=AXIS2_PLACEMENT_3D('',#2744,#2745,#2746);
#2744=CARTESIAN_POINT('',(0.00153808747825358,222.269237920613,-161.96891106704));
#2745=DIRECTION('',(1.38777878078145E-17,0.5,-0.866025403784439));
#2746=DIRECTION('',(0.281658380124942,-0.830964149454744,-0.479757375374624));
#2747=FACE_BOUND('',#2748,.T.);
#2748=EDGE_LOOP('',(#4384,#4385,#4386,#4387));
#2749=PLANE('',#2750);
#2750=AXIS2_PLACEMENT_3D('',#2751,#2752,#2753);
#2751=CARTESIAN_POINT('',(-5.73023099685857,216.572800552501,-165.835100984131));
#2752=DIRECTION('',(0.648059567761236,0.598531139531529,-0.470934466400804));
#2753=DIRECTION('',(-0.400046988822916,0.793707631971803,0.458247314976782));
#2754=FACE_BOUND('',#2755,.T.);
#2755=EDGE_LOOP('',(#4388,#4389,#4390,#4391,#4392,#4393,#4394,#4395,#4396,#4397));
#2756=FACE_BOUND('',#2757,.T.);
#2757=EDGE_LOOP('',(#4398,#4399));
#2758=FACE_BOUND('',#2759,.T.);
#2759=EDGE_LOOP('',(#4400,#4401));
#2760=FACE_BOUND('',#2761,.T.);
#2761=EDGE_LOOP('',(#4402));
#2762=PLANE('',#2763);
#2763=AXIS2_PLACEMENT_3D('',#2764,#2765,#2766);
#2764=CARTESIAN_POINT('',(1.25,239.407670571957,-151.496682093109));
#2765=DIRECTION('',(1.48741681433374E-17,0.5,-0.866025403784439));
#2766=DIRECTION('',(-6.12323399573677E-17,0.866025403784439,0.5));
#2767=FACE_OUTER_BOUND('',#2768,.T.);
#2768=EDGE_LOOP('',(#4403));
#2769=FACE_OUTER_BOUND('',#2770,.T.);
#2770=EDGE_LOOP('',(#4404));
#2771=CYLINDRICAL_SURFACE('',#2772,13.);
#2772=AXIS2_PLACEMENT_3D('',#2773,#2774,#2775);
#2773=CARTESIAN_POINT('',(-2.22044604925031E-16,248.,-146.535898384862));
#2774=DIRECTION('',(0.,-0.5,0.866025403784439));
#2775=DIRECTION('',(6.12323399573676E-17,0.866025403784439,0.5));
#2776=FACE_BOUND('',#2777,.T.);
#2777=EDGE_LOOP('',(#4405,#4406,#4407,#4408,#4409,#4410));
#2778=PLANE('',#2779);
#2779=AXIS2_PLACEMENT_3D('',#2780,#2781,#2782);
#2780=CARTESIAN_POINT('',(162.5,0.,-2.98507657292167E-14));
#2781=DIRECTION('',(1.,0.,-1.83697019872103E-16));
#2782=DIRECTION('',(-1.83697019872103E-16,1.22464679914735E-16,-1.));
#2783=FACE_BOUND('',#2784,.T.);
#2784=EDGE_LOOP('',(#4411,#4412,#4413,#4414));
#2785=PLANE('',#2786);
#2786=AXIS2_PLACEMENT_3D('',#2787,#2788,#2789);
#2787=CARTESIAN_POINT('',(162.5,0.,-2.98507657292167E-14));
#2788=DIRECTION('',(1.,0.,-1.83697019872103E-16));
#2789=DIRECTION('',(-1.83697019872103E-16,1.22464679914735E-16,-1.));
#2790=FACE_BOUND('',#2791,.T.);
#2791=EDGE_LOOP('',(#4415,#4416,#4417,#4418));
#2792=PLANE('',#2793);
#2793=AXIS2_PLACEMENT_3D('',#2794,#2795,#2796);
#2794=CARTESIAN_POINT('',(-162.5,0.,2.98507657292167E-14));
#2795=DIRECTION('',(1.,0.,-1.83697019872103E-16));
#2796=DIRECTION('',(-1.83697019872103E-16,1.22464679914735E-16,-1.));
#2797=FACE_BOUND('',#2798,.T.);
#2798=EDGE_LOOP('',(#4419,#4420,#4421,#4422,#4423,#4424));
#2799=PLANE('',#2800);
#2800=AXIS2_PLACEMENT_3D('',#2801,#2802,#2803);
#2801=CARTESIAN_POINT('',(-162.5,0.,2.98507657292167E-14));
#2802=DIRECTION('',(1.,0.,-1.83697019872103E-16));
#2803=DIRECTION('',(-1.83697019872103E-16,1.22464679914735E-16,-1.));
#2804=FACE_BOUND('',#2805,.T.);
#2805=EDGE_LOOP('',(#4425,#4426,#4427,#4428,#4429,#4430,#4431,#4432,#4433));
#2806=FACE_BOUND('',#2807,.T.);
#2807=EDGE_LOOP('',(#4434,#4435,#4436,#4437,#4438,#4439));
#2808=FACE_BOUND('',#2809,.T.);
#2809=EDGE_LOOP('',(#4440,#4441,#4442,#4443,#4444,#4445,#4446,#4447,#4448));
#2810=FACE_BOUND('',#2811,.T.);
#2811=EDGE_LOOP('',(#4449,#4450,#4451,#4452,#4453,#4454));
#2812=FACE_BOUND('',#2813,.T.);
#2813=EDGE_LOOP('',(#4455,#4456,#4457,#4458));
#2814=FACE_BOUND('',#2815,.T.);
#2815=EDGE_LOOP('',(#4459,#4460,#4461,#4462));
#2816=CYLINDRICAL_SURFACE('',#2817,6.);
#2817=AXIS2_PLACEMENT_3D('',#2818,#2819,#2820);
#2818=CARTESIAN_POINT('',(-162.5,0.,2.98507657292167E-14));
#2819=DIRECTION('',(1.,0.,-1.83697019872103E-16));
#2820=DIRECTION('',(-1.83697019872103E-16,1.22464679914735E-16,-1.));
#2821=FACE_BOUND('',#2822,.T.);
#2822=EDGE_LOOP('',(#4463,#4464,#4465,#4466,#4467,#4468,#4469,#4470,#4471));
#2823=FACE_BOUND('',#2824,.T.);
#2824=EDGE_LOOP('',(#4472,#4473,#4474,#4475,#4476,#4477));
#2825=FACE_BOUND('',#2826,.T.);
#2826=EDGE_LOOP('',(#4478,#4479,#4480,#4481,#4482,#4483,#4484,#4485,#4486));
#2827=FACE_BOUND('',#2828,.T.);
#2828=EDGE_LOOP('',(#4487,#4488,#4489,#4490,#4491,#4492));
#2829=FACE_BOUND('',#2830,.T.);
#2830=EDGE_LOOP('',(#4493,#4494,#4495,#4496));
#2831=FACE_BOUND('',#2832,.T.);
#2832=EDGE_LOOP('',(#4497,#4498,#4499,#4500));
#2833=CYLINDRICAL_SURFACE('',#2834,8.);
#2834=AXIS2_PLACEMENT_3D('',#2835,#2836,#2837);
#2835=CARTESIAN_POINT('',(-162.5,0.,2.98507657292167E-14));
#2836=DIRECTION('',(1.,0.,-1.83697019872103E-16));
#2837=DIRECTION('',(-1.83697019872103E-16,1.22464679914735E-16,-1.));
#2838=FACE_BOUND('',#2839,.T.);
#2839=EDGE_LOOP('',(#4501,#4502,#4503,#4504));
#2840=PLANE('',#2841);
#2841=AXIS2_PLACEMENT_3D('',#2842,#2843,#2844);
#2842=CARTESIAN_POINT('',(-142.5,-8.,-1.37500000000003));
#2843=DIRECTION('',(1.11022302462516E-17,5.55111512312578E-17,-1.));
#2844=DIRECTION('',(-1.,0.,-1.11022302462516E-17));
#2845=FACE_BOUND('',#2846,.T.);
#2846=EDGE_LOOP('',(#4505,#4506,#4507,#4508));
#2847=PLANE('',#2848);
#2848=AXIS2_PLACEMENT_3D('',#2849,#2850,#2851);
#2849=CARTESIAN_POINT('',(-142.5,-8.,-1.37500000000003));
#2850=DIRECTION('',(1.11022302462516E-17,5.55111512312578E-17,-1.));
#2851=DIRECTION('',(-1.,0.,-1.11022302462516E-17));
#2852=FACE_BOUND('',#2853,.T.);
#2853=EDGE_LOOP('',(#4509,#4510,#4511,#4512));
#2854=PLANE('',#2855);
#2855=AXIS2_PLACEMENT_3D('',#2856,#2857,#2858);
#2856=CARTESIAN_POINT('',(-142.5,-8.,1.12499999999997));
#2857=DIRECTION('',(1.,0.,0.));
#2858=DIRECTION('',(0.,0.,-1.));
#2859=FACE_BOUND('',#2860,.T.);
#2860=EDGE_LOOP('',(#4513,#4514,#4515,#4516));
#2861=PLANE('',#2862);
#2862=AXIS2_PLACEMENT_3D('',#2863,#2864,#2865);
#2863=CARTESIAN_POINT('',(-142.5,-8.,1.12499999999997));
#2864=DIRECTION('',(1.,0.,0.));
#2865=DIRECTION('',(0.,0.,-1.));
#2866=FACE_BOUND('',#2867,.T.);
#2867=EDGE_LOOP('',(#4517,#4518,#4519,#4520));
#2868=PLANE('',#2869);
#2869=AXIS2_PLACEMENT_3D('',#2870,#2871,#2872);
#2870=CARTESIAN_POINT('',(-162.5,-8.,1.12499999999996));
#2871=DIRECTION('',(-3.21964677141295E-16,-5.55111512312578E-17,1.));
#2872=DIRECTION('',(1.,0.,3.21964677141295E-16));
#2873=FACE_BOUND('',#2874,.T.);
#2874=EDGE_LOOP('',(#4521,#4522,#4523,#4524));
#2875=PLANE('',#2876);
#2876=AXIS2_PLACEMENT_3D('',#2877,#2878,#2879);
#2877=CARTESIAN_POINT('',(-162.5,-8.,1.12499999999996));
#2878=DIRECTION('',(-3.21964677141295E-16,-5.55111512312578E-17,1.));
#2879=DIRECTION('',(1.,0.,3.21964677141295E-16));
#2880=FACE_BOUND('',#2881,.T.);
#2881=EDGE_LOOP('',(#4525,#4526,#4527,#4528));
#2882=PLANE('',#2883);
#2883=AXIS2_PLACEMENT_3D('',#2884,#2885,#2886);
#2884=CARTESIAN_POINT('',(142.5,-8.,1.125));
#2885=DIRECTION('',(-2.22044604925031E-17,-5.55111512312578E-17,1.));
#2886=DIRECTION('',(1.,0.,2.22044604925031E-17));
#2887=FACE_BOUND('',#2888,.T.);
#2888=EDGE_LOOP('',(#4529,#4530,#4531,#4532));
#2889=PLANE('',#2890);
#2890=AXIS2_PLACEMENT_3D('',#2891,#2892,#2893);
#2891=CARTESIAN_POINT('',(142.5,-8.,1.125));
#2892=DIRECTION('',(-2.22044604925031E-17,-5.55111512312578E-17,1.));
#2893=DIRECTION('',(1.,0.,2.22044604925031E-17));
#2894=FACE_BOUND('',#2895,.T.);
#2895=EDGE_LOOP('',(#4533,#4534,#4535,#4536));
#2896=PLANE('',#2897);
#2897=AXIS2_PLACEMENT_3D('',#2898,#2899,#2900);
#2898=CARTESIAN_POINT('',(142.5,-8.,-1.375));
#2899=DIRECTION('',(-1.,0.,0.));
#2900=DIRECTION('',(0.,0.,1.));
#2901=FACE_BOUND('',#2902,.T.);
#2902=EDGE_LOOP('',(#4537,#4538,#4539,#4540));
#2903=PLANE('',#2904);
#2904=AXIS2_PLACEMENT_3D('',#2905,#2906,#2907);
#2905=CARTESIAN_POINT('',(142.5,-8.,-1.375));
#2906=DIRECTION('',(-1.,0.,0.));
#2907=DIRECTION('',(0.,0.,1.));
#2908=FACE_BOUND('',#2909,.T.);
#2909=EDGE_LOOP('',(#4541,#4542,#4543,#4544));
#2910=PLANE('',#2911);
#2911=AXIS2_PLACEMENT_3D('',#2912,#2913,#2914);
#2912=CARTESIAN_POINT('',(162.5,-8.,-1.37499999999999));
#2913=DIRECTION('',(2.77555756156289E-16,5.55111512312578E-17,-1.));
#2914=DIRECTION('',(-1.,0.,-2.77555756156289E-16));
#2915=FACE_BOUND('',#2916,.T.);
#2916=EDGE_LOOP('',(#4545,#4546,#4547,#4548));
#2917=PLANE('',#2918);
#2918=AXIS2_PLACEMENT_3D('',#2919,#2920,#2921);
#2919=CARTESIAN_POINT('',(162.5,-8.,-1.37499999999999));
#2920=DIRECTION('',(2.77555756156289E-16,5.55111512312578E-17,-1.));
#2921=DIRECTION('',(-1.,0.,-2.77555756156289E-16));
#2922=FACE_BOUND('',#2923,.T.);
#2923=EDGE_LOOP('',(#4549,#4550,#4551,#4552,#4553,#4554));
#2924=CYLINDRICAL_SURFACE('',#2925,3.50000000000001);
#2925=AXIS2_PLACEMENT_3D('',#2926,#2927,#2928);
#2926=CARTESIAN_POINT('',(152.246920266333,3.72783347701855E-5,-8.00000000000003));
#2927=DIRECTION('',(0.,0.,1.));
#2928=DIRECTION('',(-2.40505386273071E-6,-0.999999999997108,0.));
#2929=FACE_BOUND('',#2930,.T.);
#2930=EDGE_LOOP('',(#4555,#4556,#4557,#4558,#4559,#4560));
#2931=CYLINDRICAL_SURFACE('',#2932,3.50000000000001);
#2932=AXIS2_PLACEMENT_3D('',#2933,#2934,#2935);
#2933=CARTESIAN_POINT('',(148.746920266343,4.5696023289743E-5,-8.00000000000003));
#2934=DIRECTION('',(0.,0.,1.));
#2935=DIRECTION('',(0.00175744280060793,0.999998455696209,0.));
#2936=FACE_BOUND('',#2937,.T.);
#2937=EDGE_LOOP('',(#4561,#4562,#4563,#4564,#4565,#4566));
#2938=CYLINDRICAL_SURFACE('',#2939,3.50000000000001);
#2939=AXIS2_PLACEMENT_3D('',#2940,#2941,#2942);
#2940=CARTESIAN_POINT('',(-148.746920266343,4.56960233079592E-5,-8.00000000000003));
#2941=DIRECTION('',(0.,0.,1.));
#2942=DIRECTION('',(0.,-1.,0.));
#2943=FACE_BOUND('',#2944,.T.);
#2944=EDGE_LOOP('',(#4567,#4568,#4569,#4570,#4571,#4572));
#2945=CYLINDRICAL_SURFACE('',#2946,3.50000000000001);
#2946=AXIS2_PLACEMENT_3D('',#2947,#2948,#2949);
#2947=CARTESIAN_POINT('',(-152.246920266333,3.72783347888304E-5,-8.00000000000003));
#2948=DIRECTION('',(0.,0.,1.));
#2949=DIRECTION('',(-2.40505385461022E-6,0.999999999997108,0.));
#2950=FACE_BOUND('',#2951,.T.);
#2951=EDGE_LOOP('',(#4573,#4574,#4575,#4576));
#2952=CYLINDRICAL_SURFACE('',#2953,3.50000000000001);
#2953=AXIS2_PLACEMENT_3D('',#2954,#2955,#2956);
#2954=CARTESIAN_POINT('',(-152.246920266333,3.72783347888304E-5,-8.00000000000003));
#2955=DIRECTION('',(0.,0.,1.));
#2956=DIRECTION('',(-2.40505385461022E-6,0.999999999997108,0.));
#2957=FACE_BOUND('',#2958,.T.);
#2958=EDGE_LOOP('',(#4577,#4578,#4579,#4580));
#2959=CYLINDRICAL_SURFACE('',#2960,3.50000000000001);
#2960=AXIS2_PLACEMENT_3D('',#2961,#2962,#2963);
#2961=CARTESIAN_POINT('',(-148.746920266343,4.56960233079592E-5,-8.00000000000003));
#2962=DIRECTION('',(0.,0.,1.));
#2963=DIRECTION('',(0.,-1.,0.));
#2964=FACE_BOUND('',#2965,.T.);
#2965=EDGE_LOOP('',(#4581,#4582,#4583,#4584));
#2966=CYLINDRICAL_SURFACE('',#2967,3.50000000000001);
#2967=AXIS2_PLACEMENT_3D('',#2968,#2969,#2970);
#2968=CARTESIAN_POINT('',(148.746920266343,4.5696023289743E-5,-8.00000000000003));
#2969=DIRECTION('',(0.,0.,1.));
#2970=DIRECTION('',(0.00175744280060793,0.999998455696209,0.));
#2971=FACE_BOUND('',#2972,.T.);
#2972=EDGE_LOOP('',(#4585,#4586,#4587,#4588));
#2973=CYLINDRICAL_SURFACE('',#2974,3.50000000000001);
#2974=AXIS2_PLACEMENT_3D('',#2975,#2976,#2977);
#2975=CARTESIAN_POINT('',(152.246920266333,3.72783347701855E-5,-8.00000000000003));
#2976=DIRECTION('',(0.,0.,1.));
#2977=DIRECTION('',(-2.40505386273071E-6,-0.999999999997108,0.));
#2978=FACE_BOUND('',#2979,.T.);
#2979=EDGE_LOOP('',(#4589,#4590,#4591,#4592));
#2980=PLANE('',#2981);
#2981=AXIS2_PLACEMENT_3D('',#2982,#2983,#2984);
#2982=CARTESIAN_POINT('',(152.246928684022,3.50003727832466,-8.00000000000003));
#2983=DIRECTION('',(8.62266273622254E-7,0.999999999999628,0.));
#2984=DIRECTION('',(-0.999999999999628,8.62266273622254E-7,0.));
#2985=FACE_BOUND('',#2986,.T.);
#2986=EDGE_LOOP('',(#4593,#4594,#4595,#4596));
#2987=PLANE('',#2988);
#2988=AXIS2_PLACEMENT_3D('',#2989,#2990,#2991);
#2989=CARTESIAN_POINT('',(148.746920266343,-3.49995430397672,-8.00000000000003));
#2990=DIRECTION('',(-2.40505675511281E-6,-0.999999999997108,0.));
#2991=DIRECTION('',(0.999999999997108,-2.40505675511281E-6,0.));
#2992=FACE_BOUND('',#2993,.T.);
#2993=EDGE_LOOP('',(#4597,#4598,#4599,#4600));
#2994=PLANE('',#2995);
#2995=AXIS2_PLACEMENT_3D('',#2996,#2997,#2998);
#2996=CARTESIAN_POINT('',(-148.753071316145,3.50004029096005,-8.00000000000003));
#2997=DIRECTION('',(-8.62266273495148E-7,0.999999999999628,0.));
#2998=DIRECTION('',(-0.999999999999628,-8.62266273495148E-7,0.));
#2999=FACE_BOUND('',#3000,.T.);
#3000=EDGE_LOOP('',(#4601,#4602,#4603,#4604));
#3001=PLANE('',#3002);
#3002=AXIS2_PLACEMENT_3D('',#3003,#3004,#3005);
#3003=CARTESIAN_POINT('',(-152.246911848645,-3.4999627216551,-8.00000000000003));
#3004=DIRECTION('',(2.40505675498593E-6,-0.999999999997108,0.));
#3005=DIRECTION('',(0.999999999997108,2.40505675498593E-6,0.));
#3006=FACE_BOUND('',#3007,.T.);
#3007=EDGE_LOOP('',(#4605,#4606,#4607,#4608));
#3008=PLANE('',#3009);
#3009=AXIS2_PLACEMENT_3D('',#3010,#3011,#3012);
#3010=CARTESIAN_POINT('',(-148.753071316145,3.50004029096005,-8.00000000000003));
#3011=DIRECTION('',(-8.62266273495148E-7,0.999999999999628,0.));
#3012=DIRECTION('',(-0.999999999999628,-8.62266273495148E-7,0.));
#3013=FACE_BOUND('',#3014,.T.);
#3014=EDGE_LOOP('',(#4609,#4610,#4611,#4612));
#3015=PLANE('',#3016);
#3016=AXIS2_PLACEMENT_3D('',#3017,#3018,#3019);
#3017=CARTESIAN_POINT('',(-152.246911848645,-3.4999627216551,-8.00000000000003));
#3018=DIRECTION('',(2.40505675498593E-6,-0.999999999997108,0.));
#3019=DIRECTION('',(0.999999999997108,2.40505675498593E-6,0.));
#3020=FACE_BOUND('',#3021,.T.);
#3021=EDGE_LOOP('',(#4613,#4614,#4615,#4616));
#3022=PLANE('',#3023);
#3023=AXIS2_PLACEMENT_3D('',#3024,#3025,#3026);
#3024=CARTESIAN_POINT('',(152.246928684022,3.50003727832466,-8.00000000000003));
#3025=DIRECTION('',(8.62266273622254E-7,0.999999999999628,0.));
#3026=DIRECTION('',(-0.999999999999628,8.62266273622254E-7,0.));
#3027=FACE_BOUND('',#3028,.T.);
#3028=EDGE_LOOP('',(#4617,#4618,#4619,#4620));
#3029=PLANE('',#3030);
#3030=AXIS2_PLACEMENT_3D('',#3031,#3032,#3033);
#3031=CARTESIAN_POINT('',(148.746920266343,-3.49995430397672,-8.00000000000003));
#3032=DIRECTION('',(-2.40505675511281E-6,-0.999999999997108,0.));
#3033=DIRECTION('',(0.999999999997108,-2.40505675511281E-6,0.));
#3034=FACE_BOUND('',#3035,.T.);
#3035=EDGE_LOOP('',(#4621,#4622,#4623));
#3036=FACE_BOUND('',#3037,.T.);
#3037=EDGE_LOOP('',(#4624,#4625,#4626,#4627,#4628,#4629));
#3038=FACE_OUTER_BOUND('',#3039,.T.);
#3039=EDGE_LOOP('',(#4630));
#3040=FACE_BOUND('',#3041,.T.);
#3041=EDGE_LOOP('',(#4631,#4632,#4633,#4634,#4635,#4636));
#3042=FACE_BOUND('',#3043,.T.);
#3043=EDGE_LOOP('',(#4637,#4638,#4639,#4640));
#3044=FACE_BOUND('',#3045,.T.);
#3045=EDGE_LOOP('',(#4641,#4642,#4643,#4644));
#3046=CYLINDRICAL_SURFACE('',#3047,8.);
#3047=AXIS2_PLACEMENT_3D('',#3048,#3049,#3050);
#3048=CARTESIAN_POINT('',(0.,206.698729810778,-75.));
#3049=DIRECTION('',(0.,-0.5,0.866025403784439));
#3050=DIRECTION('',(1.,0.,0.));
#3051=FACE_BOUND('',#3052,.T.);
#3052=EDGE_LOOP('',(#4645,#4646,#4647));
#3053=FACE_BOUND('',#3054,.T.);
#3054=EDGE_LOOP('',(#4648,#4649,#4650,#4651,#4652,#4653));
#3055=FACE_OUTER_BOUND('',#3056,.T.);
#3056=EDGE_LOOP('',(#4654));
#3057=FACE_BOUND('',#3058,.T.);
#3058=EDGE_LOOP('',(#4655,#4656,#4657,#4658,#4659,#4660));
#3059=FACE_BOUND('',#3060,.T.);
#3060=EDGE_LOOP('',(#4661,#4662,#4663,#4664));
#3061=FACE_BOUND('',#3062,.T.);
#3062=EDGE_LOOP('',(#4665,#4666,#4667,#4668));
#3063=CYLINDRICAL_SURFACE('',#3064,10.);
#3064=AXIS2_PLACEMENT_3D('',#3065,#3066,#3067);
#3065=CARTESIAN_POINT('',(0.,206.698729810778,-75.));
#3066=DIRECTION('',(0.,0.5,-0.866025403784439));
#3067=DIRECTION('',(1.,0.,0.));
#3068=FACE_BOUND('',#3069,.T.);
#3069=EDGE_LOOP('',(#4669,#4670,#4671,#4672,#4673));
#3070=PLANE('',#3071);
#3071=AXIS2_PLACEMENT_3D('',#3072,#3073,#3074);
#3072=CARTESIAN_POINT('',(-9.92156741649222,221.41746824527,-102.993602791856));
#3073=DIRECTION('',(-0.242535625036333,0.485071250072664,-0.840168050416807));
#3074=DIRECTION('',(-0.970142500145332,-0.121267812518167,0.210042012604201));
#3075=FACE_BOUND('',#3076,.T.);
#3076=EDGE_LOOP('',(#4674,#4675,#4676,#4677,#4678));
#3077=PLANE('',#3078);
#3078=AXIS2_PLACEMENT_3D('',#3079,#3080,#3081);
#3079=CARTESIAN_POINT('',(-29.9215674164922,208.91746824527,-81.3429676972449));
#3080=DIRECTION('',(-0.242535625036333,-0.485071250072664,0.840168050416807));
#3081=DIRECTION('',(0.970142500145332,-0.121267812518166,0.210042012604202));
#3082=FACE_BOUND('',#3083,.T.);
#3083=EDGE_LOOP('',(#4679,#4680,#4681,#4682,#4683));
#3084=PLANE('',#3085);
#3085=AXIS2_PLACEMENT_3D('',#3086,#3087,#3088);
#3086=CARTESIAN_POINT('',(-9.92156741649222,212.91746824527,-88.2711709275204));
#3087=DIRECTION('',(0.,-0.499999999999998,0.86602540378444));
#3088=DIRECTION('',(1.,0.,0.));
#3089=FACE_BOUND('',#3090,.T.);
#3090=EDGE_LOOP('',(#4684,#4685,#4686,#4687,#4688));
#3091=PLANE('',#3092);
#3092=AXIS2_PLACEMENT_3D('',#3093,#3094,#3095);
#3093=CARTESIAN_POINT('',(-4.92156741649222,214.91746824527,-91.7352725426582));
#3094=DIRECTION('',(0.,0.499999999999998,-0.86602540378444));
#3095=DIRECTION('',(-1.,0.,0.));
#3096=FACE_BOUND('',#3097,.T.);
#3097=EDGE_LOOP('',(#4689,#4690,#4691,#4692));
#3098=FACE_BOUND('',#3099,.T.);
#3099=EDGE_LOOP('',(#4693,#4694,#4695,#4696));
#3100=PLANE('',#3101);
#3101=AXIS2_PLACEMENT_3D('',#3102,#3103,#3104);
#3102=CARTESIAN_POINT('',(-9.92156741649222,215.082531754731,-87.0211709275204));
#3103=DIRECTION('',(0.,0.866025403784438,0.500000000000001));
#3104=DIRECTION('',(1.,0.,0.));
#3105=FACE_BOUND('',#3106,.T.);
#3106=EDGE_LOOP('',(#4697,#4698,#4699,#4700));
#3107=PLANE('',#3108);
#3108=AXIS2_PLACEMENT_3D('',#3109,#3110,#3111);
#3109=CARTESIAN_POINT('',(-9.92156741649222,215.082531754731,-87.0211709275204));
#3110=DIRECTION('',(0.,0.866025403784438,0.500000000000001));
#3111=DIRECTION('',(1.,0.,0.));
#3112=FACE_BOUND('',#3113,.T.);
#3113=EDGE_LOOP('',(#4701,#4702,#4703,#4704));
#3114=FACE_BOUND('',#3115,.T.);
#3115=EDGE_LOOP('',(#4705,#4706,#4707,#4708));
#3116=PLANE('',#3117);
#3117=AXIS2_PLACEMENT_3D('',#3118,#3119,#3120);
#3118=CARTESIAN_POINT('',(-9.92156741649222,212.91746824527,-88.2711709275204));
#3119=DIRECTION('',(0.,0.866025403784438,0.500000000000001));
#3120=DIRECTION('',(1.,0.,0.));
#3121=FACE_BOUND('',#3122,.T.);
#3122=EDGE_LOOP('',(#4709,#4710,#4711,#4712));
#3123=PLANE('',#3124);
#3124=AXIS2_PLACEMENT_3D('',#3125,#3126,#3127);
#3125=CARTESIAN_POINT('',(-9.92156741649222,212.91746824527,-88.2711709275204));
#3126=DIRECTION('',(0.,0.866025403784438,0.500000000000001));
#3127=DIRECTION('',(1.,0.,0.));
#3128=FACE_BOUND('',#3129,.T.);
#3129=EDGE_LOOP('',(#4713,#4714,#4715));
#3130=FACE_BOUND('',#3131,.T.);
#3131=EDGE_LOOP('',(#4716,#4717));
#3132=TOROIDAL_SURFACE('',#3133,150.,8.);
#3133=AXIS2_PLACEMENT_3D('',#3134,#3135,#3136);
#3134=CARTESIAN_POINT('',(0.,76.7949192431123,-150.));
#3135=DIRECTION('',(-1.,0.,0.));
#3136=DIRECTION('',(0.,-1.8947806286936E-16,1.));
#3137=FACE_BOUND('',#3138,.T.);
#3138=EDGE_LOOP('',(#4718,#4719,#4720,#4721,#4722,#4723,#4724,#4725,#4726,#4727));
#3139=FACE_BOUND('',#3140,.T.);
#3140=EDGE_LOOP('',(#4728));
#3141=FACE_BOUND('',#3142,.T.);
#3142=EDGE_LOOP('',(#4729,#4730));
#3143=FACE_BOUND('',#3144,.T.);
#3144=EDGE_LOOP('',(#4731,#4732));
#3145=PLANE('',#3146);
#3146=AXIS2_PLACEMENT_3D('',#3147,#3148,#3149);
#3147=CARTESIAN_POINT('',(0.,250.,-150.));
#3148=DIRECTION('',(0.,0.5,-0.866025403784439));
#3149=DIRECTION('',(1.,0.,0.));
#3150=FACE_BOUND('',#3151,.T.);
#3151=EDGE_LOOP('',(#4733,#4734,#4735,#4736));
#3152=PLANE('',#3153);
#3153=AXIS2_PLACEMENT_3D('',#3154,#3155,#3156);
#3154=CARTESIAN_POINT('',(15.,215.082531754731,-87.0211709275204));
#3155=DIRECTION('',(0.,0.866025403784438,0.500000000000001));
#3156=DIRECTION('',(0.,0.500000000000001,-0.866025403784438));
#3157=FACE_BOUND('',#3158,.T.);
#3158=EDGE_LOOP('',(#4737,#4738,#4739,#4740));
#3159=PLANE('',#3160);
#3160=AXIS2_PLACEMENT_3D('',#3161,#3162,#3163);
#3161=CARTESIAN_POINT('',(15.,214.91746824527,-91.7352725426582));
#3162=DIRECTION('',(0.,-0.866025403784438,-0.500000000000001));
#3163=DIRECTION('',(0.,-0.500000000000001,0.866025403784438));
#3164=FACE_BOUND('',#3165,.T.);
#3165=EDGE_LOOP('',(#4741,#4742,#4743,#4744));
#3166=PLANE('',#3167);
#3167=AXIS2_PLACEMENT_3D('',#3168,#3169,#3170);
#3168=CARTESIAN_POINT('',(1.25,203.009607789698,-98.6102532241682));
#3169=DIRECTION('',(0.,0.500000000000002,-0.866025403784437));
#3170=DIRECTION('',(-1.,0.,0.));
#3171=FACE_BOUND('',#3172,.T.);
#3172=EDGE_LOOP('',(#4745,#4746,#4747,#4748));
#3173=PLANE('',#3174);
#3174=AXIS2_PLACEMENT_3D('',#3175,#3176,#3177);
#3175=CARTESIAN_POINT('',(-1.25,203.009607789698,-98.6102532241682));
#3176=DIRECTION('',(-1.,0.,0.));
#3177=DIRECTION('',(0.,-0.500000000000002,0.866025403784438));
#3178=FACE_BOUND('',#3179,.T.);
#3179=EDGE_LOOP('',(#4749,#4750,#4751,#4752));
#3180=PLANE('',#3181);
#3181=AXIS2_PLACEMENT_3D('',#3182,#3183,#3184);
#3182=CARTESIAN_POINT('',(-1.25,201.009607789698,-95.1461516090305));
#3183=DIRECTION('',(0.,-0.500000000000002,0.866025403784437));
#3184=DIRECTION('',(1.,0.,0.));
#3185=FACE_BOUND('',#3186,.T.);
#3186=EDGE_LOOP('',(#4753,#4754,#4755,#4756));
#3187=PLANE('',#3188);
#3188=AXIS2_PLACEMENT_3D('',#3189,#3190,#3191);
#3189=CARTESIAN_POINT('',(1.25,201.009607789698,-95.1461516090305));
#3190=DIRECTION('',(1.,0.,0.));
#3191=DIRECTION('',(0.,0.500000000000002,-0.866025403784438));
#3192=FACE_BOUND('',#3193,.T.);
#3193=EDGE_LOOP('',(#4757,#4758,#4759,#4760));
#3194=PLANE('',#3195);
#3195=AXIS2_PLACEMENT_3D('',#3196,#3197,#3198);
#3196=CARTESIAN_POINT('',(1.25,205.407659418422,-92.6069353172766));
#3197=DIRECTION('',(-1.,-6.1232339957368E-17,1.06057523872491E-16));
#3198=DIRECTION('',(-7.49879891330929E-33,0.866025403784437,0.500000000000002));
#3199=FACE_BOUND('',#3200,.T.);
#3200=EDGE_LOOP('',(#4761,#4762,#4763,#4764));
#3201=PLANE('',#3202);
#3202=AXIS2_PLACEMENT_3D('',#3203,#3204,#3205);
#3203=CARTESIAN_POINT('',(1.25,205.407659418422,-92.6069353172766));
#3204=DIRECTION('',(0.,-0.500000000000003,0.866025403784437));
#3205=DIRECTION('',(0.,0.866025403784437,0.500000000000003));
#3206=FACE_BOUND('',#3207,.T.);
#3207=EDGE_LOOP('',(#4765,#4766,#4767,#4768));
#3208=PLANE('',#3209);
#3209=AXIS2_PLACEMENT_3D('',#3210,#3211,#3212);
#3210=CARTESIAN_POINT('',(-1.25,205.407659418422,-92.6069353172766));
#3211=DIRECTION('',(-1.,-6.1232339957368E-17,1.06057523872491E-16));
#3212=DIRECTION('',(-7.49879891330929E-33,0.866025403784437,0.500000000000002));
#3213=FACE_BOUND('',#3214,.T.);
#3214=EDGE_LOOP('',(#4769,#4770,#4771,#4772));
#3215=PLANE('',#3216);
#3216=AXIS2_PLACEMENT_3D('',#3217,#3218,#3219);
#3217=CARTESIAN_POINT('',(1.25,211.737786437344,-93.5710369324143));
#3218=DIRECTION('',(0.,0.500000000000003,-0.866025403784437));
#3219=DIRECTION('',(0.,-0.866025403784437,-0.500000000000003));
#3220=FACE_BOUND('',#3221,.T.);
#3221=EDGE_LOOP('',(#4773));
#3222=FACE_BOUND('',#3223,.T.);
#3223=EDGE_LOOP('',(#4774));
#3224=PLANE('',#3225);
#3225=AXIS2_PLACEMENT_3D('',#3226,#3227,#3228);
#3226=CARTESIAN_POINT('',(1.25,224.407670571957,-125.515919979575));
#3227=DIRECTION('',(0.,-0.5,0.866025403784439));
#3228=DIRECTION('',(6.12323399573677E-17,0.866025403784439,0.5));
#3229=FACE_BOUND('',#3230,.T.);
#3230=EDGE_LOOP('',(#4775,#4776,#4777));
#3231=FACE_BOUND('',#3232,.T.);
#3232=EDGE_LOOP('',(#4778,#4779));
#3233=TOROIDAL_SURFACE('',#3234,150.,10.);
#3234=AXIS2_PLACEMENT_3D('',#3235,#3236,#3237);
#3235=CARTESIAN_POINT('',(0.,76.7949192431123,-150.));
#3236=DIRECTION('',(-1.,0.,0.));
#3237=DIRECTION('',(0.,-1.8947806286936E-16,1.));
#3238=FACE_BOUND('',#3239,.T.);
#3239=EDGE_LOOP('',(#4780,#4781,#4782,#4783));
#3240=FACE_BOUND('',#3241,.T.);
#3241=EDGE_LOOP('',(#4784,#4785,#4786,#4787));
#3242=PLANE('',#3243);
#3243=AXIS2_PLACEMENT_3D('',#3244,#3245,#3246);
#3244=CARTESIAN_POINT('',(1.25,205.407659418422,-92.6069353172766));
#3245=DIRECTION('',(-1.,-6.1232339957368E-17,1.06057523872491E-16));
#3246=DIRECTION('',(-7.49879891330929E-33,0.866025403784437,0.500000000000002));
#3247=FACE_BOUND('',#3248,.T.);
#3248=EDGE_LOOP('',(#4788,#4789,#4790,#4791));
#3249=PLANE('',#3250);
#3250=AXIS2_PLACEMENT_3D('',#3251,#3252,#3253);
#3251=CARTESIAN_POINT('',(1.25,213.907659418422,-107.329367181612));
#3252=DIRECTION('',(0.,0.275029237468467,-0.961435862934972));
#3253=DIRECTION('',(2.15414908165752E-17,-0.961435862934972,-0.275029237468467));
#3254=FACE_BOUND('',#3255,.T.);
#3255=EDGE_LOOP('',(#4792,#4793,#4794,#4795));
#3256=FACE_BOUND('',#3257,.T.);
#3257=EDGE_LOOP('',(#4796,#4797,#4798,#4799));
#3258=PLANE('',#3259);
#3259=AXIS2_PLACEMENT_3D('',#3260,#3261,#3262);
#3260=CARTESIAN_POINT('',(-1.25,205.407659418422,-92.6069353172766));
#3261=DIRECTION('',(-1.,-6.1232339957368E-17,1.06057523872491E-16));
#3262=DIRECTION('',(-7.49879891330929E-33,0.866025403784437,0.500000000000002));
#3263=FACE_BOUND('',#3264,.T.);
#3264=EDGE_LOOP('',(#4800,#4801,#4802,#4803));
#3265=PLANE('',#3266);
#3266=AXIS2_PLACEMENT_3D('',#3267,#3268,#3269);
#3267=CARTESIAN_POINT('',(1.25,184.087151342733,-95.6787320870011));
#3268=DIRECTION('',(0.,-0.695113262676869,0.718900237898638));
#3269=DIRECTION('',(3.23122362248628E-17,0.718900237898638,0.695113262676869));
#3270=FACE_BOUND('',#3271,.T.);
#3271=EDGE_LOOP('',(#4804,#4805,#4806,#4807));
#3272=PLANE('',#3273);
#3273=AXIS2_PLACEMENT_3D('',#3274,#3275,#3276);
#3274=CARTESIAN_POINT('',(-29.9215674164922,218.91746824527,-98.6634757729337));
#3275=DIRECTION('',(-1.,0.,0.));
#3276=DIRECTION('',(0.,-0.5,0.866025403784439));
#3277=FACE_BOUND('',#3278,.T.);
#3278=EDGE_LOOP('',(#4808,#4809,#4810,#4811));
#3279=PLANE('',#3280);
#3280=AXIS2_PLACEMENT_3D('',#3281,#3282,#3283);
#3281=CARTESIAN_POINT('',(-4.92156741649222,212.91746824527,-88.2711709275204));
#3282=DIRECTION('',(1.,0.,0.));
#3283=DIRECTION('',(0.,0.500000000000001,-0.866025403784439));
#3284=FACE_BOUND('',#3285,.T.);
#3285=EDGE_LOOP('',(#4812,#4813,#4814,#4815));
#3286=CYLINDRICAL_SURFACE('',#3287,3.50000000000001);
#3287=AXIS2_PLACEMENT_3D('',#3288,#3289,#3290);
#3288=CARTESIAN_POINT('',(-21.9215632075988,214.792488688225,-91.5188015999492));
#3289=DIRECTION('',(0.,0.86602540378444,0.499999999999998));
#3290=DIRECTION('',(0.999998455696209,-0.00087872140030409,0.00152199011102476));
#3291=FACE_BOUND('',#3292,.T.);
#3292=EDGE_LOOP('',(#4816,#4817,#4818,#4819));
#3293=PLANE('',#3294);
#3294=AXIS2_PLACEMENT_3D('',#3295,#3296,#3297);
#3295=CARTESIAN_POINT('',(-18.4215716252974,213.042484479386,-88.4877053967803));
#3296=DIRECTION('',(0.999999999999629,-4.31133136556913E-7,7.46744497343107E-7));
#3297=DIRECTION('',(8.62266273113828E-7,0.499999999999817,-0.866025403784115));
#3298=FACE_BOUND('',#3299,.T.);
#3299=EDGE_LOOP('',(#4820,#4821,#4822,#4823));
#3300=CYLINDRICAL_SURFACE('',#3301,3.50000000000001);
#3301=AXIS2_PLACEMENT_3D('',#3302,#3303,#3304);
#3302=CARTESIAN_POINT('',(-21.9215716252873,213.04248868823,-88.4877126867124));
#3303=DIRECTION('',(0.,0.86602540378444,0.499999999999998));
#3304=DIRECTION('',(-0.999999999997108,1.20252693142879E-6,-2.08283774270457E-6));
#3305=FACE_BOUND('',#3306,.T.);
#3306=EDGE_LOOP('',(#4824,#4825,#4826,#4827));
#3307=PLANE('',#3308);
#3308=AXIS2_PLACEMENT_3D('',#3309,#3310,#3311);
#3309=CARTESIAN_POINT('',(-25.4215632075988,214.792488688225,-91.5188015999492));
#3310=DIRECTION('',(-0.999999999997108,1.20252837755641E-6,-2.08284024747107E-6));
#3311=DIRECTION('',(-2.40505675511282E-6,-0.499999999998551,0.866025403781936));
#3312=FACE_BOUND('',#3313,.T.);
#3313=EDGE_LOOP('',(#4828,#4829));
#3314=FACE_OUTER_BOUND('',#3315,.T.);
#3315=EDGE_LOOP('',(#4830));
#3316=CYLINDRICAL_SURFACE('',#3317,8.);
#3317=AXIS2_PLACEMENT_3D('',#3318,#3319,#3320);
#3318=CARTESIAN_POINT('',(0.,0.,0.));
#3319=DIRECTION('',(0.,-1.,-3.70098825684398E-16));
#3320=DIRECTION('',(1.,0.,0.));
#3321=FACE_BOUND('',#3322,.T.);
#3322=EDGE_LOOP('',(#4831,#4832,#4833,#4834));
#3323=CYLINDRICAL_SURFACE('',#3324,20.);
#3324=AXIS2_PLACEMENT_3D('',#3325,#3326,#3327);
#3325=CARTESIAN_POINT('',(-6.66133814775094E-16,248.,-146.535898384862));
#3326=DIRECTION('',(0.,0.499999999999999,-0.866025403784439));
#3327=DIRECTION('',(-0.916494629953563,-0.346450855028115,-0.200023494411457));
#3328=FACE_BOUND('',#3329,.T.);
#3329=EDGE_LOOP('',(#4835,#4836,#4837,#4838));
#3330=PLANE('',#3331);
#3331=AXIS2_PLACEMENT_3D('',#3332,#3333,#3334);
#3332=CARTESIAN_POINT('',(-18.3298925990712,254.929017100562,-142.535428496633));
#3333=DIRECTION('',(-0.916494629953563,0.346450855028114,0.20002349441146));
#3334=DIRECTION('',(0.400046988822916,0.793707631971803,0.458247314976782));
#3335=FACE_BOUND('',#3336,.T.);
#3336=EDGE_LOOP('',(#4839,#4840,#4841,#4842));
#3337=CYLINDRICAL_SURFACE('',#3338,8.00000000000002);
#3338=AXIS2_PLACEMENT_3D('',#3339,#3340,#3341);
#3339=CARTESIAN_POINT('',(0.00153808747824979,273.980762079387,-131.535898404577));
#3340=DIRECTION('',(0.,0.499999999999999,-0.866025403784439));
#3341=DIRECTION('',(-0.916494629953563,0.346450855028115,0.200023494411457));
#3342=FACE_BOUND('',#3343,.T.);
#3343=EDGE_LOOP('',(#4843,#4844,#4845,#4846));
#3344=CYLINDRICAL_SURFACE('',#3345,8.00000000000002);
#3345=AXIS2_PLACEMENT_3D('',#3346,#3347,#3348);
#3346=CARTESIAN_POINT('',(-0.00153808747825468,273.980762079387,-131.535898404577));
#3347=DIRECTION('',(0.,0.499999999999999,-0.866025403784439));
#3348=DIRECTION('',(0.000192260934781468,0.866025387778442,0.499999990758932));
#3349=FACE_BOUND('',#3350,.T.);
#3350=EDGE_LOOP('',(#4847,#4848,#4849,#4850));
#3351=PLANE('',#3352);
#3352=AXIS2_PLACEMENT_3D('',#3353,#3354,#3355);
#3353=CARTESIAN_POINT('',(7.33041895215024,276.752368919612,-129.935710449285));
#3354=DIRECTION('',(0.916494629953563,0.346450855028115,0.200023494411458));
#3355=DIRECTION('',(0.400046988822916,-0.793707631971803,-0.458247314976782));
#3356=FACE_BOUND('',#3357,.T.);
#3357=EDGE_LOOP('',(#4851,#4852,#4853,#4854));
#3358=CYLINDRICAL_SURFACE('',#3359,20.);
#3359=AXIS2_PLACEMENT_3D('',#3360,#3361,#3362);
#3360=CARTESIAN_POINT('',(-6.66133814775094E-16,248.,-146.535898384862));
#3361=DIRECTION('',(0.,0.499999999999999,-0.866025403784439));
#3362=DIRECTION('',(0.916494629953563,0.346450855028115,0.200023494411457));
#3363=FACE_BOUND('',#3364,.T.);
#3364=EDGE_LOOP('',(#4855,#4856,#4857,#4858));
#3365=PLANE('',#3366);
#3366=AXIS2_PLACEMENT_3D('',#3367,#3368,#3369);
#3367=CARTESIAN_POINT('',(18.3298925990712,241.070982899438,-150.536368273091));
#3368=DIRECTION('',(0.916494629953563,-0.346450855028115,-0.200023494411458));
#3369=DIRECTION('',(-0.400046988822916,-0.793707631971804,-0.458247314976781));
#3370=FACE_BOUND('',#3371,.T.);
#3371=EDGE_LOOP('',(#4859,#4860,#4861,#4862));
#3372=CYLINDRICAL_SURFACE('',#3373,8.00000000000002);
#3373=AXIS2_PLACEMENT_3D('',#3374,#3375,#3376);
#3374=CARTESIAN_POINT('',(-0.0015380874782509,222.019237920613,-161.535898365148));
#3375=DIRECTION('',(0.,0.499999999999999,-0.866025403784439));
#3376=DIRECTION('',(0.916494629953563,-0.346450855028114,-0.200023494411457));
#3377=FACE_BOUND('',#3378,.T.);
#3378=EDGE_LOOP('',(#4863,#4864,#4865,#4866));
#3379=CYLINDRICAL_SURFACE('',#3380,8.00000000000002);
#3380=AXIS2_PLACEMENT_3D('',#3381,#3382,#3383);
#3381=CARTESIAN_POINT('',(0.00153808747825357,222.019237920613,-161.535898365148));
#3382=DIRECTION('',(0.,0.499999999999999,-0.866025403784439));
#3383=DIRECTION('',(-0.000192260934781274,-0.866025387778442,-0.499999990758932));
#3384=FACE_BOUND('',#3385,.T.);
#3385=EDGE_LOOP('',(#4867,#4868,#4869,#4870));
#3386=PLANE('',#3387);
#3387=AXIS2_PLACEMENT_3D('',#3388,#3389,#3390);
#3388=CARTESIAN_POINT('',(-7.33041895215024,219.247631080388,-163.13608632044));
#3389=DIRECTION('',(-0.916494629953563,-0.346450855028115,-0.200023494411458));
#3390=DIRECTION('',(-0.400046988822916,0.793707631971804,0.458247314976781));
#3391=FACE_BOUND('',#3392,.T.);
#3392=EDGE_LOOP('',(#4871,#4872,#4873,#4874));
#3393=CYLINDRICAL_SURFACE('',#3394,3.25);
#3394=AXIS2_PLACEMENT_3D('',#3395,#3396,#3397);
#3395=CARTESIAN_POINT('',(0.00153808747824979,273.980762079387,-131.535898404577));
#3396=DIRECTION('',(0.,0.499999999999999,-0.866025403784439));
#3397=DIRECTION('',(-0.000473257685615874,-0.866025306801351,-0.499999944006787));
#3398=FACE_BOUND('',#3399,.T.);
#3399=EDGE_LOOP('',(#4875,#4876,#4877,#4878));
#3400=CYLINDRICAL_SURFACE('',#3401,3.25);
#3401=AXIS2_PLACEMENT_3D('',#3402,#3403,#3404);
#3402=CARTESIAN_POINT('',(-0.00153808747825468,273.980762079387,-131.535898404577));
#3403=DIRECTION('',(0.,0.499999999999999,-0.866025403784439));
#3404=DIRECTION('',(0.000473257685616011,0.866025306801351,0.499999944006787));
#3405=FACE_BOUND('',#3406,.T.);
#3406=EDGE_LOOP('',(#4879,#4880,#4881,#4882));
#3407=CYLINDRICAL_SURFACE('',#3408,3.25);
#3408=AXIS2_PLACEMENT_3D('',#3409,#3410,#3411);
#3409=CARTESIAN_POINT('',(-0.0015380874782509,222.019237920613,-161.535898365148));
#3410=DIRECTION('',(0.,0.499999999999999,-0.866025403784439));
#3411=DIRECTION('',(0.000473257685616011,0.866025306801351,0.499999944006787));
#3412=FACE_BOUND('',#3413,.T.);
#3413=EDGE_LOOP('',(#4883,#4884,#4885,#4886));
#3414=CYLINDRICAL_SURFACE('',#3415,3.25);
#3415=AXIS2_PLACEMENT_3D('',#3416,#3417,#3418);
#3416=CARTESIAN_POINT('',(0.00153808747825357,222.019237920613,-161.535898365148));
#3417=DIRECTION('',(0.,0.499999999999999,-0.866025403784439));
#3418=DIRECTION('',(-0.000473257685615874,-0.866025306801351,-0.499999944006787));
#3419=FACE_BOUND('',#3420,.T.);
#3420=EDGE_LOOP('',(#4887,#4888,#4889,#4890,#4891,#4892));
#3421=PLANE('',#3422);
#3422=AXIS2_PLACEMENT_3D('',#3423,#3424,#3425);
#3423=CARTESIAN_POINT('',(15.,212.91746824527,-88.2711709275204));
#3424=DIRECTION('',(0.,-0.500000000000003,0.866025403784437));
#3425=DIRECTION('',(0.,0.866025403784437,0.500000000000003));
#3426=FACE_BOUND('',#3427,.T.);
#3427=EDGE_LOOP('',(#4893,#4894,#4895,#4896,#4897,#4898));
#3428=PLANE('',#3429);
#3429=AXIS2_PLACEMENT_3D('',#3430,#3431,#3432);
#3430=CARTESIAN_POINT('',(15.,217.082531754731,-90.4852725426581));
#3431=DIRECTION('',(0.,0.500000000000008,-0.866025403784434));
#3432=DIRECTION('',(0.,-0.866025403784434,-0.500000000000008));
#3433=FACE_BOUND('',#3434,.T.);
#3434=EDGE_LOOP('',(#4899,#4900,#4901,#4902));
#3435=PLANE('',#3436);
#3436=AXIS2_PLACEMENT_3D('',#3437,#3438,#3439);
#3437=CARTESIAN_POINT('',(1.25,209.737786437344,-90.1069353172766));
#3438=DIRECTION('',(6.16297582203915E-33,0.866025403784439,0.500000000000001));
#3439=DIRECTION('',(-1.11022302462516E-16,0.500000000000001,-0.866025403784439));
#3440=FACE_OUTER_BOUND('',#3441,.T.);
#3441=EDGE_LOOP('',(#4903));
#3442=FACE_OUTER_BOUND('',#3443,.T.);
#3443=EDGE_LOOP('',(#4904));
#3444=CONICAL_SURFACE('',#3445,12.5,0.785398163397444);
#3445=AXIS2_PLACEMENT_3D('',#3446,#3447,#3448);
#3446=CARTESIAN_POINT('',(-2.22044604925031E-16,233.25,-120.988148973221));
#3447=DIRECTION('',(0.,0.5,-0.866025403784439));
#3448=DIRECTION('',(-5.84861693688349E-17,-0.866025403784439,-0.5));
#3449=FACE_BOUND('',#3450,.T.);
#3450=EDGE_LOOP('',(#4905,#4906));
#3451=FACE_OUTER_BOUND('',#3452,.T.);
#3452=EDGE_LOOP('',(#4907));
#3453=CYLINDRICAL_SURFACE('',#3454,10.);
#3454=AXIS2_PLACEMENT_3D('',#3455,#3456,#3457);
#3455=CARTESIAN_POINT('',(0.,0.,0.));
#3456=DIRECTION('',(0.,1.,3.70098825684398E-16));
#3457=DIRECTION('',(1.,0.,0.));
#3458=FACE_BOUND('',#3459,.T.);
#3459=EDGE_LOOP('',(#4908,#4909,#4910,#4911));
#3460=PLANE('',#3461);
#3461=AXIS2_PLACEMENT_3D('',#3462,#3463,#3464);
#3462=CARTESIAN_POINT('',(1.25,194.087151342733,-112.99924016269));
#3463=DIRECTION('',(6.16297582203915E-33,-0.866025403784437,-0.500000000000003));
#3464=DIRECTION('',(1.22124532708767E-16,-0.500000000000003,0.866025403784437));
#3465=FACE_BOUND('',#3466,.T.);
#3466=EDGE_LOOP('',(#4912,#4913,#4914,#4915));
#3467=PLANE('',#3468);
#3468=AXIS2_PLACEMENT_3D('',#3469,#3470,#3471);
#3469=CARTESIAN_POINT('',(1.25,193.859289747727,-103.604563885259));
#3470=DIRECTION('',(-6.16297582203915E-33,-0.866024201253558,-0.500002082838798));
#3471=DIRECTION('',(1.26882936546029E-16,-0.500002082838798,0.866024201253558));
#3472=FACE_BOUND('',#3473,.T.);
#3473=EDGE_LOOP('',(#4916,#4917,#4918,#4919));
#3474=CYLINDRICAL_SURFACE('',#3475,3.50000000000001);
#3475=AXIS2_PLACEMENT_3D('',#3476,#3477,#3478);
#3476=CARTESIAN_POINT('',(1.25,195.140371371046,-98.8234791808662));
#3477=DIRECTION('',(-1.,0.,0.));
#3478=DIRECTION('',(0.,-0.866024201255001,-0.500002082836299));
#3479=FACE_BOUND('',#3480,.T.);
#3480=EDGE_LOOP('',(#4920,#4921,#4922,#4923));
#3481=PLANE('',#3482);
#3482=AXIS2_PLACEMENT_3D('',#3483,#3484,#3485);
#3483=CARTESIAN_POINT('',(1.25,198.171456075438,-97.0734718909391));
#3484=DIRECTION('',(0.,0.866024972650978,0.500000746744316));
#3485=DIRECTION('',(-1.27105706699137E-16,0.500000746744316,-0.866024972650978));
#3486=FACE_BOUND('',#3487,.T.);
#3487=EDGE_LOOP('',(#4924,#4925,#4926,#4927));
#3488=CYLINDRICAL_SURFACE('',#3489,3.50000000000001);
#3489=AXIS2_PLACEMENT_3D('',#3490,#3491,#3492);
#3490=CARTESIAN_POINT('',(1.25,196.890378660973,-101.854563885259));
#3491=DIRECTION('',(-1.,0.,0.));
#3492=DIRECTION('',(0.,0.865145344977819,0.501521217959132));
#3493=FACE_BOUND('',#3494,.T.);
#3494=EDGE_LOOP('',(#4928));
#3495=FACE_BOUND('',#3496,.T.);
#3496=EDGE_LOOP('',(#4929));
#3497=PLANE('',#3498);
#3498=AXIS2_PLACEMENT_3D('',#3499,#3500,#3501);
#3499=CARTESIAN_POINT('',(0.,0.,0.));
#3500=DIRECTION('',(0.,1.,0.));
#3501=DIRECTION('',(1.,0.,0.));
#3502=FACE_BOUND('',#3503,.T.);
#3503=EDGE_LOOP('',(#4930,#4931,#4932,#4933));
#3504=CONICAL_SURFACE('',#3505,19.5,0.785398163397459);
#3505=AXIS2_PLACEMENT_3D('',#3506,#3507,#3508);
#3506=CARTESIAN_POINT('',(-6.58696730703425E-16,248.25,-146.968911086754));
#3507=DIRECTION('',(-2.77555756156289E-17,0.5,-0.866025403784439));
#3508=DIRECTION('',(-0.869389297473,-0.427927198340504,-0.247063883155452));
#3509=FACE_BOUND('',#3510,.T.);
#3510=EDGE_LOOP('',(#4934,#4935,#4936,#4937));
#3511=PLANE('',#3512);
#3512=AXIS2_PLACEMENT_3D('',#3513,#3514,#3515);
#3513=CARTESIAN_POINT('',(-19.9300805543629,252.254186572675,-145.234443160325));
#3514=DIRECTION('',(0.648059567761225,0.108575641655012,-0.753810404990762));
#3515=DIRECTION('',(0.400046988822916,0.793707631971803,0.458247314976782));
#3516=FACE_BOUND('',#3517,.T.);
#3517=EDGE_LOOP('',(#4938,#4939,#4940,#4941));
#3518=CONICAL_SURFACE('',#3519,7.50000000000002,0.785398163397452);
#3519=AXIS2_PLACEMENT_3D('',#3520,#3521,#3522);
#3520=CARTESIAN_POINT('',(0.0015380874782498,274.230762079387,-131.968911106469));
#3521=DIRECTION('',(2.08166817117217E-17,0.5,-0.866025403784439));
#3522=DIRECTION('',(-0.99209085455395,0.108705115945894,0.0627609279536514));
#3523=FACE_BOUND('',#3524,.T.);
#3524=EDGE_LOOP('',(#4942,#4943,#4944,#4945));
#3525=CONICAL_SURFACE('',#3526,7.49999999999999,0.785398163397439);
#3526=AXIS2_PLACEMENT_3D('',#3527,#3528,#3529);
#3527=CARTESIAN_POINT('',(-0.00153808747825467,274.230762079387,-131.968911106469));
#3528=DIRECTION('',(1.38777878078145E-17,0.5,-0.866025403784439));
#3529=DIRECTION('',(-0.281658380124942,0.830964149454744,0.479757375374625));
#3530=FACE_BOUND('',#3531,.T.);
#3531=EDGE_LOOP('',(#4946,#4947,#4948,#4949));
#3532=PLANE('',#3533);
#3533=AXIS2_PLACEMENT_3D('',#3534,#3535,#3536);
#3534=CARTESIAN_POINT('',(5.73023099685857,280.427199447499,-128.968746593162));
#3535=DIRECTION('',(-0.648059567761232,0.108575641655004,-0.753810404990757));
#3536=DIRECTION('',(0.400046988822917,-0.793707631971804,-0.458247314976781));
#3537=FACE_BOUND('',#3538,.T.);
#3538=EDGE_LOOP('',(#4950,#4951,#4952,#4953));
#3539=CONICAL_SURFACE('',#3540,19.5,0.785398163397439);
#3540=AXIS2_PLACEMENT_3D('',#3541,#3542,#3543);
#3541=CARTESIAN_POINT('',(-6.58696730703425E-16,248.25,-146.968911086754));
#3542=DIRECTION('',(0.,0.5,-0.866025403784439));
#3543=DIRECTION('',(0.869389297473,0.427927198340504,0.247063883155452));
#3544=FACE_BOUND('',#3545,.T.);
#3545=EDGE_LOOP('',(#4954,#4955,#4956,#4957));
#3546=PLANE('',#3547);
#3547=AXIS2_PLACEMENT_3D('',#3548,#3549,#3550);
#3548=CARTESIAN_POINT('',(19.9300805543629,244.745813427325,-149.569404416969));
#3549=DIRECTION('',(-0.648059567761229,0.59853113953153,-0.470934466400812));
#3550=DIRECTION('',(-0.400046988822916,-0.793707631971804,-0.458247314976781));
#3551=FACE_BOUND('',#3552,.T.);
#3552=EDGE_LOOP('',(#4958,#4959,#4960,#4961));
#3553=CONICAL_SURFACE('',#3554,7.50000000000002,0.785398163397442);
#3554=AXIS2_PLACEMENT_3D('',#3555,#3556,#3557);
#3555=CARTESIAN_POINT('',(-0.0015380874782509,222.269237920613,-161.96891106704));
#3556=DIRECTION('',(2.08166817117217E-17,0.5,-0.866025403784439));
#3557=DIRECTION('',(0.99209085455395,-0.108705115945896,-0.0627609279536523));
#3558=FACE_BOUND('',#3559,.T.);
#3559=EDGE_LOOP('',(#4962,#4963,#4964,#4965));
#3560=CONICAL_SURFACE('',#3561,7.50000000000001,0.785398163397476);
#3561=AXIS2_PLACEMENT_3D('',#3562,#3563,#3564);
#3562=CARTESIAN_POINT('',(0.00153808747825358,222.269237920613,-161.96891106704));
#3563=DIRECTION('',(1.38777878078145E-17,0.5,-0.866025403784439));
#3564=DIRECTION('',(0.281658380124942,-0.830964149454744,-0.479757375374624));
#3565=FACE_BOUND('',#3566,.T.);
#3566=EDGE_LOOP('',(#4966,#4967,#4968,#4969));
#3567=PLANE('',#3568);
#3568=AXIS2_PLACEMENT_3D('',#3569,#3570,#3571);
#3569=CARTESIAN_POINT('',(-5.73023099685857,216.572800552501,-165.835100984131));
#3570=DIRECTION('',(0.648059567761236,0.598531139531529,-0.470934466400804));
#3571=DIRECTION('',(-0.400046988822916,0.793707631971803,0.458247314976782));
#3572=FACE_BOUND('',#3573,.T.);
#3573=EDGE_LOOP('',(#4970,#4971,#4972,#4973,#4974,#4975,#4976,#4977,#4978,#4979));
#3574=FACE_BOUND('',#3575,.T.);
#3575=EDGE_LOOP('',(#4980,#4981));
#3576=FACE_BOUND('',#3577,.T.);
#3577=EDGE_LOOP('',(#4982,#4983));
#3578=FACE_BOUND('',#3579,.T.);
#3579=EDGE_LOOP('',(#4984));
#3580=PLANE('',#3581);
#3581=AXIS2_PLACEMENT_3D('',#3582,#3583,#3584);
#3582=CARTESIAN_POINT('',(1.25,239.407670571957,-151.496682093109));
#3583=DIRECTION('',(1.48741681433374E-17,0.5,-0.866025403784439));
#3584=DIRECTION('',(-6.12323399573677E-17,0.866025403784439,0.5));
#3585=FACE_OUTER_BOUND('',#3586,.T.);
#3586=EDGE_LOOP('',(#4985));
#3587=FACE_OUTER_BOUND('',#3588,.T.);
#3588=EDGE_LOOP('',(#4986));
#3589=CYLINDRICAL_SURFACE('',#3590,13.);
#3590=AXIS2_PLACEMENT_3D('',#3591,#3592,#3593);
#3591=CARTESIAN_POINT('',(-2.22044604925031E-16,248.,-146.535898384862));
#3592=DIRECTION('',(0.,-0.5,0.866025403784439));
#3593=DIRECTION('',(6.12323399573676E-17,0.866025403784439,0.5));
#3594=FACE_BOUND('',#3595,.T.);
#3595=EDGE_LOOP('',(#4987,#4988,#4989,#4990,#4991,#4992));
#3596=PLANE('',#3597);
#3597=AXIS2_PLACEMENT_3D('',#3598,#3599,#3600);
#3598=CARTESIAN_POINT('',(165.,0.,-3.0310008278897E-14));
#3599=DIRECTION('',(1.,0.,-1.83697019872103E-16));
#3600=DIRECTION('',(-1.83697019872103E-16,1.22464679914735E-16,-1.));
#3601=FACE_BOUND('',#3602,.T.);
#3602=EDGE_LOOP('',(#4993,#4994,#4995,#4996));
#3603=PLANE('',#3604);
#3604=AXIS2_PLACEMENT_3D('',#3605,#3606,#3607);
#3605=CARTESIAN_POINT('',(165.,0.,-3.0310008278897E-14));
#3606=DIRECTION('',(1.,0.,-1.83697019872103E-16));
#3607=DIRECTION('',(-1.83697019872103E-16,1.22464679914735E-16,-1.));
#3608=FACE_BOUND('',#3609,.T.);
#3609=EDGE_LOOP('',(#4997,#4998,#4999,#5000));
#3610=PLANE('',#3611);
#3611=AXIS2_PLACEMENT_3D('',#3612,#3613,#3614);
#3612=CARTESIAN_POINT('',(-165.,0.,3.0310008278897E-14));
#3613=DIRECTION('',(1.,0.,-1.83697019872103E-16));
#3614=DIRECTION('',(-1.83697019872103E-16,1.22464679914735E-16,-1.));
#3615=FACE_BOUND('',#3616,.T.);
#3616=EDGE_LOOP('',(#5001,#5002,#5003,#5004,#5005,#5006));
#3617=PLANE('',#3618);
#3618=AXIS2_PLACEMENT_3D('',#3619,#3620,#3621);
#3619=CARTESIAN_POINT('',(-165.,0.,3.0310008278897E-14));
#3620=DIRECTION('',(1.,0.,-1.83697019872103E-16));
#3621=DIRECTION('',(-1.83697019872103E-16,1.22464679914735E-16,-1.));
#3622=FACE_BOUND('',#3623,.T.);
#3623=EDGE_LOOP('',(#5007,#5008,#5009,#5010,#5011,#5012,#5013,#5014,#5015));
#3624=FACE_BOUND('',#3625,.T.);
#3625=EDGE_LOOP('',(#5016,#5017,#5018,#5019,#5020,#5021));
#3626=FACE_BOUND('',#3627,.T.);
#3627=EDGE_LOOP('',(#5022,#5023,#5024,#5025,#5026,#5027,#5028,#5029,#5030));
#3628=FACE_BOUND('',#3629,.T.);
#3629=EDGE_LOOP('',(#5031,#5032,#5033,#5034,#5035,#5036));
#3630=FACE_BOUND('',#3631,.T.);
#3631=EDGE_LOOP('',(#5037,#5038,#5039,#5040));
#3632=FACE_BOUND('',#3633,.T.);
#3633=EDGE_LOOP('',(#5041,#5042,#5043,#5044));
#3634=CYLINDRICAL_SURFACE('',#3635,6.);
#3635=AXIS2_PLACEMENT_3D('',#3636,#3637,#3638);
#3636=CARTESIAN_POINT('',(-165.,0.,3.0310008278897E-14));
#3637=DIRECTION('',(1.,0.,-1.83697019872103E-16));
#3638=DIRECTION('',(-1.83697019872103E-16,1.22464679914735E-16,-1.));
#3639=FACE_BOUND('',#3640,.T.);
#3640=EDGE_LOOP('',(#5045,#5046,#5047,#5048,#5049,#5050,#5051,#5052,#5053));
#3641=FACE_BOUND('',#3642,.T.);
#3642=EDGE_LOOP('',(#5054,#5055,#5056,#5057,#5058,#5059));
#3643=FACE_BOUND('',#3644,.T.);
#3644=EDGE_LOOP('',(#5060,#5061,#5062,#5063,#5064,#5065,#5066,#5067,#5068));
#3645=FACE_BOUND('',#3646,.T.);
#3646=EDGE_LOOP('',(#5069,#5070,#5071,#5072,#5073,#5074));
#3647=FACE_BOUND('',#3648,.T.);
#3648=EDGE_LOOP('',(#5075,#5076,#5077,#5078));
#3649=FACE_BOUND('',#3650,.T.);
#3650=EDGE_LOOP('',(#5079,#5080,#5081,#5082));
#3651=CYLINDRICAL_SURFACE('',#3652,8.);
#3652=AXIS2_PLACEMENT_3D('',#3653,#3654,#3655);
#3653=CARTESIAN_POINT('',(-165.,0.,3.0310008278897E-14));
#3654=DIRECTION('',(1.,0.,-1.83697019872103E-16));
#3655=DIRECTION('',(-1.83697019872103E-16,1.22464679914735E-16,-1.));
#3656=FACE_BOUND('',#3657,.T.);
#3657=EDGE_LOOP('',(#5083,#5084,#5085,#5086));
#3658=PLANE('',#3659);
#3659=AXIS2_PLACEMENT_3D('',#3660,#3661,#3662);
#3660=CARTESIAN_POINT('',(-145.,-8.,-1.37500000000003));
#3661=DIRECTION('',(2.44249065417534E-16,5.55111512312578E-17,-1.));
#3662=DIRECTION('',(-1.,0.,-2.44249065417534E-16));
#3663=FACE_BOUND('',#3664,.T.);
#3664=EDGE_LOOP('',(#5087,#5088,#5089,#5090));
#3665=PLANE('',#3666);
#3666=AXIS2_PLACEMENT_3D('',#3667,#3668,#3669);
#3667=CARTESIAN_POINT('',(-145.,-8.,-1.37500000000003));
#3668=DIRECTION('',(2.44249065417534E-16,5.55111512312578E-17,-1.));
#3669=DIRECTION('',(-1.,0.,-2.44249065417534E-16));
#3670=FACE_BOUND('',#3671,.T.);
#3671=EDGE_LOOP('',(#5091,#5092,#5093,#5094));
#3672=PLANE('',#3673);
#3673=AXIS2_PLACEMENT_3D('',#3674,#3675,#3676);
#3674=CARTESIAN_POINT('',(-145.,-8.,1.12499999999997));
#3675=DIRECTION('',(1.,0.,0.));
#3676=DIRECTION('',(0.,0.,-1.));
#3677=FACE_BOUND('',#3678,.T.);
#3678=EDGE_LOOP('',(#5095,#5096,#5097,#5098));
#3679=PLANE('',#3680);
#3680=AXIS2_PLACEMENT_3D('',#3681,#3682,#3683);
#3681=CARTESIAN_POINT('',(-145.,-8.,1.12499999999997));
#3682=DIRECTION('',(1.,0.,0.));
#3683=DIRECTION('',(0.,0.,-1.));
#3684=FACE_BOUND('',#3685,.T.);
#3685=EDGE_LOOP('',(#5099,#5100,#5101,#5102));
#3686=PLANE('',#3687);
#3687=AXIS2_PLACEMENT_3D('',#3688,#3689,#3690);
#3688=CARTESIAN_POINT('',(-165.,-8.,1.12499999999997));
#3689=DIRECTION('',(-2.44249065417534E-16,-5.55111512312578E-17,1.));
#3690=DIRECTION('',(1.,0.,2.44249065417534E-16));
#3691=FACE_BOUND('',#3692,.T.);
#3692=EDGE_LOOP('',(#5103,#5104,#5105,#5106));
#3693=PLANE('',#3694);
#3694=AXIS2_PLACEMENT_3D('',#3695,#3696,#3697);
#3695=CARTESIAN_POINT('',(-165.,-8.,1.12499999999997));
#3696=DIRECTION('',(-2.44249065417534E-16,-5.55111512312578E-17,1.));
#3697=DIRECTION('',(1.,0.,2.44249065417534E-16));
#3698=FACE_BOUND('',#3699,.T.);
#3699=EDGE_LOOP('',(#5107,#5108,#5109,#5110));
#3700=PLANE('',#3701);
#3701=AXIS2_PLACEMENT_3D('',#3702,#3703,#3704);
#3702=CARTESIAN_POINT('',(145.,-8.,1.125));
#3703=DIRECTION('',(0.,-5.55111512312578E-17,1.));
#3704=DIRECTION('',(1.,0.,0.));
#3705=FACE_BOUND('',#3706,.T.);
#3706=EDGE_LOOP('',(#5111,#5112,#5113,#5114));
#3707=PLANE('',#3708);
#3708=AXIS2_PLACEMENT_3D('',#3709,#3710,#3711);
#3709=CARTESIAN_POINT('',(145.,-8.,1.125));
#3710=DIRECTION('',(0.,-5.55111512312578E-17,1.));
#3711=DIRECTION('',(1.,0.,0.));
#3712=FACE_BOUND('',#3713,.T.);
#3713=EDGE_LOOP('',(#5115,#5116,#5117,#5118));
#3714=PLANE('',#3715);
#3715=AXIS2_PLACEMENT_3D('',#3716,#3717,#3718);
#3716=CARTESIAN_POINT('',(145.,-8.,-1.375));
#3717=DIRECTION('',(-1.,0.,0.));
#3718=DIRECTION('',(0.,0.,1.));
#3719=FACE_BOUND('',#3720,.T.);
#3720=EDGE_LOOP('',(#5119,#5120,#5121,#5122));
#3721=PLANE('',#3722);
#3722=AXIS2_PLACEMENT_3D('',#3723,#3724,#3725);
#3723=CARTESIAN_POINT('',(145.,-8.,-1.375));
#3724=DIRECTION('',(-1.,0.,0.));
#3725=DIRECTION('',(0.,0.,1.));
#3726=FACE_BOUND('',#3727,.T.);
#3727=EDGE_LOOP('',(#5123,#5124,#5125,#5126));
#3728=PLANE('',#3729);
#3729=AXIS2_PLACEMENT_3D('',#3730,#3731,#3732);
#3730=CARTESIAN_POINT('',(165.,-8.,-1.375));
#3731=DIRECTION('',(0.,5.55111512312578E-17,-1.));
#3732=DIRECTION('',(-1.,0.,0.));
#3733=FACE_BOUND('',#3734,.T.);
#3734=EDGE_LOOP('',(#5127,#5128,#5129,#5130));
#3735=PLANE('',#3736);
#3736=AXIS2_PLACEMENT_3D('',#3737,#3738,#3739);
#3737=CARTESIAN_POINT('',(165.,-8.,-1.375));
#3738=DIRECTION('',(0.,5.55111512312578E-17,-1.));
#3739=DIRECTION('',(-1.,0.,0.));
#3740=FACE_BOUND('',#3741,.T.);
#3741=EDGE_LOOP('',(#5131,#5132,#5133,#5134,#5135,#5136));
#3742=CYLINDRICAL_SURFACE('',#3743,3.50000000000001);
#3743=AXIS2_PLACEMENT_3D('',#3744,#3745,#3746);
#3744=CARTESIAN_POINT('',(154.746920266333,3.72783347701855E-5,-8.00000000000003));
#3745=DIRECTION('',(0.,0.,1.));
#3746=DIRECTION('',(-2.40505386273071E-6,-0.999999999997108,0.));
#3747=FACE_BOUND('',#3748,.T.);
#3748=EDGE_LOOP('',(#5137,#5138,#5139,#5140,#5141,#5142));
#3749=CYLINDRICAL_SURFACE('',#3750,3.50000000000001);
#3750=AXIS2_PLACEMENT_3D('',#3751,#3752,#3753);
#3751=CARTESIAN_POINT('',(151.246920266343,4.5696023289743E-5,-8.00000000000003));
#3752=DIRECTION('',(0.,0.,1.));
#3753=DIRECTION('',(0.00175744280060793,0.999998455696209,0.));
#3754=FACE_BOUND('',#3755,.T.);
#3755=EDGE_LOOP('',(#5143,#5144,#5145,#5146,#5147,#5148));
#3756=CYLINDRICAL_SURFACE('',#3757,3.50000000000001);
#3757=AXIS2_PLACEMENT_3D('',#3758,#3759,#3760);
#3758=CARTESIAN_POINT('',(-151.246920266343,4.56960233082654E-5,-8.00000000000003));
#3759=DIRECTION('',(0.,0.,1.));
#3760=DIRECTION('',(0.,-1.,0.));
#3761=FACE_BOUND('',#3762,.T.);
#3762=EDGE_LOOP('',(#5149,#5150,#5151,#5152,#5153,#5154));
#3763=CYLINDRICAL_SURFACE('',#3764,3.50000000000001);
#3764=AXIS2_PLACEMENT_3D('',#3765,#3766,#3767);
#3765=CARTESIAN_POINT('',(-154.746920266333,3.72783347891365E-5,-8.00000000000003));
#3766=DIRECTION('',(0.,0.,1.));
#3767=DIRECTION('',(-2.40505385461022E-6,0.999999999997108,0.));
#3768=FACE_BOUND('',#3769,.T.);
#3769=EDGE_LOOP('',(#5155,#5156,#5157,#5158));
#3770=CYLINDRICAL_SURFACE('',#3771,3.50000000000001);
#3771=AXIS2_PLACEMENT_3D('',#3772,#3773,#3774);
#3772=CARTESIAN_POINT('',(-154.746920266333,3.72783347891365E-5,-8.00000000000003));
#3773=DIRECTION('',(0.,0.,1.));
#3774=DIRECTION('',(-2.40505385461022E-6,0.999999999997108,0.));
#3775=FACE_BOUND('',#3776,.T.);
#3776=EDGE_LOOP('',(#5159,#5160,#5161,#5162));
#3777=CYLINDRICAL_SURFACE('',#3778,3.50000000000001);
#3778=AXIS2_PLACEMENT_3D('',#3779,#3780,#3781);
#3779=CARTESIAN_POINT('',(-151.246920266343,4.56960233082654E-5,-8.00000000000003));
#3780=DIRECTION('',(0.,0.,1.));
#3781=DIRECTION('',(0.,-1.,0.));
#3782=FACE_BOUND('',#3783,.T.);
#3783=EDGE_LOOP('',(#5163,#5164,#5165,#5166));
#3784=CYLINDRICAL_SURFACE('',#3785,3.50000000000001);
#3785=AXIS2_PLACEMENT_3D('',#3786,#3787,#3788);
#3786=CARTESIAN_POINT('',(151.246920266343,4.5696023289743E-5,-8.00000000000003));
#3787=DIRECTION('',(0.,0.,1.));
#3788=DIRECTION('',(0.00175744280060793,0.999998455696209,0.));
#3789=FACE_BOUND('',#3790,.T.);
#3790=EDGE_LOOP('',(#5167,#5168,#5169,#5170));
#3791=CYLINDRICAL_SURFACE('',#3792,3.50000000000001);
#3792=AXIS2_PLACEMENT_3D('',#3793,#3794,#3795);
#3793=CARTESIAN_POINT('',(154.746920266333,3.72783347701855E-5,-8.00000000000003));
#3794=DIRECTION('',(0.,0.,1.));
#3795=DIRECTION('',(-2.40505386273071E-6,-0.999999999997108,0.));
#3796=FACE_BOUND('',#3797,.T.);
#3797=EDGE_LOOP('',(#5171,#5172,#5173,#5174));
#3798=PLANE('',#3799);
#3799=AXIS2_PLACEMENT_3D('',#3800,#3801,#3802);
#3800=CARTESIAN_POINT('',(154.746928684022,3.50003727832466,-8.00000000000003));
#3801=DIRECTION('',(8.62266273622254E-7,0.999999999999628,0.));
#3802=DIRECTION('',(-0.999999999999628,8.62266273622254E-7,0.));
#3803=FACE_BOUND('',#3804,.T.);
#3804=EDGE_LOOP('',(#5175,#5176,#5177,#5178));
#3805=PLANE('',#3806);
#3806=AXIS2_PLACEMENT_3D('',#3807,#3808,#3809);
#3807=CARTESIAN_POINT('',(151.246920266343,-3.49995430397672,-8.00000000000003));
#3808=DIRECTION('',(-2.40505675511281E-6,-0.999999999997108,0.));
#3809=DIRECTION('',(0.999999999997108,-2.40505675511281E-6,0.));
#3810=FACE_BOUND('',#3811,.T.);
#3811=EDGE_LOOP('',(#5179,#5180,#5181,#5182));
#3812=PLANE('',#3813);
#3813=AXIS2_PLACEMENT_3D('',#3814,#3815,#3816);
#3814=CARTESIAN_POINT('',(-151.253071316145,3.50004029096005,-8.00000000000003));
#3815=DIRECTION('',(-8.62266273495148E-7,0.999999999999628,0.));
#3816=DIRECTION('',(-0.999999999999628,-8.62266273495148E-7,0.));
#3817=FACE_BOUND('',#3818,.T.);
#3818=EDGE_LOOP('',(#5183,#5184,#5185,#5186));
#3819=PLANE('',#3820);
#3820=AXIS2_PLACEMENT_3D('',#3821,#3822,#3823);
#3821=CARTESIAN_POINT('',(-154.746911848645,-3.4999627216551,-8.00000000000003));
#3822=DIRECTION('',(2.40505675498593E-6,-0.999999999997108,0.));
#3823=DIRECTION('',(0.999999999997108,2.40505675498593E-6,0.));
#3824=FACE_BOUND('',#3825,.T.);
#3825=EDGE_LOOP('',(#5187,#5188,#5189,#5190));
#3826=PLANE('',#3827);
#3827=AXIS2_PLACEMENT_3D('',#3828,#3829,#3830);
#3828=CARTESIAN_POINT('',(-151.253071316145,3.50004029096005,-8.00000000000003));
#3829=DIRECTION('',(-8.62266273495148E-7,0.999999999999628,0.));
#3830=DIRECTION('',(-0.999999999999628,-8.62266273495148E-7,0.));
#3831=FACE_BOUND('',#3832,.T.);
#3832=EDGE_LOOP('',(#5191,#5192,#5193,#5194));
#3833=PLANE('',#3834);
#3834=AXIS2_PLACEMENT_3D('',#3835,#3836,#3837);
#3835=CARTESIAN_POINT('',(-154.746911848645,-3.4999627216551,-8.00000000000003));
#3836=DIRECTION('',(2.40505675498593E-6,-0.999999999997108,0.));
#3837=DIRECTION('',(0.999999999997108,2.40505675498593E-6,0.));
#3838=FACE_BOUND('',#3839,.T.);
#3839=EDGE_LOOP('',(#5195,#5196,#5197,#5198));
#3840=PLANE('',#3841);
#3841=AXIS2_PLACEMENT_3D('',#3842,#3843,#3844);
#3842=CARTESIAN_POINT('',(154.746928684022,3.50003727832466,-8.00000000000003));
#3843=DIRECTION('',(8.62266273622254E-7,0.999999999999628,0.));
#3844=DIRECTION('',(-0.999999999999628,8.62266273622254E-7,0.));
#3845=FACE_BOUND('',#3846,.T.);
#3846=EDGE_LOOP('',(#5199,#5200,#5201,#5202));
#3847=PLANE('',#3848);
#3848=AXIS2_PLACEMENT_3D('',#3849,#3850,#3851);
#3849=CARTESIAN_POINT('',(151.246920266343,-3.49995430397672,-8.00000000000003));
#3850=DIRECTION('',(-2.40505675511281E-6,-0.999999999997108,0.));
#3851=DIRECTION('',(0.999999999997108,-2.40505675511281E-6,0.));
#3852=FACE_OUTER_BOUND('',#3853,.T.);
#3853=EDGE_LOOP('',(#5203));
#3854=FACE_OUTER_BOUND('',#3855,.T.);
#3855=EDGE_LOOP('',(#5204));
#3856=CYLINDRICAL_SURFACE('',#3857,6.);
#3857=AXIS2_PLACEMENT_3D('',#3858,#3859,#3860);
#3858=CARTESIAN_POINT('',(-191.,0.,3.50861307955717E-14));
#3859=DIRECTION('',(1.,0.,-1.83697019872103E-16));
#3860=DIRECTION('',(-1.83697019872103E-16,1.22464679914735E-16,-1.));
#3861=FACE_BOUND('',#3862,.T.);
#3862=EDGE_LOOP('',(#5205));
#3863=PLANE('',#3864);
#3864=AXIS2_PLACEMENT_3D('',#3865,#3866,#3867);
#3865=CARTESIAN_POINT('',(191.,0.,-3.50861307955717E-14));
#3866=DIRECTION('',(1.,0.,-1.83697019872103E-16));
#3867=DIRECTION('',(-1.83697019872103E-16,1.22464679914735E-16,-1.));
#3868=FACE_BOUND('',#3869,.T.);
#3869=EDGE_LOOP('',(#5206));
#3870=PLANE('',#3871);
#3871=AXIS2_PLACEMENT_3D('',#3872,#3873,#3874);
#3872=CARTESIAN_POINT('',(-191.,0.,3.50861307955717E-14));
#3873=DIRECTION('',(1.,0.,-1.83697019872103E-16));
#3874=DIRECTION('',(-1.83697019872103E-16,1.22464679914735E-16,-1.));
#3875=ORIENTED_EDGE('',*,*,#5207,.T.);
#3876=ORIENTED_EDGE('',*,*,#5208,.F.);
#3877=ORIENTED_EDGE('',*,*,#5209,.F.);
#3878=ORIENTED_EDGE('',*,*,#5210,.F.);
#3879=ORIENTED_EDGE('',*,*,#5211,.F.);
#3880=ORIENTED_EDGE('',*,*,#5208,.T.);
#3881=ORIENTED_EDGE('',*,*,#5209,.T.);
#3882=ORIENTED_EDGE('',*,*,#5212,.T.);
#3883=ORIENTED_EDGE('',*,*,#5207,.F.);
#3884=ORIENTED_EDGE('',*,*,#5213,.T.);
#3885=ORIENTED_EDGE('',*,*,#5210,.T.);
#3886=ORIENTED_EDGE('',*,*,#5214,.T.);
#3887=ORIENTED_EDGE('',*,*,#5215,.T.);
#3888=ORIENTED_EDGE('',*,*,#5216,.T.);
#3889=ORIENTED_EDGE('',*,*,#5217,.F.);
#3890=ORIENTED_EDGE('',*,*,#5212,.F.);
#3891=ORIENTED_EDGE('',*,*,#5213,.F.);
#3892=ORIENTED_EDGE('',*,*,#5218,.T.);
#3893=ORIENTED_EDGE('',*,*,#5219,.T.);
#3894=ORIENTED_EDGE('',*,*,#5214,.F.);
#3895=ORIENTED_EDGE('',*,*,#5220,.F.);
#3896=ORIENTED_EDGE('',*,*,#5219,.F.);
#3897=ORIENTED_EDGE('',*,*,#5218,.F.);
#3898=ORIENTED_EDGE('',*,*,#5221,.T.);
#3899=ORIENTED_EDGE('',*,*,#5222,.T.);
#3900=ORIENTED_EDGE('',*,*,#5223,.T.);
#3901=ORIENTED_EDGE('',*,*,#5224,.T.);
#3902=ORIENTED_EDGE('',*,*,#5225,.T.);
#3903=ORIENTED_EDGE('',*,*,#5226,.T.);
#3904=ORIENTED_EDGE('',*,*,#5222,.F.);
#3905=ORIENTED_EDGE('',*,*,#5221,.F.);
#3906=ORIENTED_EDGE('',*,*,#5227,.T.);
#3907=ORIENTED_EDGE('',*,*,#5228,.F.);
#3908=ORIENTED_EDGE('',*,*,#5229,.T.);
#3909=ORIENTED_EDGE('',*,*,#5230,.T.);
#3910=ORIENTED_EDGE('',*,*,#5226,.F.);
#3911=ORIENTED_EDGE('',*,*,#5225,.F.);
#3912=ORIENTED_EDGE('',*,*,#5231,.F.);
#3913=ORIENTED_EDGE('',*,*,#5227,.F.);
#3914=ORIENTED_EDGE('',*,*,#5232,.T.);
#3915=ORIENTED_EDGE('',*,*,#5230,.F.);
#3916=ORIENTED_EDGE('',*,*,#5229,.F.);
#3917=ORIENTED_EDGE('',*,*,#5233,.F.);
#3918=ORIENTED_EDGE('',*,*,#5231,.T.);
#3919=ORIENTED_EDGE('',*,*,#5234,.T.);
#3920=ORIENTED_EDGE('',*,*,#5235,.T.);
#3921=ORIENTED_EDGE('',*,*,#5236,.T.);
#3922=ORIENTED_EDGE('',*,*,#5237,.T.);
#3923=ORIENTED_EDGE('',*,*,#5238,.T.);
#3924=ORIENTED_EDGE('',*,*,#5239,.T.);
#3925=ORIENTED_EDGE('',*,*,#5232,.F.);
#3926=ORIENTED_EDGE('',*,*,#5240,.T.);
#3927=ORIENTED_EDGE('',*,*,#5241,.F.);
#3928=ORIENTED_EDGE('',*,*,#5242,.F.);
#3929=ORIENTED_EDGE('',*,*,#5233,.T.);
#3930=ORIENTED_EDGE('',*,*,#5234,.F.);
#3931=ORIENTED_EDGE('',*,*,#5243,.T.);
#3932=ORIENTED_EDGE('',*,*,#5235,.F.);
#3933=ORIENTED_EDGE('',*,*,#5244,.F.);
#3934=ORIENTED_EDGE('',*,*,#5236,.F.);
#3935=ORIENTED_EDGE('',*,*,#5245,.F.);
#3936=ORIENTED_EDGE('',*,*,#5237,.F.);
#3937=ORIENTED_EDGE('',*,*,#5246,.F.);
#3938=ORIENTED_EDGE('',*,*,#5238,.F.);
#3939=ORIENTED_EDGE('',*,*,#5247,.T.);
#3940=ORIENTED_EDGE('',*,*,#5239,.F.);
#3941=ORIENTED_EDGE('',*,*,#5248,.T.);
#3942=ORIENTED_EDGE('',*,*,#5240,.F.);
#3943=ORIENTED_EDGE('',*,*,#5249,.F.);
#3944=ORIENTED_EDGE('',*,*,#5250,.F.);
#3945=ORIENTED_EDGE('',*,*,#5251,.F.);
#3946=ORIENTED_EDGE('',*,*,#5242,.T.);
#3947=ORIENTED_EDGE('',*,*,#5241,.T.);
#3948=ORIENTED_EDGE('',*,*,#5243,.F.);
#3949=ORIENTED_EDGE('',*,*,#5252,.T.);
#3950=ORIENTED_EDGE('',*,*,#5253,.T.);
#3951=ORIENTED_EDGE('',*,*,#5246,.T.);
#3952=ORIENTED_EDGE('',*,*,#5245,.T.);
#3953=ORIENTED_EDGE('',*,*,#5244,.T.);
#3954=ORIENTED_EDGE('',*,*,#5254,.F.);
#3955=ORIENTED_EDGE('',*,*,#5255,.F.);
#3956=ORIENTED_EDGE('',*,*,#5256,.F.);
#3957=ORIENTED_EDGE('',*,*,#5257,.F.);
#3958=ORIENTED_EDGE('',*,*,#5247,.F.);
#3959=ORIENTED_EDGE('',*,*,#5258,.F.);
#3960=ORIENTED_EDGE('',*,*,#5259,.F.);
#3961=ORIENTED_EDGE('',*,*,#5260,.F.);
#3962=ORIENTED_EDGE('',*,*,#5261,.F.);
#3963=ORIENTED_EDGE('',*,*,#5262,.F.);
#3964=ORIENTED_EDGE('',*,*,#5248,.F.);
#3965=ORIENTED_EDGE('',*,*,#5263,.F.);
#3966=ORIENTED_EDGE('',*,*,#5249,.T.);
#3967=ORIENTED_EDGE('',*,*,#5264,.F.);
#3968=ORIENTED_EDGE('',*,*,#5265,.F.);
#3969=ORIENTED_EDGE('',*,*,#5266,.F.);
#3970=ORIENTED_EDGE('',*,*,#5251,.T.);
#3971=ORIENTED_EDGE('',*,*,#5250,.T.);
#3972=ORIENTED_EDGE('',*,*,#5253,.F.);
#3973=ORIENTED_EDGE('',*,*,#5252,.F.);
#3974=ORIENTED_EDGE('',*,*,#5267,.T.);
#3975=ORIENTED_EDGE('',*,*,#5268,.T.);
#3976=ORIENTED_EDGE('',*,*,#5269,.T.);
#3977=ORIENTED_EDGE('',*,*,#5256,.T.);
#3978=ORIENTED_EDGE('',*,*,#5257,.T.);
#3979=ORIENTED_EDGE('',*,*,#5269,.F.);
#3980=ORIENTED_EDGE('',*,*,#5268,.F.);
#3981=ORIENTED_EDGE('',*,*,#5267,.F.);
#3982=ORIENTED_EDGE('',*,*,#5270,.T.);
#3983=ORIENTED_EDGE('',*,*,#5271,.T.);
#3984=ORIENTED_EDGE('',*,*,#5272,.T.);
#3985=ORIENTED_EDGE('',*,*,#5273,.T.);
#3986=ORIENTED_EDGE('',*,*,#5274,.T.);
#3987=ORIENTED_EDGE('',*,*,#5275,.T.);
#3988=ORIENTED_EDGE('',*,*,#5260,.T.);
#3989=ORIENTED_EDGE('',*,*,#5259,.T.);
#3990=ORIENTED_EDGE('',*,*,#5254,.T.);
#3991=ORIENTED_EDGE('',*,*,#5255,.T.);
#3992=ORIENTED_EDGE('',*,*,#5258,.T.);
#3993=ORIENTED_EDGE('',*,*,#5276,.F.);
#3994=ORIENTED_EDGE('',*,*,#5262,.T.);
#3995=ORIENTED_EDGE('',*,*,#5261,.T.);
#3996=ORIENTED_EDGE('',*,*,#5263,.T.);
#3997=ORIENTED_EDGE('',*,*,#5277,.F.);
#3998=ORIENTED_EDGE('',*,*,#5264,.T.);
#3999=ORIENTED_EDGE('',*,*,#5278,.F.);
#4000=ORIENTED_EDGE('',*,*,#5266,.T.);
#4001=ORIENTED_EDGE('',*,*,#5265,.T.);
#4002=ORIENTED_EDGE('',*,*,#5279,.F.);
#4003=ORIENTED_EDGE('',*,*,#5280,.F.);
#4004=ORIENTED_EDGE('',*,*,#5273,.F.);
#4005=ORIENTED_EDGE('',*,*,#5272,.F.);
#4006=ORIENTED_EDGE('',*,*,#5281,.T.);
#4007=ORIENTED_EDGE('',*,*,#5282,.T.);
#4008=ORIENTED_EDGE('',*,*,#5283,.T.);
#4009=ORIENTED_EDGE('',*,*,#5274,.F.);
#4010=ORIENTED_EDGE('',*,*,#5283,.F.);
#4011=ORIENTED_EDGE('',*,*,#5284,.F.);
#4012=ORIENTED_EDGE('',*,*,#5285,.F.);
#4013=ORIENTED_EDGE('',*,*,#5286,.F.);
#4014=ORIENTED_EDGE('',*,*,#5275,.F.);
#4015=ORIENTED_EDGE('',*,*,#5270,.F.);
#4016=ORIENTED_EDGE('',*,*,#5286,.T.);
#4017=ORIENTED_EDGE('',*,*,#5287,.T.);
#4018=ORIENTED_EDGE('',*,*,#5288,.T.);
#4019=ORIENTED_EDGE('',*,*,#5278,.T.);
#4020=ORIENTED_EDGE('',*,*,#5281,.F.);
#4021=ORIENTED_EDGE('',*,*,#5271,.F.);
#4022=ORIENTED_EDGE('',*,*,#5288,.F.);
#4023=ORIENTED_EDGE('',*,*,#5289,.T.);
#4024=ORIENTED_EDGE('',*,*,#5290,.F.);
#4025=ORIENTED_EDGE('',*,*,#5282,.F.);
#4026=ORIENTED_EDGE('',*,*,#5290,.T.);
#4027=ORIENTED_EDGE('',*,*,#5291,.T.);
#4028=ORIENTED_EDGE('',*,*,#5284,.T.);
#4029=ORIENTED_EDGE('',*,*,#5292,.T.);
#4030=ORIENTED_EDGE('',*,*,#5277,.T.);
#4031=ORIENTED_EDGE('',*,*,#5276,.T.);
#4032=ORIENTED_EDGE('',*,*,#5280,.T.);
#4033=ORIENTED_EDGE('',*,*,#5279,.T.);
#4034=ORIENTED_EDGE('',*,*,#5292,.F.);
#4035=ORIENTED_EDGE('',*,*,#5291,.F.);
#4036=ORIENTED_EDGE('',*,*,#5289,.F.);
#4037=ORIENTED_EDGE('',*,*,#5287,.F.);
#4038=ORIENTED_EDGE('',*,*,#5285,.T.);
#4039=ORIENTED_EDGE('',*,*,#5215,.F.);
#4040=ORIENTED_EDGE('',*,*,#5211,.T.);
#4041=ORIENTED_EDGE('',*,*,#5228,.T.);
#4042=ORIENTED_EDGE('',*,*,#5223,.F.);
#4043=ORIENTED_EDGE('',*,*,#5216,.F.);
#4044=ORIENTED_EDGE('',*,*,#5217,.T.);
#4045=ORIENTED_EDGE('',*,*,#5220,.T.);
#4046=ORIENTED_EDGE('',*,*,#5224,.F.);
#4047=ORIENTED_EDGE('',*,*,#5293,.T.);
#4048=ORIENTED_EDGE('',*,*,#5294,.T.);
#4049=ORIENTED_EDGE('',*,*,#5295,.T.);
#4050=ORIENTED_EDGE('',*,*,#5296,.T.);
#4051=ORIENTED_EDGE('',*,*,#5297,.T.);
#4052=ORIENTED_EDGE('',*,*,#5298,.T.);
#4053=ORIENTED_EDGE('',*,*,#5299,.T.);
#4054=ORIENTED_EDGE('',*,*,#5300,.T.);
#4055=ORIENTED_EDGE('',*,*,#5301,.T.);
#4056=ORIENTED_EDGE('',*,*,#5302,.F.);
#4057=ORIENTED_EDGE('',*,*,#5303,.F.);
#4058=ORIENTED_EDGE('',*,*,#5304,.F.);
#4059=ORIENTED_EDGE('',*,*,#5305,.F.);
#4060=ORIENTED_EDGE('',*,*,#5306,.F.);
#4061=ORIENTED_EDGE('',*,*,#5307,.T.);
#4062=ORIENTED_EDGE('',*,*,#5308,.T.);
#4063=ORIENTED_EDGE('',*,*,#5309,.T.);
#4064=ORIENTED_EDGE('',*,*,#5310,.T.);
#4065=ORIENTED_EDGE('',*,*,#5311,.F.);
#4066=ORIENTED_EDGE('',*,*,#5312,.F.);
#4067=ORIENTED_EDGE('',*,*,#5313,.F.);
#4068=ORIENTED_EDGE('',*,*,#5314,.F.);
#4069=ORIENTED_EDGE('',*,*,#5315,.T.);
#4070=ORIENTED_EDGE('',*,*,#5316,.T.);
#4071=ORIENTED_EDGE('',*,*,#5317,.T.);
#4072=ORIENTED_EDGE('',*,*,#5318,.T.);
#4073=ORIENTED_EDGE('',*,*,#5319,.T.);
#4074=ORIENTED_EDGE('',*,*,#5320,.T.);
#4075=ORIENTED_EDGE('',*,*,#5321,.T.);
#4076=ORIENTED_EDGE('',*,*,#5322,.T.);
#4077=ORIENTED_EDGE('',*,*,#5323,.T.);
#4078=ORIENTED_EDGE('',*,*,#5324,.F.);
#4079=ORIENTED_EDGE('',*,*,#5325,.F.);
#4080=ORIENTED_EDGE('',*,*,#5326,.F.);
#4081=ORIENTED_EDGE('',*,*,#5327,.F.);
#4082=ORIENTED_EDGE('',*,*,#5328,.F.);
#4083=ORIENTED_EDGE('',*,*,#5329,.T.);
#4084=ORIENTED_EDGE('',*,*,#5330,.T.);
#4085=ORIENTED_EDGE('',*,*,#5331,.T.);
#4086=ORIENTED_EDGE('',*,*,#5332,.T.);
#4087=ORIENTED_EDGE('',*,*,#5333,.F.);
#4088=ORIENTED_EDGE('',*,*,#5334,.F.);
#4089=ORIENTED_EDGE('',*,*,#5335,.F.);
#4090=ORIENTED_EDGE('',*,*,#5336,.F.);
#4091=ORIENTED_EDGE('',*,*,#5326,.T.);
#4092=ORIENTED_EDGE('',*,*,#5337,.T.);
#4093=ORIENTED_EDGE('',*,*,#5338,.T.);
#4094=ORIENTED_EDGE('',*,*,#5339,.F.);
#4095=ORIENTED_EDGE('',*,*,#5340,.F.);
#4096=ORIENTED_EDGE('',*,*,#5341,.F.);
#4097=ORIENTED_EDGE('',*,*,#5342,.T.);
#4098=ORIENTED_EDGE('',*,*,#5328,.T.);
#4099=ORIENTED_EDGE('',*,*,#5304,.T.);
#4100=ORIENTED_EDGE('',*,*,#5343,.T.);
#4101=ORIENTED_EDGE('',*,*,#5344,.T.);
#4102=ORIENTED_EDGE('',*,*,#5345,.F.);
#4103=ORIENTED_EDGE('',*,*,#5346,.F.);
#4104=ORIENTED_EDGE('',*,*,#5347,.F.);
#4105=ORIENTED_EDGE('',*,*,#5348,.T.);
#4106=ORIENTED_EDGE('',*,*,#5306,.T.);
#4107=ORIENTED_EDGE('',*,*,#5327,.T.);
#4108=ORIENTED_EDGE('',*,*,#5339,.T.);
#4109=ORIENTED_EDGE('',*,*,#5349,.T.);
#4110=ORIENTED_EDGE('',*,*,#5340,.T.);
#4111=ORIENTED_EDGE('',*,*,#5350,.T.);
#4112=ORIENTED_EDGE('',*,*,#5351,.T.);
#4113=ORIENTED_EDGE('',*,*,#5352,.T.);
#4114=ORIENTED_EDGE('',*,*,#5353,.T.);
#4115=ORIENTED_EDGE('',*,*,#5305,.T.);
#4116=ORIENTED_EDGE('',*,*,#5345,.T.);
#4117=ORIENTED_EDGE('',*,*,#5354,.T.);
#4118=ORIENTED_EDGE('',*,*,#5346,.T.);
#4119=ORIENTED_EDGE('',*,*,#5325,.T.);
#4120=ORIENTED_EDGE('',*,*,#5342,.F.);
#4121=ORIENTED_EDGE('',*,*,#5355,.F.);
#4122=ORIENTED_EDGE('',*,*,#5337,.F.);
#4123=ORIENTED_EDGE('',*,*,#5356,.T.);
#4124=ORIENTED_EDGE('',*,*,#5357,.T.);
#4125=ORIENTED_EDGE('',*,*,#5358,.T.);
#4126=ORIENTED_EDGE('',*,*,#5359,.T.);
#4127=ORIENTED_EDGE('',*,*,#5303,.T.);
#4128=ORIENTED_EDGE('',*,*,#5348,.F.);
#4129=ORIENTED_EDGE('',*,*,#5360,.F.);
#4130=ORIENTED_EDGE('',*,*,#5343,.F.);
#4131=ORIENTED_EDGE('',*,*,#5321,.F.);
#4132=ORIENTED_EDGE('',*,*,#5361,.F.);
#4133=ORIENTED_EDGE('',*,*,#5298,.F.);
#4134=ORIENTED_EDGE('',*,*,#5362,.T.);
#4135=ORIENTED_EDGE('',*,*,#5295,.F.);
#4136=ORIENTED_EDGE('',*,*,#5294,.F.);
#4137=ORIENTED_EDGE('',*,*,#5293,.F.);
#4138=ORIENTED_EDGE('',*,*,#5363,.T.);
#4139=ORIENTED_EDGE('',*,*,#5364,.T.);
#4140=ORIENTED_EDGE('',*,*,#5320,.F.);
#4141=ORIENTED_EDGE('',*,*,#5319,.F.);
#4142=ORIENTED_EDGE('',*,*,#5365,.F.);
#4143=ORIENTED_EDGE('',*,*,#5300,.F.);
#4144=ORIENTED_EDGE('',*,*,#5299,.F.);
#4145=ORIENTED_EDGE('',*,*,#5361,.T.);
#4146=ORIENTED_EDGE('',*,*,#5318,.F.);
#4147=ORIENTED_EDGE('',*,*,#5366,.F.);
#4148=ORIENTED_EDGE('',*,*,#5301,.F.);
#4149=ORIENTED_EDGE('',*,*,#5365,.T.);
#4150=ORIENTED_EDGE('',*,*,#5323,.F.);
#4151=ORIENTED_EDGE('',*,*,#5322,.F.);
#4152=ORIENTED_EDGE('',*,*,#5362,.F.);
#4153=ORIENTED_EDGE('',*,*,#5297,.F.);
#4154=ORIENTED_EDGE('',*,*,#5296,.F.);
#4155=ORIENTED_EDGE('',*,*,#5366,.T.);
#4156=ORIENTED_EDGE('',*,*,#5367,.T.);
#4157=ORIENTED_EDGE('',*,*,#5368,.T.);
#4158=ORIENTED_EDGE('',*,*,#5369,.T.);
#4159=ORIENTED_EDGE('',*,*,#5370,.T.);
#4160=ORIENTED_EDGE('',*,*,#5371,.T.);
#4161=ORIENTED_EDGE('',*,*,#5372,.T.);
#4162=ORIENTED_EDGE('',*,*,#5373,.T.);
#4163=ORIENTED_EDGE('',*,*,#5374,.T.);
#4164=ORIENTED_EDGE('',*,*,#5375,.T.);
#4165=ORIENTED_EDGE('',*,*,#5376,.T.);
#4166=ORIENTED_EDGE('',*,*,#5302,.T.);
#4167=ORIENTED_EDGE('',*,*,#5377,.T.);
#4168=ORIENTED_EDGE('',*,*,#5378,.T.);
#4169=ORIENTED_EDGE('',*,*,#5379,.T.);
#4170=ORIENTED_EDGE('',*,*,#5380,.T.);
#4171=ORIENTED_EDGE('',*,*,#5307,.F.);
#4172=ORIENTED_EDGE('',*,*,#5381,.T.);
#4173=ORIENTED_EDGE('',*,*,#5332,.F.);
#4174=ORIENTED_EDGE('',*,*,#5382,.F.);
#4175=ORIENTED_EDGE('',*,*,#5308,.F.);
#4176=ORIENTED_EDGE('',*,*,#5382,.T.);
#4177=ORIENTED_EDGE('',*,*,#5331,.F.);
#4178=ORIENTED_EDGE('',*,*,#5383,.F.);
#4179=ORIENTED_EDGE('',*,*,#5309,.F.);
#4180=ORIENTED_EDGE('',*,*,#5383,.T.);
#4181=ORIENTED_EDGE('',*,*,#5330,.F.);
#4182=ORIENTED_EDGE('',*,*,#5384,.F.);
#4183=ORIENTED_EDGE('',*,*,#5310,.F.);
#4184=ORIENTED_EDGE('',*,*,#5384,.T.);
#4185=ORIENTED_EDGE('',*,*,#5329,.F.);
#4186=ORIENTED_EDGE('',*,*,#5381,.F.);
#4187=ORIENTED_EDGE('',*,*,#5311,.T.);
#4188=ORIENTED_EDGE('',*,*,#5385,.F.);
#4189=ORIENTED_EDGE('',*,*,#5386,.F.);
#4190=ORIENTED_EDGE('',*,*,#5387,.F.);
#4191=ORIENTED_EDGE('',*,*,#5312,.T.);
#4192=ORIENTED_EDGE('',*,*,#5387,.T.);
#4193=ORIENTED_EDGE('',*,*,#5388,.T.);
#4194=ORIENTED_EDGE('',*,*,#5389,.F.);
#4195=ORIENTED_EDGE('',*,*,#5313,.T.);
#4196=ORIENTED_EDGE('',*,*,#5389,.T.);
#4197=ORIENTED_EDGE('',*,*,#5390,.T.);
#4198=ORIENTED_EDGE('',*,*,#5391,.T.);
#4199=ORIENTED_EDGE('',*,*,#5314,.T.);
#4200=ORIENTED_EDGE('',*,*,#5391,.F.);
#4201=ORIENTED_EDGE('',*,*,#5392,.F.);
#4202=ORIENTED_EDGE('',*,*,#5385,.T.);
#4203=ORIENTED_EDGE('',*,*,#5317,.F.);
#4204=ORIENTED_EDGE('',*,*,#5316,.F.);
#4205=ORIENTED_EDGE('',*,*,#5315,.F.);
#4206=ORIENTED_EDGE('',*,*,#5393,.T.);
#4207=ORIENTED_EDGE('',*,*,#5394,.T.);
#4208=ORIENTED_EDGE('',*,*,#5395,.T.);
#4209=ORIENTED_EDGE('',*,*,#5324,.T.);
#4210=ORIENTED_EDGE('',*,*,#5333,.T.);
#4211=ORIENTED_EDGE('',*,*,#5396,.F.);
#4212=ORIENTED_EDGE('',*,*,#5397,.F.);
#4213=ORIENTED_EDGE('',*,*,#5398,.F.);
#4214=ORIENTED_EDGE('',*,*,#5399,.T.);
#4215=ORIENTED_EDGE('',*,*,#5400,.T.);
#4216=ORIENTED_EDGE('',*,*,#5401,.T.);
#4217=ORIENTED_EDGE('',*,*,#5402,.T.);
#4218=ORIENTED_EDGE('',*,*,#5334,.T.);
#4219=ORIENTED_EDGE('',*,*,#5398,.T.);
#4220=ORIENTED_EDGE('',*,*,#5403,.T.);
#4221=ORIENTED_EDGE('',*,*,#5404,.F.);
#4222=ORIENTED_EDGE('',*,*,#5335,.T.);
#4223=ORIENTED_EDGE('',*,*,#5404,.T.);
#4224=ORIENTED_EDGE('',*,*,#5405,.T.);
#4225=ORIENTED_EDGE('',*,*,#5406,.T.);
#4226=ORIENTED_EDGE('',*,*,#5407,.T.);
#4227=ORIENTED_EDGE('',*,*,#5408,.T.);
#4228=ORIENTED_EDGE('',*,*,#5409,.T.);
#4229=ORIENTED_EDGE('',*,*,#5410,.T.);
#4230=ORIENTED_EDGE('',*,*,#5336,.T.);
#4231=ORIENTED_EDGE('',*,*,#5406,.F.);
#4232=ORIENTED_EDGE('',*,*,#5411,.F.);
#4233=ORIENTED_EDGE('',*,*,#5396,.T.);
#4234=ORIENTED_EDGE('',*,*,#5355,.T.);
#4235=ORIENTED_EDGE('',*,*,#5341,.T.);
#4236=ORIENTED_EDGE('',*,*,#5349,.F.);
#4237=ORIENTED_EDGE('',*,*,#5338,.F.);
#4238=ORIENTED_EDGE('',*,*,#5360,.T.);
#4239=ORIENTED_EDGE('',*,*,#5347,.T.);
#4240=ORIENTED_EDGE('',*,*,#5354,.F.);
#4241=ORIENTED_EDGE('',*,*,#5344,.F.);
#4242=ORIENTED_EDGE('',*,*,#5350,.F.);
#4243=ORIENTED_EDGE('',*,*,#5412,.F.);
#4244=ORIENTED_EDGE('',*,*,#5356,.F.);
#4245=ORIENTED_EDGE('',*,*,#5413,.T.);
#4246=ORIENTED_EDGE('',*,*,#5351,.F.);
#4247=ORIENTED_EDGE('',*,*,#5413,.F.);
#4248=ORIENTED_EDGE('',*,*,#5359,.F.);
#4249=ORIENTED_EDGE('',*,*,#5414,.T.);
#4250=ORIENTED_EDGE('',*,*,#5352,.F.);
#4251=ORIENTED_EDGE('',*,*,#5414,.F.);
#4252=ORIENTED_EDGE('',*,*,#5358,.F.);
#4253=ORIENTED_EDGE('',*,*,#5415,.T.);
#4254=ORIENTED_EDGE('',*,*,#5353,.F.);
#4255=ORIENTED_EDGE('',*,*,#5415,.F.);
#4256=ORIENTED_EDGE('',*,*,#5357,.F.);
#4257=ORIENTED_EDGE('',*,*,#5412,.T.);
#4258=ORIENTED_EDGE('',*,*,#5364,.F.);
#4259=ORIENTED_EDGE('',*,*,#5363,.F.);
#4260=ORIENTED_EDGE('',*,*,#5416,.T.);
#4261=ORIENTED_EDGE('',*,*,#5417,.T.);
#4262=ORIENTED_EDGE('',*,*,#5418,.T.);
#4263=ORIENTED_EDGE('',*,*,#5367,.F.);
#4264=ORIENTED_EDGE('',*,*,#5419,.F.);
#4265=ORIENTED_EDGE('',*,*,#5420,.T.);
#4266=ORIENTED_EDGE('',*,*,#5421,.T.);
#4267=ORIENTED_EDGE('',*,*,#5368,.F.);
#4268=ORIENTED_EDGE('',*,*,#5418,.F.);
#4269=ORIENTED_EDGE('',*,*,#5422,.T.);
#4270=ORIENTED_EDGE('',*,*,#5423,.T.);
#4271=ORIENTED_EDGE('',*,*,#5369,.F.);
#4272=ORIENTED_EDGE('',*,*,#5421,.F.);
#4273=ORIENTED_EDGE('',*,*,#5424,.T.);
#4274=ORIENTED_EDGE('',*,*,#5425,.T.);
#4275=ORIENTED_EDGE('',*,*,#5370,.F.);
#4276=ORIENTED_EDGE('',*,*,#5423,.F.);
#4277=ORIENTED_EDGE('',*,*,#5426,.T.);
#4278=ORIENTED_EDGE('',*,*,#5427,.T.);
#4279=ORIENTED_EDGE('',*,*,#5371,.F.);
#4280=ORIENTED_EDGE('',*,*,#5425,.F.);
#4281=ORIENTED_EDGE('',*,*,#5428,.T.);
#4282=ORIENTED_EDGE('',*,*,#5429,.T.);
#4283=ORIENTED_EDGE('',*,*,#5372,.F.);
#4284=ORIENTED_EDGE('',*,*,#5427,.F.);
#4285=ORIENTED_EDGE('',*,*,#5430,.T.);
#4286=ORIENTED_EDGE('',*,*,#5431,.T.);
#4287=ORIENTED_EDGE('',*,*,#5373,.F.);
#4288=ORIENTED_EDGE('',*,*,#5429,.F.);
#4289=ORIENTED_EDGE('',*,*,#5432,.T.);
#4290=ORIENTED_EDGE('',*,*,#5433,.T.);
#4291=ORIENTED_EDGE('',*,*,#5374,.F.);
#4292=ORIENTED_EDGE('',*,*,#5431,.F.);
#4293=ORIENTED_EDGE('',*,*,#5434,.T.);
#4294=ORIENTED_EDGE('',*,*,#5435,.T.);
#4295=ORIENTED_EDGE('',*,*,#5375,.F.);
#4296=ORIENTED_EDGE('',*,*,#5433,.F.);
#4297=ORIENTED_EDGE('',*,*,#5436,.T.);
#4298=ORIENTED_EDGE('',*,*,#5419,.T.);
#4299=ORIENTED_EDGE('',*,*,#5376,.F.);
#4300=ORIENTED_EDGE('',*,*,#5435,.F.);
#4301=ORIENTED_EDGE('',*,*,#5377,.F.);
#4302=ORIENTED_EDGE('',*,*,#5437,.F.);
#4303=ORIENTED_EDGE('',*,*,#5438,.F.);
#4304=ORIENTED_EDGE('',*,*,#5439,.T.);
#4305=ORIENTED_EDGE('',*,*,#5378,.F.);
#4306=ORIENTED_EDGE('',*,*,#5439,.F.);
#4307=ORIENTED_EDGE('',*,*,#5440,.F.);
#4308=ORIENTED_EDGE('',*,*,#5437,.T.);
#4309=ORIENTED_EDGE('',*,*,#5379,.F.);
#4310=ORIENTED_EDGE('',*,*,#5441,.F.);
#4311=ORIENTED_EDGE('',*,*,#5442,.F.);
#4312=ORIENTED_EDGE('',*,*,#5443,.T.);
#4313=ORIENTED_EDGE('',*,*,#5380,.F.);
#4314=ORIENTED_EDGE('',*,*,#5443,.F.);
#4315=ORIENTED_EDGE('',*,*,#5444,.F.);
#4316=ORIENTED_EDGE('',*,*,#5441,.T.);
#4317=ORIENTED_EDGE('',*,*,#5386,.T.);
#4318=ORIENTED_EDGE('',*,*,#5392,.T.);
#4319=ORIENTED_EDGE('',*,*,#5390,.F.);
#4320=ORIENTED_EDGE('',*,*,#5388,.F.);
#4321=ORIENTED_EDGE('',*,*,#5394,.F.);
#4322=ORIENTED_EDGE('',*,*,#5393,.F.);
#4323=ORIENTED_EDGE('',*,*,#5445,.T.);
#4324=ORIENTED_EDGE('',*,*,#5446,.T.);
#4325=ORIENTED_EDGE('',*,*,#5395,.F.);
#4326=ORIENTED_EDGE('',*,*,#5397,.T.);
#4327=ORIENTED_EDGE('',*,*,#5411,.T.);
#4328=ORIENTED_EDGE('',*,*,#5405,.F.);
#4329=ORIENTED_EDGE('',*,*,#5403,.F.);
#4330=ORIENTED_EDGE('',*,*,#5407,.F.);
#4331=ORIENTED_EDGE('',*,*,#5447,.F.);
#4332=ORIENTED_EDGE('',*,*,#5399,.F.);
#4333=ORIENTED_EDGE('',*,*,#5448,.T.);
#4334=ORIENTED_EDGE('',*,*,#5410,.F.);
#4335=ORIENTED_EDGE('',*,*,#5449,.F.);
#4336=ORIENTED_EDGE('',*,*,#5400,.F.);
#4337=ORIENTED_EDGE('',*,*,#5447,.T.);
#4338=ORIENTED_EDGE('',*,*,#5409,.F.);
#4339=ORIENTED_EDGE('',*,*,#5450,.F.);
#4340=ORIENTED_EDGE('',*,*,#5401,.F.);
#4341=ORIENTED_EDGE('',*,*,#5449,.T.);
#4342=ORIENTED_EDGE('',*,*,#5408,.F.);
#4343=ORIENTED_EDGE('',*,*,#5448,.F.);
#4344=ORIENTED_EDGE('',*,*,#5402,.F.);
#4345=ORIENTED_EDGE('',*,*,#5450,.T.);
#4346=ORIENTED_EDGE('',*,*,#5445,.F.);
#4347=ORIENTED_EDGE('',*,*,#5416,.F.);
#4348=ORIENTED_EDGE('',*,*,#5417,.F.);
#4349=ORIENTED_EDGE('',*,*,#5451,.F.);
#4350=ORIENTED_EDGE('',*,*,#5452,.T.);
#4351=ORIENTED_EDGE('',*,*,#5453,.T.);
#4352=ORIENTED_EDGE('',*,*,#5420,.F.);
#4353=ORIENTED_EDGE('',*,*,#5453,.F.);
#4354=ORIENTED_EDGE('',*,*,#5454,.T.);
#4355=ORIENTED_EDGE('',*,*,#5455,.T.);
#4356=ORIENTED_EDGE('',*,*,#5422,.F.);
#4357=ORIENTED_EDGE('',*,*,#5455,.F.);
#4358=ORIENTED_EDGE('',*,*,#5456,.T.);
#4359=ORIENTED_EDGE('',*,*,#5457,.T.);
#4360=ORIENTED_EDGE('',*,*,#5424,.F.);
#4361=ORIENTED_EDGE('',*,*,#5457,.F.);
#4362=ORIENTED_EDGE('',*,*,#5458,.T.);
#4363=ORIENTED_EDGE('',*,*,#5459,.T.);
#4364=ORIENTED_EDGE('',*,*,#5426,.F.);
#4365=ORIENTED_EDGE('',*,*,#5459,.F.);
#4366=ORIENTED_EDGE('',*,*,#5460,.T.);
#4367=ORIENTED_EDGE('',*,*,#5461,.T.);
#4368=ORIENTED_EDGE('',*,*,#5428,.F.);
#4369=ORIENTED_EDGE('',*,*,#5461,.F.);
#4370=ORIENTED_EDGE('',*,*,#5462,.T.);
#4371=ORIENTED_EDGE('',*,*,#5463,.T.);
#4372=ORIENTED_EDGE('',*,*,#5430,.F.);
#4373=ORIENTED_EDGE('',*,*,#5463,.F.);
#4374=ORIENTED_EDGE('',*,*,#5464,.T.);
#4375=ORIENTED_EDGE('',*,*,#5465,.T.);
#4376=ORIENTED_EDGE('',*,*,#5432,.F.);
#4377=ORIENTED_EDGE('',*,*,#5465,.F.);
#4378=ORIENTED_EDGE('',*,*,#5466,.T.);
#4379=ORIENTED_EDGE('',*,*,#5467,.T.);
#4380=ORIENTED_EDGE('',*,*,#5434,.F.);
#4381=ORIENTED_EDGE('',*,*,#5467,.F.);
#4382=ORIENTED_EDGE('',*,*,#5468,.T.);
#4383=ORIENTED_EDGE('',*,*,#5469,.T.);
#4384=ORIENTED_EDGE('',*,*,#5436,.F.);
#4385=ORIENTED_EDGE('',*,*,#5469,.F.);
#4386=ORIENTED_EDGE('',*,*,#5470,.T.);
#4387=ORIENTED_EDGE('',*,*,#5451,.T.);
#4388=ORIENTED_EDGE('',*,*,#5454,.F.);
#4389=ORIENTED_EDGE('',*,*,#5452,.F.);
#4390=ORIENTED_EDGE('',*,*,#5470,.F.);
#4391=ORIENTED_EDGE('',*,*,#5468,.F.);
#4392=ORIENTED_EDGE('',*,*,#5466,.F.);
#4393=ORIENTED_EDGE('',*,*,#5464,.F.);
#4394=ORIENTED_EDGE('',*,*,#5462,.F.);
#4395=ORIENTED_EDGE('',*,*,#5460,.F.);
#4396=ORIENTED_EDGE('',*,*,#5458,.F.);
#4397=ORIENTED_EDGE('',*,*,#5456,.F.);
#4398=ORIENTED_EDGE('',*,*,#5442,.T.);
#4399=ORIENTED_EDGE('',*,*,#5444,.T.);
#4400=ORIENTED_EDGE('',*,*,#5438,.T.);
#4401=ORIENTED_EDGE('',*,*,#5440,.T.);
#4402=ORIENTED_EDGE('',*,*,#5471,.F.);
#4403=ORIENTED_EDGE('',*,*,#5471,.T.);
#4404=ORIENTED_EDGE('',*,*,#5446,.F.);
#4405=ORIENTED_EDGE('',*,*,#5472,.T.);
#4406=ORIENTED_EDGE('',*,*,#5473,.T.);
#4407=ORIENTED_EDGE('',*,*,#5474,.T.);
#4408=ORIENTED_EDGE('',*,*,#5475,.T.);
#4409=ORIENTED_EDGE('',*,*,#5476,.T.);
#4410=ORIENTED_EDGE('',*,*,#5477,.T.);
#4411=ORIENTED_EDGE('',*,*,#5478,.T.);
#4412=ORIENTED_EDGE('',*,*,#5479,.T.);
#4413=ORIENTED_EDGE('',*,*,#5480,.T.);
#4414=ORIENTED_EDGE('',*,*,#5481,.T.);
#4415=ORIENTED_EDGE('',*,*,#5482,.T.);
#4416=ORIENTED_EDGE('',*,*,#5483,.T.);
#4417=ORIENTED_EDGE('',*,*,#5484,.T.);
#4418=ORIENTED_EDGE('',*,*,#5485,.F.);
#4419=ORIENTED_EDGE('',*,*,#5486,.T.);
#4420=ORIENTED_EDGE('',*,*,#5487,.T.);
#4421=ORIENTED_EDGE('',*,*,#5488,.T.);
#4422=ORIENTED_EDGE('',*,*,#5489,.T.);
#4423=ORIENTED_EDGE('',*,*,#5490,.F.);
#4424=ORIENTED_EDGE('',*,*,#5491,.F.);
#4425=ORIENTED_EDGE('',*,*,#5481,.F.);
#4426=ORIENTED_EDGE('',*,*,#5492,.T.);
#4427=ORIENTED_EDGE('',*,*,#5493,.T.);
#4428=ORIENTED_EDGE('',*,*,#5494,.T.);
#4429=ORIENTED_EDGE('',*,*,#5477,.F.);
#4430=ORIENTED_EDGE('',*,*,#5476,.F.);
#4431=ORIENTED_EDGE('',*,*,#5495,.T.);
#4432=ORIENTED_EDGE('',*,*,#5496,.T.);
#4433=ORIENTED_EDGE('',*,*,#5497,.T.);
#4434=ORIENTED_EDGE('',*,*,#5498,.T.);
#4435=ORIENTED_EDGE('',*,*,#5499,.T.);
#4436=ORIENTED_EDGE('',*,*,#5500,.T.);
#4437=ORIENTED_EDGE('',*,*,#5501,.T.);
#4438=ORIENTED_EDGE('',*,*,#5502,.T.);
#4439=ORIENTED_EDGE('',*,*,#5503,.T.);
#4440=ORIENTED_EDGE('',*,*,#5504,.T.);
#4441=ORIENTED_EDGE('',*,*,#5505,.T.);
#4442=ORIENTED_EDGE('',*,*,#5488,.F.);
#4443=ORIENTED_EDGE('',*,*,#5487,.F.);
#4444=ORIENTED_EDGE('',*,*,#5506,.T.);
#4445=ORIENTED_EDGE('',*,*,#5507,.T.);
#4446=ORIENTED_EDGE('',*,*,#5508,.T.);
#4447=ORIENTED_EDGE('',*,*,#5483,.F.);
#4448=ORIENTED_EDGE('',*,*,#5509,.T.);
#4449=ORIENTED_EDGE('',*,*,#5510,.T.);
#4450=ORIENTED_EDGE('',*,*,#5511,.T.);
#4451=ORIENTED_EDGE('',*,*,#5512,.T.);
#4452=ORIENTED_EDGE('',*,*,#5513,.T.);
#4453=ORIENTED_EDGE('',*,*,#5514,.T.);
#4454=ORIENTED_EDGE('',*,*,#5515,.T.);
#4455=ORIENTED_EDGE('',*,*,#5516,.T.);
#4456=ORIENTED_EDGE('',*,*,#5517,.T.);
#4457=ORIENTED_EDGE('',*,*,#5518,.T.);
#4458=ORIENTED_EDGE('',*,*,#5519,.T.);
#4459=ORIENTED_EDGE('',*,*,#5520,.T.);
#4460=ORIENTED_EDGE('',*,*,#5521,.T.);
#4461=ORIENTED_EDGE('',*,*,#5522,.T.);
#4462=ORIENTED_EDGE('',*,*,#5523,.T.);
#4463=ORIENTED_EDGE('',*,*,#5524,.T.);
#4464=ORIENTED_EDGE('',*,*,#5525,.T.);
#4465=ORIENTED_EDGE('',*,*,#5526,.T.);
#4466=ORIENTED_EDGE('',*,*,#5474,.F.);
#4467=ORIENTED_EDGE('',*,*,#5473,.F.);
#4468=ORIENTED_EDGE('',*,*,#5527,.T.);
#4469=ORIENTED_EDGE('',*,*,#5528,.T.);
#4470=ORIENTED_EDGE('',*,*,#5529,.T.);
#4471=ORIENTED_EDGE('',*,*,#5479,.F.);
#4472=ORIENTED_EDGE('',*,*,#5530,.T.);
#4473=ORIENTED_EDGE('',*,*,#5531,.T.);
#4474=ORIENTED_EDGE('',*,*,#5532,.T.);
#4475=ORIENTED_EDGE('',*,*,#5533,.T.);
#4476=ORIENTED_EDGE('',*,*,#5534,.T.);
#4477=ORIENTED_EDGE('',*,*,#5535,.T.);
#4478=ORIENTED_EDGE('',*,*,#5536,.T.);
#4479=ORIENTED_EDGE('',*,*,#5485,.T.);
#4480=ORIENTED_EDGE('',*,*,#5537,.T.);
#4481=ORIENTED_EDGE('',*,*,#5538,.T.);
#4482=ORIENTED_EDGE('',*,*,#5539,.T.);
#4483=ORIENTED_EDGE('',*,*,#5491,.T.);
#4484=ORIENTED_EDGE('',*,*,#5490,.T.);
#4485=ORIENTED_EDGE('',*,*,#5540,.T.);
#4486=ORIENTED_EDGE('',*,*,#5541,.T.);
#4487=ORIENTED_EDGE('',*,*,#5542,.T.);
#4488=ORIENTED_EDGE('',*,*,#5543,.T.);
#4489=ORIENTED_EDGE('',*,*,#5544,.T.);
#4490=ORIENTED_EDGE('',*,*,#5545,.T.);
#4491=ORIENTED_EDGE('',*,*,#5546,.T.);
#4492=ORIENTED_EDGE('',*,*,#5547,.T.);
#4493=ORIENTED_EDGE('',*,*,#5548,.T.);
#4494=ORIENTED_EDGE('',*,*,#5549,.T.);
#4495=ORIENTED_EDGE('',*,*,#5550,.T.);
#4496=ORIENTED_EDGE('',*,*,#5551,.T.);
#4497=ORIENTED_EDGE('',*,*,#5552,.T.);
#4498=ORIENTED_EDGE('',*,*,#5553,.T.);
#4499=ORIENTED_EDGE('',*,*,#5554,.T.);
#4500=ORIENTED_EDGE('',*,*,#5555,.T.);
#4501=ORIENTED_EDGE('',*,*,#5539,.F.);
#4502=ORIENTED_EDGE('',*,*,#5556,.T.);
#4503=ORIENTED_EDGE('',*,*,#5506,.F.);
#4504=ORIENTED_EDGE('',*,*,#5486,.F.);
#4505=ORIENTED_EDGE('',*,*,#5540,.F.);
#4506=ORIENTED_EDGE('',*,*,#5489,.F.);
#4507=ORIENTED_EDGE('',*,*,#5505,.F.);
#4508=ORIENTED_EDGE('',*,*,#5557,.T.);
#4509=ORIENTED_EDGE('',*,*,#5541,.F.);
#4510=ORIENTED_EDGE('',*,*,#5557,.F.);
#4511=ORIENTED_EDGE('',*,*,#5504,.F.);
#4512=ORIENTED_EDGE('',*,*,#5558,.T.);
#4513=ORIENTED_EDGE('',*,*,#5559,.T.);
#4514=ORIENTED_EDGE('',*,*,#5507,.F.);
#4515=ORIENTED_EDGE('',*,*,#5556,.F.);
#4516=ORIENTED_EDGE('',*,*,#5538,.F.);
#4517=ORIENTED_EDGE('',*,*,#5536,.F.);
#4518=ORIENTED_EDGE('',*,*,#5558,.F.);
#4519=ORIENTED_EDGE('',*,*,#5509,.F.);
#4520=ORIENTED_EDGE('',*,*,#5482,.F.);
#4521=ORIENTED_EDGE('',*,*,#5537,.F.);
#4522=ORIENTED_EDGE('',*,*,#5484,.F.);
#4523=ORIENTED_EDGE('',*,*,#5508,.F.);
#4524=ORIENTED_EDGE('',*,*,#5559,.F.);
#4525=ORIENTED_EDGE('',*,*,#5524,.F.);
#4526=ORIENTED_EDGE('',*,*,#5478,.F.);
#4527=ORIENTED_EDGE('',*,*,#5497,.F.);
#4528=ORIENTED_EDGE('',*,*,#5560,.T.);
#4529=ORIENTED_EDGE('',*,*,#5529,.F.);
#4530=ORIENTED_EDGE('',*,*,#5561,.T.);
#4531=ORIENTED_EDGE('',*,*,#5492,.F.);
#4532=ORIENTED_EDGE('',*,*,#5480,.F.);
#4533=ORIENTED_EDGE('',*,*,#5525,.F.);
#4534=ORIENTED_EDGE('',*,*,#5560,.F.);
#4535=ORIENTED_EDGE('',*,*,#5496,.F.);
#4536=ORIENTED_EDGE('',*,*,#5562,.T.);
#4537=ORIENTED_EDGE('',*,*,#5528,.F.);
#4538=ORIENTED_EDGE('',*,*,#5563,.T.);
#4539=ORIENTED_EDGE('',*,*,#5493,.F.);
#4540=ORIENTED_EDGE('',*,*,#5561,.F.);
#4541=ORIENTED_EDGE('',*,*,#5527,.F.);
#4542=ORIENTED_EDGE('',*,*,#5472,.F.);
#4543=ORIENTED_EDGE('',*,*,#5494,.F.);
#4544=ORIENTED_EDGE('',*,*,#5563,.F.);
#4545=ORIENTED_EDGE('',*,*,#5526,.F.);
#4546=ORIENTED_EDGE('',*,*,#5562,.F.);
#4547=ORIENTED_EDGE('',*,*,#5495,.F.);
#4548=ORIENTED_EDGE('',*,*,#5475,.F.);
#4549=ORIENTED_EDGE('',*,*,#5498,.F.);
#4550=ORIENTED_EDGE('',*,*,#5503,.F.);
#4551=ORIENTED_EDGE('',*,*,#5564,.F.);
#4552=ORIENTED_EDGE('',*,*,#5530,.F.);
#4553=ORIENTED_EDGE('',*,*,#5535,.F.);
#4554=ORIENTED_EDGE('',*,*,#5565,.T.);
#4555=ORIENTED_EDGE('',*,*,#5501,.F.);
#4556=ORIENTED_EDGE('',*,*,#5500,.F.);
#4557=ORIENTED_EDGE('',*,*,#5566,.F.);
#4558=ORIENTED_EDGE('',*,*,#5533,.F.);
#4559=ORIENTED_EDGE('',*,*,#5532,.F.);
#4560=ORIENTED_EDGE('',*,*,#5567,.T.);
#4561=ORIENTED_EDGE('',*,*,#5510,.F.);
#4562=ORIENTED_EDGE('',*,*,#5515,.F.);
#4563=ORIENTED_EDGE('',*,*,#5568,.F.);
#4564=ORIENTED_EDGE('',*,*,#5542,.F.);
#4565=ORIENTED_EDGE('',*,*,#5547,.F.);
#4566=ORIENTED_EDGE('',*,*,#5569,.T.);
#4567=ORIENTED_EDGE('',*,*,#5513,.F.);
#4568=ORIENTED_EDGE('',*,*,#5512,.F.);
#4569=ORIENTED_EDGE('',*,*,#5570,.F.);
#4570=ORIENTED_EDGE('',*,*,#5545,.F.);
#4571=ORIENTED_EDGE('',*,*,#5544,.F.);
#4572=ORIENTED_EDGE('',*,*,#5571,.T.);
#4573=ORIENTED_EDGE('',*,*,#5517,.F.);
#4574=ORIENTED_EDGE('',*,*,#5572,.T.);
#4575=ORIENTED_EDGE('',*,*,#5551,.F.);
#4576=ORIENTED_EDGE('',*,*,#5573,.F.);
#4577=ORIENTED_EDGE('',*,*,#5519,.F.);
#4578=ORIENTED_EDGE('',*,*,#5574,.T.);
#4579=ORIENTED_EDGE('',*,*,#5549,.F.);
#4580=ORIENTED_EDGE('',*,*,#5575,.F.);
#4581=ORIENTED_EDGE('',*,*,#5520,.F.);
#4582=ORIENTED_EDGE('',*,*,#5576,.T.);
#4583=ORIENTED_EDGE('',*,*,#5552,.F.);
#4584=ORIENTED_EDGE('',*,*,#5577,.F.);
#4585=ORIENTED_EDGE('',*,*,#5522,.F.);
#4586=ORIENTED_EDGE('',*,*,#5578,.T.);
#4587=ORIENTED_EDGE('',*,*,#5554,.F.);
#4588=ORIENTED_EDGE('',*,*,#5579,.F.);
#4589=ORIENTED_EDGE('',*,*,#5502,.F.);
#4590=ORIENTED_EDGE('',*,*,#5567,.F.);
#4591=ORIENTED_EDGE('',*,*,#5531,.F.);
#4592=ORIENTED_EDGE('',*,*,#5564,.T.);
#4593=ORIENTED_EDGE('',*,*,#5499,.F.);
#4594=ORIENTED_EDGE('',*,*,#5565,.F.);
#4595=ORIENTED_EDGE('',*,*,#5534,.F.);
#4596=ORIENTED_EDGE('',*,*,#5566,.T.);
#4597=ORIENTED_EDGE('',*,*,#5514,.F.);
#4598=ORIENTED_EDGE('',*,*,#5571,.F.);
#4599=ORIENTED_EDGE('',*,*,#5543,.F.);
#4600=ORIENTED_EDGE('',*,*,#5568,.T.);
#4601=ORIENTED_EDGE('',*,*,#5511,.F.);
#4602=ORIENTED_EDGE('',*,*,#5569,.F.);
#4603=ORIENTED_EDGE('',*,*,#5546,.F.);
#4604=ORIENTED_EDGE('',*,*,#5570,.T.);
#4605=ORIENTED_EDGE('',*,*,#5516,.F.);
#4606=ORIENTED_EDGE('',*,*,#5575,.T.);
#4607=ORIENTED_EDGE('',*,*,#5548,.F.);
#4608=ORIENTED_EDGE('',*,*,#5572,.F.);
#4609=ORIENTED_EDGE('',*,*,#5518,.F.);
#4610=ORIENTED_EDGE('',*,*,#5573,.T.);
#4611=ORIENTED_EDGE('',*,*,#5550,.F.);
#4612=ORIENTED_EDGE('',*,*,#5574,.F.);
#4613=ORIENTED_EDGE('',*,*,#5523,.F.);
#4614=ORIENTED_EDGE('',*,*,#5579,.T.);
#4615=ORIENTED_EDGE('',*,*,#5553,.F.);
#4616=ORIENTED_EDGE('',*,*,#5576,.F.);
#4617=ORIENTED_EDGE('',*,*,#5521,.F.);
#4618=ORIENTED_EDGE('',*,*,#5577,.T.);
#4619=ORIENTED_EDGE('',*,*,#5555,.F.);
#4620=ORIENTED_EDGE('',*,*,#5578,.F.);
#4621=ORIENTED_EDGE('',*,*,#5580,.T.);
#4622=ORIENTED_EDGE('',*,*,#5581,.T.);
#4623=ORIENTED_EDGE('',*,*,#5582,.T.);
#4624=ORIENTED_EDGE('',*,*,#5583,.F.);
#4625=ORIENTED_EDGE('',*,*,#5584,.F.);
#4626=ORIENTED_EDGE('',*,*,#5585,.F.);
#4627=ORIENTED_EDGE('',*,*,#5586,.F.);
#4628=ORIENTED_EDGE('',*,*,#5587,.F.);
#4629=ORIENTED_EDGE('',*,*,#5588,.F.);
#4630=ORIENTED_EDGE('',*,*,#5589,.F.);
#4631=ORIENTED_EDGE('',*,*,#5590,.T.);
#4632=ORIENTED_EDGE('',*,*,#5591,.T.);
#4633=ORIENTED_EDGE('',*,*,#5592,.T.);
#4634=ORIENTED_EDGE('',*,*,#5593,.T.);
#4635=ORIENTED_EDGE('',*,*,#5594,.T.);
#4636=ORIENTED_EDGE('',*,*,#5595,.T.);
#4637=ORIENTED_EDGE('',*,*,#5596,.T.);
#4638=ORIENTED_EDGE('',*,*,#5597,.T.);
#4639=ORIENTED_EDGE('',*,*,#5598,.T.);
#4640=ORIENTED_EDGE('',*,*,#5599,.T.);
#4641=ORIENTED_EDGE('',*,*,#5600,.F.);
#4642=ORIENTED_EDGE('',*,*,#5601,.F.);
#4643=ORIENTED_EDGE('',*,*,#5602,.F.);
#4644=ORIENTED_EDGE('',*,*,#5603,.F.);
#4645=ORIENTED_EDGE('',*,*,#5604,.T.);
#4646=ORIENTED_EDGE('',*,*,#5605,.T.);
#4647=ORIENTED_EDGE('',*,*,#5606,.T.);
#4648=ORIENTED_EDGE('',*,*,#5607,.F.);
#4649=ORIENTED_EDGE('',*,*,#5608,.F.);
#4650=ORIENTED_EDGE('',*,*,#5609,.F.);
#4651=ORIENTED_EDGE('',*,*,#5610,.F.);
#4652=ORIENTED_EDGE('',*,*,#5611,.F.);
#4653=ORIENTED_EDGE('',*,*,#5612,.F.);
#4654=ORIENTED_EDGE('',*,*,#5613,.F.);
#4655=ORIENTED_EDGE('',*,*,#5614,.T.);
#4656=ORIENTED_EDGE('',*,*,#5615,.T.);
#4657=ORIENTED_EDGE('',*,*,#5616,.T.);
#4658=ORIENTED_EDGE('',*,*,#5617,.T.);
#4659=ORIENTED_EDGE('',*,*,#5618,.T.);
#4660=ORIENTED_EDGE('',*,*,#5619,.T.);
#4661=ORIENTED_EDGE('',*,*,#5620,.T.);
#4662=ORIENTED_EDGE('',*,*,#5621,.T.);
#4663=ORIENTED_EDGE('',*,*,#5622,.T.);
#4664=ORIENTED_EDGE('',*,*,#5623,.T.);
#4665=ORIENTED_EDGE('',*,*,#5624,.F.);
#4666=ORIENTED_EDGE('',*,*,#5625,.F.);
#4667=ORIENTED_EDGE('',*,*,#5626,.F.);
#4668=ORIENTED_EDGE('',*,*,#5627,.F.);
#4669=ORIENTED_EDGE('',*,*,#5611,.T.);
#4670=ORIENTED_EDGE('',*,*,#5628,.T.);
#4671=ORIENTED_EDGE('',*,*,#5629,.T.);
#4672=ORIENTED_EDGE('',*,*,#5630,.F.);
#4673=ORIENTED_EDGE('',*,*,#5612,.T.);
#4674=ORIENTED_EDGE('',*,*,#5609,.T.);
#4675=ORIENTED_EDGE('',*,*,#5608,.T.);
#4676=ORIENTED_EDGE('',*,*,#5631,.F.);
#4677=ORIENTED_EDGE('',*,*,#5632,.F.);
#4678=ORIENTED_EDGE('',*,*,#5633,.T.);
#4679=ORIENTED_EDGE('',*,*,#5586,.T.);
#4680=ORIENTED_EDGE('',*,*,#5634,.T.);
#4681=ORIENTED_EDGE('',*,*,#5635,.T.);
#4682=ORIENTED_EDGE('',*,*,#5636,.F.);
#4683=ORIENTED_EDGE('',*,*,#5587,.T.);
#4684=ORIENTED_EDGE('',*,*,#5584,.T.);
#4685=ORIENTED_EDGE('',*,*,#5583,.T.);
#4686=ORIENTED_EDGE('',*,*,#5637,.F.);
#4687=ORIENTED_EDGE('',*,*,#5638,.F.);
#4688=ORIENTED_EDGE('',*,*,#5639,.T.);
#4689=ORIENTED_EDGE('',*,*,#5607,.T.);
#4690=ORIENTED_EDGE('',*,*,#5630,.T.);
#4691=ORIENTED_EDGE('',*,*,#5640,.T.);
#4692=ORIENTED_EDGE('',*,*,#5631,.T.);
#4693=ORIENTED_EDGE('',*,*,#5641,.T.);
#4694=ORIENTED_EDGE('',*,*,#5642,.T.);
#4695=ORIENTED_EDGE('',*,*,#5643,.T.);
#4696=ORIENTED_EDGE('',*,*,#5644,.T.);
#4697=ORIENTED_EDGE('',*,*,#5588,.T.);
#4698=ORIENTED_EDGE('',*,*,#5636,.T.);
#4699=ORIENTED_EDGE('',*,*,#5645,.T.);
#4700=ORIENTED_EDGE('',*,*,#5637,.T.);
#4701=ORIENTED_EDGE('',*,*,#5610,.T.);
#4702=ORIENTED_EDGE('',*,*,#5633,.F.);
#4703=ORIENTED_EDGE('',*,*,#5646,.F.);
#4704=ORIENTED_EDGE('',*,*,#5628,.F.);
#4705=ORIENTED_EDGE('',*,*,#5647,.T.);
#4706=ORIENTED_EDGE('',*,*,#5648,.T.);
#4707=ORIENTED_EDGE('',*,*,#5649,.T.);
#4708=ORIENTED_EDGE('',*,*,#5650,.T.);
#4709=ORIENTED_EDGE('',*,*,#5585,.T.);
#4710=ORIENTED_EDGE('',*,*,#5639,.F.);
#4711=ORIENTED_EDGE('',*,*,#5651,.F.);
#4712=ORIENTED_EDGE('',*,*,#5634,.F.);
#4713=ORIENTED_EDGE('',*,*,#5582,.F.);
#4714=ORIENTED_EDGE('',*,*,#5581,.F.);
#4715=ORIENTED_EDGE('',*,*,#5580,.F.);
#4716=ORIENTED_EDGE('',*,*,#5652,.T.);
#4717=ORIENTED_EDGE('',*,*,#5653,.T.);
#4718=ORIENTED_EDGE('',*,*,#5654,.T.);
#4719=ORIENTED_EDGE('',*,*,#5655,.T.);
#4720=ORIENTED_EDGE('',*,*,#5656,.T.);
#4721=ORIENTED_EDGE('',*,*,#5657,.T.);
#4722=ORIENTED_EDGE('',*,*,#5658,.T.);
#4723=ORIENTED_EDGE('',*,*,#5659,.T.);
#4724=ORIENTED_EDGE('',*,*,#5660,.T.);
#4725=ORIENTED_EDGE('',*,*,#5661,.T.);
#4726=ORIENTED_EDGE('',*,*,#5662,.T.);
#4727=ORIENTED_EDGE('',*,*,#5663,.T.);
#4728=ORIENTED_EDGE('',*,*,#5589,.T.);
#4729=ORIENTED_EDGE('',*,*,#5664,.T.);
#4730=ORIENTED_EDGE('',*,*,#5665,.T.);
#4731=ORIENTED_EDGE('',*,*,#5666,.T.);
#4732=ORIENTED_EDGE('',*,*,#5667,.T.);
#4733=ORIENTED_EDGE('',*,*,#5618,.F.);
#4734=ORIENTED_EDGE('',*,*,#5668,.T.);
#4735=ORIENTED_EDGE('',*,*,#5591,.F.);
#4736=ORIENTED_EDGE('',*,*,#5669,.F.);
#4737=ORIENTED_EDGE('',*,*,#5615,.F.);
#4738=ORIENTED_EDGE('',*,*,#5670,.T.);
#4739=ORIENTED_EDGE('',*,*,#5594,.F.);
#4740=ORIENTED_EDGE('',*,*,#5671,.F.);
#4741=ORIENTED_EDGE('',*,*,#5596,.F.);
#4742=ORIENTED_EDGE('',*,*,#5672,.T.);
#4743=ORIENTED_EDGE('',*,*,#5623,.F.);
#4744=ORIENTED_EDGE('',*,*,#5673,.F.);
#4745=ORIENTED_EDGE('',*,*,#5597,.F.);
#4746=ORIENTED_EDGE('',*,*,#5673,.T.);
#4747=ORIENTED_EDGE('',*,*,#5622,.F.);
#4748=ORIENTED_EDGE('',*,*,#5674,.F.);
#4749=ORIENTED_EDGE('',*,*,#5598,.F.);
#4750=ORIENTED_EDGE('',*,*,#5674,.T.);
#4751=ORIENTED_EDGE('',*,*,#5621,.F.);
#4752=ORIENTED_EDGE('',*,*,#5675,.F.);
#4753=ORIENTED_EDGE('',*,*,#5599,.F.);
#4754=ORIENTED_EDGE('',*,*,#5675,.T.);
#4755=ORIENTED_EDGE('',*,*,#5620,.F.);
#4756=ORIENTED_EDGE('',*,*,#5672,.F.);
#4757=ORIENTED_EDGE('',*,*,#5600,.T.);
#4758=ORIENTED_EDGE('',*,*,#5676,.F.);
#4759=ORIENTED_EDGE('',*,*,#5677,.F.);
#4760=ORIENTED_EDGE('',*,*,#5678,.F.);
#4761=ORIENTED_EDGE('',*,*,#5601,.T.);
#4762=ORIENTED_EDGE('',*,*,#5678,.T.);
#4763=ORIENTED_EDGE('',*,*,#5679,.T.);
#4764=ORIENTED_EDGE('',*,*,#5680,.F.);
#4765=ORIENTED_EDGE('',*,*,#5602,.T.);
#4766=ORIENTED_EDGE('',*,*,#5680,.T.);
#4767=ORIENTED_EDGE('',*,*,#5681,.T.);
#4768=ORIENTED_EDGE('',*,*,#5682,.T.);
#4769=ORIENTED_EDGE('',*,*,#5603,.T.);
#4770=ORIENTED_EDGE('',*,*,#5682,.F.);
#4771=ORIENTED_EDGE('',*,*,#5683,.F.);
#4772=ORIENTED_EDGE('',*,*,#5676,.T.);
#4773=ORIENTED_EDGE('',*,*,#5684,.T.);
#4774=ORIENTED_EDGE('',*,*,#5613,.T.);
#4775=ORIENTED_EDGE('',*,*,#5606,.F.);
#4776=ORIENTED_EDGE('',*,*,#5605,.F.);
#4777=ORIENTED_EDGE('',*,*,#5604,.F.);
#4778=ORIENTED_EDGE('',*,*,#5685,.T.);
#4779=ORIENTED_EDGE('',*,*,#5686,.T.);
#4780=ORIENTED_EDGE('',*,*,#5624,.T.);
#4781=ORIENTED_EDGE('',*,*,#5687,.F.);
#4782=ORIENTED_EDGE('',*,*,#5688,.F.);
#4783=ORIENTED_EDGE('',*,*,#5689,.F.);
#4784=ORIENTED_EDGE('',*,*,#5690,.T.);
#4785=ORIENTED_EDGE('',*,*,#5691,.T.);
#4786=ORIENTED_EDGE('',*,*,#5692,.T.);
#4787=ORIENTED_EDGE('',*,*,#5693,.T.);
#4788=ORIENTED_EDGE('',*,*,#5625,.T.);
#4789=ORIENTED_EDGE('',*,*,#5689,.T.);
#4790=ORIENTED_EDGE('',*,*,#5694,.T.);
#4791=ORIENTED_EDGE('',*,*,#5695,.F.);
#4792=ORIENTED_EDGE('',*,*,#5626,.T.);
#4793=ORIENTED_EDGE('',*,*,#5695,.T.);
#4794=ORIENTED_EDGE('',*,*,#5696,.T.);
#4795=ORIENTED_EDGE('',*,*,#5697,.T.);
#4796=ORIENTED_EDGE('',*,*,#5698,.T.);
#4797=ORIENTED_EDGE('',*,*,#5699,.T.);
#4798=ORIENTED_EDGE('',*,*,#5700,.T.);
#4799=ORIENTED_EDGE('',*,*,#5701,.T.);
#4800=ORIENTED_EDGE('',*,*,#5627,.T.);
#4801=ORIENTED_EDGE('',*,*,#5697,.F.);
#4802=ORIENTED_EDGE('',*,*,#5702,.F.);
#4803=ORIENTED_EDGE('',*,*,#5687,.T.);
#4804=ORIENTED_EDGE('',*,*,#5646,.T.);
#4805=ORIENTED_EDGE('',*,*,#5632,.T.);
#4806=ORIENTED_EDGE('',*,*,#5640,.F.);
#4807=ORIENTED_EDGE('',*,*,#5629,.F.);
#4808=ORIENTED_EDGE('',*,*,#5651,.T.);
#4809=ORIENTED_EDGE('',*,*,#5638,.T.);
#4810=ORIENTED_EDGE('',*,*,#5645,.F.);
#4811=ORIENTED_EDGE('',*,*,#5635,.F.);
#4812=ORIENTED_EDGE('',*,*,#5641,.F.);
#4813=ORIENTED_EDGE('',*,*,#5703,.F.);
#4814=ORIENTED_EDGE('',*,*,#5647,.F.);
#4815=ORIENTED_EDGE('',*,*,#5704,.T.);
#4816=ORIENTED_EDGE('',*,*,#5642,.F.);
#4817=ORIENTED_EDGE('',*,*,#5704,.F.);
#4818=ORIENTED_EDGE('',*,*,#5650,.F.);
#4819=ORIENTED_EDGE('',*,*,#5705,.T.);
#4820=ORIENTED_EDGE('',*,*,#5643,.F.);
#4821=ORIENTED_EDGE('',*,*,#5705,.F.);
#4822=ORIENTED_EDGE('',*,*,#5649,.F.);
#4823=ORIENTED_EDGE('',*,*,#5706,.T.);
#4824=ORIENTED_EDGE('',*,*,#5644,.F.);
#4825=ORIENTED_EDGE('',*,*,#5706,.F.);
#4826=ORIENTED_EDGE('',*,*,#5648,.F.);
#4827=ORIENTED_EDGE('',*,*,#5703,.T.);
#4828=ORIENTED_EDGE('',*,*,#5653,.F.);
#4829=ORIENTED_EDGE('',*,*,#5652,.F.);
#4830=ORIENTED_EDGE('',*,*,#5707,.T.);
#4831=ORIENTED_EDGE('',*,*,#5708,.T.);
#4832=ORIENTED_EDGE('',*,*,#5709,.T.);
#4833=ORIENTED_EDGE('',*,*,#5654,.F.);
#4834=ORIENTED_EDGE('',*,*,#5710,.F.);
#4835=ORIENTED_EDGE('',*,*,#5711,.T.);
#4836=ORIENTED_EDGE('',*,*,#5712,.T.);
#4837=ORIENTED_EDGE('',*,*,#5655,.F.);
#4838=ORIENTED_EDGE('',*,*,#5709,.F.);
#4839=ORIENTED_EDGE('',*,*,#5713,.T.);
#4840=ORIENTED_EDGE('',*,*,#5714,.T.);
#4841=ORIENTED_EDGE('',*,*,#5656,.F.);
#4842=ORIENTED_EDGE('',*,*,#5712,.F.);
#4843=ORIENTED_EDGE('',*,*,#5715,.T.);
#4844=ORIENTED_EDGE('',*,*,#5716,.T.);
#4845=ORIENTED_EDGE('',*,*,#5657,.F.);
#4846=ORIENTED_EDGE('',*,*,#5714,.F.);
#4847=ORIENTED_EDGE('',*,*,#5717,.T.);
#4848=ORIENTED_EDGE('',*,*,#5718,.T.);
#4849=ORIENTED_EDGE('',*,*,#5658,.F.);
#4850=ORIENTED_EDGE('',*,*,#5716,.F.);
#4851=ORIENTED_EDGE('',*,*,#5719,.T.);
#4852=ORIENTED_EDGE('',*,*,#5720,.T.);
#4853=ORIENTED_EDGE('',*,*,#5659,.F.);
#4854=ORIENTED_EDGE('',*,*,#5718,.F.);
#4855=ORIENTED_EDGE('',*,*,#5721,.T.);
#4856=ORIENTED_EDGE('',*,*,#5722,.T.);
#4857=ORIENTED_EDGE('',*,*,#5660,.F.);
#4858=ORIENTED_EDGE('',*,*,#5720,.F.);
#4859=ORIENTED_EDGE('',*,*,#5723,.T.);
#4860=ORIENTED_EDGE('',*,*,#5724,.T.);
#4861=ORIENTED_EDGE('',*,*,#5661,.F.);
#4862=ORIENTED_EDGE('',*,*,#5722,.F.);
#4863=ORIENTED_EDGE('',*,*,#5725,.T.);
#4864=ORIENTED_EDGE('',*,*,#5726,.T.);
#4865=ORIENTED_EDGE('',*,*,#5662,.F.);
#4866=ORIENTED_EDGE('',*,*,#5724,.F.);
#4867=ORIENTED_EDGE('',*,*,#5727,.T.);
#4868=ORIENTED_EDGE('',*,*,#5710,.T.);
#4869=ORIENTED_EDGE('',*,*,#5663,.F.);
#4870=ORIENTED_EDGE('',*,*,#5726,.F.);
#4871=ORIENTED_EDGE('',*,*,#5664,.F.);
#4872=ORIENTED_EDGE('',*,*,#5728,.F.);
#4873=ORIENTED_EDGE('',*,*,#5729,.F.);
#4874=ORIENTED_EDGE('',*,*,#5730,.T.);
#4875=ORIENTED_EDGE('',*,*,#5665,.F.);
#4876=ORIENTED_EDGE('',*,*,#5730,.F.);
#4877=ORIENTED_EDGE('',*,*,#5731,.F.);
#4878=ORIENTED_EDGE('',*,*,#5728,.T.);
#4879=ORIENTED_EDGE('',*,*,#5666,.F.);
#4880=ORIENTED_EDGE('',*,*,#5732,.F.);
#4881=ORIENTED_EDGE('',*,*,#5733,.F.);
#4882=ORIENTED_EDGE('',*,*,#5734,.T.);
#4883=ORIENTED_EDGE('',*,*,#5667,.F.);
#4884=ORIENTED_EDGE('',*,*,#5734,.F.);
#4885=ORIENTED_EDGE('',*,*,#5735,.F.);
#4886=ORIENTED_EDGE('',*,*,#5732,.T.);
#4887=ORIENTED_EDGE('',*,*,#5616,.F.);
#4888=ORIENTED_EDGE('',*,*,#5671,.T.);
#4889=ORIENTED_EDGE('',*,*,#5593,.F.);
#4890=ORIENTED_EDGE('',*,*,#5592,.F.);
#4891=ORIENTED_EDGE('',*,*,#5668,.F.);
#4892=ORIENTED_EDGE('',*,*,#5617,.F.);
#4893=ORIENTED_EDGE('',*,*,#5614,.F.);
#4894=ORIENTED_EDGE('',*,*,#5619,.F.);
#4895=ORIENTED_EDGE('',*,*,#5669,.T.);
#4896=ORIENTED_EDGE('',*,*,#5590,.F.);
#4897=ORIENTED_EDGE('',*,*,#5595,.F.);
#4898=ORIENTED_EDGE('',*,*,#5670,.F.);
#4899=ORIENTED_EDGE('',*,*,#5677,.T.);
#4900=ORIENTED_EDGE('',*,*,#5683,.T.);
#4901=ORIENTED_EDGE('',*,*,#5681,.F.);
#4902=ORIENTED_EDGE('',*,*,#5679,.F.);
#4903=ORIENTED_EDGE('',*,*,#5736,.T.);
#4904=ORIENTED_EDGE('',*,*,#5684,.F.);
#4905=ORIENTED_EDGE('',*,*,#5686,.F.);
#4906=ORIENTED_EDGE('',*,*,#5685,.F.);
#4907=ORIENTED_EDGE('',*,*,#5737,.T.);
#4908=ORIENTED_EDGE('',*,*,#5688,.T.);
#4909=ORIENTED_EDGE('',*,*,#5702,.T.);
#4910=ORIENTED_EDGE('',*,*,#5696,.F.);
#4911=ORIENTED_EDGE('',*,*,#5694,.F.);
#4912=ORIENTED_EDGE('',*,*,#5698,.F.);
#4913=ORIENTED_EDGE('',*,*,#5738,.F.);
#4914=ORIENTED_EDGE('',*,*,#5690,.F.);
#4915=ORIENTED_EDGE('',*,*,#5739,.T.);
#4916=ORIENTED_EDGE('',*,*,#5701,.F.);
#4917=ORIENTED_EDGE('',*,*,#5740,.F.);
#4918=ORIENTED_EDGE('',*,*,#5691,.F.);
#4919=ORIENTED_EDGE('',*,*,#5738,.T.);
#4920=ORIENTED_EDGE('',*,*,#5700,.F.);
#4921=ORIENTED_EDGE('',*,*,#5741,.F.);
#4922=ORIENTED_EDGE('',*,*,#5692,.F.);
#4923=ORIENTED_EDGE('',*,*,#5740,.T.);
#4924=ORIENTED_EDGE('',*,*,#5699,.F.);
#4925=ORIENTED_EDGE('',*,*,#5739,.F.);
#4926=ORIENTED_EDGE('',*,*,#5693,.F.);
#4927=ORIENTED_EDGE('',*,*,#5741,.T.);
#4928=ORIENTED_EDGE('',*,*,#5737,.F.);
#4929=ORIENTED_EDGE('',*,*,#5707,.F.);
#4930=ORIENTED_EDGE('',*,*,#5708,.F.);
#4931=ORIENTED_EDGE('',*,*,#5742,.F.);
#4932=ORIENTED_EDGE('',*,*,#5743,.T.);
#4933=ORIENTED_EDGE('',*,*,#5744,.T.);
#4934=ORIENTED_EDGE('',*,*,#5711,.F.);
#4935=ORIENTED_EDGE('',*,*,#5744,.F.);
#4936=ORIENTED_EDGE('',*,*,#5745,.T.);
#4937=ORIENTED_EDGE('',*,*,#5746,.T.);
#4938=ORIENTED_EDGE('',*,*,#5713,.F.);
#4939=ORIENTED_EDGE('',*,*,#5746,.F.);
#4940=ORIENTED_EDGE('',*,*,#5747,.T.);
#4941=ORIENTED_EDGE('',*,*,#5748,.T.);
#4942=ORIENTED_EDGE('',*,*,#5715,.F.);
#4943=ORIENTED_EDGE('',*,*,#5748,.F.);
#4944=ORIENTED_EDGE('',*,*,#5749,.T.);
#4945=ORIENTED_EDGE('',*,*,#5750,.T.);
#4946=ORIENTED_EDGE('',*,*,#5717,.F.);
#4947=ORIENTED_EDGE('',*,*,#5750,.F.);
#4948=ORIENTED_EDGE('',*,*,#5751,.T.);
#4949=ORIENTED_EDGE('',*,*,#5752,.T.);
#4950=ORIENTED_EDGE('',*,*,#5719,.F.);
#4951=ORIENTED_EDGE('',*,*,#5752,.F.);
#4952=ORIENTED_EDGE('',*,*,#5753,.T.);
#4953=ORIENTED_EDGE('',*,*,#5754,.T.);
#4954=ORIENTED_EDGE('',*,*,#5721,.F.);
#4955=ORIENTED_EDGE('',*,*,#5754,.F.);
#4956=ORIENTED_EDGE('',*,*,#5755,.T.);
#4957=ORIENTED_EDGE('',*,*,#5756,.T.);
#4958=ORIENTED_EDGE('',*,*,#5723,.F.);
#4959=ORIENTED_EDGE('',*,*,#5756,.F.);
#4960=ORIENTED_EDGE('',*,*,#5757,.T.);
#4961=ORIENTED_EDGE('',*,*,#5758,.T.);
#4962=ORIENTED_EDGE('',*,*,#5725,.F.);
#4963=ORIENTED_EDGE('',*,*,#5758,.F.);
#4964=ORIENTED_EDGE('',*,*,#5759,.T.);
#4965=ORIENTED_EDGE('',*,*,#5760,.T.);
#4966=ORIENTED_EDGE('',*,*,#5727,.F.);
#4967=ORIENTED_EDGE('',*,*,#5760,.F.);
#4968=ORIENTED_EDGE('',*,*,#5761,.T.);
#4969=ORIENTED_EDGE('',*,*,#5742,.T.);
#4970=ORIENTED_EDGE('',*,*,#5745,.F.);
#4971=ORIENTED_EDGE('',*,*,#5743,.F.);
#4972=ORIENTED_EDGE('',*,*,#5761,.F.);
#4973=ORIENTED_EDGE('',*,*,#5759,.F.);
#4974=ORIENTED_EDGE('',*,*,#5757,.F.);
#4975=ORIENTED_EDGE('',*,*,#5755,.F.);
#4976=ORIENTED_EDGE('',*,*,#5753,.F.);
#4977=ORIENTED_EDGE('',*,*,#5751,.F.);
#4978=ORIENTED_EDGE('',*,*,#5749,.F.);
#4979=ORIENTED_EDGE('',*,*,#5747,.F.);
#4980=ORIENTED_EDGE('',*,*,#5733,.T.);
#4981=ORIENTED_EDGE('',*,*,#5735,.T.);
#4982=ORIENTED_EDGE('',*,*,#5729,.T.);
#4983=ORIENTED_EDGE('',*,*,#5731,.T.);
#4984=ORIENTED_EDGE('',*,*,#5762,.F.);
#4985=ORIENTED_EDGE('',*,*,#5762,.T.);
#4986=ORIENTED_EDGE('',*,*,#5736,.F.);
#4987=ORIENTED_EDGE('',*,*,#5763,.T.);
#4988=ORIENTED_EDGE('',*,*,#5764,.T.);
#4989=ORIENTED_EDGE('',*,*,#5765,.T.);
#4990=ORIENTED_EDGE('',*,*,#5766,.T.);
#4991=ORIENTED_EDGE('',*,*,#5767,.T.);
#4992=ORIENTED_EDGE('',*,*,#5768,.T.);
#4993=ORIENTED_EDGE('',*,*,#5769,.T.);
#4994=ORIENTED_EDGE('',*,*,#5770,.T.);
#4995=ORIENTED_EDGE('',*,*,#5771,.T.);
#4996=ORIENTED_EDGE('',*,*,#5772,.T.);
#4997=ORIENTED_EDGE('',*,*,#5773,.T.);
#4998=ORIENTED_EDGE('',*,*,#5774,.T.);
#4999=ORIENTED_EDGE('',*,*,#5775,.T.);
#5000=ORIENTED_EDGE('',*,*,#5776,.F.);
#5001=ORIENTED_EDGE('',*,*,#5777,.T.);
#5002=ORIENTED_EDGE('',*,*,#5778,.T.);
#5003=ORIENTED_EDGE('',*,*,#5779,.T.);
#5004=ORIENTED_EDGE('',*,*,#5780,.T.);
#5005=ORIENTED_EDGE('',*,*,#5781,.F.);
#5006=ORIENTED_EDGE('',*,*,#5782,.F.);
#5007=ORIENTED_EDGE('',*,*,#5772,.F.);
#5008=ORIENTED_EDGE('',*,*,#5783,.T.);
#5009=ORIENTED_EDGE('',*,*,#5784,.T.);
#5010=ORIENTED_EDGE('',*,*,#5785,.T.);
#5011=ORIENTED_EDGE('',*,*,#5768,.F.);
#5012=ORIENTED_EDGE('',*,*,#5767,.F.);
#5013=ORIENTED_EDGE('',*,*,#5786,.T.);
#5014=ORIENTED_EDGE('',*,*,#5787,.T.);
#5015=ORIENTED_EDGE('',*,*,#5788,.T.);
#5016=ORIENTED_EDGE('',*,*,#5789,.T.);
#5017=ORIENTED_EDGE('',*,*,#5790,.T.);
#5018=ORIENTED_EDGE('',*,*,#5791,.T.);
#5019=ORIENTED_EDGE('',*,*,#5792,.T.);
#5020=ORIENTED_EDGE('',*,*,#5793,.T.);
#5021=ORIENTED_EDGE('',*,*,#5794,.T.);
#5022=ORIENTED_EDGE('',*,*,#5795,.T.);
#5023=ORIENTED_EDGE('',*,*,#5796,.T.);
#5024=ORIENTED_EDGE('',*,*,#5779,.F.);
#5025=ORIENTED_EDGE('',*,*,#5778,.F.);
#5026=ORIENTED_EDGE('',*,*,#5797,.T.);
#5027=ORIENTED_EDGE('',*,*,#5798,.T.);
#5028=ORIENTED_EDGE('',*,*,#5799,.T.);
#5029=ORIENTED_EDGE('',*,*,#5774,.F.);
#5030=ORIENTED_EDGE('',*,*,#5800,.T.);
#5031=ORIENTED_EDGE('',*,*,#5801,.T.);
#5032=ORIENTED_EDGE('',*,*,#5802,.T.);
#5033=ORIENTED_EDGE('',*,*,#5803,.T.);
#5034=ORIENTED_EDGE('',*,*,#5804,.T.);
#5035=ORIENTED_EDGE('',*,*,#5805,.T.);
#5036=ORIENTED_EDGE('',*,*,#5806,.T.);
#5037=ORIENTED_EDGE('',*,*,#5807,.T.);
#5038=ORIENTED_EDGE('',*,*,#5808,.T.);
#5039=ORIENTED_EDGE('',*,*,#5809,.T.);
#5040=ORIENTED_EDGE('',*,*,#5810,.T.);
#5041=ORIENTED_EDGE('',*,*,#5811,.T.);
#5042=ORIENTED_EDGE('',*,*,#5812,.T.);
#5043=ORIENTED_EDGE('',*,*,#5813,.T.);
#5044=ORIENTED_EDGE('',*,*,#5814,.T.);
#5045=ORIENTED_EDGE('',*,*,#5815,.T.);
#5046=ORIENTED_EDGE('',*,*,#5816,.T.);
#5047=ORIENTED_EDGE('',*,*,#5817,.T.);
#5048=ORIENTED_EDGE('',*,*,#5765,.F.);
#5049=ORIENTED_EDGE('',*,*,#5764,.F.);
#5050=ORIENTED_EDGE('',*,*,#5818,.T.);
#5051=ORIENTED_EDGE('',*,*,#5819,.T.);
#5052=ORIENTED_EDGE('',*,*,#5820,.T.);
#5053=ORIENTED_EDGE('',*,*,#5770,.F.);
#5054=ORIENTED_EDGE('',*,*,#5821,.T.);
#5055=ORIENTED_EDGE('',*,*,#5822,.T.);
#5056=ORIENTED_EDGE('',*,*,#5823,.T.);
#5057=ORIENTED_EDGE('',*,*,#5824,.T.);
#5058=ORIENTED_EDGE('',*,*,#5825,.T.);
#5059=ORIENTED_EDGE('',*,*,#5826,.T.);
#5060=ORIENTED_EDGE('',*,*,#5827,.T.);
#5061=ORIENTED_EDGE('',*,*,#5776,.T.);
#5062=ORIENTED_EDGE('',*,*,#5828,.T.);
#5063=ORIENTED_EDGE('',*,*,#5829,.T.);
#5064=ORIENTED_EDGE('',*,*,#5830,.T.);
#5065=ORIENTED_EDGE('',*,*,#5782,.T.);
#5066=ORIENTED_EDGE('',*,*,#5781,.T.);
#5067=ORIENTED_EDGE('',*,*,#5831,.T.);
#5068=ORIENTED_EDGE('',*,*,#5832,.T.);
#5069=ORIENTED_EDGE('',*,*,#5833,.T.);
#5070=ORIENTED_EDGE('',*,*,#5834,.T.);
#5071=ORIENTED_EDGE('',*,*,#5835,.T.);
#5072=ORIENTED_EDGE('',*,*,#5836,.T.);
#5073=ORIENTED_EDGE('',*,*,#5837,.T.);
#5074=ORIENTED_EDGE('',*,*,#5838,.T.);
#5075=ORIENTED_EDGE('',*,*,#5839,.T.);
#5076=ORIENTED_EDGE('',*,*,#5840,.T.);
#5077=ORIENTED_EDGE('',*,*,#5841,.T.);
#5078=ORIENTED_EDGE('',*,*,#5842,.T.);
#5079=ORIENTED_EDGE('',*,*,#5843,.T.);
#5080=ORIENTED_EDGE('',*,*,#5844,.T.);
#5081=ORIENTED_EDGE('',*,*,#5845,.T.);
#5082=ORIENTED_EDGE('',*,*,#5846,.T.);
#5083=ORIENTED_EDGE('',*,*,#5830,.F.);
#5084=ORIENTED_EDGE('',*,*,#5847,.T.);
#5085=ORIENTED_EDGE('',*,*,#5797,.F.);
#5086=ORIENTED_EDGE('',*,*,#5777,.F.);
#5087=ORIENTED_EDGE('',*,*,#5831,.F.);
#5088=ORIENTED_EDGE('',*,*,#5780,.F.);
#5089=ORIENTED_EDGE('',*,*,#5796,.F.);
#5090=ORIENTED_EDGE('',*,*,#5848,.T.);
#5091=ORIENTED_EDGE('',*,*,#5832,.F.);
#5092=ORIENTED_EDGE('',*,*,#5848,.F.);
#5093=ORIENTED_EDGE('',*,*,#5795,.F.);
#5094=ORIENTED_EDGE('',*,*,#5849,.T.);
#5095=ORIENTED_EDGE('',*,*,#5850,.T.);
#5096=ORIENTED_EDGE('',*,*,#5798,.F.);
#5097=ORIENTED_EDGE('',*,*,#5847,.F.);
#5098=ORIENTED_EDGE('',*,*,#5829,.F.);
#5099=ORIENTED_EDGE('',*,*,#5827,.F.);
#5100=ORIENTED_EDGE('',*,*,#5849,.F.);
#5101=ORIENTED_EDGE('',*,*,#5800,.F.);
#5102=ORIENTED_EDGE('',*,*,#5773,.F.);
#5103=ORIENTED_EDGE('',*,*,#5828,.F.);
#5104=ORIENTED_EDGE('',*,*,#5775,.F.);
#5105=ORIENTED_EDGE('',*,*,#5799,.F.);
#5106=ORIENTED_EDGE('',*,*,#5850,.F.);
#5107=ORIENTED_EDGE('',*,*,#5815,.F.);
#5108=ORIENTED_EDGE('',*,*,#5769,.F.);
#5109=ORIENTED_EDGE('',*,*,#5788,.F.);
#5110=ORIENTED_EDGE('',*,*,#5851,.T.);
#5111=ORIENTED_EDGE('',*,*,#5820,.F.);
#5112=ORIENTED_EDGE('',*,*,#5852,.T.);
#5113=ORIENTED_EDGE('',*,*,#5783,.F.);
#5114=ORIENTED_EDGE('',*,*,#5771,.F.);
#5115=ORIENTED_EDGE('',*,*,#5816,.F.);
#5116=ORIENTED_EDGE('',*,*,#5851,.F.);
#5117=ORIENTED_EDGE('',*,*,#5787,.F.);
#5118=ORIENTED_EDGE('',*,*,#5853,.T.);
#5119=ORIENTED_EDGE('',*,*,#5819,.F.);
#5120=ORIENTED_EDGE('',*,*,#5854,.T.);
#5121=ORIENTED_EDGE('',*,*,#5784,.F.);
#5122=ORIENTED_EDGE('',*,*,#5852,.F.);
#5123=ORIENTED_EDGE('',*,*,#5818,.F.);
#5124=ORIENTED_EDGE('',*,*,#5763,.F.);
#5125=ORIENTED_EDGE('',*,*,#5785,.F.);
#5126=ORIENTED_EDGE('',*,*,#5854,.F.);
#5127=ORIENTED_EDGE('',*,*,#5817,.F.);
#5128=ORIENTED_EDGE('',*,*,#5853,.F.);
#5129=ORIENTED_EDGE('',*,*,#5786,.F.);
#5130=ORIENTED_EDGE('',*,*,#5766,.F.);
#5131=ORIENTED_EDGE('',*,*,#5789,.F.);
#5132=ORIENTED_EDGE('',*,*,#5794,.F.);
#5133=ORIENTED_EDGE('',*,*,#5855,.F.);
#5134=ORIENTED_EDGE('',*,*,#5821,.F.);
#5135=ORIENTED_EDGE('',*,*,#5826,.F.);
#5136=ORIENTED_EDGE('',*,*,#5856,.T.);
#5137=ORIENTED_EDGE('',*,*,#5792,.F.);
#5138=ORIENTED_EDGE('',*,*,#5791,.F.);
#5139=ORIENTED_EDGE('',*,*,#5857,.F.);
#5140=ORIENTED_EDGE('',*,*,#5824,.F.);
#5141=ORIENTED_EDGE('',*,*,#5823,.F.);
#5142=ORIENTED_EDGE('',*,*,#5858,.T.);
#5143=ORIENTED_EDGE('',*,*,#5801,.F.);
#5144=ORIENTED_EDGE('',*,*,#5806,.F.);
#5145=ORIENTED_EDGE('',*,*,#5859,.F.);
#5146=ORIENTED_EDGE('',*,*,#5833,.F.);
#5147=ORIENTED_EDGE('',*,*,#5838,.F.);
#5148=ORIENTED_EDGE('',*,*,#5860,.T.);
#5149=ORIENTED_EDGE('',*,*,#5804,.F.);
#5150=ORIENTED_EDGE('',*,*,#5803,.F.);
#5151=ORIENTED_EDGE('',*,*,#5861,.F.);
#5152=ORIENTED_EDGE('',*,*,#5836,.F.);
#5153=ORIENTED_EDGE('',*,*,#5835,.F.);
#5154=ORIENTED_EDGE('',*,*,#5862,.T.);
#5155=ORIENTED_EDGE('',*,*,#5808,.F.);
#5156=ORIENTED_EDGE('',*,*,#5863,.T.);
#5157=ORIENTED_EDGE('',*,*,#5842,.F.);
#5158=ORIENTED_EDGE('',*,*,#5864,.F.);
#5159=ORIENTED_EDGE('',*,*,#5810,.F.);
#5160=ORIENTED_EDGE('',*,*,#5865,.T.);
#5161=ORIENTED_EDGE('',*,*,#5840,.F.);
#5162=ORIENTED_EDGE('',*,*,#5866,.F.);
#5163=ORIENTED_EDGE('',*,*,#5811,.F.);
#5164=ORIENTED_EDGE('',*,*,#5867,.T.);
#5165=ORIENTED_EDGE('',*,*,#5843,.F.);
#5166=ORIENTED_EDGE('',*,*,#5868,.F.);
#5167=ORIENTED_EDGE('',*,*,#5813,.F.);
#5168=ORIENTED_EDGE('',*,*,#5869,.T.);
#5169=ORIENTED_EDGE('',*,*,#5845,.F.);
#5170=ORIENTED_EDGE('',*,*,#5870,.F.);
#5171=ORIENTED_EDGE('',*,*,#5793,.F.);
#5172=ORIENTED_EDGE('',*,*,#5858,.F.);
#5173=ORIENTED_EDGE('',*,*,#5822,.F.);
#5174=ORIENTED_EDGE('',*,*,#5855,.T.);
#5175=ORIENTED_EDGE('',*,*,#5790,.F.);
#5176=ORIENTED_EDGE('',*,*,#5856,.F.);
#5177=ORIENTED_EDGE('',*,*,#5825,.F.);
#5178=ORIENTED_EDGE('',*,*,#5857,.T.);
#5179=ORIENTED_EDGE('',*,*,#5805,.F.);
#5180=ORIENTED_EDGE('',*,*,#5862,.F.);
#5181=ORIENTED_EDGE('',*,*,#5834,.F.);
#5182=ORIENTED_EDGE('',*,*,#5859,.T.);
#5183=ORIENTED_EDGE('',*,*,#5802,.F.);
#5184=ORIENTED_EDGE('',*,*,#5860,.F.);
#5185=ORIENTED_EDGE('',*,*,#5837,.F.);
#5186=ORIENTED_EDGE('',*,*,#5861,.T.);
#5187=ORIENTED_EDGE('',*,*,#5807,.F.);
#5188=ORIENTED_EDGE('',*,*,#5866,.T.);
#5189=ORIENTED_EDGE('',*,*,#5839,.F.);
#5190=ORIENTED_EDGE('',*,*,#5863,.F.);
#5191=ORIENTED_EDGE('',*,*,#5809,.F.);
#5192=ORIENTED_EDGE('',*,*,#5864,.T.);
#5193=ORIENTED_EDGE('',*,*,#5841,.F.);
#5194=ORIENTED_EDGE('',*,*,#5865,.F.);
#5195=ORIENTED_EDGE('',*,*,#5814,.F.);
#5196=ORIENTED_EDGE('',*,*,#5870,.T.);
#5197=ORIENTED_EDGE('',*,*,#5844,.F.);
#5198=ORIENTED_EDGE('',*,*,#5867,.F.);
#5199=ORIENTED_EDGE('',*,*,#5812,.F.);
#5200=ORIENTED_EDGE('',*,*,#5868,.T.);
#5201=ORIENTED_EDGE('',*,*,#5846,.F.);
#5202=ORIENTED_EDGE('',*,*,#5869,.F.);
#5203=ORIENTED_EDGE('',*,*,#5871,.F.);
#5204=ORIENTED_EDGE('',*,*,#5872,.T.);
#5205=ORIENTED_EDGE('',*,*,#5871,.T.);
#5206=ORIENTED_EDGE('',*,*,#5872,.F.);
#5207=EDGE_CURVE('',#5873,#5873,#5874,.T.);
#5208=EDGE_CURVE('',#5875,#5875,#5876,.T.);
#5209=EDGE_CURVE('',#5877,#5877,#5878,.T.);
#5210=EDGE_CURVE('',#5879,#5879,#5880,.F.);
#5211=EDGE_CURVE('',#5881,#5881,#5882,.T.);
#5212=EDGE_CURVE('',#5883,#5883,#5884,.T.);
#5213=EDGE_CURVE('',#5885,#5885,#5886,.T.);
#5214=EDGE_CURVE('',#5887,#5887,#5888,.T.);
#5215=EDGE_CURVE('',#5889,#5889,#5890,.T.);
#5216=EDGE_CURVE('',#5891,#5891,#5892,.F.);
#5217=EDGE_CURVE('',#5893,#5893,#5894,.F.);
#5218=EDGE_CURVE('',#5895,#5896,#5897,.T.);
#5219=EDGE_CURVE('',#5896,#5895,#5898,.T.);
#5220=EDGE_CURVE('',#5899,#5899,#5900,.F.);
#5221=EDGE_CURVE('',#5901,#5902,#5903,.T.);
#5222=EDGE_CURVE('',#5902,#5901,#5904,.T.);
#5223=EDGE_CURVE('',#5905,#5905,#5906,.T.);
#5224=EDGE_CURVE('',#5907,#5907,#5908,.F.);
#5225=EDGE_CURVE('',#5909,#5910,#5911,.T.);
#5226=EDGE_CURVE('',#5910,#5909,#5912,.T.);
#5227=EDGE_CURVE('',#5913,#5913,#5914,.T.);
#5228=EDGE_CURVE('',#5915,#5915,#5916,.T.);
#5229=EDGE_CURVE('',#5917,#5918,#5919,.T.);
#5230=EDGE_CURVE('',#5918,#5917,#5920,.T.);
#5231=EDGE_CURVE('',#5921,#5921,#5922,.T.);
#5232=EDGE_CURVE('',#5923,#5923,#5924,.T.);
#5233=EDGE_CURVE('',#5925,#5925,#5926,.T.);
#5234=EDGE_CURVE('',#5927,#5927,#5928,.T.);
#5235=EDGE_CURVE('',#5929,#5929,#5930,.T.);
#5236=EDGE_CURVE('',#5931,#5931,#5932,.T.);
#5237=EDGE_CURVE('',#5933,#5933,#5934,.T.);
#5238=EDGE_CURVE('',#5935,#5935,#5936,.T.);
#5239=EDGE_CURVE('',#5937,#5937,#5938,.T.);
#5240=EDGE_CURVE('',#5939,#5939,#5940,.F.);
#5241=EDGE_CURVE('',#5941,#5942,#5943,.T.);
#5242=EDGE_CURVE('',#5942,#5941,#5944,.T.);
#5243=EDGE_CURVE('',#5945,#5945,#5946,.T.);
#5244=EDGE_CURVE('',#5947,#5947,#5948,.F.);
#5245=EDGE_CURVE('',#5949,#5949,#5950,.F.);
#5246=EDGE_CURVE('',#5951,#5951,#5952,.F.);
#5247=EDGE_CURVE('',#5953,#5953,#5954,.T.);
#5248=EDGE_CURVE('',#5955,#5955,#5956,.T.);
#5249=EDGE_CURVE('',#5957,#5957,#5958,.T.);
#5250=EDGE_CURVE('',#5959,#5960,#5961,.T.);
#5251=EDGE_CURVE('',#5960,#5959,#5962,.T.);
#5252=EDGE_CURVE('',#5963,#5964,#5965,.T.);
#5253=EDGE_CURVE('',#5964,#5963,#5966,.T.);
#5254=EDGE_CURVE('',#5967,#5968,#5969,.F.);
#5255=EDGE_CURVE('',#5968,#5967,#5970,.F.);
#5256=EDGE_CURVE('',#5971,#5972,#5973,.T.);
#5257=EDGE_CURVE('',#5972,#5971,#5974,.T.);
#5258=EDGE_CURVE('',#5975,#5975,#5976,.T.);
#5259=EDGE_CURVE('',#5977,#5978,#5979,.F.);
#5260=EDGE_CURVE('',#5978,#5977,#5980,.F.);
#5261=EDGE_CURVE('',#5981,#5982,#5983,.T.);
#5262=EDGE_CURVE('',#5982,#5981,#5984,.T.);
#5263=EDGE_CURVE('',#5985,#5985,#5986,.F.);
#5264=EDGE_CURVE('',#5987,#5987,#5988,.F.);
#5265=EDGE_CURVE('',#5989,#5990,#5991,.T.);
#5266=EDGE_CURVE('',#5990,#5989,#5992,.T.);
#5267=EDGE_CURVE('',#5993,#5994,#5995,.T.);
#5268=EDGE_CURVE('',#5994,#5996,#5997,.T.);
#5269=EDGE_CURVE('',#5996,#5993,#5998,.T.);
#5270=EDGE_CURVE('',#5999,#6000,#6001,.T.);
#5271=EDGE_CURVE('',#6000,#6002,#6003,.F.);
#5272=EDGE_CURVE('',#6002,#6004,#6005,.T.);
#5273=EDGE_CURVE('',#6004,#6006,#6007,.T.);
#5274=EDGE_CURVE('',#6006,#6008,#6009,.T.);
#5275=EDGE_CURVE('',#6008,#5999,#6010,.T.);
#5276=EDGE_CURVE('',#6011,#6011,#6012,.F.);
#5277=EDGE_CURVE('',#6013,#6013,#6014,.F.);
#5278=EDGE_CURVE('',#6015,#6015,#6016,.F.);
#5279=EDGE_CURVE('',#6017,#6018,#6019,.T.);
#5280=EDGE_CURVE('',#6018,#6017,#6020,.T.);
#5281=EDGE_CURVE('',#6002,#6021,#6022,.F.);
#5282=EDGE_CURVE('',#6021,#6023,#6024,.T.);
#5283=EDGE_CURVE('',#6023,#6008,#6025,.T.);
#5284=EDGE_CURVE('',#6026,#6023,#6027,.F.);
#5285=EDGE_CURVE('',#6028,#6026,#6029,.T.);
#5286=EDGE_CURVE('',#5999,#6028,#6030,.T.);
#5287=EDGE_CURVE('',#6028,#6031,#6032,.T.);
#5288=EDGE_CURVE('',#6031,#6000,#6033,.T.);
#5289=EDGE_CURVE('',#6031,#6034,#6035,.T.);
#5290=EDGE_CURVE('',#6021,#6034,#6036,.F.);
#5291=EDGE_CURVE('',#6034,#6026,#6037,.F.);
#5292=EDGE_CURVE('',#6038,#6038,#6039,.T.);
#5293=EDGE_CURVE('',#6040,#6041,#6042,.T.);
#5294=EDGE_CURVE('',#6041,#6043,#6044,.T.);
#5295=EDGE_CURVE('',#6043,#6040,#6045,.T.);
#5296=EDGE_CURVE('',#6046,#6047,#6048,.T.);
#5297=EDGE_CURVE('',#6047,#6049,#6050,.T.);
#5298=EDGE_CURVE('',#6049,#6051,#6052,.F.);
#5299=EDGE_CURVE('',#6051,#6053,#6054,.F.);
#5300=EDGE_CURVE('',#6053,#6055,#6056,.F.);
#5301=EDGE_CURVE('',#6055,#6046,#6057,.T.);
#5302=EDGE_CURVE('',#6058,#6058,#6059,.T.);
#5303=EDGE_CURVE('',#6060,#6061,#6062,.F.);
#5304=EDGE_CURVE('',#6063,#6060,#6064,.T.);
#5305=EDGE_CURVE('',#6065,#6063,#6066,.T.);
#5306=EDGE_CURVE('',#6061,#6065,#6067,.F.);
#5307=EDGE_CURVE('',#6068,#6069,#6070,.T.);
#5308=EDGE_CURVE('',#6069,#6071,#6072,.F.);
#5309=EDGE_CURVE('',#6071,#6073,#6074,.F.);
#5310=EDGE_CURVE('',#6073,#6068,#6075,.T.);
#5311=EDGE_CURVE('',#6076,#6077,#6078,.F.);
#5312=EDGE_CURVE('',#6079,#6076,#6080,.T.);
#5313=EDGE_CURVE('',#6081,#6079,#6082,.T.);
#5314=EDGE_CURVE('',#6077,#6081,#6083,.F.);
#5315=EDGE_CURVE('',#6084,#6085,#6086,.T.);
#5316=EDGE_CURVE('',#6085,#6087,#6088,.T.);
#5317=EDGE_CURVE('',#6087,#6084,#6089,.T.);
#5318=EDGE_CURVE('',#6090,#6091,#6092,.F.);
#5319=EDGE_CURVE('',#6091,#6093,#6094,.F.);
#5320=EDGE_CURVE('',#6093,#6095,#6096,.F.);
#5321=EDGE_CURVE('',#6095,#6097,#6098,.T.);
#5322=EDGE_CURVE('',#6097,#6099,#6100,.T.);
#5323=EDGE_CURVE('',#6099,#6090,#6101,.T.);
#5324=EDGE_CURVE('',#6102,#6102,#6103,.T.);
#5325=EDGE_CURVE('',#6104,#6105,#6106,.F.);
#5326=EDGE_CURVE('',#6107,#6104,#6108,.F.);
#5327=EDGE_CURVE('',#6109,#6107,#6110,.T.);
#5328=EDGE_CURVE('',#6105,#6109,#6111,.T.);
#5329=EDGE_CURVE('',#6112,#6113,#6114,.F.);
#5330=EDGE_CURVE('',#6113,#6115,#6116,.F.);
#5331=EDGE_CURVE('',#6115,#6117,#6118,.T.);
#5332=EDGE_CURVE('',#6117,#6112,#6119,.T.);
#5333=EDGE_CURVE('',#6120,#6121,#6122,.F.);
#5334=EDGE_CURVE('',#6123,#6120,#6124,.F.);
#5335=EDGE_CURVE('',#6125,#6123,#6126,.T.);
#5336=EDGE_CURVE('',#6121,#6125,#6127,.T.);
#5337=EDGE_CURVE('',#6104,#6128,#6129,.T.);
#5338=EDGE_CURVE('',#6128,#6130,#6131,.T.);
#5339=EDGE_CURVE('',#6107,#6130,#6132,.T.);
#5340=EDGE_CURVE('',#6133,#6109,#6134,.T.);
#5341=EDGE_CURVE('',#6135,#6133,#6136,.T.);
#5342=EDGE_CURVE('',#6135,#6105,#6137,.T.);
#5343=EDGE_CURVE('',#6060,#6138,#6139,.T.);
#5344=EDGE_CURVE('',#6138,#6140,#6141,.T.);
#5345=EDGE_CURVE('',#6063,#6140,#6142,.T.);
#5346=EDGE_CURVE('',#6143,#6065,#6144,.T.);
#5347=EDGE_CURVE('',#6145,#6143,#6146,.T.);
#5348=EDGE_CURVE('',#6145,#6061,#6147,.T.);
#5349=EDGE_CURVE('',#6130,#6133,#6148,.T.);
#5350=EDGE_CURVE('',#6149,#6150,#6151,.F.);
#5351=EDGE_CURVE('',#6150,#6152,#6153,.F.);
#5352=EDGE_CURVE('',#6152,#6154,#6155,.F.);
#5353=EDGE_CURVE('',#6154,#6149,#6156,.F.);
#5354=EDGE_CURVE('',#6140,#6143,#6157,.T.);
#5355=EDGE_CURVE('',#6128,#6135,#6158,.T.);
#5356=EDGE_CURVE('',#6159,#6160,#6161,.T.);
#5357=EDGE_CURVE('',#6160,#6162,#6163,.T.);
#5358=EDGE_CURVE('',#6162,#6164,#6165,.T.);
#5359=EDGE_CURVE('',#6164,#6159,#6166,.T.);
#5360=EDGE_CURVE('',#6138,#6145,#6167,.T.);
#5361=EDGE_CURVE('',#6051,#6095,#6168,.T.);
#5362=EDGE_CURVE('',#6049,#6097,#6169,.T.);
#5363=EDGE_CURVE('',#6170,#6171,#6172,.T.);
#5364=EDGE_CURVE('',#6171,#6170,#6173,.T.);
#5365=EDGE_CURVE('',#6055,#6091,#6174,.T.);
#5366=EDGE_CURVE('',#6046,#6090,#6175,.T.);
#5367=EDGE_CURVE('',#6176,#6177,#6178,.T.);
#5368=EDGE_CURVE('',#6177,#6179,#6180,.T.);
#5369=EDGE_CURVE('',#6179,#6181,#6182,.T.);
#5370=EDGE_CURVE('',#6181,#6183,#6184,.T.);
#5371=EDGE_CURVE('',#6183,#6185,#6186,.T.);
#5372=EDGE_CURVE('',#6185,#6187,#6188,.T.);
#5373=EDGE_CURVE('',#6187,#6189,#6190,.T.);
#5374=EDGE_CURVE('',#6189,#6191,#6192,.T.);
#5375=EDGE_CURVE('',#6191,#6193,#6194,.T.);
#5376=EDGE_CURVE('',#6193,#6176,#6195,.T.);
#5377=EDGE_CURVE('',#6196,#6197,#6198,.F.);
#5378=EDGE_CURVE('',#6197,#6196,#6199,.F.);
#5379=EDGE_CURVE('',#6200,#6201,#6202,.F.);
#5380=EDGE_CURVE('',#6201,#6200,#6203,.F.);
#5381=EDGE_CURVE('',#6068,#6112,#6204,.T.);
#5382=EDGE_CURVE('',#6069,#6117,#6205,.T.);
#5383=EDGE_CURVE('',#6071,#6115,#6206,.T.);
#5384=EDGE_CURVE('',#6073,#6113,#6207,.T.);
#5385=EDGE_CURVE('',#6208,#6077,#6209,.T.);
#5386=EDGE_CURVE('',#6210,#6208,#6211,.T.);
#5387=EDGE_CURVE('',#6076,#6210,#6212,.T.);
#5388=EDGE_CURVE('',#6210,#6213,#6214,.T.);
#5389=EDGE_CURVE('',#6079,#6213,#6215,.T.);
#5390=EDGE_CURVE('',#6213,#6216,#6217,.T.);
#5391=EDGE_CURVE('',#6216,#6081,#6218,.T.);
#5392=EDGE_CURVE('',#6208,#6216,#6219,.T.);
#5393=EDGE_CURVE('',#6220,#6221,#6222,.T.);
#5394=EDGE_CURVE('',#6221,#6220,#6223,.T.);
#5395=EDGE_CURVE('',#6224,#6224,#6225,.T.);
#5396=EDGE_CURVE('',#6226,#6121,#6227,.T.);
#5397=EDGE_CURVE('',#6228,#6226,#6229,.T.);
#5398=EDGE_CURVE('',#6120,#6228,#6230,.T.);
#5399=EDGE_CURVE('',#6231,#6232,#6233,.T.);
#5400=EDGE_CURVE('',#6232,#6234,#6235,.T.);
#5401=EDGE_CURVE('',#6234,#6236,#6237,.T.);
#5402=EDGE_CURVE('',#6236,#6231,#6238,.T.);
#5403=EDGE_CURVE('',#6228,#6239,#6240,.T.);
#5404=EDGE_CURVE('',#6123,#6239,#6241,.T.);
#5405=EDGE_CURVE('',#6239,#6242,#6243,.T.);
#5406=EDGE_CURVE('',#6242,#6125,#6244,.T.);
#5407=EDGE_CURVE('',#6245,#6246,#6247,.F.);
#5408=EDGE_CURVE('',#6246,#6248,#6249,.F.);
#5409=EDGE_CURVE('',#6248,#6250,#6251,.F.);
#5410=EDGE_CURVE('',#6250,#6245,#6252,.F.);
#5411=EDGE_CURVE('',#6226,#6242,#6253,.T.);
#5412=EDGE_CURVE('',#6160,#6149,#6254,.T.);
#5413=EDGE_CURVE('',#6159,#6150,#6255,.T.);
#5414=EDGE_CURVE('',#6164,#6152,#6256,.T.);
#5415=EDGE_CURVE('',#6162,#6154,#6257,.T.);
#5416=EDGE_CURVE('',#6258,#6258,#6259,.T.);
#5417=EDGE_CURVE('',#6260,#6261,#6262,.T.);
#5418=EDGE_CURVE('',#6261,#6177,#6263,.T.);
#5419=EDGE_CURVE('',#6260,#6176,#6264,.T.);
#5420=EDGE_CURVE('',#6261,#6265,#6266,.T.);
#5421=EDGE_CURVE('',#6265,#6179,#6267,.T.);
#5422=EDGE_CURVE('',#6265,#6268,#6269,.T.);
#5423=EDGE_CURVE('',#6268,#6181,#6270,.T.);
#5424=EDGE_CURVE('',#6268,#6271,#6272,.T.);
#5425=EDGE_CURVE('',#6271,#6183,#6273,.T.);
#5426=EDGE_CURVE('',#6271,#6274,#6275,.T.);
#5427=EDGE_CURVE('',#6274,#6185,#6276,.T.);
#5428=EDGE_CURVE('',#6274,#6277,#6278,.T.);
#5429=EDGE_CURVE('',#6277,#6187,#6279,.T.);
#5430=EDGE_CURVE('',#6277,#6280,#6281,.T.);
#5431=EDGE_CURVE('',#6280,#6189,#6282,.T.);
#5432=EDGE_CURVE('',#6280,#6283,#6284,.T.);
#5433=EDGE_CURVE('',#6283,#6191,#6285,.T.);
#5434=EDGE_CURVE('',#6283,#6286,#6287,.T.);
#5435=EDGE_CURVE('',#6286,#6193,#6288,.T.);
#5436=EDGE_CURVE('',#6286,#6260,#6289,.T.);
#5437=EDGE_CURVE('',#6290,#6196,#6291,.T.);
#5438=EDGE_CURVE('',#6292,#6290,#6293,.T.);
#5439=EDGE_CURVE('',#6292,#6197,#6294,.T.);
#5440=EDGE_CURVE('',#6290,#6292,#6295,.T.);
#5441=EDGE_CURVE('',#6296,#6200,#6297,.T.);
#5442=EDGE_CURVE('',#6298,#6296,#6299,.T.);
#5443=EDGE_CURVE('',#6298,#6201,#6300,.T.);
#5444=EDGE_CURVE('',#6296,#6298,#6301,.T.);
#5445=EDGE_CURVE('',#6302,#6302,#6303,.T.);
#5446=EDGE_CURVE('',#6304,#6304,#6305,.T.);
#5447=EDGE_CURVE('',#6232,#6245,#6306,.T.);
#5448=EDGE_CURVE('',#6231,#6246,#6307,.T.);
#5449=EDGE_CURVE('',#6234,#6250,#6308,.T.);
#5450=EDGE_CURVE('',#6236,#6248,#6309,.T.);
#5451=EDGE_CURVE('',#6310,#6260,#6311,.F.);
#5452=EDGE_CURVE('',#6310,#6312,#6313,.T.);
#5453=EDGE_CURVE('',#6312,#6261,#6314,.F.);
#5454=EDGE_CURVE('',#6312,#6315,#6316,.T.);
#5455=EDGE_CURVE('',#6315,#6265,#6317,.F.);
#5456=EDGE_CURVE('',#6315,#6318,#6319,.T.);
#5457=EDGE_CURVE('',#6318,#6268,#6320,.F.);
#5458=EDGE_CURVE('',#6318,#6321,#6322,.T.);
#5459=EDGE_CURVE('',#6321,#6271,#6323,.F.);
#5460=EDGE_CURVE('',#6321,#6324,#6325,.T.);
#5461=EDGE_CURVE('',#6324,#6274,#6326,.F.);
#5462=EDGE_CURVE('',#6324,#6327,#6328,.T.);
#5463=EDGE_CURVE('',#6327,#6277,#6329,.F.);
#5464=EDGE_CURVE('',#6327,#6330,#6331,.T.);
#5465=EDGE_CURVE('',#6330,#6280,#6332,.F.);
#5466=EDGE_CURVE('',#6330,#6333,#6334,.T.);
#5467=EDGE_CURVE('',#6333,#6283,#6335,.F.);
#5468=EDGE_CURVE('',#6333,#6336,#6337,.T.);
#5469=EDGE_CURVE('',#6336,#6286,#6338,.F.);
#5470=EDGE_CURVE('',#6336,#6310,#6339,.T.);
#5471=EDGE_CURVE('',#6340,#6340,#6341,.T.);
#5472=EDGE_CURVE('',#6342,#6343,#6344,.F.);
#5473=EDGE_CURVE('',#6343,#6345,#6346,.T.);
#5474=EDGE_CURVE('',#6345,#6347,#6348,.T.);
#5475=EDGE_CURVE('',#6347,#6349,#6350,.F.);
#5476=EDGE_CURVE('',#6349,#6351,#6352,.F.);
#5477=EDGE_CURVE('',#6351,#6342,#6353,.F.);
#5478=EDGE_CURVE('',#6354,#6355,#6356,.F.);
#5479=EDGE_CURVE('',#6355,#6357,#6358,.T.);
#5480=EDGE_CURVE('',#6357,#6359,#6360,.F.);
#5481=EDGE_CURVE('',#6359,#6354,#6361,.F.);
#5482=EDGE_CURVE('',#6362,#6363,#6364,.T.);
#5483=EDGE_CURVE('',#6363,#6365,#6366,.T.);
#5484=EDGE_CURVE('',#6365,#6367,#6368,.T.);
#5485=EDGE_CURVE('',#6362,#6367,#6369,.T.);
#5486=EDGE_CURVE('',#6370,#6371,#6372,.T.);
#5487=EDGE_CURVE('',#6371,#6373,#6374,.T.);
#5488=EDGE_CURVE('',#6373,#6375,#6376,.T.);
#5489=EDGE_CURVE('',#6375,#6377,#6378,.T.);
#5490=EDGE_CURVE('',#6379,#6377,#6380,.T.);
#5491=EDGE_CURVE('',#6370,#6379,#6381,.T.);
#5492=EDGE_CURVE('',#6359,#6382,#6383,.F.);
#5493=EDGE_CURVE('',#6382,#6384,#6385,.T.);
#5494=EDGE_CURVE('',#6384,#6342,#6386,.T.);
#5495=EDGE_CURVE('',#6349,#6387,#6388,.F.);
#5496=EDGE_CURVE('',#6387,#6389,#6390,.T.);
#5497=EDGE_CURVE('',#6389,#6354,#6391,.T.);
#5498=EDGE_CURVE('',#6392,#6393,#6394,.F.);
#5499=EDGE_CURVE('',#6393,#6395,#6396,.T.);
#5500=EDGE_CURVE('',#6395,#6397,#6398,.F.);
#5501=EDGE_CURVE('',#6397,#6399,#6400,.F.);
#5502=EDGE_CURVE('',#6399,#6401,#6402,.T.);
#5503=EDGE_CURVE('',#6401,#6392,#6403,.F.);
#5504=EDGE_CURVE('',#6404,#6405,#6406,.F.);
#5505=EDGE_CURVE('',#6405,#6375,#6407,.F.);
#5506=EDGE_CURVE('',#6371,#6408,#6409,.T.);
#5507=EDGE_CURVE('',#6408,#6410,#6411,.F.);
#5508=EDGE_CURVE('',#6410,#6365,#6412,.F.);
#5509=EDGE_CURVE('',#6363,#6404,#6413,.T.);
#5510=EDGE_CURVE('',#6414,#6415,#6416,.F.);
#5511=EDGE_CURVE('',#6415,#6417,#6418,.F.);
#5512=EDGE_CURVE('',#6417,#6419,#6420,.F.);
#5513=EDGE_CURVE('',#6419,#6421,#6422,.F.);
#5514=EDGE_CURVE('',#6421,#6423,#6424,.T.);
#5515=EDGE_CURVE('',#6423,#6414,#6425,.F.);
#5516=EDGE_CURVE('',#6426,#6427,#6428,.F.);
#5517=EDGE_CURVE('',#6427,#6429,#6430,.T.);
#5518=EDGE_CURVE('',#6429,#6431,#6432,.F.);
#5519=EDGE_CURVE('',#6431,#6426,#6433,.T.);
#5520=EDGE_CURVE('',#6434,#6435,#6436,.T.);
#5521=EDGE_CURVE('',#6435,#6437,#6438,.T.);
#5522=EDGE_CURVE('',#6437,#6439,#6440,.T.);
#5523=EDGE_CURVE('',#6439,#6434,#6441,.F.);
#5524=EDGE_CURVE('',#6355,#6442,#6443,.F.);
#5525=EDGE_CURVE('',#6442,#6444,#6445,.F.);
#5526=EDGE_CURVE('',#6444,#6347,#6446,.T.);
#5527=EDGE_CURVE('',#6343,#6447,#6448,.F.);
#5528=EDGE_CURVE('',#6447,#6449,#6450,.F.);
#5529=EDGE_CURVE('',#6449,#6357,#6451,.T.);
#5530=EDGE_CURVE('',#6452,#6453,#6454,.T.);
#5531=EDGE_CURVE('',#6453,#6455,#6456,.F.);
#5532=EDGE_CURVE('',#6455,#6457,#6458,.T.);
#5533=EDGE_CURVE('',#6457,#6459,#6460,.T.);
#5534=EDGE_CURVE('',#6459,#6461,#6462,.F.);
#5535=EDGE_CURVE('',#6461,#6452,#6463,.T.);
#5536=EDGE_CURVE('',#6464,#6362,#6465,.F.);
#5537=EDGE_CURVE('',#6367,#6466,#6467,.T.);
#5538=EDGE_CURVE('',#6466,#6468,#6469,.T.);
#5539=EDGE_CURVE('',#6468,#6370,#6470,.F.);
#5540=EDGE_CURVE('',#6377,#6471,#6472,.T.);
#5541=EDGE_CURVE('',#6471,#6464,#6473,.T.);
#5542=EDGE_CURVE('',#6474,#6475,#6476,.T.);
#5543=EDGE_CURVE('',#6475,#6477,#6478,.F.);
#5544=EDGE_CURVE('',#6477,#6479,#6480,.T.);
#5545=EDGE_CURVE('',#6479,#6481,#6482,.T.);
#5546=EDGE_CURVE('',#6481,#6483,#6484,.T.);
#5547=EDGE_CURVE('',#6483,#6474,#6485,.T.);
#5548=EDGE_CURVE('',#6486,#6487,#6488,.T.);
#5549=EDGE_CURVE('',#6487,#6489,#6490,.F.);
#5550=EDGE_CURVE('',#6489,#6491,#6492,.T.);
#5551=EDGE_CURVE('',#6491,#6486,#6493,.F.);
#5552=EDGE_CURVE('',#6494,#6495,#6496,.F.);
#5553=EDGE_CURVE('',#6495,#6497,#6498,.T.);
#5554=EDGE_CURVE('',#6497,#6499,#6500,.F.);
#5555=EDGE_CURVE('',#6499,#6494,#6501,.F.);
#5556=EDGE_CURVE('',#6468,#6408,#6502,.T.);
#5557=EDGE_CURVE('',#6405,#6471,#6503,.T.);
#5558=EDGE_CURVE('',#6404,#6464,#6504,.T.);
#5559=EDGE_CURVE('',#6466,#6410,#6505,.T.);
#5560=EDGE_CURVE('',#6389,#6442,#6506,.T.);
#5561=EDGE_CURVE('',#6449,#6382,#6507,.T.);
#5562=EDGE_CURVE('',#6387,#6444,#6508,.T.);
#5563=EDGE_CURVE('',#6447,#6384,#6509,.T.);
#5564=EDGE_CURVE('',#6453,#6401,#6510,.T.);
#5565=EDGE_CURVE('',#6461,#6393,#6511,.T.);
#5566=EDGE_CURVE('',#6459,#6395,#6512,.T.);
#5567=EDGE_CURVE('',#6455,#6399,#6513,.T.);
#5568=EDGE_CURVE('',#6475,#6423,#6514,.T.);
#5569=EDGE_CURVE('',#6483,#6415,#6515,.T.);
#5570=EDGE_CURVE('',#6481,#6417,#6516,.T.);
#5571=EDGE_CURVE('',#6477,#6421,#6517,.T.);
#5572=EDGE_CURVE('',#6427,#6486,#6518,.T.);
#5573=EDGE_CURVE('',#6429,#6491,#6519,.T.);
#5574=EDGE_CURVE('',#6431,#6489,#6520,.T.);
#5575=EDGE_CURVE('',#6426,#6487,#6521,.T.);
#5576=EDGE_CURVE('',#6434,#6495,#6522,.T.);
#5577=EDGE_CURVE('',#6435,#6494,#6523,.T.);
#5578=EDGE_CURVE('',#6437,#6499,#6524,.T.);
#5579=EDGE_CURVE('',#6439,#6497,#6525,.T.);
#5580=EDGE_CURVE('',#6526,#6527,#6528,.T.);
#5581=EDGE_CURVE('',#6527,#6529,#6530,.T.);
#5582=EDGE_CURVE('',#6529,#6526,#6531,.T.);
#5583=EDGE_CURVE('',#6532,#6533,#6534,.F.);
#5584=EDGE_CURVE('',#6535,#6532,#6536,.F.);
#5585=EDGE_CURVE('',#6537,#6535,#6538,.F.);
#5586=EDGE_CURVE('',#6539,#6537,#6540,.T.);
#5587=EDGE_CURVE('',#6541,#6539,#6542,.T.);
#5588=EDGE_CURVE('',#6533,#6541,#6543,.T.);
#5589=EDGE_CURVE('',#6544,#6544,#6545,.T.);
#5590=EDGE_CURVE('',#6546,#6547,#6548,.T.);
#5591=EDGE_CURVE('',#6547,#6549,#6550,.F.);
#5592=EDGE_CURVE('',#6549,#6551,#6552,.F.);
#5593=EDGE_CURVE('',#6551,#6553,#6554,.F.);
#5594=EDGE_CURVE('',#6553,#6555,#6556,.T.);
#5595=EDGE_CURVE('',#6555,#6546,#6557,.T.);
#5596=EDGE_CURVE('',#6558,#6559,#6560,.T.);
#5597=EDGE_CURVE('',#6559,#6561,#6562,.F.);
#5598=EDGE_CURVE('',#6561,#6563,#6564,.F.);
#5599=EDGE_CURVE('',#6563,#6558,#6565,.T.);
#5600=EDGE_CURVE('',#6566,#6567,#6568,.F.);
#5601=EDGE_CURVE('',#6569,#6566,#6570,.T.);
#5602=EDGE_CURVE('',#6571,#6569,#6572,.T.);
#5603=EDGE_CURVE('',#6567,#6571,#6573,.F.);
#5604=EDGE_CURVE('',#6574,#6575,#6576,.T.);
#5605=EDGE_CURVE('',#6575,#6577,#6578,.T.);
#5606=EDGE_CURVE('',#6577,#6574,#6579,.T.);
#5607=EDGE_CURVE('',#6580,#6581,#6582,.T.);
#5608=EDGE_CURVE('',#6583,#6580,#6584,.T.);
#5609=EDGE_CURVE('',#6585,#6583,#6586,.T.);
#5610=EDGE_CURVE('',#6587,#6585,#6588,.F.);
#5611=EDGE_CURVE('',#6589,#6587,#6590,.F.);
#5612=EDGE_CURVE('',#6581,#6589,#6591,.F.);
#5613=EDGE_CURVE('',#6592,#6592,#6593,.T.);
#5614=EDGE_CURVE('',#6594,#6595,#6596,.T.);
#5615=EDGE_CURVE('',#6595,#6597,#6598,.F.);
#5616=EDGE_CURVE('',#6597,#6599,#6600,.F.);
#5617=EDGE_CURVE('',#6599,#6601,#6602,.F.);
#5618=EDGE_CURVE('',#6601,#6603,#6604,.T.);
#5619=EDGE_CURVE('',#6603,#6594,#6605,.T.);
#5620=EDGE_CURVE('',#6606,#6607,#6608,.F.);
#5621=EDGE_CURVE('',#6607,#6609,#6610,.F.);
#5622=EDGE_CURVE('',#6609,#6611,#6612,.T.);
#5623=EDGE_CURVE('',#6611,#6606,#6613,.T.);
#5624=EDGE_CURVE('',#6614,#6615,#6616,.F.);
#5625=EDGE_CURVE('',#6617,#6614,#6618,.F.);
#5626=EDGE_CURVE('',#6619,#6617,#6620,.T.);
#5627=EDGE_CURVE('',#6615,#6619,#6621,.T.);
#5628=EDGE_CURVE('',#6587,#6622,#6623,.T.);
#5629=EDGE_CURVE('',#6622,#6624,#6625,.T.);
#5630=EDGE_CURVE('',#6581,#6624,#6626,.T.);
#5631=EDGE_CURVE('',#6627,#6580,#6628,.T.);
#5632=EDGE_CURVE('',#6629,#6627,#6630,.T.);
#5633=EDGE_CURVE('',#6629,#6585,#6631,.T.);
#5634=EDGE_CURVE('',#6537,#6632,#6633,.T.);
#5635=EDGE_CURVE('',#6632,#6634,#6635,.T.);
#5636=EDGE_CURVE('',#6541,#6634,#6636,.T.);
#5637=EDGE_CURVE('',#6637,#6533,#6638,.T.);
#5638=EDGE_CURVE('',#6639,#6637,#6640,.T.);
#5639=EDGE_CURVE('',#6639,#6535,#6641,.T.);
#5640=EDGE_CURVE('',#6624,#6627,#6642,.T.);
#5641=EDGE_CURVE('',#6643,#6644,#6645,.F.);
#5642=EDGE_CURVE('',#6644,#6646,#6647,.F.);
#5643=EDGE_CURVE('',#6646,#6648,#6649,.F.);
#5644=EDGE_CURVE('',#6648,#6643,#6650,.F.);
#5645=EDGE_CURVE('',#6634,#6637,#6651,.T.);
#5646=EDGE_CURVE('',#6622,#6629,#6652,.T.);
#5647=EDGE_CURVE('',#6653,#6654,#6655,.T.);
#5648=EDGE_CURVE('',#6654,#6656,#6657,.T.);
#5649=EDGE_CURVE('',#6656,#6658,#6659,.T.);
#5650=EDGE_CURVE('',#6658,#6653,#6660,.T.);
#5651=EDGE_CURVE('',#6632,#6639,#6661,.T.);
#5652=EDGE_CURVE('',#6662,#6663,#6664,.T.);
#5653=EDGE_CURVE('',#6663,#6662,#6665,.T.);
#5654=EDGE_CURVE('',#6666,#6667,#6668,.T.);
#5655=EDGE_CURVE('',#6667,#6669,#6670,.T.);
#5656=EDGE_CURVE('',#6669,#6671,#6672,.T.);
#5657=EDGE_CURVE('',#6671,#6673,#6674,.T.);
#5658=EDGE_CURVE('',#6673,#6675,#6676,.T.);
#5659=EDGE_CURVE('',#6675,#6677,#6678,.T.);
#5660=EDGE_CURVE('',#6677,#6679,#6680,.T.);
#5661=EDGE_CURVE('',#6679,#6681,#6682,.T.);
#5662=EDGE_CURVE('',#6681,#6683,#6684,.T.);
#5663=EDGE_CURVE('',#6683,#6666,#6685,.T.);
#5664=EDGE_CURVE('',#6686,#6687,#6688,.F.);
#5665=EDGE_CURVE('',#6687,#6686,#6689,.F.);
#5666=EDGE_CURVE('',#6690,#6691,#6692,.F.);
#5667=EDGE_CURVE('',#6691,#6690,#6693,.F.);
#5668=EDGE_CURVE('',#6601,#6549,#6694,.T.);
#5669=EDGE_CURVE('',#6603,#6547,#6695,.T.);
#5670=EDGE_CURVE('',#6595,#6555,#6696,.T.);
#5671=EDGE_CURVE('',#6597,#6553,#6697,.T.);
#5672=EDGE_CURVE('',#6558,#6606,#6698,.T.);
#5673=EDGE_CURVE('',#6559,#6611,#6699,.T.);
#5674=EDGE_CURVE('',#6561,#6609,#6700,.T.);
#5675=EDGE_CURVE('',#6563,#6607,#6701,.T.);
#5676=EDGE_CURVE('',#6702,#6567,#6703,.T.);
#5677=EDGE_CURVE('',#6704,#6702,#6705,.T.);
#5678=EDGE_CURVE('',#6566,#6704,#6706,.T.);
#5679=EDGE_CURVE('',#6704,#6707,#6708,.T.);
#5680=EDGE_CURVE('',#6569,#6707,#6709,.T.);
#5681=EDGE_CURVE('',#6707,#6710,#6711,.T.);
#5682=EDGE_CURVE('',#6710,#6571,#6712,.T.);
#5683=EDGE_CURVE('',#6702,#6710,#6713,.T.);
#5684=EDGE_CURVE('',#6714,#6714,#6715,.T.);
#5685=EDGE_CURVE('',#6716,#6717,#6718,.T.);
#5686=EDGE_CURVE('',#6717,#6716,#6719,.T.);
#5687=EDGE_CURVE('',#6720,#6615,#6721,.T.);
#5688=EDGE_CURVE('',#6722,#6720,#6723,.T.);
#5689=EDGE_CURVE('',#6614,#6722,#6724,.T.);
#5690=EDGE_CURVE('',#6725,#6726,#6727,.T.);
#5691=EDGE_CURVE('',#6726,#6728,#6729,.T.);
#5692=EDGE_CURVE('',#6728,#6730,#6731,.T.);
#5693=EDGE_CURVE('',#6730,#6725,#6732,.T.);
#5694=EDGE_CURVE('',#6722,#6733,#6734,.T.);
#5695=EDGE_CURVE('',#6617,#6733,#6735,.T.);
#5696=EDGE_CURVE('',#6733,#6736,#6737,.T.);
#5697=EDGE_CURVE('',#6736,#6619,#6738,.T.);
#5698=EDGE_CURVE('',#6739,#6740,#6741,.F.);
#5699=EDGE_CURVE('',#6740,#6742,#6743,.F.);
#5700=EDGE_CURVE('',#6742,#6744,#6745,.F.);
#5701=EDGE_CURVE('',#6744,#6739,#6746,.F.);
#5702=EDGE_CURVE('',#6720,#6736,#6747,.T.);
#5703=EDGE_CURVE('',#6654,#6643,#6748,.T.);
#5704=EDGE_CURVE('',#6653,#6644,#6749,.T.);
#5705=EDGE_CURVE('',#6658,#6646,#6750,.T.);
#5706=EDGE_CURVE('',#6656,#6648,#6751,.T.);
#5707=EDGE_CURVE('',#6752,#6752,#6753,.T.);
#5708=EDGE_CURVE('',#6754,#6755,#6756,.T.);
#5709=EDGE_CURVE('',#6755,#6667,#6757,.T.);
#5710=EDGE_CURVE('',#6754,#6666,#6758,.T.);
#5711=EDGE_CURVE('',#6755,#6759,#6760,.T.);
#5712=EDGE_CURVE('',#6759,#6669,#6761,.T.);
#5713=EDGE_CURVE('',#6759,#6762,#6763,.T.);
#5714=EDGE_CURVE('',#6762,#6671,#6764,.T.);
#5715=EDGE_CURVE('',#6762,#6765,#6766,.T.);
#5716=EDGE_CURVE('',#6765,#6673,#6767,.T.);
#5717=EDGE_CURVE('',#6765,#6768,#6769,.T.);
#5718=EDGE_CURVE('',#6768,#6675,#6770,.T.);
#5719=EDGE_CURVE('',#6768,#6771,#6772,.T.);
#5720=EDGE_CURVE('',#6771,#6677,#6773,.T.);
#5721=EDGE_CURVE('',#6771,#6774,#6775,.T.);
#5722=EDGE_CURVE('',#6774,#6679,#6776,.T.);
#5723=EDGE_CURVE('',#6774,#6777,#6778,.T.);
#5724=EDGE_CURVE('',#6777,#6681,#6779,.T.);
#5725=EDGE_CURVE('',#6777,#6780,#6781,.T.);
#5726=EDGE_CURVE('',#6780,#6683,#6782,.T.);
#5727=EDGE_CURVE('',#6780,#6754,#6783,.T.);
#5728=EDGE_CURVE('',#6784,#6686,#6785,.T.);
#5729=EDGE_CURVE('',#6786,#6784,#6787,.T.);
#5730=EDGE_CURVE('',#6786,#6687,#6788,.T.);
#5731=EDGE_CURVE('',#6784,#6786,#6789,.T.);
#5732=EDGE_CURVE('',#6790,#6690,#6791,.T.);
#5733=EDGE_CURVE('',#6792,#6790,#6793,.T.);
#5734=EDGE_CURVE('',#6792,#6691,#6794,.T.);
#5735=EDGE_CURVE('',#6790,#6792,#6795,.T.);
#5736=EDGE_CURVE('',#6796,#6796,#6797,.T.);
#5737=EDGE_CURVE('',#6798,#6798,#6799,.T.);
#5738=EDGE_CURVE('',#6726,#6739,#6800,.T.);
#5739=EDGE_CURVE('',#6725,#6740,#6801,.T.);
#5740=EDGE_CURVE('',#6728,#6744,#6802,.T.);
#5741=EDGE_CURVE('',#6730,#6742,#6803,.T.);
#5742=EDGE_CURVE('',#6804,#6754,#6805,.F.);
#5743=EDGE_CURVE('',#6804,#6806,#6807,.T.);
#5744=EDGE_CURVE('',#6806,#6755,#6808,.F.);
#5745=EDGE_CURVE('',#6806,#6809,#6810,.T.);
#5746=EDGE_CURVE('',#6809,#6759,#6811,.F.);
#5747=EDGE_CURVE('',#6809,#6812,#6813,.T.);
#5748=EDGE_CURVE('',#6812,#6762,#6814,.F.);
#5749=EDGE_CURVE('',#6812,#6815,#6816,.T.);
#5750=EDGE_CURVE('',#6815,#6765,#6817,.F.);
#5751=EDGE_CURVE('',#6815,#6818,#6819,.T.);
#5752=EDGE_CURVE('',#6818,#6768,#6820,.F.);
#5753=EDGE_CURVE('',#6818,#6821,#6822,.T.);
#5754=EDGE_CURVE('',#6821,#6771,#6823,.F.);
#5755=EDGE_CURVE('',#6821,#6824,#6825,.T.);
#5756=EDGE_CURVE('',#6824,#6774,#6826,.F.);
#5757=EDGE_CURVE('',#6824,#6827,#6828,.T.);
#5758=EDGE_CURVE('',#6827,#6777,#6829,.F.);
#5759=EDGE_CURVE('',#6827,#6830,#6831,.T.);
#5760=EDGE_CURVE('',#6830,#6780,#6832,.F.);
#5761=EDGE_CURVE('',#6830,#6804,#6833,.T.);
#5762=EDGE_CURVE('',#6834,#6834,#6835,.T.);
#5763=EDGE_CURVE('',#6836,#6837,#6838,.F.);
#5764=EDGE_CURVE('',#6837,#6839,#6840,.T.);
#5765=EDGE_CURVE('',#6839,#6841,#6842,.T.);
#5766=EDGE_CURVE('',#6841,#6843,#6844,.F.);
#5767=EDGE_CURVE('',#6843,#6845,#6846,.F.);
#5768=EDGE_CURVE('',#6845,#6836,#6847,.F.);
#5769=EDGE_CURVE('',#6848,#6849,#6850,.F.);
#5770=EDGE_CURVE('',#6849,#6851,#6852,.T.);
#5771=EDGE_CURVE('',#6851,#6853,#6854,.F.);
#5772=EDGE_CURVE('',#6853,#6848,#6855,.F.);
#5773=EDGE_CURVE('',#6856,#6857,#6858,.T.);
#5774=EDGE_CURVE('',#6857,#6859,#6860,.T.);
#5775=EDGE_CURVE('',#6859,#6861,#6862,.T.);
#5776=EDGE_CURVE('',#6856,#6861,#6863,.T.);
#5777=EDGE_CURVE('',#6864,#6865,#6866,.T.);
#5778=EDGE_CURVE('',#6865,#6867,#6868,.T.);
#5779=EDGE_CURVE('',#6867,#6869,#6870,.T.);
#5780=EDGE_CURVE('',#6869,#6871,#6872,.T.);
#5781=EDGE_CURVE('',#6873,#6871,#6874,.T.);
#5782=EDGE_CURVE('',#6864,#6873,#6875,.T.);
#5783=EDGE_CURVE('',#6853,#6876,#6877,.F.);
#5784=EDGE_CURVE('',#6876,#6878,#6879,.T.);
#5785=EDGE_CURVE('',#6878,#6836,#6880,.T.);
#5786=EDGE_CURVE('',#6843,#6881,#6882,.F.);
#5787=EDGE_CURVE('',#6881,#6883,#6884,.T.);
#5788=EDGE_CURVE('',#6883,#6848,#6885,.T.);
#5789=EDGE_CURVE('',#6886,#6887,#6888,.F.);
#5790=EDGE_CURVE('',#6887,#6889,#6890,.T.);
#5791=EDGE_CURVE('',#6889,#6891,#6892,.F.);
#5792=EDGE_CURVE('',#6891,#6893,#6894,.F.);
#5793=EDGE_CURVE('',#6893,#6895,#6896,.T.);
#5794=EDGE_CURVE('',#6895,#6886,#6897,.F.);
#5795=EDGE_CURVE('',#6898,#6899,#6900,.F.);
#5796=EDGE_CURVE('',#6899,#6869,#6901,.F.);
#5797=EDGE_CURVE('',#6865,#6902,#6903,.T.);
#5798=EDGE_CURVE('',#6902,#6904,#6905,.F.);
#5799=EDGE_CURVE('',#6904,#6859,#6906,.F.);
#5800=EDGE_CURVE('',#6857,#6898,#6907,.T.);
#5801=EDGE_CURVE('',#6908,#6909,#6910,.F.);
#5802=EDGE_CURVE('',#6909,#6911,#6912,.F.);
#5803=EDGE_CURVE('',#6911,#6913,#6914,.F.);
#5804=EDGE_CURVE('',#6913,#6915,#6916,.F.);
#5805=EDGE_CURVE('',#6915,#6917,#6918,.T.);
#5806=EDGE_CURVE('',#6917,#6908,#6919,.F.);
#5807=EDGE_CURVE('',#6920,#6921,#6922,.F.);
#5808=EDGE_CURVE('',#6921,#6923,#6924,.T.);
#5809=EDGE_CURVE('',#6923,#6925,#6926,.F.);
#5810=EDGE_CURVE('',#6925,#6920,#6927,.T.);
#5811=EDGE_CURVE('',#6928,#6929,#6930,.T.);
#5812=EDGE_CURVE('',#6929,#6931,#6932,.T.);
#5813=EDGE_CURVE('',#6931,#6933,#6934,.T.);
#5814=EDGE_CURVE('',#6933,#6928,#6935,.F.);
#5815=EDGE_CURVE('',#6849,#6936,#6937,.F.);
#5816=EDGE_CURVE('',#6936,#6938,#6939,.F.);
#5817=EDGE_CURVE('',#6938,#6841,#6940,.T.);
#5818=EDGE_CURVE('',#6837,#6941,#6942,.F.);
#5819=EDGE_CURVE('',#6941,#6943,#6944,.F.);
#5820=EDGE_CURVE('',#6943,#6851,#6945,.T.);
#5821=EDGE_CURVE('',#6946,#6947,#6948,.T.);
#5822=EDGE_CURVE('',#6947,#6949,#6950,.F.);
#5823=EDGE_CURVE('',#6949,#6951,#6952,.T.);
#5824=EDGE_CURVE('',#6951,#6953,#6954,.T.);
#5825=EDGE_CURVE('',#6953,#6955,#6956,.F.);
#5826=EDGE_CURVE('',#6955,#6946,#6957,.T.);
#5827=EDGE_CURVE('',#6958,#6856,#6959,.F.);
#5828=EDGE_CURVE('',#6861,#6960,#6961,.T.);
#5829=EDGE_CURVE('',#6960,#6962,#6963,.T.);
#5830=EDGE_CURVE('',#6962,#6864,#6964,.F.);
#5831=EDGE_CURVE('',#6871,#6965,#6966,.T.);
#5832=EDGE_CURVE('',#6965,#6958,#6967,.T.);
#5833=EDGE_CURVE('',#6968,#6969,#6970,.T.);
#5834=EDGE_CURVE('',#6969,#6971,#6972,.F.);
#5835=EDGE_CURVE('',#6971,#6973,#6974,.T.);
#5836=EDGE_CURVE('',#6973,#6975,#6976,.T.);
#5837=EDGE_CURVE('',#6975,#6977,#6978,.T.);
#5838=EDGE_CURVE('',#6977,#6968,#6979,.T.);
#5839=EDGE_CURVE('',#6980,#6981,#6982,.T.);
#5840=EDGE_CURVE('',#6981,#6983,#6984,.F.);
#5841=EDGE_CURVE('',#6983,#6985,#6986,.T.);
#5842=EDGE_CURVE('',#6985,#6980,#6987,.F.);
#5843=EDGE_CURVE('',#6988,#6989,#6990,.F.);
#5844=EDGE_CURVE('',#6989,#6991,#6992,.T.);
#5845=EDGE_CURVE('',#6991,#6993,#6994,.F.);
#5846=EDGE_CURVE('',#6993,#6988,#6995,.F.);
#5847=EDGE_CURVE('',#6962,#6902,#6996,.T.);
#5848=EDGE_CURVE('',#6899,#6965,#6997,.T.);
#5849=EDGE_CURVE('',#6898,#6958,#6998,.T.);
#5850=EDGE_CURVE('',#6960,#6904,#6999,.T.);
#5851=EDGE_CURVE('',#6883,#6936,#7000,.T.);
#5852=EDGE_CURVE('',#6943,#6876,#7001,.T.);
#5853=EDGE_CURVE('',#6881,#6938,#7002,.T.);
#5854=EDGE_CURVE('',#6941,#6878,#7003,.T.);
#5855=EDGE_CURVE('',#6947,#6895,#7004,.T.);
#5856=EDGE_CURVE('',#6955,#6887,#7005,.T.);
#5857=EDGE_CURVE('',#6953,#6889,#7006,.T.);
#5858=EDGE_CURVE('',#6949,#6893,#7007,.T.);
#5859=EDGE_CURVE('',#6969,#6917,#7008,.T.);
#5860=EDGE_CURVE('',#6977,#6909,#7009,.T.);
#5861=EDGE_CURVE('',#6975,#6911,#7010,.T.);
#5862=EDGE_CURVE('',#6971,#6915,#7011,.T.);
#5863=EDGE_CURVE('',#6921,#6980,#7012,.T.);
#5864=EDGE_CURVE('',#6923,#6985,#7013,.T.);
#5865=EDGE_CURVE('',#6925,#6983,#7014,.T.);
#5866=EDGE_CURVE('',#6920,#6981,#7015,.T.);
#5867=EDGE_CURVE('',#6928,#6989,#7016,.T.);
#5868=EDGE_CURVE('',#6929,#6988,#7017,.T.);
#5869=EDGE_CURVE('',#6931,#6993,#7018,.T.);
#5870=EDGE_CURVE('',#6933,#6991,#7019,.T.);
#5871=EDGE_CURVE('',#7020,#7020,#7021,.T.);
#5872=EDGE_CURVE('',#7022,#7022,#7023,.T.);
#5873=VERTEX_POINT('',#7024);
#5874=CIRCLE('',#7025,15.0000000000001);
#5875=VERTEX_POINT('',#7029);
#5876=CIRCLE('',#7030,13.);
#5877=VERTEX_POINT('',#7034);
#5878=CIRCLE('',#7035,10.);
#5879=VERTEX_POINT('',#7039);
#5880=CIRCLE('',#7040,10.);
#5881=VERTEX_POINT('',#7044);
#5882=CIRCLE('',#7045,13.);
#5883=VERTEX_POINT('',#7049);
#5884=CIRCLE('',#7050,6.);
#5885=VERTEX_POINT('',#7054);
#5886=CIRCLE('',#7055,16.0000000000001);
#5887=VERTEX_POINT('',#7059);
#5888=CIRCLE('',#7060,6.);
#5889=VERTEX_POINT('',#7064);
#5890=CIRCLE('',#7065,12.);
#5891=VERTEX_POINT('',#7069);
#5892=CIRCLE('',#7070,7.);
#5893=VERTEX_POINT('',#7074);
#5894=CIRCLE('',#7075,6.);
#5895=VERTEX_POINT('',#7079);
#5896=VERTEX_POINT('',#7080);
#5897=CIRCLE('',#7081,16.);
#5898=CIRCLE('',#7085,16.);
#5899=VERTEX_POINT('',#7089);
#5900=CIRCLE('',#7090,6.);
#5901=VERTEX_POINT('',#7094);
#5902=VERTEX_POINT('',#7095);
#5903=CIRCLE('',#7096,17.);
#5904=CIRCLE('',#7100,17.);
#5905=VERTEX_POINT('',#7104);
#5906=CIRCLE('',#7105,12.);
#5907=VERTEX_POINT('',#7109);
#5908=CIRCLE('',#7110,7.);
#5909=VERTEX_POINT('',#7114);
#5910=VERTEX_POINT('',#7115);
#5911=CIRCLE('',#7116,26.6284210967504);
#5912=CIRCLE('',#7120,26.6284210967504);
#5913=VERTEX_POINT('',#7124);
#5914=CIRCLE('',#7125,13.);
#5915=VERTEX_POINT('',#7129);
#5916=CIRCLE('',#7130,13.);
#5917=VERTEX_POINT('',#7134);
#5918=VERTEX_POINT('',#7135);
#5919=CIRCLE('',#7136,27.4944465005349);
#5920=CIRCLE('',#7140,27.4944465005349);
#5921=VERTEX_POINT('',#7144);
#5922=CIRCLE('',#7145,15.);
#5923=VERTEX_POINT('',#7149);
#5924=CIRCLE('',#7150,35.0000000000001);
#5925=VERTEX_POINT('',#7154);
#5926=CIRCLE('',#7155,16.);
#5927=VERTEX_POINT('',#7159);
#5928=CIRCLE('',#7160,90.0000000000001);
#5929=VERTEX_POINT('',#7164);
#5930=CIRCLE('',#7165,4.);
#5931=VERTEX_POINT('',#7169);
#5932=CIRCLE('',#7170,4.);
#5933=VERTEX_POINT('',#7174);
#5934=CIRCLE('',#7175,4.);
#5935=VERTEX_POINT('',#7179);
#5936=CIRCLE('',#7180,4.25);
#5937=VERTEX_POINT('',#7184);
#5938=CIRCLE('',#7185,4.25);
#5939=VERTEX_POINT('',#7189);
#5940=CIRCLE('',#7190,3.5);
#5941=VERTEX_POINT('',#7194);
#5942=VERTEX_POINT('',#7195);
#5943=CIRCLE('',#7196,16.);
#5944=CIRCLE('',#7200,16.);
#5945=VERTEX_POINT('',#7204);
#5946=CIRCLE('',#7205,90.0000000000001);
#5947=VERTEX_POINT('',#7209);
#5948=CIRCLE('',#7210,4.);
#5949=VERTEX_POINT('',#7214);
#5950=CIRCLE('',#7215,4.);
#5951=VERTEX_POINT('',#7219);
#5952=CIRCLE('',#7220,4.);
#5953=VERTEX_POINT('',#7224);
#5954=B_SPLINE_CURVE_WITH_KNOTS('',3,
(#7225,#7226,#7227,#7228,#7229,#7230,#7231,#7232,#7233,#7234,#7235,#7236,#7237,#7238,
#7239,#7240,#7241,#7242,#7243,#7244,#7245,#7246,#7247,#7248,#7249,#7250,#7251,#7252,
#7253,#7254,#7255,#7256,#7257,#7258,#7259,#7260,#7261,#7262,#7263,#7264,#7265,#7266,
#7267,#7268,#7269,#7270,#7271,#7272,#7273,#7274,#7275,#7276,#7277,#7278,#7279,#7280,
#7281,#7282,#7283,#7284,#7285,#7286,#7287,#7288,#7289,#7290,#7291,#7292,#7293,#7294,
#7295,#7296,#7297,#7298,#7299,#7300,#7301,#7302,#7303,#7304,#7305,#7306,#7307,#7308,
#7309,#7310,#7311,#7312,#7313,#7314,#7315,#7316,#7317,#7318,#7319,#7320,#7321,#7322,
#7323,#7324,#7325,#7326,#7327,#7328,#7329,#7330,#7331,#7332,#7333,#7334,#7335,#7336,
#7337,#7338,#7339,#7340,#7341,#7342,#7343,#7344,#7345,#7346,#7347,#7348,#7349,#7350,
#7351,#7352,#7353,#7354,#7355,#7356,#7357,#7358,#7359,#7360,#7361,#7362,#7363,#7364,
#7365,#7366,#7367,#7368,#7369,#7370,#7371),
.UNSPECIFIED.,.T.,.F.,
(4,1,1,1,1,1,1,1,1,1,1,1,1,1,1,1,1,1,1,1,1,1,1,1,1,1,1,1,1,1,1,1,1,1,1,1,1,1,1,1,
1,1,1,1,1,1,1,1,1,1,1,1,1,1,1,1,1,1,1,1,1,1,1,1,1,1,1,1,1,1,1,1,1,1,1,1,1,1,1,1,
1,1,1,1,1,1,1,1,1,1,1,1,1,1,1,1,1,1,1,1,1,1,1,1,1,1,1,1,1,1,1,1,1,1,1,1,1,1,1,1,
1,1,1,1,1,1,1,1,1,1,1,1,1,1,1,1,1,1,1,1,1,1,1,1,4),
(0.,0.00699830416104661,0.013949202281452,0.0208444364055792,0.0276484582010336,
0.0344078691644153,0.0431537521014067,0.0517558131737659,0.0601981394020279,0.0668540495397917,
0.0739113383129561,0.0817730567172772,0.0900574424553793,0.0985851556254552,0.10694476315554,
0.11452551654989,0.121478004384349,0.127721248726655,0.133867141338123,0.142189169708059,
0.150786676507532,0.159641563523435,0.167129233915429,0.168135351110816,0.176332841894244,
0.184254620339924,0.190443499059277,0.196836374601412,0.203613291733098,0.210554779108727,
0.217723204304784,0.224941379372345,0.232077803887286,0.23910017719083,0.246045831320902,
0.250090775918342,0.253038522161355,0.260260814684898,0.267650118811609,0.275257651873027,
0.282902898141865,0.290443646975154,0.297857261956981,0.304979068393132,0.311943752950838,
0.318744300525395,0.325522831916509,0.332642077227465,0.340128970133426,0.351057441271033,
0.361919164184944,0.372696602596591,0.379624306695869,0.385852301220506,0.390848717842782,
0.395307115647554,0.3992294805538,0.403155202183131,0.407244177871926,0.411495459065631,
0.417129018969055,0.417669753231379,0.426222336348232,0.435402560685238,0.443431072820324,
0.45001446582348,0.456908686605349,0.464268308264553,0.471786093579179,0.47954648480969,
0.487411239413623,0.49790987948265,0.499998045481648,0.508215600716843,0.518310326732446,
0.525574877453486,0.532744922918499,0.540190355220293,0.5480133630308,0.55656742074328,
0.565496915397546,0.578510156339478,0.591658165004339,0.604923799935667,0.613978441149969,
0.622405184585693,0.629648880135686,0.636318087867152,0.642407844946158,0.648475313033459,
0.65501506650606,0.662066323399971,0.667126328163291,0.669780119542021,0.67765971938116,
0.685364866223301,0.692717942888323,0.701458926557227,0.709911482003234,0.718095765393073,
0.72448854346684,0.731095488974559,0.738111963443275,0.745309431435195,0.750087741413606,
0.752759282890732,0.760270062989579,0.767705406450901,0.775021234733211,0.782072176566262,
0.78898496371981,0.798017007728785,0.807430468742098,0.817242858421112,0.825534338963833,
0.834178040522437,0.843422132009482,0.852923202898581,0.861969305882211,0.870295533533419,
0.877252038951478,0.883539788918027,0.888591603556782,0.893068582832846,0.896957983284866,
0.900835880070514,0.904835706863831,0.908970273114778,0.913371029106806,0.91712674154547,
0.917902774656894,0.922874250087199,0.928158390363379,0.933917670610237,0.939839528823011,
0.94603247603419,0.952321672214629,0.95862744612955,0.96486720287196,0.970773500250709,
0.976412157623077,0.981610080879643,0.986627221789863,0.992696129145215,1.),
.UNSPECIFIED.);
#5955=VERTEX_POINT('',#7372);
#5956=B_SPLINE_CURVE_WITH_KNOTS('',3,
(#7373,#7374,#7375,#7376,#7377,#7378,#7379,#7380,#7381,#7382,#7383,#7384,#7385,#7386,
#7387,#7388,#7389,#7390,#7391,#7392,#7393,#7394,#7395,#7396,#7397,#7398,#7399,#7400,
#7401,#7402,#7403,#7404,#7405,#7406,#7407,#7408,#7409,#7410,#7411,#7412,#7413,#7414,
#7415,#7416,#7417,#7418,#7419,#7420,#7421,#7422,#7423,#7424,#7425,#7426,#7427,#7428,
#7429,#7430,#7431,#7432,#7433,#7434,#7435,#7436,#7437,#7438,#7439,#7440,#7441,#7442,
#7443,#7444,#7445,#7446,#7447,#7448,#7449,#7450),
.UNSPECIFIED.,.T.,.F.,
(4,1,1,1,1,1,1,1,1,1,1,1,1,1,1,1,1,1,1,1,1,1,1,1,1,1,1,1,1,1,1,1,1,1,1,1,1,1,1,1,
1,1,1,1,1,1,1,1,1,1,1,1,1,1,1,1,1,1,1,1,1,1,1,1,1,1,1,1,1,1,1,1,1,1,1,4),
(0.,0.00776425189895973,0.0161267312170517,0.0250796375599531,0.0352431118627925,
0.0460009951067612,0.0595115939538554,0.0731416205792799,0.0828702451274193,0.0868825779796211,
0.0995230693213695,0.113097008509347,0.127846579403353,0.142837726417771,0.158213739406009,
0.173736858793334,0.188717935233013,0.203017939105536,0.216576529018379,0.230079938979098,
0.245984203093569,0.24990604099013,0.263894354340504,0.283485034673776,0.300030945654,
0.31397268121408,0.326475257099069,0.332866010060599,0.339823968790914,0.35494360488822,
0.370985711656054,0.387426398493668,0.40335017205002,0.418007599694196,0.431924313611571,
0.445448663379362,0.459310986623015,0.474135512390094,0.489587544426083,0.499997101357468,
0.506132810430415,0.52314040783383,0.539310561877415,0.554171384758267,0.566991512660127,
0.57908612679273,0.582865800306271,0.590084629187328,0.600716691912911,0.612112238650541,
0.624619854136198,0.639029909146783,0.654228278909053,0.670231731154048,0.686258019242275,
0.702383572377929,0.718590929609741,0.734917841382446,0.749903574437055,0.751282956957943,
0.768341104157593,0.786053264225613,0.804218239002318,0.822177366964532,0.832863453567144,
0.839774975766554,0.857217098371157,0.873789163848935,0.889643444898659,0.905031346646214,
0.920668064265908,0.936312582486702,0.951719816492612,0.967350923528348,0.98343993118908,
1.),
.UNSPECIFIED.);
#5957=VERTEX_POINT('',#7451);
#5958=CIRCLE('',#7452,3.5);
#5959=VERTEX_POINT('',#7456);
#5960=VERTEX_POINT('',#7457);
#5961=CIRCLE('',#7458,17.);
#5962=CIRCLE('',#7462,17.);
#5963=VERTEX_POINT('',#7466);
#5964=VERTEX_POINT('',#7467);
#5965=CIRCLE('',#7468,62.);
#5966=CIRCLE('',#7472,62.);
#5967=VERTEX_POINT('',#7476);
#5968=VERTEX_POINT('',#7477);
#5969=B_SPLINE_CURVE_WITH_KNOTS('',3,
(#7478,#7479,#7480,#7481,#7482,#7483,#7484,#7485,#7486,#7487,#7488,#7489,#7490,#7491,
#7492,#7493,#7494,#7495,#7496,#7497,#7498,#7499,#7500,#7501,#7502,#7503,#7504,#7505,
#7506,#7507,#7508,#7509,#7510,#7511,#7512,#7513,#7514,#7515,#7516,#7517,#7518,#7519,
#7520,#7521,#7522,#7523,#7524,#7525,#7526,#7527,#7528,#7529,#7530,#7531,#7532,#7533,
#7534,#7535,#7536,#7537,#7538,#7539,#7540,#7541,#7542,#7543,#7544,#7545,#7546,#7547,
#7548,#7549,#7550,#7551,#7552,#7553,#7554,#7555,#7556,#7557,#7558,#7559,#7560,#7561,
#7562,#7563,#7564,#7565,#7566,#7567,#7568,#7569,#7570,#7571,#7572,#7573,#7574,#7575,
#7576,#7577,#7578,#7579,#7580,#7581,#7582,#7583,#7584,#7585,#7586,#7587,#7588),
.UNSPECIFIED.,.F.,.F.,
(4,1,1,1,1,1,1,1,1,1,1,1,1,1,1,1,1,1,1,1,1,1,1,1,1,1,1,1,1,1,1,1,1,1,1,1,1,1,1,1,
1,1,1,1,1,1,1,1,1,1,1,1,1,1,1,1,1,1,1,1,1,1,1,1,1,1,1,1,1,1,1,1,1,1,1,1,1,1,1,1,
1,1,1,1,1,1,1,1,1,1,1,1,1,1,1,1,1,1,1,1,1,1,1,1,1,1,1,1,4),
(0.,0.00962051249454611,0.0173786647192572,0.0233235348361145,0.0293265004199589,
0.037624621466696,0.0460833025282093,0.0546963385266414,0.0613311832020985,0.0680738371440908,
0.0749806981329375,0.0819427906110916,0.0897993488817872,0.0984904961876399,0.111164686628938,
0.126925038205171,0.141777807363537,0.152615610583261,0.159461071100002,0.166279178620196,
0.173153550757038,0.180116494863608,0.187283317590742,0.194563801383508,0.202194388326866,
0.21005923572972,0.218294896203277,0.226674776910602,0.236581314388029,0.247869489655609,
0.261785593607079,0.276972637159212,0.301359965350182,0.325834493846622,0.350360857378695,
0.365837829880851,0.380125061873031,0.391862613731324,0.402212349397742,0.410931734585542,
0.419412140320532,0.4278221327499,0.43638999693818,0.444669389402258,0.452501370074896,
0.459457238201479,0.465985937231471,0.471245854986359,0.475668320040985,0.479232036721565,
0.482775131868054,0.486333934114599,0.489928142407269,0.493615245517349,0.497361229007107,
0.499998533856305,0.50270970664664,0.50827511972345,0.514055740232863,0.518684341178792,
0.523488279288955,0.528565086440002,0.533736791688025,0.539134831187191,0.544662417083684,
0.550341787929431,0.556045651400747,0.561837040203541,0.567690135122894,0.57364782632686,
0.579652853614169,0.586480860215918,0.594085171035214,0.602628544123615,0.611330512213218,
0.623509158710386,0.635437741476612,0.647099774422548,0.65532381810382,0.663688371206485,
0.673561886862999,0.684803038895511,0.69865802270539,0.713783675307462,0.738118278168015,
0.77047451370249,0.810810487116731,0.843106699486163,0.86730736117686,0.882117569585518,
0.895563369583442,0.906143871568653,0.915202945119023,0.922521099674179,0.929622724883834,
0.936091991962799,0.942149086440005,0.949252856145682,0.955921210060347,0.962151395645934,
0.96646694339649,0.970764734731153,0.97502093074698,0.979251521473661,0.9834412143128,
0.98761686938507,0.991762029399759,0.995890038421618,1.),
.UNSPECIFIED.);
#5970=B_SPLINE_CURVE_WITH_KNOTS('',3,
(#7589,#7590,#7591,#7592,#7593,#7594,#7595,#7596,#7597,#7598,#7599,#7600,#7601,#7602,
#7603,#7604,#7605,#7606,#7607,#7608,#7609,#7610,#7611,#7612,#7613,#7614,#7615,#7616,
#7617,#7618,#7619,#7620,#7621,#7622,#7623,#7624,#7625,#7626,#7627,#7628,#7629,#7630,
#7631,#7632,#7633,#7634,#7635,#7636,#7637,#7638,#7639,#7640,#7641,#7642,#7643,#7644,
#7645,#7646,#7647,#7648,#7649,#7650,#7651,#7652,#7653,#7654,#7655,#7656,#7657,#7658,
#7659,#7660,#7661,#7662,#7663,#7664,#7665,#7666,#7667,#7668,#7669,#7670,#7671,#7672,
#7673,#7674,#7675,#7676,#7677,#7678,#7679,#7680,#7681,#7682,#7683,#7684,#7685,#7686,
#7687,#7688,#7689,#7690,#7691,#7692,#7693,#7694,#7695,#7696,#7697,#7698,#7699,#7700,
#7701,#7702,#7703,#7704,#7705,#7706,#7707,#7708,#7709,#7710,#7711,#7712,#7713,#7714,
#7715,#7716,#7717,#7718,#7719,#7720,#7721,#7722,#7723,#7724,#7725),
.UNSPECIFIED.,.F.,.F.,
(4,1,1,1,1,1,1,1,1,1,1,1,1,1,1,1,1,1,1,1,1,1,1,1,1,1,1,1,1,1,1,1,1,1,1,1,1,1,1,1,
1,1,1,1,1,1,1,1,1,1,1,1,1,1,1,1,1,1,1,1,1,1,1,1,1,1,1,1,1,1,1,1,1,1,1,1,1,1,1,1,
1,1,1,1,1,1,1,1,1,1,1,1,1,1,1,1,1,1,1,1,1,1,1,1,1,1,1,1,1,1,1,1,1,1,1,1,1,1,1,1,
1,1,1,1,1,1,1,1,1,1,1,1,1,1,4),
(0.,0.00492992278394946,0.00986507306458018,0.0148042925894715,0.0197466856885857,
0.024689241548975,0.0296299021023547,0.0345672158747209,0.039500518456823,0.0444345633744902,
0.0495592865082542,0.0548731798645565,0.0605590387769926,0.0664285515840169,0.0735029173615755,
0.0815931029444847,0.0939764272820646,0.109839793405459,0.125091539931156,0.136500419816281,
0.14376734865286,0.150952891360088,0.158028573088492,0.165077579065977,0.174561948032651,
0.184213861157402,0.194023984535787,0.201601885098334,0.209247256682728,0.217020945397891,
0.224857324195502,0.232757872099251,0.240665082129765,0.248545839733658,0.256388859859458,
0.264140552373077,0.2718363986372,0.279390550758062,0.28685340028478,0.294166485097721,
0.301422846424849,0.308460923795771,0.315338308908055,0.321961176227152,0.328484786523499,
0.334747431552397,0.340849364194185,0.346734326446153,0.35256053712678,0.358226359815347,
0.363786250209895,0.369179465870422,0.374514138291578,0.379721403267603,0.384858856823399,
0.389918471674661,0.394970647236622,0.399964971632775,0.404906913768872,0.409745210067542,
0.41453356238996,0.419176090486779,0.423721768243416,0.428125474705179,0.432482311260074,
0.436678407865517,0.440757934397443,0.444643717239433,0.448454052361927,0.453209990440676,
0.457819114358153,0.462280642544298,0.466581221306932,0.470826171345557,0.475019456944933,
0.478169183563129,0.481336036727424,0.484544704950587,0.487778542205973,0.491164940463632,
0.494678476188844,0.498420648303309,0.500003393479885,0.50226320462493,0.506387558260246,
0.510694778299211,0.515267242652838,0.519922067780733,0.524856283088688,0.529988322218031,
0.535433678649506,0.540992490624819,0.54682731925884,0.552828610386269,0.559036852778543,
0.565288136182721,0.571635541990507,0.578034569970804,0.586669626631984,0.596029966540519,
0.606113251145411,0.617803740014469,0.629703780704657,0.641837291215378,0.650678442699461,
0.659084035304636,0.667202989569215,0.675478228525414,0.685323572479177,0.696581997337813,
0.710500181776978,0.725690302842219,0.750109645197425,0.782474376550426,0.814780320696145,
0.839025995878721,0.854005607730495,0.867677438058911,0.878630098368225,0.88814923694117,
0.89858453751949,0.908555660666275,0.918082312748551,0.924669927424636,0.9311282744088,
0.937354708889018,0.943476089787806,0.949532752228602,0.95562550452875,0.96180915252581,
0.968049594078544,0.97437005789726,0.980710710375702,0.989261262497243,1.),
.UNSPECIFIED.);
#5971=VERTEX_POINT('',#7726);
#5972=VERTEX_POINT('',#7727);
#5973=CIRCLE('',#7728,10.);
#5974=CIRCLE('',#7732,10.);
#5975=VERTEX_POINT('',#7736);
#5976=(BOUNDED_CURVE()B_SPLINE_CURVE(3,
(#7737,#7738,#7739,#7740,#7741,#7742,#7743,#7744,#7745,#7746,#7747,#7748,#7749,#7750,
#7751,#7752,#7753,#7754,#7755,#7756,#7757,#7758,#7759,#7760,#7761,#7762,#7763,#7764,
#7765,#7766,#7767,#7768,#7769,#7770,#7771,#7772,#7773,#7774,#7775,#7776,#7777,#7778,
#7779,#7780,#7781,#7782,#7783,#7784,#7785,#7786,#7787,#7788,#7789,#7790,#7791,#7792,
#7793,#7794,#7795,#7796,#7797,#7798,#7799,#7800,#7801,#7802,#7803,#7804,#7805,#7806,
#7807,#7808,#7809,#7810,#7811,#7812,#7813,#7814,#7815),
.UNSPECIFIED.,.T.,.F.)B_SPLINE_CURVE_WITH_KNOTS((4,1,1,1,1,1,1,1,1,1,1,1,1,1,1,1,
1,1,1,1,1,1,1,1,1,1,1,1,1,1,1,1,1,1,1,1,1,1,1,1,1,1,1,1,1,1,1,1,1,1,1,1,1,1,1,1,
1,1,1,1,1,1,1,1,1,1,1,1,1,1,1,1,1,1,1,1,4),
(0.,0.0082119428517698,0.0169072631907191,0.0260791850830925,0.0358386286231189,
0.0456857002893754,0.0548824821124105,0.0633154673293351,0.0712345569980796,0.0793773664205431,
0.0828706468720696,0.0883094299957127,0.0977822956815464,0.108902557309431,0.121106451476326,
0.134400824069552,0.147700775146042,0.161982705573027,0.177246294966491,0.19743746243798,
0.216713432570416,0.235073322722064,0.249911745060635,0.250840456277465,0.268501321404302,
0.287891707325445,0.306614848506784,0.324973211462222,0.332872601698666,0.343100426717548,
0.359133235849678,0.373136612846204,0.385364786238865,0.397830375702814,0.417098604051592,
0.436731996202989,0.456727952793932,0.471425381031224,0.487032188830503,0.500000851652868,
0.503134034601196,0.518817593680159,0.533708270687614,0.548219722012176,0.561433646786841,
0.573733066718702,0.582869228038389,0.584630306201801,0.595042609980399,0.606142181853431,
0.618394338955684,0.632562401160761,0.647486127105377,0.663268269075943,0.679152742099232,
0.695353794210438,0.711770615568392,0.727516582957045,0.742379866600425,0.749908456439656,
0.756025918041236,0.769342720759284,0.784314795898191,0.801081569420366,0.819523273278724,
0.832869265862354,0.835635801975487,0.849599305626077,0.86251625758688,0.876423839994644,
0.891545091828103,0.906888013616354,0.928121986291804,0.948222209803724,0.967188782855951,
0.982177315988237,1.),
.UNSPECIFIED.)CURVE()GEOMETRIC_REPRESENTATION_ITEM()RATIONAL_B_SPLINE_CURVE((1.,
1.,1.,1.,1.,1.,1.,1.,1.,1.,1.,1.,1.,1.,1.,1.,1.,1.,1.,1.,1.,1.,1.,1.,1.,1.,1.,1.,
1.,1.,1.,1.,1.,1.,1.,1.,1.,1.,1.,1.,1.,1.,1.,1.,1.,1.,1.,1.,1.,1.,1.,1.,1.,1.,1.,
1.,1.,1.,1.,1.,1.,1.,1.,1.,1.,1.,1.,1.,1.,1.,1.,1.,1.,1.,1.,1.,1.,1.,1.))REPRESENTATION_ITEM(
''));
#5977=VERTEX_POINT('',#7816);
#5978=VERTEX_POINT('',#7817);
#5979=B_SPLINE_CURVE_WITH_KNOTS('',3,
(#7818,#7819,#7820,#7821,#7822,#7823,#7824,#7825,#7826,#7827,#7828,#7829,#7830,#7831,
#7832,#7833,#7834,#7835,#7836,#7837,#7838,#7839,#7840,#7841,#7842,#7843,#7844,#7845,
#7846,#7847,#7848,#7849,#7850,#7851,#7852,#7853,#7854,#7855,#7856,#7857,#7858,#7859,
#7860,#7861,#7862,#7863,#7864,#7865,#7866,#7867,#7868,#7869,#7870,#7871,#7872,#7873,
#7874,#7875,#7876,#7877,#7878,#7879,#7880,#7881,#7882,#7883,#7884,#7885,#7886,#7887,
#7888,#7889,#7890,#7891,#7892,#7893,#7894,#7895,#7896,#7897,#7898,#7899,#7900,#7901,
#7902,#7903,#7904,#7905,#7906,#7907,#7908,#7909,#7910,#7911,#7912,#7913,#7914,#7915,
#7916,#7917,#7918,#7919,#7920,#7921,#7922,#7923,#7924,#7925,#7926,#7927,#7928,#7929,
#7930,#7931,#7932,#7933,#7934,#7935,#7936,#7937,#7938,#7939,#7940,#7941,#7942,#7943,
#7944,#7945,#7946,#7947,#7948,#7949,#7950,#7951,#7952,#7953,#7954,#7955),
.UNSPECIFIED.,.F.,.F.,
(4,1,1,1,1,1,1,1,1,1,1,1,1,1,1,1,1,1,1,1,1,1,1,1,1,1,1,1,1,1,1,1,1,1,1,1,1,1,1,1,
1,1,1,1,1,1,1,1,1,1,1,1,1,1,1,1,1,1,1,1,1,1,1,1,1,1,1,1,1,1,1,1,1,1,1,1,1,1,1,1,
1,1,1,1,1,1,1,1,1,1,1,1,1,1,1,1,1,1,1,1,1,1,1,1,1,1,1,1,1,1,1,1,1,1,1,1,1,1,1,1,
1,1,1,1,1,1,1,1,1,1,1,1,1,1,1,4),
(0.,0.00493021344166509,0.00986565403944502,0.0148051635661061,0.0197478462353729,
0.0246906914504467,0.0296316410090427,0.0345692436148659,0.039502834837654,0.044437168336589,
0.0495621904703574,0.0548763933009692,0.0605625827093767,0.0664324366087302,0.0735072113793299,
0.0815978634872769,0.0939818940606828,0.109846153553212,0.125098750204556,0.136508259938908,
0.143775585879909,0.150961520801804,0.158037590485206,0.165086987833424,0.174571893923581,
0.184224352373366,0.194035025688696,0.201613330211349,0.20925909591988,0.217033155537773,
0.224869888042076,0.232770764096343,0.240678290914983,0.248559338568552,0.256402632057923,
0.26415457688932,0.271850673038109,0.279405076957541,0.286868185993109,0.294181524299863,
0.301438134920005,0.308666907630834,0.315925852856875,0.323312323755759,0.330790452683315,
0.338565083927873,0.346543274318113,0.354851737550051,0.36329634193934,0.371897184814057,
0.380519940720064,0.389055725368906,0.397485889625445,0.405481031299747,0.413137993636741,
0.420208351151244,0.427029911358106,0.433102217217675,0.438677821115578,0.44349532421009,
0.448053825997977,0.453192629850116,0.457999813984447,0.462474605867779,0.466798679598509,
0.471077528910951,0.475315358805031,0.478516703672316,0.481745501570814,0.485031405518678,
0.488347510765012,0.491836453974526,0.495467689739343,0.499352672367112,0.499998168157361,
0.503347661942331,0.507650164733791,0.512152398720771,0.516941988978954,0.521819935286989,
0.527046323376458,0.532533701429784,0.538454446981076,0.54454506665121,0.551078471952874,
0.557889063219826,0.565067469883914,0.572338853203132,0.579853608984933,0.587514976713228,
0.598077186625266,0.608748582451181,0.619517278704073,0.627608589979114,0.635677870129688,
0.643629876333713,0.651486521614601,0.659171614530049,0.666778006061226,0.678166502247442,
0.693505346470833,0.71287269110539,0.728614715015731,0.74061356111255,0.748899836503559,
0.757326820885716,0.767269267286556,0.778585589175141,0.79537429807102,0.812050445658047,
0.82857777238545,0.839371005081153,0.848661901016921,0.85624515425242,0.863624972354666,
0.870450263301792,0.876926171863799,0.882885629320921,0.88868197653038,0.894175643022842,
0.899528977271158,0.904769052769687,0.910037703178612,0.915425302824984,0.920901943634812,
0.926521638453759,0.932195835465236,0.938006635738829,0.943897183430793,0.949906952569312,
0.955952062382462,0.962087513020377,0.968279673097633,0.976659727756257,0.987227466648549,
1.),
.UNSPECIFIED.);
#5980=B_SPLINE_CURVE_WITH_KNOTS('',3,
(#7956,#7957,#7958,#7959,#7960,#7961,#7962,#7963,#7964,#7965,#7966,#7967,#7968,#7969,
#7970,#7971,#7972,#7973,#7974,#7975,#7976,#7977,#7978,#7979,#7980,#7981,#7982,#7983,
#7984,#7985,#7986,#7987,#7988,#7989,#7990,#7991,#7992,#7993,#7994,#7995,#7996,#7997,
#7998,#7999,#8000,#8001,#8002,#8003,#8004,#8005,#8006,#8007,#8008,#8009,#8010,#8011,
#8012,#8013,#8014,#8015,#8016,#8017,#8018,#8019,#8020,#8021,#8022,#8023),
.UNSPECIFIED.,.F.,.F.,
(4,1,1,1,1,1,1,1,1,1,1,1,1,1,1,1,1,1,1,1,1,1,1,1,1,1,1,1,1,1,1,1,1,1,1,1,1,1,1,1,
1,1,1,1,1,1,1,1,1,1,1,1,1,1,1,1,1,1,1,1,1,1,1,1,1,4),
(0.,0.0194419293742248,0.0353792334218353,0.052608671861213,0.0704468880439746,0.0889281263121273,
0.10323442911018,0.11754838440494,0.131706623076926,0.145706613642453,0.159436348763826,
0.173017989922623,0.187122919067132,0.201896094096024,0.218110059060015,0.235139163757095,
0.260481982342354,0.293348157015613,0.333676088273486,0.366969799319199,0.393228720406058,
0.411138216696629,0.427656854647561,0.445109204550177,0.46066703935877,0.474368690836941,
0.487068792476702,0.499757955652853,0.499994733842729,0.512459258706936,0.521499336423283,
0.530042686693844,0.538216970664506,0.546526170702061,0.556315948675248,0.56745066938943,
0.58115555289899,0.596110061248233,0.612768290845706,0.629909928227638,0.646794380746197,
0.662918301318836,0.677568773484332,0.691463651755761,0.704617967398231,0.717792876679009,
0.730977047819324,0.744166828086225,0.757383015043494,0.770592036001266,0.784585992462357,
0.799367922850333,0.815673705859747,0.832758611823554,0.857994235091595,0.882741567071936,
0.906964752514901,0.922072798119012,0.935938312431882,0.947316310505553,0.957425317958355,
0.966167879984872,0.974817063717482,0.983299253155554,0.991696155553944,1.),
.UNSPECIFIED.);
#5981=VERTEX_POINT('',#8024);
#5982=VERTEX_POINT('',#8025);
#5983=CIRCLE('',#8026,9.99999999999999);
#5984=CIRCLE('',#8030,9.99999999999999);
#5985=VERTEX_POINT('',#8034);
#5986=B_SPLINE_CURVE_WITH_KNOTS('',3,
(#8035,#8036,#8037,#8038,#8039,#8040,#8041,#8042,#8043,#8044,#8045,#8046,#8047,#8048,
#8049,#8050,#8051,#8052,#8053,#8054,#8055,#8056,#8057,#8058,#8059,#8060,#8061,#8062,
#8063,#8064,#8065,#8066,#8067,#8068,#8069,#8070,#8071,#8072,#8073,#8074,#8075,#8076,
#8077,#8078,#8079,#8080,#8081,#8082,#8083,#8084,#8085,#8086,#8087,#8088,#8089,#8090,
#8091,#8092,#8093,#8094,#8095,#8096,#8097,#8098,#8099,#8100,#8101,#8102,#8103,#8104,
#8105,#8106,#8107,#8108,#8109,#8110,#8111,#8112),
.UNSPECIFIED.,.T.,.F.,
(4,1,1,1,1,1,1,1,1,1,1,1,1,1,1,1,1,1,1,1,1,1,1,1,1,1,1,1,1,1,1,1,1,1,1,1,1,1,1,1,
1,1,1,1,1,1,1,1,1,1,1,1,1,1,1,1,1,1,1,1,1,1,1,1,1,1,1,1,1,1,1,1,1,1,1,4),
(0.,0.0077642519320932,0.0161267313019755,0.0250796377156551,0.0352431121114227,
0.0460009954516334,0.0595115943356152,0.073141620905215,0.0828702451291097,0.0868825781571233,
0.0995230692918916,0.11309700824356,0.127846578961007,0.142837725886341,0.15821373890407,
0.173736858350898,0.188717934909993,0.203017938931543,0.216576528963351,0.230079938983794,
0.245984203098595,0.249906040995443,0.263894354345909,0.283485034679623,0.300030945660239,
0.313972681220663,0.326475257105954,0.332866010067689,0.339823968798119,0.354943604895767,
0.370985711663955,0.387426398501922,0.403350172058624,0.418007599703135,0.431924313620838,
0.445448663388963,0.45931098663297,0.474135512400404,0.489587544436735,0.499997101368119,
0.506132810441396,0.523140407845143,0.539310561889029,0.55417138477015,0.566991512672244,
0.579086126805079,0.582865800318686,0.590084629199901,0.600716691925699,0.612112238663546,
0.624619854149433,0.639029909160283,0.654228278922835,0.670231731168149,0.686258019256716,
0.702383572392734,0.718590929624918,0.734917841398007,0.749903574453032,0.751282956973891,
0.768341104173939,0.786053264242363,0.804218239019486,0.82217736698212,0.832863453584902,
0.839774975784553,0.857217098389556,0.873789163867748,0.889643444917929,0.905031346665778,
0.920668064285448,0.936312582505437,0.951719816510216,0.967350923540855,0.983439931195073,
1.),
.UNSPECIFIED.);
#5987=VERTEX_POINT('',#8113);
#5988=CIRCLE('',#8114,3.);
#5989=VERTEX_POINT('',#8118);
#5990=VERTEX_POINT('',#8119);
#5991=CIRCLE('',#8120,26.6284210967505);
#5992=CIRCLE('',#8124,26.6284210967505);
#5993=VERTEX_POINT('',#8128);
#5994=VERTEX_POINT('',#8129);
#5995=CIRCLE('',#8130,60.);
#5996=VERTEX_POINT('',#8134);
#5997=CIRCLE('',#8135,60.);
#5998=CIRCLE('',#8139,60.);
#5999=VERTEX_POINT('',#8143);
#6000=VERTEX_POINT('',#8144);
#6001=CIRCLE('',#8145,60.);
#6002=VERTEX_POINT('',#8149);
#6003=LINE('',#8150,#8151);
#6004=VERTEX_POINT('',#8153);
#6005=CIRCLE('',#8154,60.);
#6006=VERTEX_POINT('',#8158);
#6007=CIRCLE('',#8159,60.);
#6008=VERTEX_POINT('',#8163);
#6009=CIRCLE('',#8164,60.);
#6010=LINE('',#8168,#8169);
#6011=VERTEX_POINT('',#8171);
#6012=CIRCLE('',#8172,4.25);
#6013=VERTEX_POINT('',#8176);
#6014=CIRCLE('',#8177,4.25);
#6015=VERTEX_POINT('',#8181);
#6016=CIRCLE('',#8182,3.);
#6017=VERTEX_POINT('',#8186);
#6018=VERTEX_POINT('',#8187);
#6019=CIRCLE('',#8188,27.4944465005349);
#6020=CIRCLE('',#8192,27.4944465005349);
#6021=VERTEX_POINT('',#8196);
#6022=B_SPLINE_CURVE_WITH_KNOTS('',3,
(#8197,#8198,#8199,#8200,#8201,#8202,#8203,#8204,#8205,#8206,#8207,#8208,#8209,#8210,
#8211,#8212,#8213,#8214,#8215,#8216,#8217,#8218,#8219,#8220,#8221,#8222,#8223,#8224,
#8225),
.UNSPECIFIED.,.F.,.F.,
(4,1,1,1,1,1,1,1,1,1,1,1,1,1,1,1,1,1,1,1,1,1,1,1,1,1,4),
(0.,0.0395286983844133,0.0921872296988623,0.15809299659033,0.228388505112238,0.289880839031515,
0.341799196451286,0.392996236239074,0.442682528976825,0.491607307737701,0.533958066796195,
0.570419686097884,0.609790667161444,0.649127998220983,0.688512784377727,0.73208930108072,
0.776111493059158,0.820505442557743,0.849939538758059,0.876891936557454,0.898906143259492,
0.918420305275587,0.935223981324548,0.951821896383659,0.968053466096928,0.984114928299128,
1.),
.UNSPECIFIED.);
#6023=VERTEX_POINT('',#8226);
#6024=CIRCLE('',#8227,58.);
#6025=B_SPLINE_CURVE_WITH_KNOTS('',3,
(#8231,#8232,#8233,#8234,#8235,#8236,#8237,#8238,#8239,#8240,#8241,#8242,#8243,#8244,
#8245,#8246,#8247,#8248,#8249,#8250,#8251,#8252,#8253,#8254,#8255,#8256,#8257,#8258,
#8259),
.UNSPECIFIED.,.F.,.F.,
(4,1,1,1,1,1,1,1,1,1,1,1,1,1,1,1,1,1,1,1,1,1,1,1,1,1,4),
(0.,0.0395286983844077,0.0921872296988558,0.158092996590313,0.228388505112189,0.289880839031485,
0.34179919645129,0.392996236239093,0.442682528976856,0.491607307737753,0.533958066796281,
0.570419686098,0.609790667161587,0.649127998221142,0.688512784377881,0.732089301080823,
0.7761114930592,0.820505442557712,0.849939538757982,0.87689193655734,0.898906143259367,
0.918420305275466,0.935223981324441,0.951821896383568,0.968053466096859,0.98411492829909,
1.),
.UNSPECIFIED.);
#6026=VERTEX_POINT('',#8260);
#6027=LINE('',#8261,#8262);
#6028=VERTEX_POINT('',#8264);
#6029=LINE('',#8265,#8266);
#6030=LINE('',#8268,#8269);
#6031=VERTEX_POINT('',#8271);
#6032=CIRCLE('',#8272,10.);
#6033=LINE('',#8276,#8277);
#6034=VERTEX_POINT('',#8279);
#6035=LINE('',#8280,#8281);
#6036=LINE('',#8283,#8284);
#6037=CIRCLE('',#8286,10.);
#6038=VERTEX_POINT('',#8290);
#6039=CIRCLE('',#8291,35.);
#6040=VERTEX_POINT('',#8295);
#6041=VERTEX_POINT('',#8296);
#6042=CIRCLE('',#8297,8.);
#6043=VERTEX_POINT('',#8301);
#6044=CIRCLE('',#8302,8.);
#6045=CIRCLE('',#8306,8.);
#6046=VERTEX_POINT('',#8310);
#6047=VERTEX_POINT('',#8311);
#6048=CIRCLE('',#8312,8.);
#6049=VERTEX_POINT('',#8316);
#6050=CIRCLE('',#8317,8.);
#6051=VERTEX_POINT('',#8321);
#6052=LINE('',#8322,#8323);
#6053=VERTEX_POINT('',#8325);
#6054=CIRCLE('',#8326,8.);
#6055=VERTEX_POINT('',#8330);
#6056=CIRCLE('',#8331,8.);
#6057=LINE('',#8335,#8336);
#6058=VERTEX_POINT('',#8338);
#6059=CIRCLE('',#8339,8.);
#6060=VERTEX_POINT('',#8343);
#6061=VERTEX_POINT('',#8344);
#6062=LINE('',#8345,#8346);
#6063=VERTEX_POINT('',#8348);
#6064=CIRCLE('',#8349,8.);
#6065=VERTEX_POINT('',#8353);
#6066=LINE('',#8354,#8355);
#6067=CIRCLE('',#8357,8.);
#6068=VERTEX_POINT('',#8361);
#6069=VERTEX_POINT('',#8362);
#6070=CIRCLE('',#8363,8.);
#6071=VERTEX_POINT('',#8367);
#6072=LINE('',#8368,#8369);
#6073=VERTEX_POINT('',#8371);
#6074=CIRCLE('',#8372,8.);
#6075=LINE('',#8376,#8377);
#6076=VERTEX_POINT('',#8379);
#6077=VERTEX_POINT('',#8380);
#6078=LINE('',#8381,#8382);
#6079=VERTEX_POINT('',#8384);
#6080=CIRCLE('',#8385,8.);
#6081=VERTEX_POINT('',#8389);
#6082=LINE('',#8390,#8391);
#6083=CIRCLE('',#8393,8.);
#6084=VERTEX_POINT('',#8397);
#6085=VERTEX_POINT('',#8398);
#6086=CIRCLE('',#8399,10.);
#6087=VERTEX_POINT('',#8403);
#6088=CIRCLE('',#8404,10.);
#6089=CIRCLE('',#8408,10.);
#6090=VERTEX_POINT('',#8412);
#6091=VERTEX_POINT('',#8413);
#6092=LINE('',#8414,#8415);
#6093=VERTEX_POINT('',#8417);
#6094=CIRCLE('',#8418,10.);
#6095=VERTEX_POINT('',#8422);
#6096=CIRCLE('',#8423,10.);
#6097=VERTEX_POINT('',#8427);
#6098=LINE('',#8428,#8429);
#6099=VERTEX_POINT('',#8431);
#6100=CIRCLE('',#8432,10.);
#6101=CIRCLE('',#8436,10.);
#6102=VERTEX_POINT('',#8440);
#6103=CIRCLE('',#8441,10.);
#6104=VERTEX_POINT('',#8445);
#6105=VERTEX_POINT('',#8446);
#6106=LINE('',#8447,#8448);
#6107=VERTEX_POINT('',#8450);
#6108=(BOUNDED_CURVE()B_SPLINE_CURVE(3,
(#8451,#8452,#8453,#8454),
.UNSPECIFIED.,.F.,.F.)B_SPLINE_CURVE_WITH_KNOTS((4,4),
(0.,1.),
.UNSPECIFIED.)CURVE()GEOMETRIC_REPRESENTATION_ITEM()RATIONAL_B_SPLINE_CURVE((1.,
0.994771161099481,0.994771161099481,1.))REPRESENTATION_ITEM(''));
#6109=VERTEX_POINT('',#8455);
#6110=LINE('',#8456,#8457);
#6111=(BOUNDED_CURVE()B_SPLINE_CURVE(3,
(#8459,#8460,#8461,#8462),
.UNSPECIFIED.,.F.,.F.)B_SPLINE_CURVE_WITH_KNOTS((4,4),
(0.,1.),
.UNSPECIFIED.)CURVE()GEOMETRIC_REPRESENTATION_ITEM()RATIONAL_B_SPLINE_CURVE((1.,
0.994771161099481,0.994771161099481,1.))REPRESENTATION_ITEM(''));
#6112=VERTEX_POINT('',#8463);
#6113=VERTEX_POINT('',#8464);
#6114=LINE('',#8465,#8466);
#6115=VERTEX_POINT('',#8468);
#6116=CIRCLE('',#8469,10.);
#6117=VERTEX_POINT('',#8473);
#6118=LINE('',#8474,#8475);
#6119=CIRCLE('',#8477,10.);
#6120=VERTEX_POINT('',#8481);
#6121=VERTEX_POINT('',#8482);
#6122=LINE('',#8483,#8484);
#6123=VERTEX_POINT('',#8486);
#6124=(BOUNDED_CURVE()B_SPLINE_CURVE(3,
(#8487,#8488,#8489,#8490),
.UNSPECIFIED.,.F.,.F.)B_SPLINE_CURVE_WITH_KNOTS((4,4),
(0.,1.),
.UNSPECIFIED.)CURVE()GEOMETRIC_REPRESENTATION_ITEM()RATIONAL_B_SPLINE_CURVE((1.,
0.99477116109949,0.99477116109949,1.))REPRESENTATION_ITEM(''));
#6125=VERTEX_POINT('',#8491);
#6126=LINE('',#8492,#8493);
#6127=(BOUNDED_CURVE()B_SPLINE_CURVE(3,
(#8495,#8496,#8497,#8498),
.UNSPECIFIED.,.F.,.F.)B_SPLINE_CURVE_WITH_KNOTS((4,4),
(0.,1.),
.UNSPECIFIED.)CURVE()GEOMETRIC_REPRESENTATION_ITEM()RATIONAL_B_SPLINE_CURVE((1.,
0.994771161099493,0.994771161099493,1.))REPRESENTATION_ITEM(''));
#6128=VERTEX_POINT('',#8499);
#6129=LINE('',#8500,#8501);
#6130=VERTEX_POINT('',#8503);
#6131=LINE('',#8504,#8505);
#6132=LINE('',#8507,#8508);
#6133=VERTEX_POINT('',#8510);
#6134=LINE('',#8511,#8512);
#6135=VERTEX_POINT('',#8514);
#6136=LINE('',#8515,#8516);
#6137=LINE('',#8518,#8519);
#6138=VERTEX_POINT('',#8521);
#6139=LINE('',#8522,#8523);
#6140=VERTEX_POINT('',#8525);
#6141=LINE('',#8526,#8527);
#6142=LINE('',#8529,#8530);
#6143=VERTEX_POINT('',#8532);
#6144=LINE('',#8533,#8534);
#6145=VERTEX_POINT('',#8536);
#6146=LINE('',#8537,#8538);
#6147=LINE('',#8540,#8541);
#6148=LINE('',#8543,#8544);
#6149=VERTEX_POINT('',#8546);
#6150=VERTEX_POINT('',#8547);
#6151=CIRCLE('',#8548,3.50000000000001);
#6152=VERTEX_POINT('',#8552);
#6153=LINE('',#8553,#8554);
#6154=VERTEX_POINT('',#8556);
#6155=CIRCLE('',#8557,3.50000000000001);
#6156=LINE('',#8561,#8562);
#6157=LINE('',#8564,#8565);
#6158=LINE('',#8567,#8568);
#6159=VERTEX_POINT('',#8570);
#6160=VERTEX_POINT('',#8571);
#6161=CIRCLE('',#8572,3.50000000000001);
#6162=VERTEX_POINT('',#8576);
#6163=LINE('',#8577,#8578);
#6164=VERTEX_POINT('',#8580);
#6165=CIRCLE('',#8581,3.50000000000001);
#6166=LINE('',#8585,#8586);
#6167=LINE('',#8588,#8589);
#6168=LINE('',#8591,#8592);
#6169=LINE('',#8594,#8595);
#6170=VERTEX_POINT('',#8597);
#6171=VERTEX_POINT('',#8598);
#6172=CIRCLE('',#8599,8.);
#6173=CIRCLE('',#8603,8.);
#6174=LINE('',#8607,#8608);
#6175=LINE('',#8610,#8611);
#6176=VERTEX_POINT('',#8613);
#6177=VERTEX_POINT('',#8614);
#6178=CIRCLE('',#8615,20.);
#6179=VERTEX_POINT('',#8619);
#6180=LINE('',#8620,#8621);
#6181=VERTEX_POINT('',#8623);
#6182=CIRCLE('',#8624,8.00000000000002);
#6183=VERTEX_POINT('',#8628);
#6184=CIRCLE('',#8629,8.00000000000002);
#6185=VERTEX_POINT('',#8633);
#6186=LINE('',#8634,#8635);
#6187=VERTEX_POINT('',#8637);
#6188=CIRCLE('',#8638,20.);
#6189=VERTEX_POINT('',#8642);
#6190=LINE('',#8643,#8644);
#6191=VERTEX_POINT('',#8646);
#6192=CIRCLE('',#8647,8.00000000000002);
#6193=VERTEX_POINT('',#8651);
#6194=CIRCLE('',#8652,8.00000000000002);
#6195=LINE('',#8656,#8657);
#6196=VERTEX_POINT('',#8659);
#6197=VERTEX_POINT('',#8660);
#6198=CIRCLE('',#8661,3.25);
#6199=CIRCLE('',#8665,3.25);
#6200=VERTEX_POINT('',#8669);
#6201=VERTEX_POINT('',#8670);
#6202=CIRCLE('',#8671,3.25);
#6203=CIRCLE('',#8675,3.25);
#6204=LINE('',#8679,#8680);
#6205=LINE('',#8682,#8683);
#6206=LINE('',#8685,#8686);
#6207=LINE('',#8688,#8689);
#6208=VERTEX_POINT('',#8691);
#6209=LINE('',#8692,#8693);
#6210=VERTEX_POINT('',#8695);
#6211=LINE('',#8696,#8697);
#6212=LINE('',#8699,#8700);
#6213=VERTEX_POINT('',#8702);
#6214=LINE('',#8703,#8704);
#6215=LINE('',#8706,#8707);
#6216=VERTEX_POINT('',#8709);
#6217=LINE('',#8710,#8711);
#6218=LINE('',#8713,#8714);
#6219=LINE('',#8716,#8717);
#6220=VERTEX_POINT('',#8719);
#6221=VERTEX_POINT('',#8720);
#6222=CIRCLE('',#8721,10.);
#6223=CIRCLE('',#8725,10.);
#6224=VERTEX_POINT('',#8729);
#6225=CIRCLE('',#8730,12.);
#6226=VERTEX_POINT('',#8734);
#6227=LINE('',#8735,#8736);
#6228=VERTEX_POINT('',#8738);
#6229=LINE('',#8739,#8740);
#6230=LINE('',#8742,#8743);
#6231=VERTEX_POINT('',#8745);
#6232=VERTEX_POINT('',#8746);
#6233=LINE('',#8747,#8748);
#6234=VERTEX_POINT('',#8750);
#6235=CIRCLE('',#8751,3.50000000000001);
#6236=VERTEX_POINT('',#8755);
#6237=LINE('',#8756,#8757);
#6238=CIRCLE('',#8759,3.50000000000001);
#6239=VERTEX_POINT('',#8763);
#6240=LINE('',#8764,#8765);
#6241=LINE('',#8767,#8768);
#6242=VERTEX_POINT('',#8770);
#6243=LINE('',#8771,#8772);
#6244=LINE('',#8774,#8775);
#6245=VERTEX_POINT('',#8777);
#6246=VERTEX_POINT('',#8778);
#6247=LINE('',#8779,#8780);
#6248=VERTEX_POINT('',#8782);
#6249=CIRCLE('',#8783,3.50000000000001);
#6250=VERTEX_POINT('',#8787);
#6251=LINE('',#8788,#8789);
#6252=CIRCLE('',#8791,3.50000000000001);
#6253=LINE('',#8795,#8796);
#6254=LINE('',#8798,#8799);
#6255=LINE('',#8801,#8802);
#6256=LINE('',#8804,#8805);
#6257=LINE('',#8807,#8808);
#6258=VERTEX_POINT('',#8810);
#6259=CIRCLE('',#8811,8.);
#6260=VERTEX_POINT('',#8815);
#6261=VERTEX_POINT('',#8816);
#6262=CIRCLE('',#8817,20.);
#6263=LINE('',#8821,#8822);
#6264=LINE('',#8824,#8825);
#6265=VERTEX_POINT('',#8827);
#6266=LINE('',#8828,#8829);
#6267=LINE('',#8831,#8832);
#6268=VERTEX_POINT('',#8834);
#6269=CIRCLE('',#8835,8.00000000000002);
#6270=LINE('',#8839,#8840);
#6271=VERTEX_POINT('',#8842);
#6272=CIRCLE('',#8843,8.00000000000002);
#6273=LINE('',#8847,#8848);
#6274=VERTEX_POINT('',#8850);
#6275=LINE('',#8851,#8852);
#6276=LINE('',#8854,#8855);
#6277=VERTEX_POINT('',#8857);
#6278=CIRCLE('',#8858,20.);
#6279=LINE('',#8862,#8863);
#6280=VERTEX_POINT('',#8865);
#6281=LINE('',#8866,#8867);
#6282=LINE('',#8869,#8870);
#6283=VERTEX_POINT('',#8872);
#6284=CIRCLE('',#8873,8.00000000000002);
#6285=LINE('',#8877,#8878);
#6286=VERTEX_POINT('',#8880);
#6287=CIRCLE('',#8881,8.00000000000002);
#6288=LINE('',#8885,#8886);
#6289=LINE('',#8888,#8889);
#6290=VERTEX_POINT('',#8891);
#6291=LINE('',#8892,#8893);
#6292=VERTEX_POINT('',#8895);
#6293=CIRCLE('',#8896,3.25);
#6294=LINE('',#8900,#8901);
#6295=CIRCLE('',#8903,3.25);
#6296=VERTEX_POINT('',#8907);
#6297=LINE('',#8908,#8909);
#6298=VERTEX_POINT('',#8911);
#6299=CIRCLE('',#8912,3.25);
#6300=LINE('',#8916,#8917);
#6301=CIRCLE('',#8919,3.25);
#6302=VERTEX_POINT('',#8923);
#6303=CIRCLE('',#8924,10.);
#6304=VERTEX_POINT('',#8928);
#6305=CIRCLE('',#8929,13.);
#6306=LINE('',#8933,#8934);
#6307=LINE('',#8936,#8937);
#6308=LINE('',#8939,#8940);
#6309=LINE('',#8942,#8943);
#6310=VERTEX_POINT('',#8945);
#6311=LINE('',#8946,#8947);
#6312=VERTEX_POINT('',#8949);
#6313=CIRCLE('',#8950,19.);
#6314=LINE('',#8954,#8955);
#6315=VERTEX_POINT('',#8957);
#6316=LINE('',#8958,#8959);
#6317=LINE('',#8961,#8962);
#6318=VERTEX_POINT('',#8964);
#6319=CIRCLE('',#8965,7.00000000000001);
#6320=B_SPLINE_CURVE_WITH_KNOTS('',3,
(#8969,#8970,#8971,#8972,#8973,#8974,#8975,#8976),
.UNSPECIFIED.,.F.,.F.,
(4,1,1,1,1,4),
(0.,0.249981116206282,0.499996515642212,0.749943348618845,0.999962232412564,1.),
.UNSPECIFIED.);
#6321=VERTEX_POINT('',#8977);
#6322=CIRCLE('',#8978,7.);
#6323=LINE('',#8982,#8983);
#6324=VERTEX_POINT('',#8985);
#6325=LINE('',#8986,#8987);
#6326=LINE('',#8989,#8990);
#6327=VERTEX_POINT('',#8992);
#6328=CIRCLE('',#8993,19.);
#6329=LINE('',#8997,#8998);
#6330=VERTEX_POINT('',#9000);
#6331=LINE('',#9001,#9002);
#6332=LINE('',#9004,#9005);
#6333=VERTEX_POINT('',#9007);
#6334=CIRCLE('',#9008,7.00000000000001);
#6335=B_SPLINE_CURVE_WITH_KNOTS('',3,
(#9012,#9013,#9014,#9015,#9016,#9017,#9018),
.UNSPECIFIED.,.F.,.F.,
(4,1,1,1,4),
(0.,0.249981116206281,0.749943348618844,0.999962232412562,1.),
.UNSPECIFIED.);
#6336=VERTEX_POINT('',#9019);
#6337=CIRCLE('',#9020,6.99999999999999);
#6338=LINE('',#9024,#9025);
#6339=LINE('',#9027,#9028);
#6340=VERTEX_POINT('',#9030);
#6341=CIRCLE('',#9031,13.);
#6342=VERTEX_POINT('',#9035);
#6343=VERTEX_POINT('',#9036);
#6344=LINE('',#9037,#9038);
#6345=VERTEX_POINT('',#9040);
#6346=CIRCLE('',#9041,8.);
#6347=VERTEX_POINT('',#9045);
#6348=CIRCLE('',#9046,8.);
#6349=VERTEX_POINT('',#9050);
#6350=LINE('',#9051,#9052);
#6351=VERTEX_POINT('',#9054);
#6352=CIRCLE('',#9055,6.);
#6353=CIRCLE('',#9059,6.);
#6354=VERTEX_POINT('',#9063);
#6355=VERTEX_POINT('',#9064);
#6356=LINE('',#9065,#9066);
#6357=VERTEX_POINT('',#9068);
#6358=CIRCLE('',#9069,8.);
#6359=VERTEX_POINT('',#9073);
#6360=LINE('',#9074,#9075);
#6361=CIRCLE('',#9077,6.);
#6362=VERTEX_POINT('',#9081);
#6363=VERTEX_POINT('',#9082);
#6364=LINE('',#9083,#9084);
#6365=VERTEX_POINT('',#9086);
#6366=CIRCLE('',#9087,6.);
#6367=VERTEX_POINT('',#9091);
#6368=LINE('',#9092,#9093);
#6369=CIRCLE('',#9095,8.);
#6370=VERTEX_POINT('',#9099);
#6371=VERTEX_POINT('',#9100);
#6372=LINE('',#9101,#9102);
#6373=VERTEX_POINT('',#9104);
#6374=CIRCLE('',#9105,6.);
#6375=VERTEX_POINT('',#9109);
#6376=CIRCLE('',#9110,6.);
#6377=VERTEX_POINT('',#9114);
#6378=LINE('',#9115,#9116);
#6379=VERTEX_POINT('',#9118);
#6380=CIRCLE('',#9119,8.);
#6381=CIRCLE('',#9123,8.);
#6382=VERTEX_POINT('',#9127);
#6383=LINE('',#9128,#9129);
#6384=VERTEX_POINT('',#9131);
#6385=CIRCLE('',#9132,6.);
#6386=LINE('',#9136,#9137);
#6387=VERTEX_POINT('',#9139);
#6388=LINE('',#9140,#9141);
#6389=VERTEX_POINT('',#9143);
#6390=CIRCLE('',#9144,6.);
#6391=LINE('',#9148,#9149);
#6392=VERTEX_POINT('',#9151);
#6393=VERTEX_POINT('',#9152);
#6394=B_SPLINE_CURVE_WITH_KNOTS('',3,
(#9153,#9154,#9155,#9156,#9157,#9158,#9159,#9160,#9161,#9162,#9163,#9164,#9165,#9166,
#9167,#9168,#9169,#9170,#9171,#9172,#9173,#9174,#9175,#9176,#9177,#9178,#9179,#9180,
#9181,#9182,#9183,#9184,#9185,#9186,#9187,#9188,#9189,#9190,#9191,#9192,#9193,#9194,
#9195,#9196,#9197,#9198,#9199,#9200,#9201,#9202,#9203,#9204,#9205,#9206,#9207,#9208,
#9209,#9210,#9211,#9212,#9213,#9214,#9215,#9216,#9217,#9218),
.UNSPECIFIED.,.F.,.F.,
(4,1,1,1,1,1,1,1,1,1,1,1,1,1,1,1,1,1,1,1,1,1,1,1,1,1,1,1,1,1,1,1,1,1,1,1,1,1,1,1,
1,1,1,1,1,1,1,1,1,1,1,1,1,1,1,1,1,1,1,1,1,1,1,4),
(0.,0.0159579560016256,0.0283984278996165,0.0395866059207477,0.0499565286458671,
0.0603187324665115,0.0712955611326256,0.0829192762391773,0.0950087512636322,0.107185422288108,
0.119698752926379,0.132329931366321,0.145188251857787,0.158136306800244,0.171413140513161,
0.184909990839185,0.19872195520976,0.212645129864942,0.226959372418541,0.241568599060606,
0.256666287474058,0.271962424801144,0.28775545919502,0.303840234378115,0.32032683921345,
0.336916626237121,0.35381738972676,0.370920377353259,0.388326457460886,0.405823411328972,
0.423510105304095,0.44128909073728,0.459148898616766,0.476995733689506,0.494780793958015,
0.512511128976238,0.53012515252132,0.54767839378841,0.574554524449323,0.610462599703073,
0.647794432164238,0.677176468971467,0.696887350940265,0.714532590527751,0.73003102209275,
0.745448428732315,0.762003541006706,0.779769145968988,0.804437330205376,0.834133921359501,
0.861327448300224,0.880345286321793,0.891573415762115,0.902556709903905,0.912923776571687,
0.922917913446169,0.935500364265038,0.947718756826641,0.959570236907958,0.967969128856502,
0.976248256290321,0.984286469533472,0.992204266581541,1.),
.UNSPECIFIED.);
#6395=VERTEX_POINT('',#9219);
#6396=(BOUNDED_CURVE()B_SPLINE_CURVE(3,
(#9220,#9221,#9222,#9223),
.UNSPECIFIED.,.F.,.F.)B_SPLINE_CURVE_WITH_KNOTS((4,4),
(0.,1.),
.UNSPECIFIED.)CURVE()GEOMETRIC_REPRESENTATION_ITEM()RATIONAL_B_SPLINE_CURVE((1.,
0.999999999999751,0.999999999999751,1.))REPRESENTATION_ITEM(''));
#6397=VERTEX_POINT('',#9224);
#6398=B_SPLINE_CURVE_WITH_KNOTS('',3,
(#9225,#9226,#9227,#9228,#9229,#9230,#9231,#9232,#9233,#9234,#9235,#9236,#9237,#9238,
#9239,#9240,#9241,#9242,#9243,#9244,#9245,#9246,#9247,#9248,#9249,#9250,#9251,#9252,
#9253,#9254,#9255,#9256,#9257,#9258,#9259,#9260,#9261,#9262,#9263,#9264,#9265,#9266,
#9267,#9268,#9269,#9270,#9271,#9272,#9273,#9274,#9275,#9276,#9277,#9278,#9279,#9280,
#9281,#9282,#9283,#9284,#9285,#9286,#9287,#9288,#9289),
.UNSPECIFIED.,.F.,.F.,
(4,1,1,1,1,1,1,1,1,1,1,1,1,1,1,1,1,1,1,1,1,1,1,1,1,1,1,1,1,1,1,1,1,1,1,1,1,1,1,1,
1,1,1,1,1,1,1,1,1,1,1,1,1,1,1,1,1,1,1,1,1,1,4),
(0.,0.015419703906647,0.030880872037332,0.0463763818593986,0.0619494883586427,0.0775645809920278,
0.0932923395345127,0.109092713368055,0.124979034743941,0.140894837365827,0.156886014995216,
0.17292468177638,0.189043466822029,0.205191085703474,0.223205567545448,0.243055787686288,
0.275640175616068,0.310093382265569,0.346392073164007,0.37916630158061,0.410000067774432,
0.438890546481389,0.467074751827311,0.494873844611439,0.522292494702527,0.545380711280636,
0.56638037679599,0.585293345057209,0.599139429451528,0.612830478016394,0.626342956671424,
0.639832282164617,0.653228144379371,0.666558271138904,0.679777343894084,0.692950309720824,
0.706014179176786,0.719011530613497,0.731919261812228,0.74480872099806,0.757591586481763,
0.77029172775877,0.782843359052178,0.795324779038973,0.807631253721911,0.819819489028536,
0.831830756186658,0.843777314499957,0.855514581281162,0.867101364901948,0.878447857339191,
0.889715347521175,0.900717464281128,0.911527260623418,0.921976792439068,0.932355641229383,
0.942316371044119,0.95177871542411,0.960547077840834,0.969158820144545,0.97818657972551,
0.988028967977134,1.),
.UNSPECIFIED.);
#6399=VERTEX_POINT('',#9290);
#6400=B_SPLINE_CURVE_WITH_KNOTS('',3,
(#9291,#9292,#9293,#9294,#9295,#9296,#9297,#9298,#9299,#9300,#9301,#9302,#9303,#9304,
#9305,#9306,#9307,#9308,#9309,#9310,#9311,#9312,#9313,#9314,#9315,#9316,#9317,#9318,
#9319,#9320,#9321,#9322,#9323,#9324,#9325,#9326,#9327,#9328,#9329,#9330,#9331,#9332,
#9333,#9334,#9335,#9336,#9337,#9338,#9339,#9340,#9341,#9342,#9343,#9344,#9345,#9346,
#9347,#9348,#9349,#9350,#9351),
.UNSPECIFIED.,.F.,.F.,
(4,1,1,1,1,1,1,1,1,1,1,1,1,1,1,1,1,1,1,1,1,1,1,1,1,1,1,1,1,1,1,1,1,1,1,1,1,1,1,1,
1,1,1,1,1,1,1,1,1,1,1,1,1,1,1,1,1,1,4),
(0.,0.00109633764907368,0.0160282457740214,0.0284147699690039,0.0395143854725538,
0.0497638840962164,0.0600030424376976,0.0708473664534869,0.0823513699602,0.0943372522592795,
0.106403689367638,0.118811705166427,0.131340709266009,0.144085891458877,0.156913111680772,
0.17005776077793,0.183417486236254,0.197084776637125,0.210861354558312,0.225017280898049,
0.239456971451731,0.254365003130378,0.26945774932084,0.285024414672721,0.300875757100234,
0.317115087522099,0.333450572343683,0.350091036591843,0.366931093181929,0.384078769214818,
0.401327282739555,0.418799544052905,0.436391086400701,0.454104743424968,0.47181975261851,
0.489459264272722,0.507019671085233,0.52439860804092,0.541676944155923,0.567725610302219,
0.602093706192826,0.644227972391486,0.678047648397803,0.704105859919916,0.731611473037334,
0.760011930198503,0.789322117207937,0.814541046628962,0.836437605667006,0.855012320589667,
0.866532211804112,0.877971169764849,0.890469476422042,0.90411692560286,0.923824507835142,
0.94842378191185,0.975450445670021,0.999991910176333,1.),
.UNSPECIFIED.);
#6401=VERTEX_POINT('',#9352);
#6402=LINE('',#9353,#9354);
#6403=B_SPLINE_CURVE_WITH_KNOTS('',3,
(#9356,#9357,#9358,#9359,#9360,#9361,#9362,#9363,#9364,#9365,#9366,#9367,#9368,#9369,
#9370,#9371,#9372,#9373,#9374,#9375,#9376,#9377,#9378,#9379,#9380,#9381,#9382,#9383,
#9384,#9385,#9386,#9387,#9388,#9389,#9390,#9391,#9392,#9393,#9394,#9395,#9396,#9397,
#9398,#9399,#9400,#9401,#9402,#9403,#9404,#9405,#9406,#9407,#9408,#9409,#9410,#9411,
#9412,#9413,#9414,#9415,#9416,#9417,#9418,#9419,#9420),
.UNSPECIFIED.,.F.,.F.,
(4,1,1,1,1,1,1,1,1,1,1,1,1,1,1,1,1,1,1,1,1,1,1,1,1,1,1,1,1,1,1,1,1,1,1,1,1,1,1,1,
1,1,1,1,1,1,1,1,1,1,1,1,1,1,1,1,1,1,1,1,1,1,4),
(0.,0.0154194713702916,0.0308804045099527,0.0463756762158656,0.0619485407533365,
0.0775633910741663,0.0932909079622191,0.109091040370531,0.124977119634107,0.140892679750433,
0.156883614568168,0.172922038604086,0.189040580918985,0.205187957179911,0.223202169870829,
0.2430520942543,0.275636000547481,0.310088700229701,0.346386858284869,0.379160610386801,
0.409993931391284,0.438883996170472,0.467067801483096,0.494866500063351,0.522284762338157,
0.545372653565095,0.566372021899552,0.585284720995023,0.599130606789946,0.612821458433443,
0.626333741538843,0.639822870993149,0.653218535581996,0.666548462903988,0.679767333762118,
0.692940097363382,0.706003761840061,0.719000906679326,0.731908428653081,0.744797677855651,
0.757580355219655,0.770280330747803,0.782831840137406,0.795313159429815,0.807619599298501,
0.819807843548349,0.831819185648277,0.843765838121498,0.855503295270097,0.867090345344572,
0.878437239445391,0.889705194138388,0.900707898736237,0.911518309282196,0.921968473604228,
0.932348029795076,0.942309300812883,0.951771992086171,0.960540803024309,0.969153352299072,
0.978182376558541,0.98802637098714,1.),
.UNSPECIFIED.);
#6404=VERTEX_POINT('',#9421);
#6405=VERTEX_POINT('',#9422);
#6406=CIRCLE('',#9423,6.);
#6407=LINE('',#9427,#9428);
#6408=VERTEX_POINT('',#9430);
#6409=LINE('',#9431,#9432);
#6410=VERTEX_POINT('',#9434);
#6411=CIRCLE('',#9435,6.);
#6412=LINE('',#9439,#9440);
#6413=LINE('',#9442,#9443);
#6414=VERTEX_POINT('',#9445);
#6415=VERTEX_POINT('',#9446);
#6416=B_SPLINE_CURVE_WITH_KNOTS('',3,
(#9447,#9448,#9449,#9450,#9451,#9452,#9453,#9454,#9455,#9456,#9457,#9458,#9459,#9460,
#9461,#9462,#9463,#9464,#9465,#9466,#9467,#9468,#9469,#9470,#9471,#9472,#9473,#9474,
#9475,#9476,#9477,#9478,#9479,#9480,#9481,#9482,#9483,#9484,#9485,#9486,#9487,#9488,
#9489,#9490,#9491,#9492,#9493,#9494,#9495,#9496,#9497,#9498,#9499,#9500,#9501,#9502,
#9503,#9504,#9505,#9506,#9507,#9508,#9509,#9510,#9511,#9512),
.UNSPECIFIED.,.F.,.F.,
(4,1,1,1,1,1,1,1,1,1,1,1,1,1,1,1,1,1,1,1,1,1,1,1,1,1,1,1,1,1,1,1,1,1,1,1,1,1,1,1,
1,1,1,1,1,1,1,1,1,1,1,1,1,1,1,1,1,1,1,1,1,1,1,4),
(0.,0.0159862597972122,0.0284457730741527,0.0396507640901764,0.0500360936671011,
0.0604136824295644,0.0714071537637365,0.0830491002031049,0.095157399739497,0.107353722236954,
0.119886940623535,0.132537652060328,0.145416542531125,0.158385929595847,0.171685383749675,
0.185205478181473,0.199041736455295,0.212989573929752,0.227330251800915,0.241967615876923,
0.257096035405972,0.272424257811689,0.288252424799968,0.304374388914485,0.320901209326582,
0.337532214335103,0.35447438718011,0.371618130606898,0.389062549647212,0.406596154100677,
0.424313986714202,0.442119843627041,0.459999821093231,0.477864585401223,0.495659957033403,
0.513394871942744,0.531004734596471,0.548550814886446,0.575401159853372,0.61126282863559,
0.648537230499752,0.677866730349447,0.697534400091751,0.715136361917911,0.73058968197133,
0.74596099219413,0.762463638024473,0.780171685463833,0.804761949017506,0.834371391900606,
0.861492518789787,0.880467814889899,0.891679364238312,0.902648049026576,0.913004382914868,
0.922989686407926,0.935562573631323,0.947771036514825,0.959612263980764,0.968003039011035,
0.976273928445774,0.984303684355489,0.992212921639705,1.),
.UNSPECIFIED.);
#6417=VERTEX_POINT('',#9513);
#6418=(BOUNDED_CURVE()B_SPLINE_CURVE(3,
(#9514,#9515,#9516,#9517),
.UNSPECIFIED.,.F.,.F.)B_SPLINE_CURVE_WITH_KNOTS((4,4),
(0.,1.),
.UNSPECIFIED.)CURVE()GEOMETRIC_REPRESENTATION_ITEM()RATIONAL_B_SPLINE_CURVE((1.,
0.999999999999751,0.999999999999751,1.))REPRESENTATION_ITEM(''));
#6419=VERTEX_POINT('',#9518);
#6420=B_SPLINE_CURVE_WITH_KNOTS('',3,
(#9519,#9520,#9521,#9522,#9523,#9524,#9525,#9526,#9527,#9528,#9529,#9530,#9531,#9532,
#9533,#9534,#9535,#9536,#9537,#9538,#9539,#9540,#9541,#9542,#9543,#9544,#9545,#9546,
#9547,#9548,#9549,#9550,#9551,#9552,#9553,#9554,#9555,#9556,#9557,#9558,#9559,#9560,
#9561,#9562,#9563,#9564,#9565,#9566,#9567,#9568,#9569,#9570,#9571,#9572,#9573,#9574,
#9575,#9576,#9577,#9578,#9579,#9580,#9581,#9582,#9583),
.UNSPECIFIED.,.F.,.F.,
(4,1,1,1,1,1,1,1,1,1,1,1,1,1,1,1,1,1,1,1,1,1,1,1,1,1,1,1,1,1,1,1,1,1,1,1,1,1,1,1,
1,1,1,1,1,1,1,1,1,1,1,1,1,1,1,1,1,1,1,1,1,1,4),
(0.,0.0154196549662549,0.0308807738405085,0.0463762340309728,0.0619492903817136,
0.0775643327626502,0.0932920409327442,0.109092364297069,0.124978634992219,0.14089438684474,
0.156885513550174,0.172924129336692,0.189042863258326,0.20519043098006,0.223204855903792,
0.243055013411425,0.275639298921936,0.31009239750833,0.346390974678488,0.379165100868584,
0.409998771170336,0.438889160347565,0.467073278773405,0.494872285915976,0.522290851711255,
0.545378997478222,0.566378598432678,0.585291508343911,0.599137549763459,0.612828555702229,
0.626340992041936,0.639830275125418,0.653226094887979,0.6665561791502,0.679775209473706,
0.692948133047417,0.706011960479215,0.719009270125544,0.731916959877944,0.744806377884728,
0.757589207241416,0.77028931721091,0.782840926441849,0.795322328654239,0.807628798800867,
0.819817038053417,0.831828321427967,0.843774898611906,0.855512203466592,0.867099041224902,
0.878445617499444,0.889713206450862,0.900715449778595,0.911525378356255,0.921975043339338,
0.932354041431714,0.942314879940138,0.951777280226495,0.96054570018799,0.969157560509104,
0.978185554881639,0.988028308585942,1.),
.UNSPECIFIED.);
#6421=VERTEX_POINT('',#9584);
#6422=B_SPLINE_CURVE_WITH_KNOTS('',3,
(#9585,#9586,#9587,#9588,#9589,#9590,#9591,#9592,#9593,#9594,#9595,#9596,#9597,#9598,
#9599,#9600,#9601,#9602,#9603,#9604,#9605,#9606,#9607,#9608,#9609,#9610,#9611,#9612,
#9613,#9614,#9615,#9616,#9617,#9618,#9619,#9620,#9621,#9622,#9623,#9624,#9625,#9626,
#9627,#9628,#9629,#9630,#9631,#9632,#9633,#9634,#9635,#9636,#9637,#9638,#9639,#9640,
#9641,#9642,#9643,#9644,#9645,#9646,#9647,#9648,#9649,#9650,#9651),
.UNSPECIFIED.,.F.,.F.,
(4,1,1,1,1,1,1,1,1,1,1,1,1,1,1,1,1,1,1,1,1,1,1,1,1,1,1,1,1,1,1,1,1,1,1,1,1,1,1,1,
1,1,1,1,1,1,1,1,1,1,1,1,1,1,1,1,1,1,1,1,1,1,1,1,4),
(0.,0.0159573489987789,0.0283976513936786,0.0395857817100037,0.0499557602266636,
0.0603180279046447,0.0712949298112953,0.0829186664153136,0.0950081072344723,0.10718476150617,
0.119698052561439,0.132329180771288,0.145187475202997,0.158135522765629,0.17141237177237,
0.184909245986866,0.198721248182166,0.212644463768876,0.226958770174749,0.241568084601029,
0.25666589696576,0.271962177642606,0.287755399729024,0.303840393286895,0.320327262313085,
0.336917329341332,0.353818377867207,0.370921642619282,0.388327966685646,0.405825140535974,
0.423511975597003,0.441291040402597,0.459150831145994,0.476997617114367,0.494782519439723,
0.51251261422805,0.530126273688657,0.547679109119938,0.574554410006301,0.610461239439742,
0.647791677313284,0.677172557011269,0.696882609063594,0.714527082492081,0.730024801043762,
0.74544149655901,0.761995906561024,0.779760821606099,0.804428285128578,0.834124306243289,
0.861317597199262,0.880335568281385,0.891564071660387,0.902547804786722,0.912915444698872,
0.92291022689365,0.935493673347276,0.94771310807692,0.959565673024464,0.967965437161901,
0.976245453855031,0.984284586979354,0.992203318469163,0.999993392833812,1.),
.UNSPECIFIED.);
#6423=VERTEX_POINT('',#9652);
#6424=LINE('',#9653,#9654);
#6425=B_SPLINE_CURVE_WITH_KNOTS('',3,
(#9656,#9657,#9658,#9659,#9660,#9661,#9662,#9663,#9664,#9665,#9666,#9667,#9668,#9669,
#9670,#9671,#9672,#9673,#9674,#9675,#9676,#9677,#9678,#9679,#9680,#9681,#9682,#9683,
#9684,#9685,#9686,#9687,#9688,#9689,#9690,#9691,#9692,#9693,#9694,#9695,#9696,#9697,
#9698,#9699,#9700,#9701,#9702,#9703,#9704,#9705,#9706,#9707,#9708,#9709,#9710,#9711,
#9712,#9713,#9714,#9715,#9716,#9717,#9718,#9719,#9720,#9721),
.UNSPECIFIED.,.F.,.F.,
(4,1,1,1,1,1,1,1,1,1,1,1,1,1,1,1,1,1,1,1,1,1,1,1,1,1,1,1,1,1,1,1,1,1,1,1,1,1,1,1,
1,1,1,1,1,1,1,1,1,1,1,1,1,1,1,1,1,1,1,1,1,1,1,4),
(0.,0.0154026247468849,0.0308466657715707,0.0463250075681725,0.0618808571126843,
0.0774786465639848,0.0931889796009439,0.10897184882613,0.124840570833414,0.140738741317076,
0.156712204131631,0.172733104383058,0.188834035703033,0.20496376974992,0.222958301868236,
0.242786541420872,0.275334854254488,0.309749917950347,0.346008419958191,0.378746349216605,
0.409545958890654,0.438404433189048,0.466557445787625,0.494325808117493,0.521714197663614,
0.544776966050486,0.565753465949259,0.584645535403982,0.598476251908152,0.61215205309375,
0.625649400162361,0.639123564078572,0.652504341752454,0.66581947393749,0.67902375818151,
0.692182075414355,0.705231629656359,0.718214927451946,0.731109006207826,0.743985039774432,
0.756756384699823,0.769446723199489,0.781991785650401,0.794468079598291,0.806773854166482,
0.818964123162972,0.830981198790208,0.842934056876863,0.854684003806158,0.866289097003689,
0.877664672169073,0.888967026705118,0.900014226403088,0.910870994592478,0.921366834639284,
0.931797311637943,0.94179317506443,0.951268110874657,0.960044455360088,0.968679979734955,
0.977780199921237,0.987762377576351,0.998901607611093,1.),
.UNSPECIFIED.);
#6426=VERTEX_POINT('',#9722);
#6427=VERTEX_POINT('',#9723);
#6428=LINE('',#9724,#9725);
#6429=VERTEX_POINT('',#9727);
#6430=B_SPLINE_CURVE_WITH_KNOTS('',3,
(#9728,#9729,#9730,#9731,#9732,#9733,#9734,#9735,#9736,#9737,#9738,#9739,#9740,#9741,
#9742,#9743,#9744,#9745,#9746,#9747,#9748,#9749,#9750,#9751,#9752,#9753,#9754,#9755,
#9756,#9757,#9758,#9759,#9760,#9761,#9762,#9763,#9764,#9765,#9766,#9767,#9768,#9769,
#9770,#9771,#9772,#9773,#9774,#9775,#9776,#9777,#9778,#9779,#9780,#9781,#9782,#9783,
#9784,#9785,#9786,#9787,#9788,#9789,#9790,#9791,#9792,#9793,#9794,#9795,#9796,#9797,
#9798,#9799,#9800,#9801,#9802,#9803,#9804,#9805,#9806,#9807,#9808,#9809,#9810,#9811,
#9812,#9813,#9814,#9815,#9816,#9817,#9818,#9819,#9820,#9821,#9822,#9823,#9824,#9825,
#9826,#9827,#9828,#9829,#9830,#9831,#9832,#9833,#9834,#9835,#9836,#9837,#9838,#9839,
#9840,#9841),
.UNSPECIFIED.,.F.,.F.,
(4,1,1,1,1,1,1,1,1,1,1,1,1,1,1,1,1,1,1,1,1,1,1,1,1,1,1,1,1,1,1,1,1,1,1,1,1,1,1,1,
1,1,1,1,1,1,1,1,1,1,1,1,1,1,1,1,1,1,1,1,1,1,1,1,1,1,1,1,1,1,1,1,1,1,1,1,1,1,1,1,
1,1,1,1,1,1,1,1,1,1,1,1,1,1,1,1,1,1,1,1,1,1,1,1,1,1,1,1,1,1,1,4),
(0.,0.00722605344213596,0.0129321030632232,0.0178936255944947,0.0224232660071865,
0.0269115234763053,0.0315179798394142,0.0364263728011746,0.0417029573469876,0.0471106533225477,
0.0527297623429457,0.0585021868285959,0.0644226747255404,0.0703511085867621,0.0763922236219992,
0.0825199106306558,0.088767540721157,0.0950515296823831,0.101469738974503,0.107993267576249,
0.1146899824946,0.121462028099505,0.128423602222273,0.135501595736383,0.142740273049606,
0.150018917322202,0.157392905155429,0.16481825914666,0.172305491039764,0.179801122964602,
0.188079969160974,0.197133976331956,0.210074333935958,0.222853817037864,0.235465290603093,
0.244685583646307,0.253795204897165,0.26604433912732,0.278545584370416,0.291304493989256,
0.304848374172613,0.323876399444191,0.34801452107387,0.368252019551331,0.382881345626055,
0.394679433485143,0.40682042997794,0.419302488805401,0.43327273314947,0.446643564873649,
0.459413138146882,0.467328711053226,0.474550635018978,0.481048888186595,0.487519474079086,
0.493871414101787,0.49999957458978,0.500129884470725,0.50624039666193,0.512301150751191,
0.521929976434821,0.535720225934841,0.550850431467092,0.563720471018099,0.577916527079226,
0.59764434364792,0.622557158038013,0.643095437073712,0.657857246997671,0.668682453895487,
0.681136102018075,0.692954926597787,0.702645113506121,0.710101790867172,0.717590480212668,
0.725922608882242,0.735064507128919,0.748176426543467,0.76428907574775,0.779368827560983,
0.790266857954709,0.799411706292551,0.808509885811976,0.817562221212921,0.82427918312666,
0.83097319003769,0.83760878052065,0.844207146659987,0.850753081228359,0.857285683036709,
0.863777045873431,0.870242370722582,0.878805460784372,0.887346315993249,0.895865535068229,
0.902238220336293,0.908611760736249,0.914963764471869,0.921293402730289,0.927589652847918,
0.933874215643357,0.940120876751455,0.946348650803897,0.952553820392191,0.958752600118332,
0.964847118342617,0.970905395977692,0.976678241953601,0.982096199683022,0.987479146119413,
0.99319037253895,1.),
.UNSPECIFIED.);
#6431=VERTEX_POINT('',#9842);
#6432=(BOUNDED_CURVE()B_SPLINE_CURVE(3,
(#9843,#9844,#9845,#9846),
.UNSPECIFIED.,.F.,.F.)B_SPLINE_CURVE_WITH_KNOTS((4,4),
(0.,1.),
.UNSPECIFIED.)CURVE()GEOMETRIC_REPRESENTATION_ITEM()RATIONAL_B_SPLINE_CURVE((1.,
0.999999999999751,0.999999999999751,1.))REPRESENTATION_ITEM(''));
#6433=B_SPLINE_CURVE_WITH_KNOTS('',3,
(#9847,#9848,#9849,#9850,#9851,#9852,#9853,#9854,#9855,#9856,#9857,#9858,#9859,#9860,
#9861,#9862,#9863,#9864,#9865,#9866,#9867,#9868,#9869,#9870,#9871,#9872,#9873,#9874,
#9875,#9876,#9877,#9878,#9879,#9880,#9881,#9882,#9883,#9884,#9885,#9886,#9887,#9888,
#9889,#9890,#9891,#9892,#9893,#9894,#9895,#9896,#9897,#9898,#9899,#9900,#9901,#9902,
#9903,#9904,#9905,#9906,#9907,#9908,#9909,#9910,#9911,#9912,#9913,#9914,#9915,#9916,
#9917,#9918,#9919,#9920,#9921,#9922,#9923,#9924,#9925,#9926,#9927,#9928,#9929,#9930,
#9931,#9932,#9933,#9934,#9935,#9936,#9937,#9938,#9939,#9940,#9941,#9942,#9943,#9944,
#9945,#9946,#9947,#9948,#9949,#9950,#9951,#9952,#9953,#9954,#9955,#9956,#9957,#9958,
#9959,#9960,#9961,#9962),
.UNSPECIFIED.,.F.,.F.,
(4,1,1,1,1,1,1,1,1,1,1,1,1,1,1,1,1,1,1,1,1,1,1,1,1,1,1,1,1,1,1,1,1,1,1,1,1,1,1,1,
1,1,1,1,1,1,1,1,1,1,1,1,1,1,1,1,1,1,1,1,1,1,1,1,1,1,1,1,1,1,1,1,1,1,1,1,1,1,1,1,
1,1,1,1,1,1,1,1,1,1,1,1,1,1,1,1,1,1,1,1,1,1,1,1,1,1,1,1,1,1,1,1,1,4),
(0.,0.00723553580881422,0.0129475571269334,0.0179137495472849,0.0224475690097642,
0.0269399884869101,0.0315507305193746,0.0364639160588743,0.0417459195982875,0.0471590610240263,
0.0527836842248118,0.0585612724420532,0.0644859962396966,0.0704184237703782,0.0764626453385502,
0.0825928842261382,0.0888420263256753,0.0951271257231877,0.101545270008379,0.108067867103159,
0.114762318749667,0.121531651503738,0.128489409586955,0.135563035306161,0.142796601165141,
0.150070012535143,0.157438324839932,0.16485765194102,0.17233828319867,0.17982705607448,
0.18809743301018,0.19714154946398,0.210066858109723,0.22283123926484,0.23542756945129,
0.244637262251637,0.253737027970477,0.265974878871984,0.278465702628782,0.291215047510434,
0.304750904492187,0.323768496104732,0.347893945387965,0.36812078022076,0.382742370856161,
0.394534187015942,0.406668713912847,0.419144106792885,0.433106865609761,0.446470524906486,
0.459233242828824,0.467144557237289,0.474362593072235,0.480857343080273,0.487324438841243,
0.493672947910084,0.499722556867548,0.499928034662784,0.506035239123492,0.512092711432505,
0.521716315036731,0.535499075179556,0.550621054141387,0.563484087267257,0.577672389065941,
0.597389381910701,0.622288464661191,0.64281536843672,0.657568954389415,0.668388062481984,
0.680834655823982,0.692646745293706,0.702331392194141,0.709783785782396,0.717268167591709,
0.72559548159827,0.73473208481806,0.747836375112762,0.763939610411658,0.779010512826642,
0.789902104512728,0.799041492079041,0.808134216326188,0.817181106699269,0.823894014076822,
0.830583982935716,0.837215575006835,0.84380997340686,0.850351986347796,0.856880692703161,
0.863368942780973,0.869831915923118,0.87625936187047,0.882674919519587,0.889072129305306,
0.895459581718522,0.901837829342073,0.908217544904069,0.914578598200927,0.920919394850825,
0.927230734770678,0.93353227579936,0.939800661422131,0.946053421193895,0.952288030787725,
0.958515413200167,0.964637997379896,0.970723503144368,0.976507875551205,0.981924008388468,
0.98732209998423,0.993082570220769,0.999454990903942,1.),
.UNSPECIFIED.);
#6434=VERTEX_POINT('',#9963);
#6435=VERTEX_POINT('',#9964);
#6436=B_SPLINE_CURVE_WITH_KNOTS('',3,
(#9965,#9966,#9967,#9968,#9969,#9970,#9971,#9972,#9973,#9974,#9975,#9976,#9977,#9978,
#9979,#9980,#9981,#9982,#9983,#9984,#9985,#9986,#9987,#9988,#9989,#9990,#9991,#9992,
#9993,#9994,#9995,#9996,#9997,#9998,#9999,#10000,#10001,#10002,#10003,#10004,#10005,
#10006,#10007,#10008,#10009,#10010,#10011,#10012,#10013,#10014,#10015,#10016,#10017,
#10018,#10019,#10020,#10021,#10022,#10023,#10024,#10025,#10026,#10027,#10028,#10029,
#10030,#10031,#10032,#10033,#10034,#10035,#10036,#10037,#10038,#10039,#10040,#10041,
#10042,#10043,#10044,#10045,#10046,#10047,#10048,#10049,#10050,#10051,#10052,#10053,
#10054,#10055,#10056,#10057,#10058,#10059,#10060,#10061,#10062,#10063,#10064,#10065,
#10066,#10067,#10068,#10069,#10070,#10071,#10072,#10073,#10074,#10075,#10076,#10077,
#10078,#10079,#10080,#10081,#10082,#10083),
.UNSPECIFIED.,.F.,.F.,
(4,1,1,1,1,1,1,1,1,1,1,1,1,1,1,1,1,1,1,1,1,1,1,1,1,1,1,1,1,1,1,1,1,1,1,1,1,1,1,1,
1,1,1,1,1,1,1,1,1,1,1,1,1,1,1,1,1,1,1,1,1,1,1,1,1,1,1,1,1,1,1,1,1,1,1,1,1,1,1,1,
1,1,1,1,1,1,1,1,1,1,1,1,1,1,1,1,1,1,1,1,1,1,1,1,1,1,1,1,1,1,1,1,1,1,1,1,4),
(0.,0.000550891800463493,0.00726973360388349,0.0129615158536696,0.0178895350257867,
0.0223690242023996,0.0268065931392686,0.0313567455953948,0.0362066798926943,0.0414314881099083,
0.0467960877323628,0.0523747069015157,0.0581107160066412,0.0640011344893562,0.0698987582702035,
0.0759118692249291,0.0820138194176065,0.088240919057698,0.0945067900173057,0.100912643593007,
0.107427904155667,0.114122317157527,0.120894055519762,0.127858774451635,0.134939796162596,
0.142183733943841,0.149470866041494,0.156858101216647,0.1642981172437,0.171800978818737,
0.179311715703864,0.186803460137283,0.194269375800493,0.201674670044796,0.209048302178378,
0.218673041181418,0.22816773719636,0.237529401704924,0.245166908377651,0.253492977012508,
0.265758866055163,0.278271425957065,0.291036196705637,0.304575021032087,0.323591558602853,
0.347712211148561,0.367935388423206,0.382554568955551,0.392975171780525,0.404400910019052,
0.415469539358022,0.425152467784272,0.436352515209985,0.447646294930074,0.459037759522493,
0.466948495310911,0.474166050077663,0.480660433763245,0.487127184115755,0.49347540238728,
0.499730233776566,0.500273132982085,0.505837228964856,0.511894502636241,0.521517869494818,
0.535300390783784,0.550422200374764,0.563285175521867,0.577473670031603,0.597191405858732,
0.622092054420907,0.642620795391643,0.657376177627218,0.668197267075881,0.68064650939052,
0.692461497846354,0.702148693802155,0.709603254449283,0.717089870262108,0.72541990532425,
0.734559636691696,0.747668784266687,0.763778354870391,0.778855485268771,0.789751871808346,
0.798895643657272,0.807992833895954,0.81704426369642,0.823760638911475,0.83045407769378,
0.837089139151978,0.843687011917381,0.850232512075261,0.856764700886962,0.86325647874516,
0.869723016910418,0.876154142249661,0.882573470062361,0.888974669628407,0.895366254372737,
0.901748837070854,0.908132956011731,0.914498725534265,0.920844572018871,0.927161299383658,
0.933468238270782,0.939741808932352,0.945999376160641,0.952238151168805,0.958469385091498,
0.964596630906606,0.970686367542243,0.976480177771297,0.981913567941978,0.987333651017529,
0.993096370522122,1.),
.UNSPECIFIED.);
#6437=VERTEX_POINT('',#10084);
#6438=(BOUNDED_CURVE()B_SPLINE_CURVE(3,
(#10085,#10086,#10087,#10088),
.UNSPECIFIED.,.F.,.F.)B_SPLINE_CURVE_WITH_KNOTS((4,4),
(0.,1.),
.UNSPECIFIED.)CURVE()GEOMETRIC_REPRESENTATION_ITEM()RATIONAL_B_SPLINE_CURVE((1.,
0.999999999999751,0.999999999999751,1.))REPRESENTATION_ITEM(''));
#6439=VERTEX_POINT('',#10089);
#6440=B_SPLINE_CURVE_WITH_KNOTS('',3,
(#10090,#10091,#10092,#10093,#10094,#10095,#10096,#10097,#10098,#10099,#10100,#10101,
#10102,#10103,#10104,#10105,#10106,#10107,#10108,#10109,#10110,#10111,#10112,#10113,
#10114,#10115,#10116,#10117,#10118,#10119,#10120,#10121,#10122,#10123,#10124,#10125,
#10126,#10127,#10128,#10129,#10130,#10131,#10132,#10133,#10134,#10135,#10136,#10137,
#10138,#10139,#10140,#10141,#10142,#10143,#10144,#10145,#10146,#10147,#10148,#10149,
#10150,#10151,#10152,#10153,#10154,#10155,#10156,#10157,#10158,#10159,#10160,#10161,
#10162,#10163,#10164,#10165,#10166,#10167,#10168,#10169,#10170,#10171,#10172,#10173,
#10174,#10175,#10176,#10177,#10178,#10179,#10180,#10181,#10182,#10183,#10184,#10185,
#10186,#10187,#10188,#10189,#10190,#10191,#10192,#10193,#10194,#10195,#10196,#10197,
#10198,#10199,#10200,#10201,#10202,#10203),
.UNSPECIFIED.,.F.,.F.,
(4,1,1,1,1,1,1,1,1,1,1,1,1,1,1,1,1,1,1,1,1,1,1,1,1,1,1,1,1,1,1,1,1,1,1,1,1,1,1,1,
1,1,1,1,1,1,1,1,1,1,1,1,1,1,1,1,1,1,1,1,1,1,1,1,1,1,1,1,1,1,1,1,1,1,1,1,1,1,1,1,
1,1,1,1,1,1,1,1,1,1,1,1,1,1,1,1,1,1,1,1,1,1,1,1,1,1,1,1,1,1,1,4),
(0.,0.00722626092437623,0.012932339017165,0.0178938285419474,0.0224233888614279,
0.0269115646629373,0.031517925757901,0.0364262215375295,0.0417027313875473,0.0471103776650369,
0.0527294452749759,0.0585018413201776,0.0644223183352766,0.070350738667771,0.0763918473422543,
0.0825195339927968,0.0887671771748822,0.0950511851674999,0.101469428586135,0.107993002449673,
0.114689779085889,0.121461891684619,0.128423545724899,0.135501625142156,0.142740396493054,
0.150019135718371,0.157393221517326,0.164818675927939,0.172306012112103,0.179801750207691,
0.188080719683286,0.197134866438259,0.210075426280022,0.222855107324775,0.235466773951596,
0.244687193530887,0.253796927399387,0.266046175913841,0.278547518309522,0.291306508372328,
0.304850432934056,0.323878499265176,0.34801665662235,0.368254182005915,0.382883525865328,
0.394681626830922,0.406822636199658,0.419304707737587,0.433274964458561,0.446645807417433,
0.459415390994133,0.467330969609907,0.474552898577338,0.481051155898999,0.487521745787437,
0.493873689359809,0.499996754172984,0.500132162977349,0.506242678011189,0.512303434838526,
0.521932264233637,0.535722518301986,0.550852728164442,0.563722770792773,0.577918828472054,
0.597646643946188,0.622559452437115,0.643097722556228,0.657859522509227,0.668684716762657,
0.681138347298469,0.692957151952598,0.702647320887847,0.710103982360426,0.717592655230399,
0.725924763357308,0.73506663774785,0.748178518812845,0.76429111661536,0.779370816859918,
0.790268805882795,0.799413614443565,0.808511752540647,0.817564044840372,0.824280971442979,
0.830974942155487,0.837610494057956,0.844208820226955,0.85075471295491,0.857287272388159,
0.863778590534461,0.870243868796456,0.878806891808891,0.887347676808166,0.89586682247943,
0.902239448846515,0.90861292963112,0.914964871036519,0.92129444525499,0.927590627690642,
0.933875120822299,0.940121706906777,0.946349401824923,0.952554486446713,0.958753181439101,
0.964847617631934,0.970905813171848,0.976678602605893,0.982096533163311,0.987479444504733,
0.993190572412473,1.),
.UNSPECIFIED.);
#6441=LINE('',#10204,#10205);
#6442=VERTEX_POINT('',#10207);
#6443=LINE('',#10208,#10209);
#6444=VERTEX_POINT('',#10211);
#6445=CIRCLE('',#10212,8.);
#6446=LINE('',#10216,#10217);
#6447=VERTEX_POINT('',#10219);
#6448=LINE('',#10220,#10221);
#6449=VERTEX_POINT('',#10223);
#6450=CIRCLE('',#10224,8.);
#6451=LINE('',#10228,#10229);
#6452=VERTEX_POINT('',#10231);
#6453=VERTEX_POINT('',#10232);
#6454=B_SPLINE_CURVE_WITH_KNOTS('',3,
(#10233,#10234,#10235,#10236,#10237,#10238,#10239,#10240,#10241,#10242,#10243,#10244,
#10245,#10246,#10247,#10248,#10249,#10250,#10251,#10252,#10253,#10254,#10255,#10256,
#10257,#10258,#10259,#10260,#10261,#10262,#10263,#10264,#10265,#10266,#10267,#10268,
#10269,#10270,#10271,#10272,#10273,#10274,#10275,#10276,#10277,#10278,#10279,#10280,
#10281,#10282,#10283),
.UNSPECIFIED.,.F.,.F.,
(4,1,1,1,1,1,1,1,1,1,1,1,1,1,1,1,1,1,1,1,1,1,1,1,1,1,1,1,1,1,1,1,1,1,1,1,1,1,1,1,
1,1,1,1,1,1,1,1,4),
(0.,3.14836543816554E-6,0.0147798957148403,0.0295849068559544,0.0444078419541687,
0.059240817848975,0.0740689571341505,0.0888949083635846,0.103732901121331,0.118568659913528,
0.133400623209384,0.149873364359577,0.167978207164265,0.197587233740488,0.240556750019734,
0.293809589939221,0.344403904391171,0.38029535672291,0.404564130357879,0.420271276904493,
0.4359603080943,0.451553511069855,0.467065078693134,0.487507433251755,0.507750358988148,
0.527783975827173,0.542503552995497,0.557134912077404,0.571605247126555,0.585994637769037,
0.605040720958553,0.625473135279963,0.647299018188219,0.674491577128608,0.712696860438908,
0.758663046014576,0.800703502245543,0.833724427797673,0.860897128743028,0.881085213917079,
0.897072251914451,0.912771079717609,0.928316539573229,0.943735285704856,0.955123253601517,
0.96646470140794,0.977703235534695,0.988881590039165,1.),
.UNSPECIFIED.);
#6455=VERTEX_POINT('',#10284);
#6456=LINE('',#10285,#10286);
#6457=VERTEX_POINT('',#10288);
#6458=B_SPLINE_CURVE_WITH_KNOTS('',3,
(#10289,#10290,#10291,#10292,#10293,#10294,#10295,#10296,#10297,#10298,#10299,#10300,
#10301,#10302,#10303,#10304,#10305,#10306,#10307,#10308,#10309,#10310,#10311,#10312,
#10313,#10314,#10315,#10316,#10317,#10318,#10319,#10320,#10321,#10322,#10323,#10324,
#10325,#10326,#10327,#10328,#10329,#10330,#10331,#10332,#10333,#10334,#10335,#10336,
#10337,#10338,#10339,#10340,#10341,#10342,#10343,#10344,#10345),
.UNSPECIFIED.,.F.,.F.,
(4,1,1,1,1,1,1,1,1,1,1,1,1,1,1,1,1,1,1,1,1,1,1,1,1,1,1,1,1,1,1,1,1,1,1,1,1,1,1,1,
1,1,1,1,1,1,1,1,1,1,1,1,1,1,4),
(0.,0.00110762059369674,0.0175223494080218,0.0318173811375662,0.0447208612382815,
0.056770265604667,0.0688698726004206,0.0817209969543281,0.0952474208593481,0.10922027899599,
0.123318590814195,0.1377109459086,0.152185465744421,0.166872648548819,0.181646332539453,
0.196681109994418,0.211879936459651,0.22730913469109,0.242814481072705,0.258480047465261,
0.274248256252009,0.290145997986028,0.306082322632064,0.32206640252488,0.338062263011637,
0.359359589078113,0.380545854380012,0.401632889328805,0.417256763913614,0.432807141262473,
0.449853633787041,0.468477256587031,0.495172839943723,0.52162885371648,0.547862469554404,
0.573426275588208,0.604971915466556,0.642425598686894,0.676714911587727,0.707990827677004,
0.733108904297803,0.7550939512637,0.782757890642372,0.821193919894997,0.866609305980417,
0.901788944216147,0.92484106303677,0.938102521684732,0.949908441406277,0.96017374420072,
0.970346451708692,0.980328603480364,0.990212434492895,0.999991808379329,1.),
.UNSPECIFIED.);
#6459=VERTEX_POINT('',#10346);
#6460=B_SPLINE_CURVE_WITH_KNOTS('',3,
(#10347,#10348,#10349,#10350,#10351,#10352,#10353,#10354,#10355,#10356,#10357,#10358,
#10359,#10360,#10361,#10362,#10363,#10364,#10365,#10366,#10367,#10368,#10369,#10370,
#10371,#10372,#10373,#10374,#10375,#10376,#10377,#10378,#10379,#10380,#10381,#10382,
#10383,#10384,#10385,#10386,#10387,#10388,#10389,#10390,#10391,#10392,#10393,#10394,
#10395,#10396),
.UNSPECIFIED.,.F.,.F.,
(4,1,1,1,1,1,1,1,1,1,1,1,1,1,1,1,1,1,1,1,1,1,1,1,1,1,1,1,1,1,1,1,1,1,1,1,1,1,1,1,
1,1,1,1,1,1,1,4),
(0.,0.0147803149947798,0.0295852311954152,0.0444077745665116,0.0592404460113073,
0.0740686875697206,0.0888952689833512,0.103733909751219,0.118570262222007,0.133402720143167,
0.149875842399918,0.167980996214428,0.1975903312921,0.240560259181239,0.293813747647723,
0.344408796071046,0.380300785919214,0.404569909183954,0.420277271481268,0.435966515825993,
0.451559928240393,0.467071703540437,0.487514332956185,0.507757533749252,0.527791425176726,
0.542511205995345,0.55714276800432,0.571613305218952,0.58600289775124,0.605049248919699,
0.625481951911811,0.647308144638622,0.674501098534981,0.712706858363327,0.758673467026081,
0.800714028169173,0.833734657205587,0.860906703908219,0.881094000722142,0.897080254994057,
0.912778116917251,0.928322532424108,0.943740153636022,0.955127190559204,0.966467692282285,
0.977705246843198,0.988882609173575,1.),
.UNSPECIFIED.);
#6461=VERTEX_POINT('',#10397);
#6462=(BOUNDED_CURVE()B_SPLINE_CURVE(3,
(#10398,#10399,#10400,#10401),
.UNSPECIFIED.,.F.,.F.)B_SPLINE_CURVE_WITH_KNOTS((4,4),
(0.,1.),
.UNSPECIFIED.)CURVE()GEOMETRIC_REPRESENTATION_ITEM()RATIONAL_B_SPLINE_CURVE((1.,
0.999999999999886,0.999999999999886,1.))REPRESENTATION_ITEM(''));
#6463=B_SPLINE_CURVE_WITH_KNOTS('',3,
(#10402,#10403,#10404,#10405,#10406,#10407,#10408,#10409,#10410,#10411,#10412,#10413,
#10414,#10415,#10416,#10417,#10418,#10419,#10420,#10421,#10422,#10423,#10424,#10425,
#10426,#10427,#10428,#10429,#10430,#10431,#10432,#10433,#10434,#10435,#10436,#10437,
#10438,#10439,#10440,#10441,#10442,#10443,#10444,#10445,#10446,#10447,#10448,#10449,
#10450,#10451,#10452,#10453,#10454,#10455,#10456,#10457,#10458,#10459,#10460),
.UNSPECIFIED.,.F.,.F.,
(4,1,1,1,1,1,1,1,1,1,1,1,1,1,1,1,1,1,1,1,1,1,1,1,1,1,1,1,1,1,1,1,1,1,1,1,1,1,1,1,
1,1,1,1,1,1,1,1,1,1,1,1,1,1,1,1,4),
(0.,0.0162688445673191,0.0296269309292111,0.0414815880842377,0.0523198647178159,
0.0630638114053148,0.0740819621557727,0.0857143385046594,0.0979032285687451,0.110194218794715,
0.122763544772092,0.135492028936878,0.148330145670915,0.161155849162077,0.174096514918418,
0.187142955530465,0.200340134028257,0.213590428686058,0.227087117066399,0.240787858208068,
0.254836870357399,0.269045230134,0.283676022773464,0.298571603733359,0.313850364967184,
0.329238388897396,0.344959816623801,0.360893630452169,0.377146279171946,0.393508700859614,
0.410066056052487,0.426707733798149,0.443422602302849,0.460138456660324,0.482354246376901,
0.504504588477104,0.526582202735677,0.54487348219139,0.564934076388232,0.593883046742909,
0.629784703493743,0.668795265943976,0.703707043343266,0.73088003743377,0.754166355598428,
0.782594360807275,0.821595196940549,0.867310179110027,0.902478416314933,0.925447938403236,
0.938625226859259,0.950348777821932,0.960531995319652,0.970621173421759,0.980515754937301,
0.990307484168463,1.),
.UNSPECIFIED.);
#6464=VERTEX_POINT('',#10461);
#6465=LINE('',#10462,#10463);
#6466=VERTEX_POINT('',#10465);
#6467=LINE('',#10466,#10467);
#6468=VERTEX_POINT('',#10469);
#6469=CIRCLE('',#10470,8.);
#6470=LINE('',#10474,#10475);
#6471=VERTEX_POINT('',#10477);
#6472=LINE('',#10478,#10479);
#6473=CIRCLE('',#10481,8.);
#6474=VERTEX_POINT('',#10485);
#6475=VERTEX_POINT('',#10486);
#6476=B_SPLINE_CURVE_WITH_KNOTS('',3,
(#10487,#10488,#10489,#10490,#10491,#10492,#10493,#10494,#10495,#10496,#10497,#10498,
#10499,#10500,#10501,#10502,#10503,#10504,#10505,#10506,#10507,#10508,#10509,#10510,
#10511,#10512,#10513,#10514,#10515,#10516,#10517,#10518,#10519,#10520,#10521,#10522,
#10523,#10524,#10525,#10526,#10527,#10528,#10529,#10530,#10531,#10532,#10533,#10534,
#10535,#10536,#10537,#10538,#10539),
.UNSPECIFIED.,.F.,.F.,
(4,1,1,1,1,1,1,1,1,1,1,1,1,1,1,1,1,1,1,1,1,1,1,1,1,1,1,1,1,1,1,1,1,1,1,1,1,1,1,1,
1,1,1,1,1,1,1,1,1,1,4),
(0.,0.0147639723527483,0.0295523584892006,0.0443582355565261,0.0591741637131628,
0.0739856935421584,0.0887956231458607,0.103617609930601,0.118437319695837,0.133253140698797,
0.149707789945264,0.167792642908713,0.197368782768508,0.240290540822079,0.293484335142338,
0.344022671612183,0.379874430455345,0.404116351333754,0.419806109213908,0.435477770524132,
0.451053710148236,0.466548106642906,0.486967839293759,0.507188369022896,0.527199824505619,
0.541903116383337,0.556518284379297,0.570972597155765,0.585346046444669,0.604371005864525,
0.624780749671075,0.646582414760705,0.673744887638899,0.711914848058837,0.750890699017885,
0.781968753347395,0.806842609822983,0.832929182903671,0.856100634313521,0.872375809173528,
0.884453325484778,0.896446610819658,0.912219617471892,0.927845709695764,0.94335168680722,
0.954812338460928,0.966227930399327,0.977543676165074,0.988800562808489,0.998897496208219,
1.),
.UNSPECIFIED.);
#6477=VERTEX_POINT('',#10540);
#6478=LINE('',#10541,#10542);
#6479=VERTEX_POINT('',#10544);
#6480=B_SPLINE_CURVE_WITH_KNOTS('',3,
(#10545,#10546,#10547,#10548,#10549,#10550,#10551,#10552,#10553,#10554,#10555,#10556,
#10557,#10558,#10559,#10560,#10561,#10562,#10563,#10564,#10565,#10566,#10567,#10568,
#10569,#10570,#10571,#10572,#10573,#10574,#10575,#10576,#10577,#10578,#10579,#10580,
#10581,#10582,#10583,#10584,#10585,#10586,#10587,#10588,#10589,#10590,#10591,#10592,
#10593,#10594,#10595,#10596,#10597,#10598,#10599,#10600,#10601,#10602,#10603,#10604),
.UNSPECIFIED.,.F.,.F.,
(4,1,1,1,1,1,1,1,1,1,1,1,1,1,1,1,1,1,1,1,1,1,1,1,1,1,1,1,1,1,1,1,1,1,1,1,1,1,1,1,
1,1,1,1,1,1,1,1,1,1,1,1,1,1,1,1,1,4),
(0.,0.016268437349993,0.0296263028795972,0.0414808459871617,0.0523191088488765,0.0630630391109512,
0.0740811818792271,0.0857135266168499,0.097902349265068,0.110193254979094,0.122762485261211,
0.135490856944488,0.148328848771395,0.161154431324998,0.17409496743128,0.187141269338171,
0.200338292851351,0.213588425305672,0.227084932362916,0.240785477386755,0.25483427172487,
0.269042406384243,0.28367295555514,0.298568283738107,0.313846780171811,0.329234537649671,
0.344955692220652,0.360889227025941,0.377141589611284,0.393503721443622,0.410060778939868,
0.426702154498715,0.443416715986829,0.460132262201876,0.482347643779657,0.504497584226755,
0.526574804578818,0.544865778617183,0.56492605221965,0.593874596189486,0.629775753779486,
0.668785790429991,0.703697090753045,0.730869743672895,0.754155815129141,0.782583818055367,
0.821585177684244,0.867301245442579,0.902470404753149,0.925440387562512,0.938617877335697,
0.950341588574363,0.960524993163337,0.970614338910111,0.980509640447253,0.990303964963295,
0.999993311039518,1.),
.UNSPECIFIED.);
#6481=VERTEX_POINT('',#10605);
#6482=B_SPLINE_CURVE_WITH_KNOTS('',3,
(#10606,#10607,#10608,#10609,#10610,#10611,#10612,#10613,#10614,#10615,#10616,#10617,
#10618,#10619,#10620,#10621,#10622,#10623,#10624,#10625,#10626,#10627,#10628,#10629,
#10630,#10631,#10632,#10633,#10634,#10635,#10636,#10637,#10638,#10639,#10640,#10641,
#10642,#10643,#10644,#10645,#10646,#10647,#10648,#10649,#10650,#10651,#10652,#10653,
#10654,#10655),
.UNSPECIFIED.,.F.,.F.,
(4,1,1,1,1,1,1,1,1,1,1,1,1,1,1,1,1,1,1,1,1,1,1,1,1,1,1,1,1,1,1,1,1,1,1,1,1,1,1,1,
1,1,1,1,1,1,1,4),
(0.,0.0147804692649098,0.0295854007057594,0.0444078579970739,0.0592403862295918,
0.0740685077020104,0.0888950193552694,0.103733600022106,0.118569899876962,0.133402306451918,
0.149875374782677,0.167980470875321,0.197589713806928,0.240559508296454,0.293812831783952,
0.344407723890306,0.380299603131571,0.404568651771793,0.420275965831364,0.435965162012478,
0.451558526599776,0.467070254348902,0.48751282112766,0.507755959860021,0.527789789858335,
0.542509525519869,0.557141042641999,0.571611535362413,0.586001083573898,0.605047375975923,
0.62548001573978,0.647306140719484,0.674499009222606,0.712704667286515,0.75867118725929,
0.800711729435493,0.833732426192608,0.860904617494566,0.88109208693581,0.897078512304208,
0.912776584635574,0.928321227512886,0.943739093544414,0.95512633305781,0.96646704072658,
0.977704808614074,0.98888238710665,1.),
.UNSPECIFIED.);
#6483=VERTEX_POINT('',#10656);
#6484=(BOUNDED_CURVE()B_SPLINE_CURVE(3,
(#10657,#10658,#10659,#10660),
.UNSPECIFIED.,.F.,.F.)B_SPLINE_CURVE_WITH_KNOTS((4,4),
(0.,1.),
.UNSPECIFIED.)CURVE()GEOMETRIC_REPRESENTATION_ITEM()RATIONAL_B_SPLINE_CURVE((1.,
0.999999999999886,0.999999999999886,1.))REPRESENTATION_ITEM(''));
#6485=B_SPLINE_CURVE_WITH_KNOTS('',3,
(#10661,#10662,#10663,#10664,#10665,#10666,#10667,#10668,#10669,#10670,#10671,#10672,
#10673,#10674,#10675,#10676,#10677,#10678,#10679,#10680,#10681,#10682,#10683,#10684,
#10685,#10686,#10687,#10688,#10689,#10690,#10691,#10692,#10693,#10694,#10695,#10696,
#10697,#10698,#10699,#10700,#10701,#10702,#10703,#10704,#10705,#10706,#10707,#10708,
#10709,#10710,#10711,#10712,#10713,#10714,#10715,#10716,#10717,#10718,#10719),
.UNSPECIFIED.,.F.,.F.,
(4,1,1,1,1,1,1,1,1,1,1,1,1,1,1,1,1,1,1,1,1,1,1,1,1,1,1,1,1,1,1,1,1,1,1,1,1,1,1,1,
1,1,1,1,1,1,1,1,1,1,1,1,1,1,1,1,4),
(0.,0.0163054518966926,0.0296891193848167,0.0415650768186476,0.05242229337995,0.0631850172500071,
0.0742224330572848,0.0858760450144838,0.0980876989445394,0.110401475277552,0.122993621728085,
0.135743616776287,0.14860095306671,0.161445234609075,0.174401997415904,0.18746287422298,
0.200671678580253,0.213932560696191,0.227436886282845,0.241143040359855,0.255194150782525,
0.26940354611317,0.284032772549414,0.298925519193178,0.314199872014914,0.32958329057692,
0.34529922349997,0.361226660380377,0.377471833447838,0.393826192115104,0.410373971513035,
0.427005108563157,0.443708250656241,0.460412133394303,0.482611236473222,0.504745014738097,
0.526806298646647,0.54508606933281,0.565135470984045,0.594072417240213,0.629963437638045,
0.668967142803985,0.703876935455979,0.731049719050191,0.754335208798504,0.782759260607727,
0.821749421058952,0.867445225652913,0.902592131501477,0.925542359793811,0.938705135187716,
0.950414627235059,0.960584091824733,0.970659290863918,0.980539952108207,0.990319268068984,
1.),
.UNSPECIFIED.);
#6486=VERTEX_POINT('',#10720);
#6487=VERTEX_POINT('',#10721);
#6488=LINE('',#10722,#10723);
#6489=VERTEX_POINT('',#10725);
#6490=B_SPLINE_CURVE_WITH_KNOTS('',3,
(#10726,#10727,#10728,#10729,#10730,#10731,#10732,#10733,#10734,#10735,#10736,#10737,
#10738,#10739,#10740,#10741,#10742,#10743,#10744,#10745,#10746,#10747,#10748,#10749,
#10750,#10751,#10752,#10753,#10754,#10755,#10756,#10757,#10758,#10759,#10760,#10761,
#10762,#10763,#10764,#10765,#10766,#10767,#10768,#10769,#10770,#10771,#10772,#10773,
#10774,#10775,#10776,#10777,#10778,#10779,#10780,#10781,#10782,#10783,#10784,#10785,
#10786,#10787,#10788,#10789,#10790,#10791,#10792,#10793,#10794,#10795,#10796,#10797,
#10798,#10799,#10800,#10801,#10802,#10803,#10804,#10805,#10806,#10807,#10808,#10809,
#10810,#10811,#10812,#10813,#10814,#10815,#10816,#10817,#10818,#10819,#10820,#10821,
#10822,#10823,#10824,#10825),
.UNSPECIFIED.,.F.,.F.,
(4,1,1,1,1,1,1,1,1,1,1,1,1,1,1,1,1,1,1,1,1,1,1,1,1,1,1,1,1,1,1,1,1,1,1,1,1,1,1,1,
1,1,1,1,1,1,1,1,1,1,1,1,1,1,1,1,1,1,1,1,1,1,1,1,1,1,1,1,1,1,1,1,1,1,1,1,1,1,1,1,
1,1,1,1,1,1,1,1,1,1,1,1,1,1,1,1,1,4),
(0.,0.00390725110606237,0.00771529070171439,0.0115676226742795,0.0155292952398552,
0.0195246193289292,0.0236207471406717,0.0277827474421901,0.0320442677895665,0.0363383299493463,
0.0409990494370308,0.0459935514497035,0.0536941353251567,0.0645037387936316,0.0785552844453115,
0.0937462240412752,0.109478236272008,0.122807698298911,0.133461118829847,0.141140770066743,
0.148653592405511,0.155872015095516,0.162958226448359,0.169948045361153,0.176973175116585,
0.186437034353891,0.19828626341838,0.212404390294949,0.226301715482446,0.237655843876362,
0.246570491730209,0.253090334825252,0.259568542046266,0.26951114527324,0.2813006769581,
0.294939898291001,0.313390624411042,0.339474561302345,0.371128576930666,0.396010214839984,
0.412952596925244,0.422884424755071,0.431684055357971,0.439380117147193,0.447103907135324,
0.454890426141258,0.462714367317238,0.470574760414642,0.478438664066673,0.488882388729312,
0.499271968633206,0.499720799212408,0.509609692307545,0.521506280209494,0.537598715631738,
0.557902045397496,0.574917655176573,0.588629373013061,0.602525220046386,0.619968262895886,
0.636605264905058,0.648929570515127,0.656921378802279,0.664936237826313,0.675744155529996,
0.689365464724991,0.703105930770852,0.714193985088639,0.722618105094698,0.731073081515899,
0.74056063012542,0.751044137021131,0.76639102700236,0.781777250406221,0.797205574244587,
0.807860392008728,0.81756850525529,0.829260669400229,0.841840735372877,0.855308083426884,
0.870330122824785,0.885141079994106,0.899737648223357,0.909420962272912,0.917999965245346,
0.925358412684951,0.932597007816747,0.939528536914423,0.946275887269593,0.954882682634481,
0.963287418005427,0.971487951661051,0.977369667161877,0.983184137994626,0.988861470589369,
0.994458452111199,0.999448408970662,1.),
.UNSPECIFIED.);
#6491=VERTEX_POINT('',#10826);
#6492=(BOUNDED_CURVE()B_SPLINE_CURVE(3,
(#10827,#10828,#10829,#10830),
.UNSPECIFIED.,.F.,.F.)B_SPLINE_CURVE_WITH_KNOTS((4,4),
(0.,1.),
.UNSPECIFIED.)CURVE()GEOMETRIC_REPRESENTATION_ITEM()RATIONAL_B_SPLINE_CURVE((1.,
0.999999999999886,0.999999999999886,1.))REPRESENTATION_ITEM(''));
#6493=B_SPLINE_CURVE_WITH_KNOTS('',3,
(#10831,#10832,#10833,#10834,#10835,#10836,#10837,#10838,#10839,#10840,#10841,#10842,
#10843,#10844,#10845,#10846,#10847,#10848,#10849,#10850,#10851,#10852,#10853,#10854,
#10855,#10856,#10857,#10858,#10859,#10860,#10861,#10862,#10863,#10864,#10865,#10866,
#10867,#10868,#10869,#10870,#10871,#10872,#10873,#10874,#10875,#10876,#10877,#10878,
#10879,#10880,#10881,#10882,#10883,#10884,#10885,#10886,#10887,#10888,#10889,#10890,
#10891,#10892,#10893,#10894,#10895,#10896,#10897,#10898,#10899,#10900,#10901,#10902,
#10903,#10904,#10905,#10906,#10907,#10908,#10909,#10910,#10911,#10912,#10913,#10914,
#10915,#10916,#10917,#10918,#10919,#10920,#10921,#10922,#10923,#10924,#10925),
.UNSPECIFIED.,.F.,.F.,
(4,1,1,1,1,1,1,1,1,1,1,1,1,1,1,1,1,1,1,1,1,1,1,1,1,1,1,1,1,1,1,1,1,1,1,1,1,1,1,1,
1,1,1,1,1,1,1,1,1,1,1,1,1,1,1,1,1,1,1,1,1,1,1,1,1,1,1,1,1,1,1,1,1,1,1,1,1,1,1,1,
1,1,1,1,1,1,1,1,1,1,1,1,4),
(0.,0.0039010596207463,0.00770347234634936,0.0115500896993315,0.0155057431620806,
0.0194949863924861,0.0235848795453669,0.0277405499821008,0.0319955954928528,0.0362831375328294,
0.0409366815226315,0.0459234000750676,0.0536116838254654,0.0644048610002133,0.078436860147745,
0.0936109513475337,0.109329923074987,0.122652336688537,0.133302809099451,0.140983915429651,
0.148499315919871,0.155722851124284,0.162815592509471,0.169813395862773,0.176846723352418,
0.186322899440106,0.198189344726651,0.212330694187002,0.226253728354976,0.237630574291997,
0.246563742122747,0.253097158529476,0.259588639333349,0.269548816430897,0.281355737404575,
0.295012157106171,0.313479551721287,0.339584293346637,0.372949727652605,0.404975323651466,
0.428798730798403,0.444790389548452,0.456899874599257,0.468207968231608,0.478707369162955,
0.486562835955114,0.494385864348693,0.500016969315354,0.502155977142029,0.509910245029933,
0.517600749473247,0.525254059017968,0.53285775784441,0.540451247172913,0.552289298238457,
0.570207411964673,0.594281128392534,0.618580488885485,0.636929678677392,0.649252226511518,
0.657242737603853,0.665256400665977,0.676063776817845,0.689685722847768,0.703428272284958,
0.714519294004525,0.722946936520208,0.731405774153532,0.740898460978615,0.751388062035615,
0.766744433275875,0.78214018531102,0.797578013639035,0.808239248585011,0.817953074974899,
0.826724499968603,0.835502324318063,0.845164238077093,0.855709160732818,0.870731768331309,
0.8855415996041,0.900135721379726,0.910561546195276,0.92063023813135,0.933203436255787,
0.948246511870381,0.962012532108389,0.971661507349095,0.977518614487781,0.983308947659736,
0.988950318708271,0.994512178473296,1.),
.UNSPECIFIED.);
#6494=VERTEX_POINT('',#10926);
#6495=VERTEX_POINT('',#10927);
#6496=B_SPLINE_CURVE_WITH_KNOTS('',3,
(#10928,#10929,#10930,#10931,#10932,#10933,#10934,#10935,#10936,#10937,#10938,#10939,
#10940,#10941,#10942,#10943,#10944,#10945,#10946,#10947,#10948,#10949,#10950,#10951,
#10952,#10953,#10954,#10955,#10956,#10957,#10958,#10959,#10960,#10961,#10962,#10963,
#10964,#10965,#10966,#10967,#10968,#10969,#10970,#10971,#10972,#10973,#10974,#10975,
#10976,#10977,#10978,#10979,#10980,#10981,#10982,#10983,#10984,#10985,#10986,#10987,
#10988,#10989,#10990,#10991,#10992,#10993,#10994,#10995,#10996,#10997,#10998,#10999,
#11000,#11001,#11002,#11003,#11004,#11005,#11006,#11007,#11008,#11009,#11010,#11011,
#11012,#11013,#11014,#11015,#11016,#11017,#11018,#11019,#11020,#11021,#11022,#11023,
#11024,#11025,#11026,#11027,#11028,#11029,#11030,#11031,#11032,#11033,#11034,#11035,
#11036,#11037,#11038,#11039,#11040,#11041,#11042,#11043,#11044,#11045),
.UNSPECIFIED.,.F.,.F.,
(4,1,1,1,1,1,1,1,1,1,1,1,1,1,1,1,1,1,1,1,1,1,1,1,1,1,1,1,1,1,1,1,1,1,1,1,1,1,1,1,
1,1,1,1,1,1,1,1,1,1,1,1,1,1,1,1,1,1,1,1,1,1,1,1,1,1,1,1,1,1,1,1,1,1,1,1,1,1,1,1,
1,1,1,1,1,1,1,1,1,1,1,1,1,1,1,1,1,1,1,1,1,1,1,1,1,1,1,1,1,1,1,1,1,1,1,4),
(0.,0.000541987976677503,0.000778201924190517,0.00156525234333916,0.00236217169150814,
0.00317869912952032,0.00400315191663175,0.00485538785265701,0.00572191614982551,
0.006618613621084,0.00752857842344723,0.00851574238018073,0.00957178321275361,0.0107393172449601,
0.011957167036301,0.0132922893123197,0.0146968034830993,0.0161895407079548,0.0176982741179921,
0.0193222869842342,0.0210422386995292,0.0229329925419553,0.024896407450945,0.0270595796394366,
0.0293492530069666,0.031819178039611,0.0343438294158767,0.0371029338596811,0.0400446559796132,
0.0432968678096952,0.0466786826742794,0.0503919593122344,0.0543072076635779,0.0585004883614109,
0.0627684524911175,0.0673233199873282,0.0720887843669453,0.0772057455483959,0.0824617458848395,
0.0900567295655008,0.0979187048604702,0.106048275148792,0.116305950235307,0.130954023277519,
0.150316440236545,0.167051473637736,0.180835006333741,0.196450609064694,0.21696209110669,
0.237185104587638,0.252015723752392,0.260725327042681,0.268512399409928,0.275351820054476,
0.282168627102422,0.290103577256379,0.299177342552316,0.315242430096325,0.339725827722137,
0.372193459412827,0.404610147069992,0.428653264310483,0.444750648059816,0.456914167358046,
0.468271864542344,0.478816712412203,0.486701504705884,0.494550268356812,0.500285270151823,
0.502341832337826,0.51011658309877,0.51782070917513,0.525482660426987,0.533087274585218,
0.54067920962222,0.552498975234343,0.570370811701351,0.594362762753012,0.618557580562782,
0.636817033958129,0.649072194822428,0.657019647822669,0.664991248160397,0.675749660292961,
0.68931861809606,0.703016858003709,0.71408011892695,0.722494634267894,0.730942256502645,
0.740427191503287,0.750910582352131,0.766260793641429,0.781650457619607,0.79708232810393,
0.807739745527658,0.817450311345995,0.829145606235036,0.84172932287186,0.855200833506351,
0.870228352248216,0.885045118500263,0.899647815446937,0.909335866801456,0.917919516197481,
0.925282699030187,0.93252619329692,0.939463045668022,0.946215954597357,0.954830728030765,
0.963243770693749,0.971452901988934,0.977341516997693,0.983163019743347,0.988847890270646,
0.994449776418516,1.),
.UNSPECIFIED.);
#6497=VERTEX_POINT('',#11046);
#6498=LINE('',#11047,#11048);
#6499=VERTEX_POINT('',#11050);
#6500=B_SPLINE_CURVE_WITH_KNOTS('',3,
(#11051,#11052,#11053,#11054,#11055,#11056,#11057,#11058,#11059,#11060,#11061,#11062,
#11063,#11064,#11065,#11066,#11067,#11068,#11069,#11070,#11071,#11072,#11073,#11074,
#11075,#11076,#11077,#11078,#11079,#11080,#11081,#11082,#11083,#11084,#11085,#11086,
#11087,#11088,#11089,#11090,#11091,#11092,#11093,#11094,#11095,#11096,#11097,#11098,
#11099,#11100,#11101,#11102,#11103,#11104,#11105,#11106,#11107,#11108,#11109,#11110,
#11111,#11112,#11113,#11114,#11115,#11116,#11117,#11118,#11119,#11120,#11121,#11122,
#11123,#11124,#11125,#11126,#11127,#11128,#11129,#11130,#11131,#11132,#11133,#11134,
#11135,#11136,#11137,#11138,#11139,#11140,#11141,#11142,#11143,#11144,#11145,#11146),
.UNSPECIFIED.,.F.,.F.,
(4,1,1,1,1,1,1,1,1,1,1,1,1,1,1,1,1,1,1,1,1,1,1,1,1,1,1,1,1,1,1,1,1,1,1,1,1,1,1,1,
1,1,1,1,1,1,1,1,1,1,1,1,1,1,1,1,1,1,1,1,1,1,1,1,1,1,1,1,1,1,1,1,1,1,1,1,1,1,1,1,
1,1,1,1,1,1,1,1,1,1,1,1,1,4),
(0.,0.00390107530894566,0.00770353129147621,0.0115501911184833,0.0155058790104641,
0.0194951563514874,0.0235850847069779,0.0277407912116185,0.0319958740774329,0.0362834538592325,
0.0409370398805654,0.0459238042581012,0.0536121610081677,0.0644054394009942,0.0784375652844173,
0.0936117806294502,0.109330867006759,0.122653364935771,0.133303896040415,0.140985033004583,
0.148500459665933,0.155724011501228,0.162816764400536,0.169814574390199,0.176847908295115,
0.186324088409068,0.19819053106218,0.212331863591352,0.226254863945608,0.237631670769205,
0.246564803307337,0.253098194149609,0.259589651715659,0.269549814807415,0.28135673745789,
0.29501317642784,0.3134805027293,0.339585014541039,0.371263460581701,0.399856456338523,
0.419373688833553,0.431874700622527,0.439580633660529,0.4473145079304,0.45511134630921,
0.462945640844473,0.470816198070102,0.478690156780378,0.486544923525159,0.494370891680229,
0.500007819498664,0.502145878080847,0.509894750196721,0.518421817776159,0.527754988312255,
0.542995017330557,0.565144172899473,0.592598730855944,0.618577832893533,0.636927048382841,
0.649249949000969,0.657240915023125,0.665255076378452,0.676063117328031,0.68968578318609,
0.703428887979539,0.714520194660068,0.722947922286607,0.731406810620904,0.740899488491881,
0.751389052778963,0.766745356634683,0.782141063865558,0.797578863406435,0.808240083966564,
0.817953896662865,0.826725306518578,0.835503113230985,0.845165001524288,0.85570989228982,
0.870732446794007,0.885542222760212,0.900136287506209,0.910562067521262,0.920630713937933,
0.933203849234477,0.948246844264261,0.962012786856888,0.971661703259195,0.97751877140864,
0.983309065674882,0.988950397739976,0.9945122181272,1.),
.UNSPECIFIED.);
#6501=(BOUNDED_CURVE()B_SPLINE_CURVE(3,
(#11147,#11148,#11149,#11150),
.UNSPECIFIED.,.F.,.F.)B_SPLINE_CURVE_WITH_KNOTS((4,4),
(0.,1.),
.UNSPECIFIED.)CURVE()GEOMETRIC_REPRESENTATION_ITEM()RATIONAL_B_SPLINE_CURVE((1.,
0.999999999999886,0.999999999999886,1.))REPRESENTATION_ITEM(''));
#6502=LINE('',#11151,#11152);
#6503=LINE('',#11154,#11155);
#6504=LINE('',#11157,#11158);
#6505=LINE('',#11160,#11161);
#6506=LINE('',#11163,#11164);
#6507=LINE('',#11166,#11167);
#6508=LINE('',#11169,#11170);
#6509=LINE('',#11172,#11173);
#6510=LINE('',#11175,#11176);
#6511=LINE('',#11178,#11179);
#6512=LINE('',#11181,#11182);
#6513=LINE('',#11184,#11185);
#6514=LINE('',#11187,#11188);
#6515=LINE('',#11190,#11191);
#6516=LINE('',#11193,#11194);
#6517=LINE('',#11196,#11197);
#6518=LINE('',#11199,#11200);
#6519=LINE('',#11202,#11203);
#6520=LINE('',#11205,#11206);
#6521=LINE('',#11208,#11209);
#6522=LINE('',#11211,#11212);
#6523=LINE('',#11214,#11215);
#6524=LINE('',#11217,#11218);
#6525=LINE('',#11220,#11221);
#6526=VERTEX_POINT('',#11223);
#6527=VERTEX_POINT('',#11224);
#6528=CIRCLE('',#11225,8.);
#6529=VERTEX_POINT('',#11229);
#6530=CIRCLE('',#11230,8.);
#6531=CIRCLE('',#11234,8.);
#6532=VERTEX_POINT('',#11238);
#6533=VERTEX_POINT('',#11239);
#6534=CIRCLE('',#11240,8.);
#6535=VERTEX_POINT('',#11244);
#6536=CIRCLE('',#11245,8.);
#6537=VERTEX_POINT('',#11249);
#6538=LINE('',#11250,#11251);
#6539=VERTEX_POINT('',#11253);
#6540=CIRCLE('',#11254,8.);
#6541=VERTEX_POINT('',#11258);
#6542=CIRCLE('',#11259,8.);
#6543=LINE('',#11263,#11264);
#6544=VERTEX_POINT('',#11266);
#6545=CIRCLE('',#11267,8.);
#6546=VERTEX_POINT('',#11271);
#6547=VERTEX_POINT('',#11272);
#6548=CIRCLE('',#11273,8.);
#6549=VERTEX_POINT('',#11277);
#6550=LINE('',#11278,#11279);
#6551=VERTEX_POINT('',#11281);
#6552=CIRCLE('',#11282,8.);
#6553=VERTEX_POINT('',#11286);
#6554=CIRCLE('',#11287,8.);
#6555=VERTEX_POINT('',#11291);
#6556=LINE('',#11292,#11293);
#6557=CIRCLE('',#11295,8.);
#6558=VERTEX_POINT('',#11299);
#6559=VERTEX_POINT('',#11300);
#6560=CIRCLE('',#11301,8.);
#6561=VERTEX_POINT('',#11305);
#6562=LINE('',#11306,#11307);
#6563=VERTEX_POINT('',#11309);
#6564=CIRCLE('',#11310,8.);
#6565=LINE('',#11314,#11315);
#6566=VERTEX_POINT('',#11317);
#6567=VERTEX_POINT('',#11318);
#6568=LINE('',#11319,#11320);
#6569=VERTEX_POINT('',#11322);
#6570=CIRCLE('',#11323,8.);
#6571=VERTEX_POINT('',#11327);
#6572=LINE('',#11328,#11329);
#6573=CIRCLE('',#11331,8.);
#6574=VERTEX_POINT('',#11335);
#6575=VERTEX_POINT('',#11336);
#6576=CIRCLE('',#11337,10.);
#6577=VERTEX_POINT('',#11341);
#6578=CIRCLE('',#11342,10.);
#6579=CIRCLE('',#11346,10.);
#6580=VERTEX_POINT('',#11350);
#6581=VERTEX_POINT('',#11351);
#6582=LINE('',#11352,#11353);
#6583=VERTEX_POINT('',#11355);
#6584=(BOUNDED_CURVE()B_SPLINE_CURVE(3,
(#11356,#11357,#11358,#11359),
.UNSPECIFIED.,.F.,.F.)B_SPLINE_CURVE_WITH_KNOTS((4,4),
(0.,1.),
.UNSPECIFIED.)CURVE()GEOMETRIC_REPRESENTATION_ITEM()RATIONAL_B_SPLINE_CURVE((1.,
0.999672796242718,0.999672796242718,1.))REPRESENTATION_ITEM(''));
#6585=VERTEX_POINT('',#11360);
#6586=(BOUNDED_CURVE()B_SPLINE_CURVE(3,
(#11361,#11362,#11363,#11364),
.UNSPECIFIED.,.F.,.F.)B_SPLINE_CURVE_WITH_KNOTS((4,4),
(0.,1.),
.UNSPECIFIED.)CURVE()GEOMETRIC_REPRESENTATION_ITEM()RATIONAL_B_SPLINE_CURVE((1.,
0.997057092990561,0.997057092990561,1.))REPRESENTATION_ITEM(''));
#6587=VERTEX_POINT('',#11365);
#6588=LINE('',#11366,#11367);
#6589=VERTEX_POINT('',#11369);
#6590=(BOUNDED_CURVE()B_SPLINE_CURVE(3,
(#11370,#11371,#11372,#11373),
.UNSPECIFIED.,.F.,.F.)B_SPLINE_CURVE_WITH_KNOTS((4,4),
(0.,1.),
.UNSPECIFIED.)CURVE()GEOMETRIC_REPRESENTATION_ITEM()RATIONAL_B_SPLINE_CURVE((1.,
0.997057092990562,0.997057092990562,1.))REPRESENTATION_ITEM(''));
#6591=(BOUNDED_CURVE()B_SPLINE_CURVE(3,
(#11374,#11375,#11376,#11377),
.UNSPECIFIED.,.F.,.F.)B_SPLINE_CURVE_WITH_KNOTS((4,4),
(0.,1.),
.UNSPECIFIED.)CURVE()GEOMETRIC_REPRESENTATION_ITEM()RATIONAL_B_SPLINE_CURVE((1.,
0.999672796242718,0.999672796242718,1.))REPRESENTATION_ITEM(''));
#6592=VERTEX_POINT('',#11378);
#6593=CIRCLE('',#11379,10.);
#6594=VERTEX_POINT('',#11383);
#6595=VERTEX_POINT('',#11384);
#6596=CIRCLE('',#11385,10.);
#6597=VERTEX_POINT('',#11389);
#6598=LINE('',#11390,#11391);
#6599=VERTEX_POINT('',#11393);
#6600=CIRCLE('',#11394,10.);
#6601=VERTEX_POINT('',#11398);
#6602=CIRCLE('',#11399,10.);
#6603=VERTEX_POINT('',#11403);
#6604=LINE('',#11404,#11405);
#6605=CIRCLE('',#11407,10.);
#6606=VERTEX_POINT('',#11411);
#6607=VERTEX_POINT('',#11412);
#6608=LINE('',#11413,#11414);
#6609=VERTEX_POINT('',#11416);
#6610=CIRCLE('',#11417,10.);
#6611=VERTEX_POINT('',#11421);
#6612=LINE('',#11422,#11423);
#6613=CIRCLE('',#11425,10.);
#6614=VERTEX_POINT('',#11429);
#6615=VERTEX_POINT('',#11430);
#6616=LINE('',#11431,#11432);
#6617=VERTEX_POINT('',#11434);
#6618=(BOUNDED_CURVE()B_SPLINE_CURVE(3,
(#11435,#11436,#11437,#11438),
.UNSPECIFIED.,.F.,.F.)B_SPLINE_CURVE_WITH_KNOTS((4,4),
(0.,1.),
.UNSPECIFIED.)CURVE()GEOMETRIC_REPRESENTATION_ITEM()RATIONAL_B_SPLINE_CURVE((1.,
0.99477116109949,0.99477116109949,1.))REPRESENTATION_ITEM(''));
#6619=VERTEX_POINT('',#11439);
#6620=LINE('',#11440,#11441);
#6621=(BOUNDED_CURVE()B_SPLINE_CURVE(3,
(#11443,#11444,#11445,#11446),
.UNSPECIFIED.,.F.,.F.)B_SPLINE_CURVE_WITH_KNOTS((4,4),
(0.,1.),
.UNSPECIFIED.)CURVE()GEOMETRIC_REPRESENTATION_ITEM()RATIONAL_B_SPLINE_CURVE((1.,
0.994771161099493,0.994771161099493,1.))REPRESENTATION_ITEM(''));
#6622=VERTEX_POINT('',#11447);
#6623=LINE('',#11448,#11449);
#6624=VERTEX_POINT('',#11451);
#6625=LINE('',#11452,#11453);
#6626=LINE('',#11455,#11456);
#6627=VERTEX_POINT('',#11458);
#6628=LINE('',#11459,#11460);
#6629=VERTEX_POINT('',#11462);
#6630=LINE('',#11463,#11464);
#6631=LINE('',#11466,#11467);
#6632=VERTEX_POINT('',#11469);
#6633=LINE('',#11470,#11471);
#6634=VERTEX_POINT('',#11473);
#6635=LINE('',#11474,#11475);
#6636=LINE('',#11477,#11478);
#6637=VERTEX_POINT('',#11480);
#6638=LINE('',#11481,#11482);
#6639=VERTEX_POINT('',#11484);
#6640=LINE('',#11485,#11486);
#6641=LINE('',#11488,#11489);
#6642=LINE('',#11491,#11492);
#6643=VERTEX_POINT('',#11494);
#6644=VERTEX_POINT('',#11495);
#6645=CIRCLE('',#11496,3.50000000000001);
#6646=VERTEX_POINT('',#11500);
#6647=LINE('',#11501,#11502);
#6648=VERTEX_POINT('',#11504);
#6649=CIRCLE('',#11505,3.50000000000001);
#6650=LINE('',#11509,#11510);
#6651=LINE('',#11512,#11513);
#6652=LINE('',#11515,#11516);
#6653=VERTEX_POINT('',#11518);
#6654=VERTEX_POINT('',#11519);
#6655=CIRCLE('',#11520,3.50000000000001);
#6656=VERTEX_POINT('',#11524);
#6657=LINE('',#11525,#11526);
#6658=VERTEX_POINT('',#11528);
#6659=CIRCLE('',#11529,3.50000000000001);
#6660=LINE('',#11533,#11534);
#6661=LINE('',#11536,#11537);
#6662=VERTEX_POINT('',#11539);
#6663=VERTEX_POINT('',#11540);
#6664=CIRCLE('',#11541,8.);
#6665=CIRCLE('',#11545,8.);
#6666=VERTEX_POINT('',#11549);
#6667=VERTEX_POINT('',#11550);
#6668=CIRCLE('',#11551,20.);
#6669=VERTEX_POINT('',#11555);
#6670=LINE('',#11556,#11557);
#6671=VERTEX_POINT('',#11559);
#6672=CIRCLE('',#11560,8.00000000000002);
#6673=VERTEX_POINT('',#11564);
#6674=CIRCLE('',#11565,8.00000000000002);
#6675=VERTEX_POINT('',#11569);
#6676=LINE('',#11570,#11571);
#6677=VERTEX_POINT('',#11573);
#6678=CIRCLE('',#11574,20.);
#6679=VERTEX_POINT('',#11578);
#6680=LINE('',#11579,#11580);
#6681=VERTEX_POINT('',#11582);
#6682=CIRCLE('',#11583,8.00000000000002);
#6683=VERTEX_POINT('',#11587);
#6684=CIRCLE('',#11588,8.00000000000002);
#6685=LINE('',#11592,#11593);
#6686=VERTEX_POINT('',#11595);
#6687=VERTEX_POINT('',#11596);
#6688=CIRCLE('',#11597,3.25);
#6689=CIRCLE('',#11601,3.25);
#6690=VERTEX_POINT('',#11605);
#6691=VERTEX_POINT('',#11606);
#6692=CIRCLE('',#11607,3.25);
#6693=CIRCLE('',#11611,3.25);
#6694=LINE('',#11615,#11616);
#6695=LINE('',#11618,#11619);
#6696=LINE('',#11621,#11622);
#6697=LINE('',#11624,#11625);
#6698=LINE('',#11627,#11628);
#6699=LINE('',#11630,#11631);
#6700=LINE('',#11633,#11634);
#6701=LINE('',#11636,#11637);
#6702=VERTEX_POINT('',#11639);
#6703=LINE('',#11640,#11641);
#6704=VERTEX_POINT('',#11643);
#6705=LINE('',#11644,#11645);
#6706=LINE('',#11647,#11648);
#6707=VERTEX_POINT('',#11650);
#6708=LINE('',#11651,#11652);
#6709=LINE('',#11654,#11655);
#6710=VERTEX_POINT('',#11657);
#6711=LINE('',#11658,#11659);
#6712=LINE('',#11661,#11662);
#6713=LINE('',#11664,#11665);
#6714=VERTEX_POINT('',#11667);
#6715=CIRCLE('',#11668,12.);
#6716=VERTEX_POINT('',#11672);
#6717=VERTEX_POINT('',#11673);
#6718=CIRCLE('',#11674,10.);
#6719=CIRCLE('',#11678,10.);
#6720=VERTEX_POINT('',#11682);
#6721=LINE('',#11683,#11684);
#6722=VERTEX_POINT('',#11686);
#6723=LINE('',#11687,#11688);
#6724=LINE('',#11690,#11691);
#6725=VERTEX_POINT('',#11693);
#6726=VERTEX_POINT('',#11694);
#6727=LINE('',#11695,#11696);
#6728=VERTEX_POINT('',#11698);
#6729=CIRCLE('',#11699,3.50000000000001);
#6730=VERTEX_POINT('',#11703);
#6731=LINE('',#11704,#11705);
#6732=CIRCLE('',#11707,3.50000000000001);
#6733=VERTEX_POINT('',#11711);
#6734=LINE('',#11712,#11713);
#6735=LINE('',#11715,#11716);
#6736=VERTEX_POINT('',#11718);
#6737=LINE('',#11719,#11720);
#6738=LINE('',#11722,#11723);
#6739=VERTEX_POINT('',#11725);
#6740=VERTEX_POINT('',#11726);
#6741=LINE('',#11727,#11728);
#6742=VERTEX_POINT('',#11730);
#6743=CIRCLE('',#11731,3.50000000000001);
#6744=VERTEX_POINT('',#11735);
#6745=LINE('',#11736,#11737);
#6746=CIRCLE('',#11739,3.50000000000001);
#6747=LINE('',#11743,#11744);
#6748=LINE('',#11746,#11747);
#6749=LINE('',#11749,#11750);
#6750=LINE('',#11752,#11753);
#6751=LINE('',#11755,#11756);
#6752=VERTEX_POINT('',#11758);
#6753=CIRCLE('',#11759,8.);
#6754=VERTEX_POINT('',#11763);
#6755=VERTEX_POINT('',#11764);
#6756=CIRCLE('',#11765,20.);
#6757=LINE('',#11769,#11770);
#6758=LINE('',#11772,#11773);
#6759=VERTEX_POINT('',#11775);
#6760=LINE('',#11776,#11777);
#6761=LINE('',#11779,#11780);
#6762=VERTEX_POINT('',#11782);
#6763=CIRCLE('',#11783,8.00000000000002);
#6764=LINE('',#11787,#11788);
#6765=VERTEX_POINT('',#11790);
#6766=CIRCLE('',#11791,8.00000000000002);
#6767=LINE('',#11795,#11796);
#6768=VERTEX_POINT('',#11798);
#6769=LINE('',#11799,#11800);
#6770=LINE('',#11802,#11803);
#6771=VERTEX_POINT('',#11805);
#6772=CIRCLE('',#11806,20.);
#6773=LINE('',#11810,#11811);
#6774=VERTEX_POINT('',#11813);
#6775=LINE('',#11814,#11815);
#6776=LINE('',#11817,#11818);
#6777=VERTEX_POINT('',#11820);
#6778=CIRCLE('',#11821,8.00000000000002);
#6779=LINE('',#11825,#11826);
#6780=VERTEX_POINT('',#11828);
#6781=CIRCLE('',#11829,8.00000000000002);
#6782=LINE('',#11833,#11834);
#6783=LINE('',#11836,#11837);
#6784=VERTEX_POINT('',#11839);
#6785=LINE('',#11840,#11841);
#6786=VERTEX_POINT('',#11843);
#6787=CIRCLE('',#11844,3.25);
#6788=LINE('',#11848,#11849);
#6789=CIRCLE('',#11851,3.25);
#6790=VERTEX_POINT('',#11855);
#6791=LINE('',#11856,#11857);
#6792=VERTEX_POINT('',#11859);
#6793=CIRCLE('',#11860,3.25);
#6794=LINE('',#11864,#11865);
#6795=CIRCLE('',#11867,3.25);
#6796=VERTEX_POINT('',#11871);
#6797=CIRCLE('',#11872,13.);
#6798=VERTEX_POINT('',#11876);
#6799=CIRCLE('',#11877,10.);
#6800=LINE('',#11881,#11882);
#6801=LINE('',#11884,#11885);
#6802=LINE('',#11887,#11888);
#6803=LINE('',#11890,#11891);
#6804=VERTEX_POINT('',#11893);
#6805=LINE('',#11894,#11895);
#6806=VERTEX_POINT('',#11897);
#6807=CIRCLE('',#11898,19.);
#6808=LINE('',#11902,#11903);
#6809=VERTEX_POINT('',#11905);
#6810=LINE('',#11906,#11907);
#6811=LINE('',#11909,#11910);
#6812=VERTEX_POINT('',#11912);
#6813=CIRCLE('',#11913,7.00000000000001);
#6814=B_SPLINE_CURVE_WITH_KNOTS('',3,
(#11917,#11918,#11919,#11920,#11921,#11922,#11923,#11924),
.UNSPECIFIED.,.F.,.F.,
(4,1,1,1,1,4),
(0.,0.249981116206282,0.499996515642212,0.749943348618845,0.999962232412564,1.),
.UNSPECIFIED.);
#6815=VERTEX_POINT('',#11925);
#6816=CIRCLE('',#11926,7.);
#6817=LINE('',#11930,#11931);
#6818=VERTEX_POINT('',#11933);
#6819=LINE('',#11934,#11935);
#6820=LINE('',#11937,#11938);
#6821=VERTEX_POINT('',#11940);
#6822=CIRCLE('',#11941,19.);
#6823=LINE('',#11945,#11946);
#6824=VERTEX_POINT('',#11948);
#6825=LINE('',#11949,#11950);
#6826=LINE('',#11952,#11953);
#6827=VERTEX_POINT('',#11955);
#6828=CIRCLE('',#11956,7.00000000000001);
#6829=B_SPLINE_CURVE_WITH_KNOTS('',3,
(#11960,#11961,#11962,#11963,#11964,#11965,#11966),
.UNSPECIFIED.,.F.,.F.,
(4,1,1,1,4),
(0.,0.249981116206281,0.749943348618844,0.999962232412562,1.),
.UNSPECIFIED.);
#6830=VERTEX_POINT('',#11967);
#6831=CIRCLE('',#11968,6.99999999999999);
#6832=LINE('',#11972,#11973);
#6833=LINE('',#11975,#11976);
#6834=VERTEX_POINT('',#11978);
#6835=CIRCLE('',#11979,13.);
#6836=VERTEX_POINT('',#11983);
#6837=VERTEX_POINT('',#11984);
#6838=LINE('',#11985,#11986);
#6839=VERTEX_POINT('',#11988);
#6840=CIRCLE('',#11989,8.);
#6841=VERTEX_POINT('',#11993);
#6842=CIRCLE('',#11994,8.);
#6843=VERTEX_POINT('',#11998);
#6844=LINE('',#11999,#12000);
#6845=VERTEX_POINT('',#12002);
#6846=CIRCLE('',#12003,6.);
#6847=CIRCLE('',#12007,6.);
#6848=VERTEX_POINT('',#12011);
#6849=VERTEX_POINT('',#12012);
#6850=LINE('',#12013,#12014);
#6851=VERTEX_POINT('',#12016);
#6852=CIRCLE('',#12017,8.);
#6853=VERTEX_POINT('',#12021);
#6854=LINE('',#12022,#12023);
#6855=CIRCLE('',#12025,6.);
#6856=VERTEX_POINT('',#12029);
#6857=VERTEX_POINT('',#12030);
#6858=LINE('',#12031,#12032);
#6859=VERTEX_POINT('',#12034);
#6860=CIRCLE('',#12035,6.);
#6861=VERTEX_POINT('',#12039);
#6862=LINE('',#12040,#12041);
#6863=CIRCLE('',#12043,8.);
#6864=VERTEX_POINT('',#12047);
#6865=VERTEX_POINT('',#12048);
#6866=LINE('',#12049,#12050);
#6867=VERTEX_POINT('',#12052);
#6868=CIRCLE('',#12053,6.);
#6869=VERTEX_POINT('',#12057);
#6870=CIRCLE('',#12058,6.);
#6871=VERTEX_POINT('',#12062);
#6872=LINE('',#12063,#12064);
#6873=VERTEX_POINT('',#12066);
#6874=CIRCLE('',#12067,8.);
#6875=CIRCLE('',#12071,8.);
#6876=VERTEX_POINT('',#12075);
#6877=LINE('',#12076,#12077);
#6878=VERTEX_POINT('',#12079);
#6879=CIRCLE('',#12080,6.);
#6880=LINE('',#12084,#12085);
#6881=VERTEX_POINT('',#12087);
#6882=LINE('',#12088,#12089);
#6883=VERTEX_POINT('',#12091);
#6884=CIRCLE('',#12092,6.);
#6885=LINE('',#12096,#12097);
#6886=VERTEX_POINT('',#12099);
#6887=VERTEX_POINT('',#12100);
#6888=B_SPLINE_CURVE_WITH_KNOTS('',3,
(#12101,#12102,#12103,#12104,#12105,#12106,#12107,#12108,#12109,#12110,#12111,#12112,
#12113,#12114,#12115,#12116,#12117,#12118,#12119,#12120,#12121,#12122,#12123,#12124,
#12125,#12126,#12127,#12128,#12129,#12130,#12131,#12132,#12133,#12134,#12135,#12136,
#12137,#12138,#12139,#12140,#12141,#12142,#12143,#12144,#12145,#12146,#12147,#12148,
#12149,#12150,#12151,#12152,#12153,#12154,#12155,#12156,#12157,#12158,#12159,#12160,
#12161,#12162,#12163,#12164,#12165,#12166),
.UNSPECIFIED.,.F.,.F.,
(4,1,1,1,1,1,1,1,1,1,1,1,1,1,1,1,1,1,1,1,1,1,1,1,1,1,1,1,1,1,1,1,1,1,1,1,1,1,1,1,
1,1,1,1,1,1,1,1,1,1,1,1,1,1,1,1,1,1,1,1,1,1,1,4),
(0.,0.0159732046555293,0.0283968882926584,0.0395677875171981,0.049918196093518,0.0602589721239125,
0.0712113694637142,0.0828124235528751,0.094882203606575,0.107037590260075,0.119530609477146,
0.132142204216624,0.144978590031645,0.157903043293843,0.171153782950912,0.184623408819893,
0.198406354364578,0.212299983453497,0.226581957297302,0.241156293227682,0.256215038103037,
0.271470165608361,0.287217401686523,0.30325320578409,0.319686121276896,0.336220674926779,
0.353065524828967,0.3701132839921,0.387467119729734,0.40491413197143,0.422558343675233,
0.44030070625921,0.458133177886783,0.475955891734584,0.493727450328037,0.511452307154932,
0.529073095599896,0.54663736516511,0.573551011671309,0.609525613000714,0.646939121699496,
0.676395238330858,0.696166334832745,0.713871406235954,0.729431667049702,0.744912152339135,
0.761538042895378,0.779380510367962,0.804150430438016,0.833958097761,0.861241117877264,
0.880308337492508,0.891551889834847,0.902547500908196,0.912920719627721,0.92291792708149,
0.935500372685157,0.947718768780029,0.959570257789784,0.967969154886963,0.976248284031532,
0.984286492875761,0.992204280806149,1.),
.UNSPECIFIED.);
#6889=VERTEX_POINT('',#12167);
#6890=(BOUNDED_CURVE()B_SPLINE_CURVE(3,
(#12168,#12169,#12170,#12171),
.UNSPECIFIED.,.F.,.F.)B_SPLINE_CURVE_WITH_KNOTS((4,4),
(0.,1.),
.UNSPECIFIED.)CURVE()GEOMETRIC_REPRESENTATION_ITEM()RATIONAL_B_SPLINE_CURVE((1.,
0.999999999999751,0.999999999999751,1.))REPRESENTATION_ITEM(''));
#6891=VERTEX_POINT('',#12172);
#6892=B_SPLINE_CURVE_WITH_KNOTS('',3,
(#12173,#12174,#12175,#12176,#12177,#12178,#12179,#12180,#12181,#12182,#12183,#12184,
#12185,#12186,#12187,#12188,#12189,#12190,#12191,#12192,#12193,#12194,#12195,#12196,
#12197,#12198,#12199,#12200,#12201,#12202,#12203,#12204,#12205,#12206,#12207,#12208,
#12209,#12210,#12211,#12212,#12213,#12214,#12215,#12216,#12217,#12218,#12219,#12220,
#12221,#12222,#12223,#12224,#12225,#12226,#12227,#12228,#12229,#12230,#12231,#12232,
#12233,#12234,#12235,#12236,#12237),
.UNSPECIFIED.,.F.,.F.,
(4,1,1,1,1,1,1,1,1,1,1,1,1,1,1,1,1,1,1,1,1,1,1,1,1,1,1,1,1,1,1,1,1,1,1,1,1,1,1,1,
1,1,1,1,1,1,1,1,1,1,1,1,1,1,1,1,1,1,1,1,1,1,4),
(0.,0.0154197038465504,0.0308808719537418,0.0463763818070688,0.0619494883949948,
0.0775645811064356,0.0932923396628172,0.10909271346666,0.124979034772972,0.140894837303153,
0.156886014818577,0.172924681481001,0.18904346643894,0.205191085276131,0.223205567257827,
0.243055787738765,0.275640176549578,0.310093383916308,0.346392074886232,0.379166300545154,
0.410000062620917,0.438890536840207,0.467074741787327,0.494873839778947,0.522292502540962,
0.545380734707437,0.566380411557579,0.585293384781057,0.599139462501659,0.612830496572997,
0.626342948295592,0.63983223843074,0.653228061777232,0.666558152885499,0.679777203551985,
0.692950161179662,0.706014055494773,0.719011460664845,0.731919291761276,0.744808882074162,
0.75759189160496,0.770292165195275,0.782843879433936,0.795325332879171,0.807631714247364,
0.819819746723255,0.831830589882406,0.843776521772112,0.855513066896862,0.867099189167974,
0.878445307072647,0.889712729884234,0.9007151622572,0.911525338297108,0.921974831661505,
0.932353610399812,0.942313409927882,0.9517732759697,0.960536709827657,0.969142696000178,
0.978166377223856,0.988003884443961,1.),
.UNSPECIFIED.);
#6893=VERTEX_POINT('',#12238);
#6894=B_SPLINE_CURVE_WITH_KNOTS('',3,
(#12239,#12240,#12241,#12242,#12243,#12244,#12245,#12246,#12247,#12248,#12249,#12250,
#12251,#12252,#12253,#12254,#12255,#12256,#12257,#12258,#12259,#12260,#12261,#12262,
#12263,#12264,#12265,#12266,#12267,#12268,#12269,#12270,#12271,#12272,#12273,#12274,
#12275,#12276,#12277,#12278,#12279,#12280,#12281,#12282,#12283,#12284,#12285,#12286,
#12287,#12288,#12289,#12290,#12291,#12292,#12293,#12294,#12295,#12296,#12297),
.UNSPECIFIED.,.F.,.F.,
(4,1,1,1,1,1,1,1,1,1,1,1,1,1,1,1,1,1,1,1,1,1,1,1,1,1,1,1,1,1,1,1,1,1,1,1,1,1,1,1,
1,1,1,1,1,1,1,1,1,1,1,1,1,1,1,1,4),
(0.,0.00109645280060927,0.0160458145434645,0.0284130656506772,0.0394931305491114,
0.0497205651093833,0.0599355382439857,0.0707519889950817,0.0822299115756943,0.0941930614260164,
0.106235305555922,0.118620079253655,0.131126865037472,0.143847182280324,0.156647626592333,
0.169762585254222,0.183091355771234,0.196725699354215,0.21046869403647,0.224587984257704,
0.238988012060499,0.25385181515356,0.268898169095963,0.284412609857847,0.300207934304638,
0.316385971322999,0.33265870883814,0.34923564666353,0.366013344516046,0.383101638254997,
0.400293240084649,0.417716815852442,0.435266346390244,0.452948665611821,0.470636484349132,
0.488260538299736,0.505814561153895,0.523201052581117,0.540492102191068,0.566583380840243,
0.604246422196625,0.655902675488773,0.711168499241421,0.756350789350313,0.789027409877241,
0.814358627305457,0.836339402111979,0.854970240053975,0.866507654957474,0.877960644532562,
0.890465969999587,0.904116933401431,0.923824544669937,0.948423861252573,0.975450524412417,
0.999991910176308,1.),
.UNSPECIFIED.);
#6895=VERTEX_POINT('',#12298);
#6896=LINE('',#12299,#12300);
#6897=B_SPLINE_CURVE_WITH_KNOTS('',3,
(#12302,#12303,#12304,#12305,#12306,#12307,#12308,#12309,#12310,#12311,#12312,#12313,
#12314,#12315,#12316,#12317,#12318,#12319,#12320,#12321,#12322,#12323,#12324,#12325,
#12326,#12327,#12328,#12329,#12330,#12331,#12332,#12333,#12334,#12335,#12336,#12337,
#12338,#12339,#12340,#12341,#12342,#12343,#12344,#12345,#12346,#12347,#12348,#12349,
#12350,#12351,#12352,#12353,#12354,#12355,#12356,#12357,#12358,#12359,#12360,#12361,
#12362,#12363,#12364,#12365,#12366),
.UNSPECIFIED.,.F.,.F.,
(4,1,1,1,1,1,1,1,1,1,1,1,1,1,1,1,1,1,1,1,1,1,1,1,1,1,1,1,1,1,1,1,1,1,1,1,1,1,1,1,
1,1,1,1,1,1,1,1,1,1,1,1,1,1,1,1,1,1,1,1,1,1,4),
(0.,0.0154194713102216,0.0308804044264006,0.0463756761635601,0.0619485407896728,
0.0775633911885252,0.0932909080904682,0.109091040469095,0.124977119663132,0.140892679687806,
0.156883614391639,0.172922038308876,0.189040580536108,0.205187956752808,0.223202169583372,
0.243052094306739,0.275636001480463,0.310088701879545,0.346386860006151,0.379160609351863,
0.409993926240504,0.438883986534435,0.467067791448483,0.49486649523345,0.522284770172408,
0.54537267697936,0.56637205664255,0.585284760697635,0.599130639822424,0.612821476980168,
0.626333733167602,0.639822827282818,0.653218453024245,0.666548344714049,0.679767193495181,
0.692939948901609,0.706003638223742,0.719000836767173,0.731908458584496,0.744797838843193,
0.757580660174561,0.770280767940536,0.782832360221843,0.795313712942357,0.807620059525725,
0.819808101026386,0.83181901931722,0.84376504566664,0.855501781503359,0.867088170534628,
0.87843469025396,0.889702577573422,0.90070559745722,0.911516387051595,0.92196651211087,
0.932345997701917,0.94230633734787,0.951766549202389,0.960530431388403,0.969137226286598,
0.978162172331434,0.988001285213415,1.),
.UNSPECIFIED.);
#6898=VERTEX_POINT('',#12367);
#6899=VERTEX_POINT('',#12368);
#6900=CIRCLE('',#12369,6.);
#6901=LINE('',#12373,#12374);
#6902=VERTEX_POINT('',#12376);
#6903=LINE('',#12377,#12378);
#6904=VERTEX_POINT('',#12380);
#6905=CIRCLE('',#12381,6.);
#6906=LINE('',#12385,#12386);
#6907=LINE('',#12388,#12389);
#6908=VERTEX_POINT('',#12391);
#6909=VERTEX_POINT('',#12392);
#6910=B_SPLINE_CURVE_WITH_KNOTS('',3,
(#12393,#12394,#12395,#12396,#12397,#12398,#12399,#12400,#12401,#12402,#12403,#12404,
#12405,#12406,#12407,#12408,#12409,#12410,#12411,#12412,#12413,#12414,#12415,#12416,
#12417,#12418,#12419,#12420,#12421,#12422,#12423,#12424,#12425,#12426,#12427,#12428,
#12429,#12430,#12431,#12432,#12433,#12434,#12435,#12436,#12437,#12438,#12439,#12440,
#12441,#12442,#12443,#12444,#12445,#12446,#12447,#12448,#12449,#12450,#12451,#12452,
#12453,#12454,#12455,#12456,#12457,#12458),
.UNSPECIFIED.,.F.,.F.,
(4,1,1,1,1,1,1,1,1,1,1,1,1,1,1,1,1,1,1,1,1,1,1,1,1,1,1,1,1,1,1,1,1,1,1,1,1,1,1,1,
1,1,1,1,1,1,1,1,1,1,1,1,1,1,1,1,1,1,1,1,1,1,1,4),
(0.,0.0160015098802313,0.0284442238394554,0.0396319296678673,0.0499977457200765,
0.0603539081628388,0.0713229436225243,0.0829422275127992,0.0950308373850463,0.107205861248825,
0.119718769305363,0.13234988754492,0.145206831647348,0.158152604060061,0.171425960171222,
0.184918825020564,0.198726054552265,0.212644342356986,0.226952741490948,0.241555213264178,
0.256644690071444,0.271931891074338,0.287714261745884,0.303787235997778,0.320260359706693,
0.336836113757584,0.353722373655533,0.370810870655409,0.388203058629686,0.405686689206115,
0.423362037969964,0.441131279349955,0.458983928755488,0.476824521935621,0.494606394024067,
0.512335843587313,0.529952487845111,0.547509561803993,0.574397452458923,0.610325659109349,
0.647681749248679,0.677085323945342,0.69681319694704,0.714475025733537,0.729990207664838,
0.745424600581683,0.761998042670037,0.779782963009486,0.804474991337385,0.834195532224397,
0.861406170863874,0.880430858943543,0.891657834338576,0.902638838485997,0.913001325600048,
0.922989700217689,0.93556258208506,0.947771048372305,0.959612284658988,0.968003064802587,
0.976273955942318,0.984303707497314,0.992212935744701,1.),
.UNSPECIFIED.);
#6911=VERTEX_POINT('',#12459);
#6912=(BOUNDED_CURVE()B_SPLINE_CURVE(3,
(#12460,#12461,#12462,#12463),
.UNSPECIFIED.,.F.,.F.)B_SPLINE_CURVE_WITH_KNOTS((4,4),
(0.,1.),
.UNSPECIFIED.)CURVE()GEOMETRIC_REPRESENTATION_ITEM()RATIONAL_B_SPLINE_CURVE((1.,
0.999999999999751,0.999999999999751,1.))REPRESENTATION_ITEM(''));
#6913=VERTEX_POINT('',#12464);
#6914=B_SPLINE_CURVE_WITH_KNOTS('',3,
(#12465,#12466,#12467,#12468,#12469,#12470,#12471,#12472,#12473,#12474,#12475,#12476,
#12477,#12478,#12479,#12480,#12481,#12482,#12483,#12484,#12485,#12486,#12487,#12488,
#12489,#12490,#12491,#12492,#12493,#12494,#12495,#12496,#12497,#12498,#12499,#12500,
#12501,#12502,#12503,#12504,#12505,#12506,#12507,#12508,#12509,#12510,#12511,#12512,
#12513,#12514,#12515,#12516,#12517,#12518,#12519,#12520,#12521,#12522,#12523,#12524,
#12525,#12526,#12527,#12528,#12529),
.UNSPECIFIED.,.F.,.F.,
(4,1,1,1,1,1,1,1,1,1,1,1,1,1,1,1,1,1,1,1,1,1,1,1,1,1,1,1,1,1,1,1,1,1,1,1,1,1,1,1,
1,1,1,1,1,1,1,1,1,1,1,1,1,1,1,1,1,1,1,1,1,1,4),
(0.,0.0154196549061658,0.0308807737569331,0.046376233978658,0.0619492904180795,0.0775643328770711,
0.0932920410610596,0.109092364395678,0.124978635021251,0.140894386782061,0.156885513373514,
0.172924129041279,0.189042862875188,0.205190430552657,0.22320485561612,0.243055013463869,
0.275639299855496,0.310092399159194,0.346390976400855,0.379165099833034,0.409998766016344,
0.438889150705505,0.467073268732494,0.494872281083007,0.522290859550352,0.545379020907064,
0.566378633197325,0.585291548071265,0.599137582816504,0.612828574260473,0.626340983665383,
0.639830231387681,0.653226012278531,0.666556060886307,0.679775069119092,0.692947984492982,
0.706011836786066,0.719009200170499,0.73191698982944,0.744806538974916,0.757589512391125,
0.770289754684903,0.782841446866714,0.795322882538042,0.807629259357305,0.819817295755382,
0.831828155085267,0.843774105782299,0.855510688907574,0.867096865247405,0.878443066945561,
0.889710588512045,0.900713147447632,0.911523455664411,0.921973082022295,0.932352009939545,
0.942311917759968,0.951771839004042,0.960535329393527,0.969141432765081,0.978165347923733,
0.988003219381474,1.),
.UNSPECIFIED.);
#6915=VERTEX_POINT('',#12530);
#6916=B_SPLINE_CURVE_WITH_KNOTS('',3,
(#12531,#12532,#12533,#12534,#12535,#12536,#12537,#12538,#12539,#12540,#12541,#12542,
#12543,#12544,#12545,#12546,#12547,#12548,#12549,#12550,#12551,#12552,#12553,#12554,
#12555,#12556,#12557,#12558,#12559,#12560,#12561,#12562,#12563,#12564,#12565,#12566,
#12567,#12568,#12569,#12570,#12571,#12572,#12573,#12574,#12575,#12576,#12577,#12578,
#12579,#12580,#12581,#12582,#12583,#12584,#12585,#12586,#12587,#12588,#12589,#12590,
#12591,#12592,#12593,#12594,#12595,#12596,#12597),
.UNSPECIFIED.,.F.,.F.,
(4,1,1,1,1,1,1,1,1,1,1,1,1,1,1,1,1,1,1,1,1,1,1,1,1,1,1,1,1,1,1,1,1,1,1,1,1,1,1,1,
1,1,1,1,1,1,1,1,1,1,1,1,1,1,1,1,1,1,1,1,1,1,1,1,4),
(0.,0.0159725913866531,0.0283961124131792,0.0395669703121116,0.0499174417668903,
0.060258289328919,0.0712107693826148,0.0828118542879362,0.0948816083788324,0.107036986306725,
0.119529973966066,0.132141525751939,0.144977893643467,0.15790234835188,0.171153113306924,
0.184622773477829,0.198405767872179,0.212299449229987,0.226581499210103,0.241155936374998,
0.256214820261168,0.271470106770013,0.287217548266967,0.303253589352272,0.319686789650771,
0.336221644350475,0.353066800878435,0.370114858186595,0.38746895825256,0.404916209252068,
0.422560578432557,0.440303034634844,0.458135499785425,0.475958173056213,0.493729578986445,
0.511454197908647,0.529074619906583,0.546638478823834,0.573551281553118,0.609524611570762,
0.646936694348545,0.676391625194636,0.696161868341768,0.713866151061562,0.72942567550365,
0.744905425355189,0.761530586592396,0.77937233459754,0.804141495187877,0.833948549931241,
0.861231299802392,0.880298633615775,0.891542553980965,0.902538599330286,0.912912388937782,
0.922910240531731,0.935493681767246,0.947713120026361,0.959565693898499,0.96796546318321,
0.976245481586936,0.984284610314098,0.992203332689319,0.999993392833793,1.),
.UNSPECIFIED.);
#6917=VERTEX_POINT('',#12598);
#6918=LINE('',#12599,#12600);
#6919=B_SPLINE_CURVE_WITH_KNOTS('',3,
(#12602,#12603,#12604,#12605,#12606,#12607,#12608,#12609,#12610,#12611,#12612,#12613,
#12614,#12615,#12616,#12617,#12618,#12619,#12620,#12621,#12622,#12623,#12624,#12625,
#12626,#12627,#12628,#12629,#12630,#12631,#12632,#12633,#12634,#12635,#12636,#12637,
#12638,#12639,#12640,#12641,#12642,#12643,#12644,#12645,#12646,#12647,#12648,#12649,
#12650,#12651,#12652,#12653,#12654,#12655,#12656,#12657,#12658,#12659,#12660,#12661,
#12662,#12663,#12664,#12665,#12666,#12667),
.UNSPECIFIED.,.F.,.F.,
(4,1,1,1,1,1,1,1,1,1,1,1,1,1,1,1,1,1,1,1,1,1,1,1,1,1,1,1,1,1,1,1,1,1,1,1,1,1,1,1,
1,1,1,1,1,1,1,1,1,1,1,1,1,1,1,1,1,1,1,1,1,1,1,4),
(0.,0.0154026246892912,0.0308466656927291,0.0463250075224445,0.0618808571566814,
0.0774786466864973,0.0931889797357978,0.108971848927646,0.12484057085796,0.140738741239759,
0.156712203928599,0.172733104050006,0.188834035274342,0.204963769272812,0.222958301544493,
0.242786541470942,0.275334855273559,0.309749919757931,0.346008421845198,0.378746348075986,
0.409545953227103,0.438404422595872,0.46655743475575,0.494325802804949,0.521714206269455,
0.544776991780339,0.565753504129965,0.584645579035015,0.598476288207388,0.612152073471157,
0.625649390953554,0.639123516027279,0.652504250996809,0.665819344004305,0.679023603967162,
0.69218191218105,0.705231493736368,0.718214850582812,0.731109039135672,0.743985216833321,
0.756756719998569,0.769447203733259,0.781992356875438,0.794468686894455,0.806774357638554,
0.818964402003398,0.830981009224997,0.84293317668942,0.85468232806007,0.866286691601043,
0.877661852207554,0.888964130603913,0.900011665527433,0.910868817085431,0.921364552129626,
0.931794907968368,0.941789629682104,0.951261662277506,0.960032384614877,0.968661458835829,
0.977757022335234,0.987733757140031,0.998901544761897,1.),
.UNSPECIFIED.);
#6920=VERTEX_POINT('',#12668);
#6921=VERTEX_POINT('',#12669);
#6922=LINE('',#12670,#12671);
#6923=VERTEX_POINT('',#12673);
#6924=B_SPLINE_CURVE_WITH_KNOTS('',3,
(#12674,#12675,#12676,#12677,#12678,#12679,#12680,#12681,#12682,#12683,#12684,#12685,
#12686,#12687,#12688,#12689,#12690,#12691,#12692,#12693,#12694,#12695,#12696,#12697,
#12698,#12699,#12700,#12701,#12702,#12703,#12704,#12705,#12706,#12707,#12708,#12709,
#12710,#12711,#12712,#12713,#12714,#12715,#12716,#12717,#12718,#12719,#12720,#12721,
#12722,#12723,#12724,#12725,#12726,#12727,#12728,#12729,#12730,#12731,#12732,#12733,
#12734,#12735,#12736,#12737,#12738,#12739,#12740,#12741,#12742,#12743,#12744,#12745,
#12746,#12747,#12748,#12749,#12750,#12751,#12752,#12753,#12754,#12755,#12756,#12757,
#12758,#12759,#12760,#12761,#12762,#12763,#12764,#12765,#12766,#12767,#12768,#12769,
#12770,#12771,#12772,#12773,#12774,#12775,#12776,#12777,#12778,#12779,#12780,#12781,
#12782,#12783,#12784,#12785,#12786,#12787),
.UNSPECIFIED.,.F.,.F.,
(4,1,1,1,1,1,1,1,1,1,1,1,1,1,1,1,1,1,1,1,1,1,1,1,1,1,1,1,1,1,1,1,1,1,1,1,1,1,1,1,
1,1,1,1,1,1,1,1,1,1,1,1,1,1,1,1,1,1,1,1,1,1,1,1,1,1,1,1,1,1,1,1,1,1,1,1,1,1,1,1,
1,1,1,1,1,1,1,1,1,1,1,1,1,1,1,1,1,1,1,1,1,1,1,1,1,1,1,1,1,1,1,4),
(0.,0.00723468431951843,0.0129347959414813,0.0178873386908177,0.022408212861799,
0.0268875557572341,0.0314837975894247,0.0363809809992303,0.0416472089418394,0.0470462626651282,
0.0526571004836334,0.0584220989853267,0.0643365787482548,0.0702589214397589,0.0762946634684513,
0.0824175078841787,0.0886614727372969,0.0949423036568259,0.101358673839574,0.107881329129119,
0.114578626991149,0.121351720710049,0.128315473920848,0.135396167040897,0.142638246988158,
0.149920383984697,0.157298211308,0.164727706350314,0.172219582652843,0.179720110099459,
0.188005263729866,0.197066828730796,0.210018850760779,0.222810026489394,0.235433210483947,
0.244661278645938,0.253777709950668,0.266033330788884,0.278539759432823,0.291302554842874,
0.304847728197384,0.323876399498961,0.348014520914757,0.368252019649992,0.382881345773552,
0.394679433564322,0.406820429994774,0.419302488777657,0.433272733124591,0.446643564859469,
0.459413138140413,0.467328711048143,0.474550635014045,0.48104888818112,0.487519474073564,
0.493871414096856,0.499999574581752,0.500129884466686,0.50624039665925,0.51230115075035,
0.521929976436864,0.535720225938481,0.550850431469851,0.563720471021446,0.577916527084471,
0.597644343645732,0.622557158049192,0.643095437128036,0.65785724708252,0.668682453936059,
0.681136101899263,0.692954926243334,0.702645112937501,0.710101790192331,0.717590479486128,
0.725922608317071,0.735064506957758,0.748176427334565,0.764289077658507,0.779368829737877,
0.79026685914804,0.79941170477981,0.808509879979854,0.817562209884433,0.824279166135888,
0.830973167341844,0.837608751342614,0.844207110955587,0.850753039063227,0.857285635523638,
0.863776992206481,0.870242309286517,0.878805382127672,0.887346208962095,0.89586538661088,
0.90223802174128,0.90861150119574,0.914963428726918,0.921292950495263,0.927589078776596,
0.933873559969366,0.940120301615875,0.946348332875346,0.952554025255043,0.95875339134719,
0.964848205529886,0.970906747478256,0.976678515236236,0.982093540386425,0.987473632247251,
0.993180976127129,1.),
.UNSPECIFIED.);
#6925=VERTEX_POINT('',#12788);
#6926=(BOUNDED_CURVE()B_SPLINE_CURVE(3,
(#12789,#12790,#12791,#12792),
.UNSPECIFIED.,.F.,.F.)B_SPLINE_CURVE_WITH_KNOTS((4,4),
(0.,1.),
.UNSPECIFIED.)CURVE()GEOMETRIC_REPRESENTATION_ITEM()RATIONAL_B_SPLINE_CURVE((1.,
0.999999999999751,0.999999999999751,1.))REPRESENTATION_ITEM(''));
#6927=B_SPLINE_CURVE_WITH_KNOTS('',3,
(#12793,#12794,#12795,#12796,#12797,#12798,#12799,#12800,#12801,#12802,#12803,#12804,
#12805,#12806,#12807,#12808,#12809,#12810,#12811,#12812,#12813,#12814,#12815,#12816,
#12817,#12818,#12819,#12820,#12821,#12822,#12823,#12824,#12825,#12826,#12827,#12828,
#12829,#12830,#12831,#12832,#12833,#12834,#12835,#12836,#12837,#12838,#12839,#12840,
#12841,#12842,#12843,#12844,#12845,#12846,#12847,#12848,#12849,#12850,#12851,#12852,
#12853,#12854,#12855,#12856,#12857,#12858,#12859,#12860,#12861,#12862,#12863,#12864,
#12865,#12866,#12867,#12868,#12869,#12870,#12871,#12872,#12873,#12874,#12875,#12876,
#12877,#12878,#12879,#12880,#12881,#12882,#12883,#12884,#12885,#12886,#12887,#12888,
#12889,#12890,#12891,#12892,#12893,#12894,#12895,#12896,#12897,#12898,#12899,#12900,
#12901,#12902,#12903,#12904,#12905,#12906,#12907,#12908),
.UNSPECIFIED.,.F.,.F.,
(4,1,1,1,1,1,1,1,1,1,1,1,1,1,1,1,1,1,1,1,1,1,1,1,1,1,1,1,1,1,1,1,1,1,1,1,1,1,1,1,
1,1,1,1,1,1,1,1,1,1,1,1,1,1,1,1,1,1,1,1,1,1,1,1,1,1,1,1,1,1,1,1,1,1,1,1,1,1,1,1,
1,1,1,1,1,1,1,1,1,1,1,1,1,1,1,1,1,1,1,1,1,1,1,1,1,1,1,1,1,1,1,1,1,4),
(0.,0.00724416699195318,0.0129502455403815,0.0179074552117845,0.0224325101306944,
0.0269160178533525,0.0315165480451521,0.036418522565748,0.0416901689139561,0.0470946708669648,
0.0527110182454567,0.0584811846192368,0.0643999012302388,0.0703262356751393,0.0763650814139884,
0.0824904773022419,0.0887359544086695,0.09501789596564,0.101434199767064,0.107955923640439,
0.114650957018759,0.121421338246005,0.128381275891816,0.135457600239234,0.142694569025662,
0.149971472144986,0.157343623828835,0.164767091589148,0.172252367706861,0.17974603665611,
0.188022721431766,0.197074396821595,0.210011370769034,0.222787445625127,0.235395487038695,
0.244612955512545,0.253719531758507,0.265963869717198,0.278459877237798,0.291213108199258,
0.304750258459584,0.323768496159262,0.347893945229599,0.368120780318941,0.382742371002908,
0.394534187094706,0.406668713929576,0.419144106765243,0.433106865584978,0.446470524892358,
0.459233242822363,0.467144557232203,0.474362593067299,0.480857343074802,0.487324438835733,
0.493672947905166,0.49972255686427,0.499928034658755,0.50603523912081,0.512092711431644,
0.521716315038724,0.535499075183133,0.550621054144171,0.563484087270924,0.577672389071416,
0.597389381908272,0.622288464673815,0.642815368498883,0.657568954486342,0.668388062528387,
0.680834655689208,0.692646744891331,0.702331391548259,0.709783785015425,0.717268166765728,
0.725595480955659,0.734732084623212,0.74783637601103,0.76393961258197,0.779010515300233,
0.789902105870469,0.799041490367317,0.808134209753574,0.817181093970177,0.823893995075593,
0.830583957647183,0.837215542657422,0.843809934020732,0.850351940115375,0.856880640926872,
0.863368884622485,0.869831849589493,0.876259282827168,0.882674823607902,0.889072005333917,
0.895459419489494,0.901837610983767,0.908217258151527,0.914578225931729,0.920918892311378,
0.927230097219266,0.93353154893748,0.939800024812783,0.946053070261471,0.952288256041144,
0.95851627033879,0.964639156614686,0.970724912788825,0.976507991244088,0.981920764063465,
0.987315665592589,0.993071736140888,0.999454984916952,1.),
.UNSPECIFIED.);
#6928=VERTEX_POINT('',#12909);
#6929=VERTEX_POINT('',#12910);
#6930=B_SPLINE_CURVE_WITH_KNOTS('',3,
(#12911,#12912,#12913,#12914,#12915,#12916,#12917,#12918,#12919,#12920,#12921,#12922,
#12923,#12924,#12925,#12926,#12927,#12928,#12929,#12930,#12931,#12932,#12933,#12934,
#12935,#12936,#12937,#12938,#12939,#12940,#12941,#12942,#12943,#12944,#12945,#12946,
#12947,#12948,#12949,#12950,#12951,#12952,#12953,#12954,#12955,#12956,#12957,#12958,
#12959,#12960,#12961,#12962,#12963,#12964,#12965,#12966,#12967,#12968,#12969,#12970,
#12971,#12972,#12973,#12974,#12975,#12976,#12977,#12978,#12979,#12980,#12981,#12982,
#12983,#12984,#12985,#12986,#12987,#12988,#12989,#12990,#12991,#12992,#12993,#12994,
#12995,#12996,#12997,#12998,#12999,#13000,#13001,#13002,#13003,#13004,#13005,#13006,
#13007,#13008,#13009,#13010,#13011,#13012,#13013,#13014,#13015,#13016,#13017,#13018,
#13019,#13020,#13021,#13022,#13023,#13024,#13025,#13026,#13027,#13028,#13029),
.UNSPECIFIED.,.F.,.F.,
(4,1,1,1,1,1,1,1,1,1,1,1,1,1,1,1,1,1,1,1,1,1,1,1,1,1,1,1,1,1,1,1,1,1,1,1,1,1,1,1,
1,1,1,1,1,1,1,1,1,1,1,1,1,1,1,1,1,1,1,1,1,1,1,1,1,1,1,1,1,1,1,1,1,1,1,1,1,1,1,1,
1,1,1,1,1,1,1,1,1,1,1,1,1,1,1,1,1,1,1,1,1,1,1,1,1,1,1,1,1,1,1,1,1,1,1,1,4),
(0.,0.000550925753280762,0.00727958181278103,0.0129644364460127,0.0178822101998166,
0.0223517810494571,0.0267792716815128,0.0313178714722019,0.0361549635629929,0.0413678477639787,
0.0467225011668688,0.0522917585894051,0.0580192420421006,0.0639028307078461,0.0697935718913155,
0.0758006269657665,0.0818970927685896,0.0881200346140844,0.0943823170355994,0.100786084044313,
0.107300340230982,0.113995412006956,0.1207683296693,0.127735535007982,0.134819663984757,
0.142067447580019,0.149358490213097,0.156750058267329,0.164194801269635,0.171702971180645,
0.179219327424478,0.1867173900678,0.194190078649299,0.201602771931989,0.208983968254329,
0.218619067068593,0.228123956074282,0.237495620553844,0.24514013849437,0.253473040970907,
0.265746321950507,0.278264788687587,0.291033987353183,0.304574285076913,0.323591558659133,
0.347712210951779,0.367935388551252,0.382554569149256,0.392975171895558,0.404400910045393,
0.415469539322964,0.425152467733133,0.436352515175099,0.447646294912475,0.459037759516663,
0.466948495308337,0.474166050075993,0.480660433760771,0.487127184112732,0.493475402384136,
0.499730233773577,0.500273132983842,0.50583722896259,0.511894502635338,0.521517869496539,
0.535300390787125,0.550422200377431,0.563285175525273,0.57747367003691,0.59719140585658,
0.622092054432119,0.642620795445898,0.657376177711996,0.668197267116437,0.680646509272008,
0.692461497492758,0.702148693234818,0.709603253775845,0.717089869537023,0.725419904760225,
0.734559636520894,0.747668785055977,0.763778356776736,0.778855487440638,0.78975187299908,
0.798895642148898,0.807992828109411,0.817044252487777,0.823760622174557,0.830454055415111,
0.837089110645874,0.843686977199417,0.850232471302163,0.856764655199437,0.863256427409962,
0.869722958359954,0.876154072513726,0.882573385492561,0.88897456040889,0.895366111557553,
0.90174864497958,0.908132703874174,0.914498398306263,0.920844130230149,0.927160738946468,
0.933467599597052,0.939741250360824,0.94599906998322,0.952238353137527,0.958470143109156,
0.964597652547345,0.970687604581638,0.976480269418673,0.981910692111988,0.987327989512989,
0.993086739873325,1.),
.UNSPECIFIED.);
#6931=VERTEX_POINT('',#13030);
#6932=(BOUNDED_CURVE()B_SPLINE_CURVE(3,
(#13031,#13032,#13033,#13034),
.UNSPECIFIED.,.F.,.F.)B_SPLINE_CURVE_WITH_KNOTS((4,4),
(0.,1.),
.UNSPECIFIED.)CURVE()GEOMETRIC_REPRESENTATION_ITEM()RATIONAL_B_SPLINE_CURVE((1.,
0.999999999999751,0.999999999999751,1.))REPRESENTATION_ITEM(''));
#6933=VERTEX_POINT('',#13035);
#6934=B_SPLINE_CURVE_WITH_KNOTS('',3,
(#13036,#13037,#13038,#13039,#13040,#13041,#13042,#13043,#13044,#13045,#13046,#13047,
#13048,#13049,#13050,#13051,#13052,#13053,#13054,#13055,#13056,#13057,#13058,#13059,
#13060,#13061,#13062,#13063,#13064,#13065,#13066,#13067,#13068,#13069,#13070,#13071,
#13072,#13073,#13074,#13075,#13076,#13077,#13078,#13079,#13080,#13081,#13082,#13083,
#13084,#13085,#13086,#13087,#13088,#13089,#13090,#13091,#13092,#13093,#13094,#13095,
#13096,#13097,#13098,#13099,#13100,#13101,#13102,#13103,#13104,#13105,#13106,#13107,
#13108,#13109,#13110,#13111,#13112,#13113,#13114,#13115,#13116,#13117,#13118,#13119,
#13120,#13121,#13122,#13123,#13124,#13125,#13126,#13127,#13128,#13129,#13130,#13131,
#13132,#13133,#13134,#13135,#13136,#13137,#13138,#13139,#13140,#13141,#13142,#13143,
#13144,#13145,#13146,#13147,#13148,#13149),
.UNSPECIFIED.,.F.,.F.,
(4,1,1,1,1,1,1,1,1,1,1,1,1,1,1,1,1,1,1,1,1,1,1,1,1,1,1,1,1,1,1,1,1,1,1,1,1,1,1,1,
1,1,1,1,1,1,1,1,1,1,1,1,1,1,1,1,1,1,1,1,1,1,1,1,1,1,1,1,1,1,1,1,1,1,1,1,1,1,1,1,
1,1,1,1,1,1,1,1,1,1,1,1,1,1,1,1,1,1,1,1,1,1,1,1,1,1,1,1,1,1,1,4),
(0.,0.00723489503258825,0.0129350325170833,0.0178875388691682,0.022408329867032,
0.0268875879916646,0.0314837309889063,0.0363808128980755,0.0416469620160724,0.047045962607292,
0.0526567560976742,0.0584217232544489,0.0643361899461064,0.070258516979633,0.0762942508028627,
0.0824170931372736,0.0886610697708129,0.0949419185866823,0.101358322259912,0.107881022495428,
0.114578382310591,0.121351543397305,0.128315377312267,0.135396157337792,0.142638332566789,
0.149920565817859,0.157298492528332,0.164728089531809,0.172220071844076,0.179720707275562,
0.188005986528377,0.197067693912894,0.210019922510711,0.222811300519767,0.235434681924037,
0.24466287950677,0.253779425956843,0.266035163487865,0.278541691208977,0.291304568505852,
0.304849786718941,0.323878499319968,0.348016656463176,0.368254182104605,0.382883526012866,
0.394681626910122,0.406822636216493,0.419304707709833,0.433274964433677,0.446645807403251,
0.459415390987665,0.467330969604826,0.474552898572405,0.481051155893525,0.487521745781916,
0.493873689354879,0.499996754169865,0.500132162973311,0.50624267800851,0.512303434837686,
0.521932264235681,0.535722518305626,0.550852728167201,0.563722770796117,0.577918828477299,
0.597646643944002,0.622559452448302,0.643097722610543,0.657859522594057,0.668684716803218,
0.681138347179697,0.692957151598263,0.702647320319423,0.710103981685821,0.717592654504115,
0.725924762792331,0.735066637576749,0.748178519603666,0.764291118525455,0.779370819036048,
0.790268807075719,0.799413612931372,0.808511746710561,0.817564033515787,0.82428095445797,
0.830974919467269,0.837610464889607,0.844208784534269,0.850754670803399,0.857287224890189,
0.86377853688431,0.870243807379463,0.878806813176691,0.88734756981092,0.895866674070099,
0.902239250317006,0.9086126701775,0.914964535405229,0.921293993174083,0.927590053814426,
0.933874465369916,0.940121131965025,0.946349084003657,0.952554691244299,0.958753972420543,
0.964848704490943,0.970907164282175,0.976678875932921,0.982093874972202,0.987473932749716,
0.993181179423494,1.),
.UNSPECIFIED.);
#6935=LINE('',#13150,#13151);
#6936=VERTEX_POINT('',#13153);
#6937=LINE('',#13154,#13155);
#6938=VERTEX_POINT('',#13157);
#6939=CIRCLE('',#13158,8.);
#6940=LINE('',#13162,#13163);
#6941=VERTEX_POINT('',#13165);
#6942=LINE('',#13166,#13167);
#6943=VERTEX_POINT('',#13169);
#6944=CIRCLE('',#13170,8.);
#6945=LINE('',#13174,#13175);
#6946=VERTEX_POINT('',#13177);
#6947=VERTEX_POINT('',#13178);
#6948=B_SPLINE_CURVE_WITH_KNOTS('',3,
(#13179,#13180,#13181,#13182,#13183,#13184,#13185,#13186,#13187,#13188,#13189,#13190,
#13191,#13192,#13193,#13194,#13195,#13196,#13197,#13198,#13199,#13200,#13201,#13202,
#13203,#13204,#13205,#13206,#13207,#13208,#13209,#13210,#13211,#13212,#13213,#13214,
#13215,#13216,#13217,#13218,#13219,#13220,#13221,#13222,#13223,#13224,#13225,#13226,
#13227,#13228,#13229),
.UNSPECIFIED.,.F.,.F.,
(4,1,1,1,1,1,1,1,1,1,1,1,1,1,1,1,1,1,1,1,1,1,1,1,1,1,1,1,1,1,1,1,1,1,1,1,1,1,1,1,
1,1,1,1,1,1,1,1,4),
(0.,3.14836544877743E-6,0.0147798957271848,0.0295849068776492,0.0444078419837844,
0.0592408178827018,0.0740689571675529,0.0888949083892369,0.10373290113607,0.118568659920941,
0.133400623217608,0.149873364370654,0.167978207168425,0.197587233729204,0.240556750015867,
0.293809589930041,0.344403904400509,0.380295356762238,0.404564130424241,0.420271276979619,
0.435960308172043,0.451553511135704,0.467065078734337,0.487507433226833,0.507750358884544,
0.527783975642211,0.542503552775801,0.557134911845566,0.571605246938953,0.585994637671587,
0.605040721087432,0.625473135688064,0.647299018884896,0.674491577936893,0.712696861021731,
0.75866304683028,0.800703506848873,0.83372444240812,0.860897155703113,0.881085249380227,
0.897072292493556,0.91277112244901,0.92831658223499,0.943735325909405,0.955123289069032,
0.966464730780936,0.977703256611015,0.988881601336166,1.),
.UNSPECIFIED.);
#6949=VERTEX_POINT('',#13230);
#6950=LINE('',#13231,#13232);
#6951=VERTEX_POINT('',#13234);
#6952=B_SPLINE_CURVE_WITH_KNOTS('',3,
(#13235,#13236,#13237,#13238,#13239,#13240,#13241,#13242,#13243,#13244,#13245,#13246,
#13247,#13248,#13249,#13250,#13251,#13252,#13253,#13254,#13255,#13256,#13257,#13258,
#13259,#13260,#13261,#13262,#13263,#13264,#13265,#13266,#13267,#13268,#13269,#13270,
#13271,#13272,#13273,#13274,#13275,#13276,#13277,#13278,#13279,#13280,#13281,#13282,
#13283,#13284,#13285,#13286,#13287,#13288,#13289,#13290,#13291),
.UNSPECIFIED.,.F.,.F.,
(4,1,1,1,1,1,1,1,1,1,1,1,1,1,1,1,1,1,1,1,1,1,1,1,1,1,1,1,1,1,1,1,1,1,1,1,1,1,1,1,
1,1,1,1,1,1,1,1,1,1,1,1,1,1,4),
(0.,0.00110773406144498,0.017543965160279,0.0318172065845823,0.044695882337506,0.0567154866587313,
0.0687823399861664,0.0815979460895004,0.095092695455451,0.109037842742096,0.123106642557839,
0.137470853648402,0.151916763629804,0.166571910437052,0.181311494442121,0.196308931531099,
0.211468761262565,0.226856183790844,0.242319349752356,0.257943086437081,0.273670405590794,
0.289530204527361,0.305430004655907,0.321383795574448,0.337353113984981,0.358626123804611,
0.379795285017903,0.400873413822712,0.416502233678751,0.432060808947477,0.44912396922553,
0.467770503315282,0.494510259084537,0.521015097905625,0.547301858757745,0.572934089603581,
0.604573822348756,0.64214697027807,0.676538000561916,0.707893570727059,0.733055862748726,
0.755067430589124,0.782744637558473,0.821189501469066,0.866609304367532,0.901788942867992,
0.924841062955469,0.938102522212662,0.949908442280386,0.960173745142382,0.970346452617779,
0.980328604196911,0.990212434907288,0.999991809636399,1.),
.UNSPECIFIED.);
#6953=VERTEX_POINT('',#13292);
#6954=B_SPLINE_CURVE_WITH_KNOTS('',3,
(#13293,#13294,#13295,#13296,#13297,#13298,#13299,#13300,#13301,#13302,#13303,#13304,
#13305,#13306,#13307,#13308,#13309,#13310,#13311,#13312,#13313,#13314,#13315,#13316,
#13317,#13318,#13319,#13320,#13321,#13322,#13323,#13324,#13325,#13326,#13327,#13328,
#13329,#13330,#13331,#13332,#13333,#13334,#13335,#13336,#13337,#13338,#13339,#13340,
#13341,#13342),
.UNSPECIFIED.,.F.,.F.,
(4,1,1,1,1,1,1,1,1,1,1,1,1,1,1,1,1,1,1,1,1,1,1,1,1,1,1,1,1,1,1,1,1,1,1,1,1,1,1,1,
1,1,1,1,1,1,1,4),
(0.,0.0147803150054923,0.0295852312152788,0.0444077745935147,0.0592404460411451,
0.074068687598828,0.0888952690062073,0.10373390976458,0.11857026222929,0.13340272015242,
0.149875842412983,0.167980996221279,0.197590331283045,0.240560259177759,0.293813747637833,
0.344408796080105,0.38030078595879,0.404569909250748,0.420277271556786,0.435966515904047,
0.451559928306454,0.46707170358176,0.487514332931338,0.507757533645767,0.527791424991998,
0.542511205775934,0.557142767772834,0.571613305031644,0.586002897653939,0.605049249048288,
0.625481952319025,0.647308145333719,0.674501099341891,0.712706858946439,0.758673467843332,
0.800714032766928,0.833734671793347,0.860906730824484,0.881094036125075,0.897080295501794,
0.912778159571408,0.928322575007234,0.943740193765389,0.955127225959926,0.966467721599588,
0.977705267879355,0.988882620448954,1.),
.UNSPECIFIED.);
#6955=VERTEX_POINT('',#13343);
#6956=(BOUNDED_CURVE()B_SPLINE_CURVE(3,
(#13344,#13345,#13346,#13347),
.UNSPECIFIED.,.F.,.F.)B_SPLINE_CURVE_WITH_KNOTS((4,4),
(0.,1.),
.UNSPECIFIED.)CURVE()GEOMETRIC_REPRESENTATION_ITEM()RATIONAL_B_SPLINE_CURVE((1.,
0.999999999999886,0.999999999999886,1.))REPRESENTATION_ITEM(''));
#6957=B_SPLINE_CURVE_WITH_KNOTS('',3,
(#13348,#13349,#13350,#13351,#13352,#13353,#13354,#13355,#13356,#13357,#13358,#13359,
#13360,#13361,#13362,#13363,#13364,#13365,#13366,#13367,#13368,#13369,#13370,#13371,
#13372,#13373,#13374,#13375,#13376,#13377,#13378,#13379,#13380,#13381,#13382,#13383,
#13384,#13385,#13386,#13387,#13388,#13389,#13390,#13391,#13392,#13393,#13394,#13395,
#13396,#13397,#13398,#13399,#13400,#13401,#13402,#13403,#13404),
.UNSPECIFIED.,.F.,.F.,
(4,1,1,1,1,1,1,1,1,1,1,1,1,1,1,1,1,1,1,1,1,1,1,1,1,1,1,1,1,1,1,1,1,1,1,1,1,1,1,1,
1,1,1,1,1,1,1,1,1,1,1,1,1,1,4),
(0.,0.0175141913967936,0.0318066172879562,0.0447398456632988,0.0568387657389351,
0.0689836887269897,0.0818771886363047,0.0954395478826006,0.1094443597688,0.123575408973878,
0.137999463524011,0.152506517785722,0.167228615669688,0.18203853080302,0.197111642970927,
0.212349843704538,0.227819990317834,0.243366429555046,0.259073047960907,0.274881932739443,
0.290819027453843,0.306793999898271,0.322813727755847,0.338843460792313,0.360180525164552,
0.381402914553565,0.402521918772428,0.418163839038387,0.433730600084178,0.449127528624075,
0.464434434694514,0.484640464225261,0.504688627473382,0.524573992522984,0.53924282782857,
0.553835382901352,0.576071163214366,0.605945751377947,0.64338723892928,0.677668645799418,
0.708943426894557,0.734066129944227,0.756056749163256,0.783716210914861,0.82211241135562,
0.86743660620765,0.902503727546286,0.925447920681652,0.938625161694131,0.95034867529234,
0.960531875576034,0.970621050842127,0.98051565430887,0.990307423968656,1.),
.UNSPECIFIED.);
#6958=VERTEX_POINT('',#13405);
#6959=LINE('',#13406,#13407);
#6960=VERTEX_POINT('',#13409);
#6961=LINE('',#13410,#13411);
#6962=VERTEX_POINT('',#13413);
#6963=CIRCLE('',#13414,8.);
#6964=LINE('',#13418,#13419);
#6965=VERTEX_POINT('',#13421);
#6966=LINE('',#13422,#13423);
#6967=CIRCLE('',#13425,8.);
#6968=VERTEX_POINT('',#13429);
#6969=VERTEX_POINT('',#13430);
#6970=B_SPLINE_CURVE_WITH_KNOTS('',3,
(#13431,#13432,#13433,#13434,#13435,#13436,#13437,#13438,#13439,#13440,#13441,#13442,
#13443,#13444,#13445,#13446,#13447,#13448,#13449,#13450,#13451,#13452,#13453,#13454,
#13455,#13456,#13457,#13458,#13459,#13460,#13461,#13462,#13463,#13464,#13465,#13466,
#13467,#13468,#13469,#13470,#13471,#13472,#13473,#13474,#13475,#13476,#13477,#13478,
#13479,#13480,#13481,#13482,#13483),
.UNSPECIFIED.,.F.,.F.,
(4,1,1,1,1,1,1,1,1,1,1,1,1,1,1,1,1,1,1,1,1,1,1,1,1,1,1,1,1,1,1,1,1,1,1,1,1,1,1,1,
1,1,1,1,1,1,1,1,1,1,4),
(0.,0.01476397236383,0.0295523585097651,0.044358235584512,0.0591741637441576,0.0739856935725096,
0.0887956231697478,0.103617609944484,0.118437319702603,0.133253140706111,0.149707789954684,
0.167792642910252,0.197368782755401,0.240290540824278,0.293484335149985,0.344022671610194,
0.379874430418123,0.404116351261403,0.419806109122789,0.435477770422769,0.45105371006021,
0.466548106590205,0.486967839347505,0.507188369209595,0.527199824831402,0.541903116772276,
0.556518284792249,0.570972597500499,0.585346046636742,0.604371005619197,0.624780748874597,
0.646582413369398,0.673744886563075,0.7119148487832,0.75089070193516,0.781968755959337,
0.806842605033942,0.832929166616566,0.856100604485099,0.872375768153836,0.884453276904053,
0.896446555756872,0.912219557438512,0.927845648413484,0.94335162811551,0.954812286266857,
0.966227886849825,0.977543644748744,0.988800545888348,0.998897495427002,1.),
.UNSPECIFIED.);
#6971=VERTEX_POINT('',#13484);
#6972=LINE('',#13485,#13486);
#6973=VERTEX_POINT('',#13488);
#6974=B_SPLINE_CURVE_WITH_KNOTS('',3,
(#13489,#13490,#13491,#13492,#13493,#13494,#13495,#13496,#13497,#13498,#13499,#13500,
#13501,#13502,#13503,#13504,#13505,#13506,#13507,#13508,#13509,#13510,#13511,#13512,
#13513,#13514,#13515,#13516,#13517,#13518,#13519,#13520,#13521,#13522,#13523,#13524,
#13525,#13526,#13527,#13528,#13529,#13530,#13531,#13532,#13533,#13534,#13535,#13536,
#13537,#13538,#13539,#13540,#13541,#13542,#13543,#13544,#13545,#13546),
.UNSPECIFIED.,.F.,.F.,
(4,1,1,1,1,1,1,1,1,1,1,1,1,1,1,1,1,1,1,1,1,1,1,1,1,1,1,1,1,1,1,1,1,1,1,1,1,1,1,1,
1,1,1,1,1,1,1,1,1,1,1,1,1,1,1,4),
(0.,0.0175137661830258,0.0318059769092645,0.0447391087264168,0.0568380141604696,
0.0689829195116,0.0818763881084667,0.0954386751730451,0.109443384399684,0.123574335395352,
0.137998279217741,0.152505224992681,0.167227226529901,0.182037052992783,0.19711008636157,
0.212348212676646,0.227818292716876,0.243364665480354,0.259071214559169,0.274880025426781,
0.290817034048225,0.306791914557825,0.322811527094617,0.338841131568248,0.360177984379777,
0.381400138253885,0.402518878009948,0.418160560428792,0.433727073085347,0.449123735693674,
0.464430364278584,0.484636002965016,0.50468376644766,0.52456872616559,0.539237245883673,
0.553829480987095,0.576064736783741,0.605938604597574,0.643379177519938,0.677659764957099,
0.708933819399982,0.734056034965784,0.756046319145594,0.783705730519157,0.822102418194699,
0.867427675638279,0.902495715845834,0.925440370005107,0.938617812935033,0.950341487252962,
0.960524874811459,0.970614217740542,0.980509540966288,0.990303905435858,0.999993310933068,
1.),
.UNSPECIFIED.);
#6975=VERTEX_POINT('',#13547);
#6976=B_SPLINE_CURVE_WITH_KNOTS('',3,
(#13548,#13549,#13550,#13551,#13552,#13553,#13554,#13555,#13556,#13557,#13558,#13559,
#13560,#13561,#13562,#13563,#13564,#13565,#13566,#13567,#13568,#13569,#13570,#13571,
#13572,#13573,#13574,#13575,#13576,#13577,#13578,#13579,#13580,#13581,#13582,#13583,
#13584,#13585,#13586,#13587,#13588,#13589,#13590,#13591,#13592,#13593,#13594,#13595,
#13596,#13597),
.UNSPECIFIED.,.F.,.F.,
(4,1,1,1,1,1,1,1,1,1,1,1,1,1,1,1,1,1,1,1,1,1,1,1,1,1,1,1,1,1,1,1,1,1,1,1,1,1,1,1,
1,1,1,1,1,1,1,4),
(0.,0.0147804692756204,0.0295854007256172,0.04440785802407,0.0592403862594229,0.0740685077311107,
0.0888950193781183,0.10373360003546,0.11856989988424,0.133402306461168,0.149875374795735,
0.167980470882163,0.197589713797866,0.240559508292965,0.29381283177406,0.344407723899344,
0.380299603171129,0.404568651838569,0.420275965906868,0.435965162090524,0.451558526665825,
0.467070254390207,0.487512821102812,0.507755959756546,0.527789789673591,0.542509525300438,
0.557141042410476,0.571611535175082,0.586001083476578,0.605047376104535,0.625480016147058,
0.64730614141473,0.674499010029636,0.712704667869595,0.758671188076465,0.800711734033637,
0.83373244078189,0.860904644413734,0.881092122342755,0.897078552816779,0.912776627295019,
0.92832127010148,0.943739133679099,0.955126368463278,0.966467070047868,0.977704829653126,
0.988882398383585,1.),
.UNSPECIFIED.);
#6977=VERTEX_POINT('',#13598);
#6978=(BOUNDED_CURVE()B_SPLINE_CURVE(3,
(#13599,#13600,#13601,#13602),
.UNSPECIFIED.,.F.,.F.)B_SPLINE_CURVE_WITH_KNOTS((4,4),
(0.,1.),
.UNSPECIFIED.)CURVE()GEOMETRIC_REPRESENTATION_ITEM()RATIONAL_B_SPLINE_CURVE((1.,
0.999999999999886,0.999999999999886,1.))REPRESENTATION_ITEM(''));
#6979=B_SPLINE_CURVE_WITH_KNOTS('',3,
(#13603,#13604,#13605,#13606,#13607,#13608,#13609,#13610,#13611,#13612,#13613,#13614,
#13615,#13616,#13617,#13618,#13619,#13620,#13621,#13622,#13623,#13624,#13625,#13626,
#13627,#13628,#13629,#13630,#13631,#13632,#13633,#13634,#13635,#13636,#13637,#13638,
#13639,#13640,#13641,#13642,#13643,#13644,#13645,#13646,#13647,#13648,#13649,#13650,
#13651,#13652,#13653,#13654,#13655,#13656,#13657,#13658,#13659),
.UNSPECIFIED.,.F.,.F.,
(4,1,1,1,1,1,1,1,1,1,1,1,1,1,1,1,1,1,1,1,1,1,1,1,1,1,1,1,1,1,1,1,1,1,1,1,1,1,1,1,
1,1,1,1,1,1,1,1,1,1,1,1,1,1,4),
(0.,0.0175529313906273,0.0318721380172426,0.0448289140004264,0.0569493219512613,
0.0691157523013567,0.0820327572652472,0.095620657696481,0.109651760177039,0.123810079977967,
0.138261584882312,0.15279613486898,0.1675472375505,0.182387137658091,0.197491891938506,
0.212762625605223,0.228266927757519,0.243847818512084,0.259588401797543,0.275430333555762,
0.291397975980151,0.307402270344677,0.323446392443851,0.339497574859032,0.360854666168645,
0.382091652478769,0.403219009828821,0.418858478288255,0.434420372956733,0.449808187345086,
0.465103364278656,0.485288988850675,0.505314448964745,0.525175330410848,0.539822379646172,
0.554391863203051,0.576583780945748,0.606394597468601,0.64375254452992,0.677962776493918,
0.709181808125924,0.734273077513119,0.756244159861255,0.783890341109989,0.822269677673962,
0.867571620876739,0.902617436501593,0.925542342480867,0.93870507073452,0.950414525747456,
0.960583973335709,0.970659169597741,0.980539852574701,0.990319208524297,1.),
.UNSPECIFIED.);
#6980=VERTEX_POINT('',#13660);
#6981=VERTEX_POINT('',#13661);
#6982=LINE('',#13662,#13663);
#6983=VERTEX_POINT('',#13665);
#6984=B_SPLINE_CURVE_WITH_KNOTS('',3,
(#13666,#13667,#13668,#13669,#13670,#13671,#13672,#13673,#13674,#13675,#13676,#13677,
#13678,#13679,#13680,#13681,#13682,#13683,#13684,#13685,#13686,#13687,#13688,#13689,
#13690,#13691,#13692,#13693,#13694,#13695,#13696,#13697,#13698,#13699,#13700,#13701,
#13702,#13703,#13704,#13705,#13706,#13707,#13708,#13709,#13710,#13711,#13712,#13713,
#13714,#13715,#13716,#13717,#13718,#13719,#13720,#13721,#13722,#13723,#13724,#13725,
#13726,#13727,#13728,#13729,#13730,#13731,#13732,#13733,#13734,#13735,#13736,#13737,
#13738,#13739,#13740,#13741,#13742,#13743,#13744,#13745,#13746,#13747,#13748,#13749,
#13750,#13751,#13752,#13753,#13754,#13755,#13756,#13757,#13758,#13759,#13760,#13761,
#13762,#13763,#13764,#13765),
.UNSPECIFIED.,.F.,.F.,
(4,1,1,1,1,1,1,1,1,1,1,1,1,1,1,1,1,1,1,1,1,1,1,1,1,1,1,1,1,1,1,1,1,1,1,1,1,1,1,1,
1,1,1,1,1,1,1,1,1,1,1,1,1,1,1,1,1,1,1,1,1,1,1,1,1,1,1,1,1,1,1,1,1,1,1,1,1,1,1,1,
1,1,1,1,1,1,1,1,1,1,1,1,1,1,1,1,1,4),
(0.,0.00390769582855843,0.00771310915321254,0.0115629196440886,0.0155230067763763,
0.0195167986976421,0.023611328401498,0.0277716717383798,0.0320314491800449,0.0363237451100761,
0.0409824360833683,0.0459746825419264,0.053671544491902,0.0644759749167701,0.0785211652764663,
0.0937062657155336,0.109433354612226,0.122759676540698,0.133411289541066,0.141090605684736,
0.148603414829654,0.155822539695502,0.162909847961102,0.169901150739515,0.176927811048472,
0.186394049394121,0.198246740892565,0.2123697430451,0.226272684286467,0.237631899318664,
0.246550746940842,0.253073667304172,0.259554866366104,0.26950120176069,0.281294095180141,
0.294936306147439,0.313388827495371,0.339473962581094,0.371128577008238,0.396010214749828,
0.412952596776984,0.422884424649469,0.431684055302766,0.439380117138725,0.447103907161362,
0.454890426184659,0.46271436736806,0.470574760461439,0.478438664104581,0.488882388750435,
0.499271968640881,0.499720799202065,0.509609692302488,0.521506280199616,0.537598715623146,
0.557902045397133,0.57491765518693,0.588629373032466,0.602525220064639,0.619968262890129,
0.636605264855244,0.648929570422992,0.656921378692191,0.664936237709637,0.67574415545728,
0.689365464796747,0.703105931055002,0.714193985563774,0.72261810565836,0.731073082116106,
0.74056063055205,0.75104413704163,0.766391026038956,0.781777248433216,0.797205571612255,
0.807860389782294,0.817568504099081,0.829260671239739,0.841840740661285,0.855308092056616,
0.870330129714912,0.885141079045264,0.899737631976409,0.909420929845546,0.917999916069578,
0.925358347424219,0.932596927550894,0.939528445412273,0.946275787615102,0.954882578698322,
0.963287315239371,0.971487856075084,0.977369591387302,0.983184092738031,0.988861496236833,
0.994458264533572,0.999448408024287,1.),
.UNSPECIFIED.);
#6985=VERTEX_POINT('',#13766);
#6986=(BOUNDED_CURVE()B_SPLINE_CURVE(3,
(#13767,#13768,#13769,#13770),
.UNSPECIFIED.,.F.,.F.)B_SPLINE_CURVE_WITH_KNOTS((4,4),
(0.,1.),
.UNSPECIFIED.)CURVE()GEOMETRIC_REPRESENTATION_ITEM()RATIONAL_B_SPLINE_CURVE((1.,
0.999999999999886,0.999999999999886,1.))REPRESENTATION_ITEM(''));
#6987=B_SPLINE_CURVE_WITH_KNOTS('',3,
(#13771,#13772,#13773,#13774,#13775,#13776,#13777,#13778,#13779,#13780,#13781,#13782,
#13783,#13784,#13785,#13786,#13787,#13788,#13789,#13790,#13791,#13792,#13793,#13794,
#13795,#13796,#13797,#13798,#13799,#13800,#13801,#13802,#13803,#13804,#13805,#13806,
#13807,#13808,#13809,#13810,#13811,#13812,#13813,#13814,#13815,#13816,#13817,#13818,
#13819,#13820,#13821,#13822,#13823,#13824,#13825,#13826,#13827,#13828,#13829,#13830,
#13831,#13832,#13833,#13834,#13835,#13836,#13837,#13838,#13839,#13840,#13841,#13842,
#13843,#13844,#13845,#13846,#13847,#13848,#13849,#13850,#13851,#13852,#13853,#13854,
#13855,#13856,#13857,#13858,#13859,#13860,#13861,#13862,#13863,#13864,#13865),
.UNSPECIFIED.,.F.,.F.,
(4,1,1,1,1,1,1,1,1,1,1,1,1,1,1,1,1,1,1,1,1,1,1,1,1,1,1,1,1,1,1,1,1,1,1,1,1,1,1,1,
1,1,1,1,1,1,1,1,1,1,1,1,1,1,1,1,1,1,1,1,1,1,1,1,1,1,1,1,1,1,1,1,1,1,1,1,1,1,1,1,
1,1,1,1,1,1,1,1,1,1,1,1,4),
(0.,0.00390150249725943,0.00770129850898571,0.0115454042784129,0.0154994786522228,
0.0194871954418222,0.0235754965038251,0.0277295162286468,0.0319828254404055,0.0362686079316742,
0.0409201310947081,0.0459046026156891,0.0535891786639033,0.0643772023441147,0.0784028705775094,
0.0935711450970323,0.109285212367383,0.122604496573077,0.13325316833178,0.140933939854913,
0.148449327913944,0.155673562335401,0.162767397245081,0.169766678852468,0.176801531087249,
0.186280077412765,0.198149971031718,0.212296177566054,0.226224807113805,0.237606720419944,
0.246544072011878,0.253080554012628,0.259575015449966,0.269538910575156,0.281349180582052,
0.295008578590235,0.31347776162021,0.339583696891021,0.372949727715808,0.404975323588138,
0.428798730738482,0.444790389530147,0.456899874574738,0.468207968180816,0.478707369074436,
0.486562835851065,0.494385864263917,0.500016969307576,0.502155977096496,0.509910244927901,
0.517600749338956,0.525254058886618,0.53285775773422,0.540451247087547,0.552289298194002,
0.570207411959446,0.594281128403507,0.618580488891963,0.636929678684125,0.649252226523779,
0.657242737619598,0.665256400683955,0.67606377682885,0.689685722832461,0.703428272228749,
0.714519293910674,0.722946936407955,0.731405774035034,0.740898460892383,0.751388062017222,
0.766744433475798,0.782140185790812,0.797578014465097,0.808239249653187,0.817953076218193,
0.826724501317332,0.835502325694432,0.845164239564229,0.855709162482694,0.87073177117456,
0.885541604434622,0.900135729333833,0.910561557105354,0.920630251691759,0.933203452274479,
0.948246523450058,0.962012519970344,0.971661478374182,0.97751859471947,0.98330894129843,
0.988950319919195,0.994512180095317,1.),
.UNSPECIFIED.);
#6988=VERTEX_POINT('',#13866);
#6989=VERTEX_POINT('',#13867);
#6990=B_SPLINE_CURVE_WITH_KNOTS('',3,
(#13868,#13869,#13870,#13871,#13872,#13873,#13874,#13875,#13876,#13877,#13878,#13879,
#13880,#13881,#13882,#13883,#13884,#13885,#13886,#13887,#13888,#13889,#13890,#13891,
#13892,#13893,#13894,#13895,#13896,#13897,#13898,#13899,#13900,#13901,#13902,#13903,
#13904,#13905,#13906,#13907,#13908,#13909,#13910,#13911,#13912,#13913,#13914,#13915,
#13916,#13917,#13918,#13919,#13920,#13921,#13922,#13923,#13924,#13925,#13926,#13927,
#13928,#13929,#13930,#13931,#13932,#13933,#13934,#13935,#13936,#13937,#13938,#13939,
#13940,#13941,#13942,#13943,#13944,#13945,#13946,#13947,#13948,#13949,#13950,#13951,
#13952,#13953,#13954,#13955,#13956,#13957,#13958,#13959,#13960,#13961,#13962,#13963,
#13964,#13965,#13966,#13967,#13968,#13969,#13970,#13971,#13972,#13973,#13974,#13975,
#13976,#13977,#13978,#13979,#13980,#13981,#13982,#13983,#13984,#13985),
.UNSPECIFIED.,.F.,.F.,
(4,1,1,1,1,1,1,1,1,1,1,1,1,1,1,1,1,1,1,1,1,1,1,1,1,1,1,1,1,1,1,1,1,1,1,1,1,1,1,1,
1,1,1,1,1,1,1,1,1,1,1,1,1,1,1,1,1,1,1,1,1,1,1,1,1,1,1,1,1,1,1,1,1,1,1,1,1,1,1,1,
1,1,1,1,1,1,1,1,1,1,1,1,1,1,1,1,1,1,1,1,1,1,1,1,1,1,1,1,1,1,1,1,1,1,1,4),
(0.,0.000541724662628574,0.000778055170150515,0.00156481357339965,0.00236134226282416,
0.00317730789165084,0.00400108820538912,0.00485238536525321,0.00571768768832669,
0.00661289248249586,0.00752131956931519,0.00850709595480724,0.00956208045292209,
0.0107289623282101,0.0119464022917131,0.0132813354714391,0.0146857058321975,0.016178139021115,
0.0176863068081611,0.019309227725746,0.0210277810798648,0.0229167033055623,0.0248781001287709,
0.0270389235143021,0.0293260806766615,0.0317933577191503,0.0343154261367457,0.0370718609633285,
0.0400108254310951,0.0432600832585795,0.0466388763054548,0.0503488126894769,0.0542604861834934,
0.058449779805131,0.0627135974342745,0.0672637017095493,0.072023915977599,0.0771347588327796,
0.0823843066992087,0.0899691548419749,0.0978201804084871,0.105938149421093,0.116178698032328,
0.13079954196947,0.150122447374935,0.166821870636928,0.180575721453129,0.196165331408657,
0.216652815642689,0.236859908173212,0.251687725260981,0.260402980242124,0.268197572962683,
0.275046805631995,0.281873486532578,0.289823489562302,0.298917207552,0.315022729842,
0.339567505181427,0.372105779627848,0.404577028083497,0.428645474409815,0.444750646954534,
0.456914163786344,0.468271860647784,0.478816709441552,0.486701502700587,0.494550267267451,
0.500285270168916,0.502341832039789,0.510116583644074,0.517820710228118,0.525482661723511,
0.533087275838591,0.540679210693967,0.552498975803426,0.570370811711579,0.594362762524139,
0.618557580459744,0.636817033955532,0.649072194830488,0.657019647807514,0.664991248123557,
0.675749660266854,0.689318618179594,0.703016858279938,0.714080119393163,0.722494634828163,
0.730942257105398,0.740427191932625,0.750910582367027,0.76626079264071,0.781650455571977,
0.797082325367641,0.807739743211065,0.817450310142987,0.829145608153961,0.841729328385895,
0.855200842503778,0.870228359431392,0.885045117507577,0.89964779849756,0.909335832976785,
0.917919464932623,0.925282631044359,0.932526109694154,0.939462950303951,0.946215850647291,
0.954830619538233,0.963243663399291,0.971452802184965,0.97734143907171,0.983162976069727,
0.988847928735816,0.994449557865507,1.),
.UNSPECIFIED.);
#6991=VERTEX_POINT('',#13986);
#6992=LINE('',#13987,#13988);
#6993=VERTEX_POINT('',#13990);
#6994=B_SPLINE_CURVE_WITH_KNOTS('',3,
(#13991,#13992,#13993,#13994,#13995,#13996,#13997,#13998,#13999,#14000,#14001,#14002,
#14003,#14004,#14005,#14006,#14007,#14008,#14009,#14010,#14011,#14012,#14013,#14014,
#14015,#14016,#14017,#14018,#14019,#14020,#14021,#14022,#14023,#14024,#14025,#14026,
#14027,#14028,#14029,#14030,#14031,#14032,#14033,#14034,#14035,#14036,#14037,#14038,
#14039,#14040,#14041,#14042,#14043,#14044,#14045,#14046,#14047,#14048,#14049,#14050,
#14051,#14052,#14053,#14054,#14055,#14056,#14057,#14058,#14059,#14060,#14061,#14062,
#14063,#14064,#14065,#14066,#14067,#14068,#14069,#14070,#14071,#14072,#14073,#14074,
#14075,#14076,#14077,#14078,#14079,#14080,#14081,#14082,#14083,#14084,#14085,#14086),
.UNSPECIFIED.,.F.,.F.,
(4,1,1,1,1,1,1,1,1,1,1,1,1,1,1,1,1,1,1,1,1,1,1,1,1,1,1,1,1,1,1,1,1,1,1,1,1,1,1,1,
1,1,1,1,1,1,1,1,1,1,1,1,1,1,1,1,1,1,1,1,1,1,1,1,1,1,1,1,1,1,1,1,1,1,1,1,1,1,1,1,
1,1,1,1,1,1,1,1,1,1,1,1,1,4),
(0.,0.00390151816171412,0.00770135749412362,0.0115455058459337,0.0154996147246607,
0.0194873656703831,0.0235757019847311,0.0277297578301625,0.0319831044540584,0.0362689247448112,
0.0409204900065731,0.0459050074277806,0.0535896565988201,0.064377781669703,0.078403576849377,
0.0935719757075831,0.109286157792432,0.122605526423072,0.133254256935622,0.140935059106292,
0.148450473333919,0.155674724363774,0.162768570748748,0.169767858942929,0.176802717542184,
0.186281267814278,0.198151158688249,0.212297348127186,0.226225943668236,0.237607817685797,
0.246545133840022,0.253081590170078,0.259576028266095,0.269539909261379,0.281350180838078,
0.295009598025929,0.31347871268962,0.339584418109259,0.371263460658263,0.399856456247964,
0.419373688715045,0.43187470056765,0.439580633652852,0.44731450795808,0.455111346355465,
0.462945640899469,0.470816198122295,0.478690156824731,0.486544923557225,0.494370891699072,
0.500007819492368,0.502145878087934,0.509894750198261,0.518421817775312,0.527754988310437,
0.542995017329506,0.565144172898463,0.592598730853721,0.618577832894346,0.63692704839227,
0.649249949018978,0.657240915044294,0.665255076400986,0.676063117341669,0.689685783171227,
0.703428887922276,0.714520194564721,0.722947922172964,0.731406810501249,0.740899488404868,
0.751389052760197,0.766745356834652,0.782141064345548,0.797578864232683,0.808240085034827,
0.81795389790614,0.826725307867216,0.835503114607218,0.845165003011267,0.855709894039513,
0.870732449636981,0.885542227590257,0.900136295459518,0.910562078430226,0.920630727496929,
0.933203865251474,0.948246855842623,0.962012774719878,0.971661674286554,0.977518751641489,
0.983309059313509,0.98895039895045,0.994512219748911,1.),
.UNSPECIFIED.);
#6995=(BOUNDED_CURVE()B_SPLINE_CURVE(3,
(#14087,#14088,#14089,#14090),
.UNSPECIFIED.,.F.,.F.)B_SPLINE_CURVE_WITH_KNOTS((4,4),
(0.,1.),
.UNSPECIFIED.)CURVE()GEOMETRIC_REPRESENTATION_ITEM()RATIONAL_B_SPLINE_CURVE((1.,
0.999999999999886,0.999999999999886,1.))REPRESENTATION_ITEM(''));
#6996=LINE('',#14091,#14092);
#6997=LINE('',#14094,#14095);
#6998=LINE('',#14097,#14098);
#6999=LINE('',#14100,#14101);
#7000=LINE('',#14103,#14104);
#7001=LINE('',#14106,#14107);
#7002=LINE('',#14109,#14110);
#7003=LINE('',#14112,#14113);
#7004=LINE('',#14115,#14116);
#7005=LINE('',#14118,#14119);
#7006=LINE('',#14121,#14122);
#7007=LINE('',#14124,#14125);
#7008=LINE('',#14127,#14128);
#7009=LINE('',#14130,#14131);
#7010=LINE('',#14133,#14134);
#7011=LINE('',#14136,#14137);
#7012=LINE('',#14139,#14140);
#7013=LINE('',#14142,#14143);
#7014=LINE('',#14145,#14146);
#7015=LINE('',#14148,#14149);
#7016=LINE('',#14151,#14152);
#7017=LINE('',#14154,#14155);
#7018=LINE('',#14157,#14158);
#7019=LINE('',#14160,#14161);
#7020=VERTEX_POINT('',#14163);
#7021=CIRCLE('',#14164,6.);
#7022=VERTEX_POINT('',#14168);
#7023=CIRCLE('',#14169,6.);
#7024=CARTESIAN_POINT('',(15.,15.0079153453318,-6.12323399573681E-16));
#7025=AXIS2_PLACEMENT_3D('',#7026,#7027,#7028);
#7026=CARTESIAN_POINT('',(15.,0.00791534533175027,0.));
#7027=DIRECTION('',(1.,2.85843879430401E-16,0.));
#7028=DIRECTION('',(-2.85843879430401E-16,1.,0.));
#7029=CARTESIAN_POINT('',(15.,1.10415475483155E-15,-13.));
#7030=AXIS2_PLACEMENT_3D('',#7031,#7032,#7033);
#7031=CARTESIAN_POINT('',(15.,4.28823643261467E-15,0.));
#7032=DIRECTION('',(1.,2.85843879430401E-16,0.));
#7033=DIRECTION('',(3.50057792000303E-32,-1.22464679914735E-16,-1.));
#7034=CARTESIAN_POINT('',(5.,2.65364935586484E-15,-10.));
#7035=AXIS2_PLACEMENT_3D('',#7036,#7037,#7038);
#7036=CARTESIAN_POINT('',(5.,1.42900255671749E-15,0.));
#7037=DIRECTION('',(-1.,-2.85843879430401E-16,0.));
#7038=DIRECTION('',(0.,0.,-1.));
#7039=CARTESIAN_POINT('',(-5.,-2.04789438439169E-16,-10.));
#7040=AXIS2_PLACEMENT_3D('',#7041,#7042,#7043);
#7041=CARTESIAN_POINT('',(-5.,-1.42943623758652E-15,0.));
#7042=DIRECTION('',(-1.,-2.85843879430401E-16,0.));
#7043=DIRECTION('',(0.,0.,-1.));
#7044=CARTESIAN_POINT('',(17.,1.67584251369235E-15,-13.));
#7045=AXIS2_PLACEMENT_3D('',#7046,#7047,#7048);
#7046=CARTESIAN_POINT('',(17.,4.85992419147547E-15,0.));
#7047=DIRECTION('',(1.,2.85843879430401E-16,0.));
#7048=DIRECTION('',(3.50057792000303E-32,-1.22464679914735E-16,-1.));
#7049=CARTESIAN_POINT('',(5.,-3.97785206661673E-17,-6.));
#7050=AXIS2_PLACEMENT_3D('',#7051,#7052,#7053);
#7051=CARTESIAN_POINT('',(5.,1.42979763831066E-15,0.));
#7052=DIRECTION('',(1.,2.85843879430401E-16,0.));
#7053=DIRECTION('',(3.50057792000303E-32,-1.22464679914735E-16,-1.));
#7054=CARTESIAN_POINT('',(14.,16.0079153453318,-9.79717439317883E-16));
#7055=AXIS2_PLACEMENT_3D('',#7056,#7057,#7058);
#7056=CARTESIAN_POINT('',(14.,0.00791534533174999,0.));
#7057=DIRECTION('',(1.,2.85843879430401E-16,0.));
#7058=DIRECTION('',(-2.85843879430401E-16,1.,1.22464679914735E-16));
#7059=CARTESIAN_POINT('',(-5.,-2.89937379728748E-15,6.));
#7060=AXIS2_PLACEMENT_3D('',#7061,#7062,#7063);
#7061=CARTESIAN_POINT('',(-5.,-1.42979763831066E-15,0.));
#7062=DIRECTION('',(-1.,-2.85843879430401E-16,0.));
#7063=DIRECTION('',(3.50057792000303E-32,-1.22464679914735E-16,1.));
#7064=CARTESIAN_POINT('',(18.,2.20661575295222E-15,-12.));
#7065=AXIS2_PLACEMENT_3D('',#7066,#7067,#7068);
#7066=CARTESIAN_POINT('',(18.,5.14576807090587E-15,8.75811540203011E-47));
#7067=DIRECTION('',(1.,2.85843879430401E-16,0.));
#7068=DIRECTION('',(3.50057792000303E-32,-1.22464679914735E-16,-1.));
#7069=CARTESIAN_POINT('',(18.,3.43126255209958E-15,-7.));
#7070=AXIS2_PLACEMENT_3D('',#7071,#7072,#7073);
#7071=CARTESIAN_POINT('',(18.,5.14576807090587E-15,8.75811540203011E-47));
#7072=DIRECTION('',(1.,2.85843879430401E-16,0.));
#7073=DIRECTION('',(3.50057792000303E-32,-1.22464679914735E-16,-1.));
#7074=CARTESIAN_POINT('',(17.,3.39034803249865E-15,-6.));
#7075=AXIS2_PLACEMENT_3D('',#7076,#7077,#7078);
#7076=CARTESIAN_POINT('',(17.,4.85992419147547E-15,0.));
#7077=DIRECTION('',(1.,2.85843879430401E-16,0.));
#7078=DIRECTION('',(3.50057792000302E-32,-1.22464679914735E-16,-1.));
#7079=CARTESIAN_POINT('',(3.5,16.0079153453318,-2.61257983818103E-15));
#7080=CARTESIAN_POINT('',(3.5,-15.9920846546683,1.95943487863577E-15));
#7081=AXIS2_PLACEMENT_3D('',#7082,#7083,#7084);
#7082=CARTESIAN_POINT('',(3.5,0.00791534533174698,0.));
#7083=DIRECTION('',(1.,2.85843879430401E-16,0.));
#7084=DIRECTION('',(-2.85843879430401E-16,1.,0.));
#7085=AXIS2_PLACEMENT_3D('',#7086,#7087,#7088);
#7086=CARTESIAN_POINT('',(3.5,0.00791534533174698,0.));
#7087=DIRECTION('',(1.,2.85843879430401E-16,0.));
#7088=DIRECTION('',(2.85843879430401E-16,-1.,1.22464679914735E-16));
#7089=CARTESIAN_POINT('',(-17.,-6.32950035045229E-15,6.));
#7090=AXIS2_PLACEMENT_3D('',#7091,#7092,#7093);
#7091=CARTESIAN_POINT('',(-17.,-4.85992419147547E-15,0.));
#7092=DIRECTION('',(-1.,-2.85843879430401E-16,0.));
#7093=DIRECTION('',(3.50057792000302E-32,-1.22464679914735E-16,1.));
#7094=CARTESIAN_POINT('',(2.50000000000006,17.0079153453318,0.));
#7095=CARTESIAN_POINT('',(2.50000000000003,-16.9920846546683,2.0818995585505E-15));
#7096=AXIS2_PLACEMENT_3D('',#7097,#7098,#7099);
#7097=CARTESIAN_POINT('',(2.50000000000006,0.0079153453317467,0.));
#7098=DIRECTION('',(1.,2.85843879430401E-16,0.));
#7099=DIRECTION('',(-2.85843879430401E-16,1.,0.));
#7100=AXIS2_PLACEMENT_3D('',#7101,#7102,#7103);
#7101=CARTESIAN_POINT('',(2.50000000000006,0.0079153453317467,0.));
#7102=DIRECTION('',(1.,2.85843879430401E-16,0.));
#7103=DIRECTION('',(2.85843879430401E-16,-1.,1.22464679914735E-16));
#7104=CARTESIAN_POINT('',(-18.,-8.08492038885952E-15,12.));
#7105=AXIS2_PLACEMENT_3D('',#7106,#7107,#7108);
#7106=CARTESIAN_POINT('',(-18.,-5.14576807090587E-15,8.75811540203011E-47));
#7107=DIRECTION('',(-1.,-2.85843879430401E-16,0.));
#7108=DIRECTION('',(3.50057792000303E-32,-1.22464679914735E-16,1.));
#7109=CARTESIAN_POINT('',(-18.,-6.86027358971216E-15,7.));
#7110=AXIS2_PLACEMENT_3D('',#7111,#7112,#7113);
#7111=CARTESIAN_POINT('',(-18.,-5.14576807090587E-15,8.75811540203011E-47));
#7112=DIRECTION('',(-1.,-2.85843879430401E-16,0.));
#7113=DIRECTION('',(3.50057792000303E-32,-1.22464679914735E-16,1.));
#7114=CARTESIAN_POINT('',(2.5,26.6363364420822,0.));
#7115=CARTESIAN_POINT('',(2.50000000000004,-26.6205057514187,3.26104106624832E-15));
#7116=AXIS2_PLACEMENT_3D('',#7117,#7118,#7119);
#7117=CARTESIAN_POINT('',(2.50000000000006,0.0079153453317467,0.));
#7118=DIRECTION('',(1.,2.85843879430401E-16,0.));
#7119=DIRECTION('',(-2.85843879430401E-16,1.,0.));
#7120=AXIS2_PLACEMENT_3D('',#7121,#7122,#7123);
#7121=CARTESIAN_POINT('',(2.50000000000006,0.0079153453317467,0.));
#7122=DIRECTION('',(1.,2.85843879430401E-16,0.));
#7123=DIRECTION('',(2.85843879430401E-16,-1.,1.22464679914735E-16));
#7124=CARTESIAN_POINT('',(-15.,-7.47231811039778E-15,13.));
#7125=AXIS2_PLACEMENT_3D('',#7126,#7127,#7128);
#7126=CARTESIAN_POINT('',(-15.,-4.28823643261467E-15,0.));
#7127=DIRECTION('',(-1.,-2.85843879430401E-16,0.));
#7128=DIRECTION('',(3.50057792000303E-32,-1.22464679914735E-16,1.));
#7129=CARTESIAN_POINT('',(-17.,-8.04400586925859E-15,13.));
#7130=AXIS2_PLACEMENT_3D('',#7131,#7132,#7133);
#7131=CARTESIAN_POINT('',(-17.,-4.85992419147547E-15,0.));
#7132=DIRECTION('',(-1.,-2.85843879430401E-16,0.));
#7133=DIRECTION('',(3.50057792000303E-32,-1.22464679914735E-16,1.));
#7134=CARTESIAN_POINT('',(2.99999999999998,27.5023618458667,-2.24473239341388E-15));
#7135=CARTESIAN_POINT('',(3.,-27.4865311552032,3.36709859012083E-15));
#7136=AXIS2_PLACEMENT_3D('',#7137,#7138,#7139);
#7137=CARTESIAN_POINT('',(2.99999999999999,0.00791534533174684,0.));
#7138=DIRECTION('',(1.,2.85843879430401E-16,0.));
#7139=DIRECTION('',(-2.85843879430401E-16,1.,0.));
#7140=AXIS2_PLACEMENT_3D('',#7141,#7142,#7143);
#7141=CARTESIAN_POINT('',(2.99999999999999,0.00791534533174684,0.));
#7142=DIRECTION('',(1.,2.85843879430401E-16,0.));
#7143=DIRECTION('',(2.85843879430401E-16,-1.,-1.22464679914735E-16));
#7144=CARTESIAN_POINT('',(-15.,15.0079153453317,-1.83697019872103E-15));
#7145=AXIS2_PLACEMENT_3D('',#7146,#7147,#7148);
#7146=CARTESIAN_POINT('',(-15.,0.00791534533174169,0.));
#7147=DIRECTION('',(1.,2.85843879430401E-16,0.));
#7148=DIRECTION('',(-2.85843879430401E-16,1.,0.));
#7149=CARTESIAN_POINT('',(18.,35.0079153453318,-4.28626379701574E-15));
#7150=AXIS2_PLACEMENT_3D('',#7151,#7152,#7153);
#7151=CARTESIAN_POINT('',(18.,0.00791534533175113,0.));
#7152=DIRECTION('',(1.,2.85843879430401E-16,0.));
#7153=DIRECTION('',(-2.85843879430401E-16,1.,0.));
#7154=CARTESIAN_POINT('',(-14.,16.0079153453317,-1.95943487863576E-15));
#7155=AXIS2_PLACEMENT_3D('',#7156,#7157,#7158);
#7156=CARTESIAN_POINT('',(-14.,0.00791534533174198,0.));
#7157=DIRECTION('',(1.,2.85843879430401E-16,0.));
#7158=DIRECTION('',(-2.85843879430401E-16,1.,0.));
#7159=CARTESIAN_POINT('',(18.,90.0079153453318,-1.10218211923262E-14));
#7160=AXIS2_PLACEMENT_3D('',#7161,#7162,#7163);
#7161=CARTESIAN_POINT('',(18.,0.00791534533175113,0.));
#7162=DIRECTION('',(1.,2.85843879430401E-16,0.));
#7163=DIRECTION('',(-2.85843879430401E-16,1.,0.));
#7164=CARTESIAN_POINT('',(18.,38.7645364721845,63.1131456484465));
#7165=AXIS2_PLACEMENT_3D('',#7166,#7167,#7168);
#7166=CARTESIAN_POINT('',(18.,38.7645364721845,67.1131456484465));
#7167=DIRECTION('',(-1.,-2.85843879430401E-16,0.));
#7168=DIRECTION('',(0.,0.,-1.));
#7169=CARTESIAN_POINT('',(18.,73.8318907023244,-23.9221793006016));
#7170=AXIS2_PLACEMENT_3D('',#7171,#7172,#7173);
#7171=CARTESIAN_POINT('',(18.,74.8671668827345,-20.0584759954453));
#7172=DIRECTION('',(-1.,-2.85843879430401E-16,0.));
#7173=DIRECTION('',(7.39818399225762E-17,-0.25881904510252,-0.965925826289069));
#7174=CARTESIAN_POINT('',(18.,0.00791534533174451,-81.5));
#7175=AXIS2_PLACEMENT_3D('',#7176,#7177,#7178);
#7176=CARTESIAN_POINT('',(18.,0.00791534533174402,-77.5));
#7177=DIRECTION('',(-1.,-2.85843879430401E-16,0.));
#7178=DIRECTION('',(0.,0.,-1.));
#7179=CARTESIAN_POINT('',(18.,25.,-47.5512701892219));
#7180=AXIS2_PLACEMENT_3D('',#7181,#7182,#7183);
#7181=CARTESIAN_POINT('',(18.,25.,-43.3012701892219));
#7182=DIRECTION('',(-1.,-2.85843879430401E-16,0.));
#7183=DIRECTION('',(0.,0.,-1.));
#7184=CARTESIAN_POINT('',(18.,25.,39.0512701892219));
#7185=AXIS2_PLACEMENT_3D('',#7186,#7187,#7188);
#7186=CARTESIAN_POINT('',(18.,25.,43.3012701892219));
#7187=DIRECTION('',(-1.,-2.85843879430401E-16,0.));
#7188=DIRECTION('',(0.,0.,-1.));
#7189=CARTESIAN_POINT('',(18.,-35.3474237139956,38.8553390593274));
#7190=AXIS2_PLACEMENT_3D('',#7191,#7192,#7193);
#7191=CARTESIAN_POINT('',(18.,-35.3474237139956,35.3553390593274));
#7192=DIRECTION('',(1.,2.85843879430401E-16,0.));
#7193=DIRECTION('',(0.,0.,1.));
#7194=CARTESIAN_POINT('',(-3.49999999999998,-15.9920846546683,1.95943487863576E-15));
#7195=CARTESIAN_POINT('',(-3.49999999999999,16.0079153453317,-2.61257983818102E-15));
#7196=AXIS2_PLACEMENT_3D('',#7197,#7198,#7199);
#7197=CARTESIAN_POINT('',(-3.49999999999999,0.00791534533174498,0.));
#7198=DIRECTION('',(1.,2.85843879430401E-16,0.));
#7199=DIRECTION('',(2.85843879430401E-16,-1.,1.22464679914735E-16));
#7200=AXIS2_PLACEMENT_3D('',#7201,#7202,#7203);
#7201=CARTESIAN_POINT('',(-3.49999999999999,0.00791534533174498,0.));
#7202=DIRECTION('',(1.,2.85843879430401E-16,0.));
#7203=DIRECTION('',(-2.85843879430401E-16,1.,-2.44929359829471E-16));
#7204=CARTESIAN_POINT('',(14.,90.0079153453318,-1.10218211923262E-14));
#7205=AXIS2_PLACEMENT_3D('',#7206,#7207,#7208);
#7206=CARTESIAN_POINT('',(14.,0.00791534533174998,0.));
#7207=DIRECTION('',(1.,2.85843879430401E-16,0.));
#7208=DIRECTION('',(-2.85843879430401E-16,1.,0.));
#7209=CARTESIAN_POINT('',(14.,38.7645364721845,63.1131456484465));
#7210=AXIS2_PLACEMENT_3D('',#7211,#7212,#7213);
#7211=CARTESIAN_POINT('',(14.,38.7645364721845,67.1131456484465));
#7212=DIRECTION('',(-1.,-2.85843879430401E-16,0.));
#7213=DIRECTION('',(0.,0.,-1.));
#7214=CARTESIAN_POINT('',(14.,73.8318907023244,-23.9221793006016));
#7215=AXIS2_PLACEMENT_3D('',#7216,#7217,#7218);
#7216=CARTESIAN_POINT('',(14.,74.8671668827345,-20.0584759954453));
#7217=DIRECTION('',(-1.,-2.85843879430401E-16,0.));
#7218=DIRECTION('',(7.39818399225762E-17,-0.25881904510252,-0.965925826289069));
#7219=CARTESIAN_POINT('',(14.,0.00791534533174337,-81.5));
#7220=AXIS2_PLACEMENT_3D('',#7221,#7222,#7223);
#7221=CARTESIAN_POINT('',(14.,0.00791534533174288,-77.5));
#7222=DIRECTION('',(-1.,-2.85843879430401E-16,0.));
#7223=DIRECTION('',(0.,0.,-1.));
#7224=CARTESIAN_POINT('',(7.77161066619139,25.0000000001385,-47.5512701891419));
#7225=CARTESIAN_POINT('',(7.77161066613012,25.000000000534,-47.5512701891019));
#7226=CARTESIAN_POINT('',(7.75994263263069,24.9380452809524,-47.5512701682972));
#7227=CARTESIAN_POINT('',(7.73607579446897,24.8146586853361,-47.5485696499492));
#7228=CARTESIAN_POINT('',(7.69884943403862,24.6309073824973,-47.5365358161321));
#7229=CARTESIAN_POINT('',(7.66069336388871,24.449793708582,-47.5168026342493));
#7230=CARTESIAN_POINT('',(7.621901023056,24.2715636472578,-47.4896566933714));
#7231=CARTESIAN_POINT('',(7.57881784101084,24.0788256589331,-47.4519299820886));
#7232=CARTESIAN_POINT('',(7.53164506934337,23.8728766079902,-47.4012157563723));
#7233=CARTESIAN_POINT('',(7.48099212238601,23.6558371521392,-47.3351993767178));
#7234=CARTESIAN_POINT('',(7.43477397992096,23.4597980302565,-47.2640450670147));
#7235=CARTESIAN_POINT('',(7.39225546436776,23.2797364646681,-47.1889610484279));
#7236=CARTESIAN_POINT('',(7.35174978103122,23.1074872405993,-47.1083546911459));
#7237=CARTESIAN_POINT('',(7.30959931688382,22.9261861720162,-47.0130166972957));
#7238=CARTESIAN_POINT('',(7.26686297407963,22.7383628813462,-46.901842141686));
#7239=CARTESIAN_POINT('',(7.22599431303027,22.5525396899589,-46.7782359862625));
#7240=CARTESIAN_POINT('',(7.18943298187835,22.378069966476,-46.6483717672925));
#7241=CARTESIAN_POINT('',(7.15843727988551,22.2207322404413,-46.518533948188));
#7242=CARTESIAN_POINT('',(7.13325633607372,22.0831577089353,-46.3940005047404));
#7243=CARTESIAN_POINT('',(7.11252063921622,21.9597771702003,-46.2725966162523));
#7244=CARTESIAN_POINT('',(7.09321124903882,21.8326266198771,-46.1372845082775));
#7245=CARTESIAN_POINT('',(7.07567285907942,21.6978036949488,-45.9799552891903));
#7246=CARTESIAN_POINT('',(7.06155276303658,21.5565522893269,-45.796002146597));
#7247=CARTESIAN_POINT('',(7.05358133427506,21.4297925618926,-45.6104743131406));
#7248=CARTESIAN_POINT('',(7.05183213567926,21.348406484115,-45.4769564484741));
#7249=CARTESIAN_POINT('',(7.05205805795285,21.2736238368796,-45.3464666802286));
#7250=CARTESIAN_POINT('',(7.05441245178393,21.2008268542334,-45.2103550638458));
#7251=CARTESIAN_POINT('',(7.062277731935,21.1152658993836,-45.0285511802027));
#7252=CARTESIAN_POINT('',(7.07327664365188,21.0442728218499,-44.8582934907927));
#7253=CARTESIAN_POINT('',(7.08674604345795,20.983784878565,-44.6951883629067));
#7254=CARTESIAN_POINT('',(7.10396702406104,20.9281548617526,-44.5235296373754));
#7255=CARTESIAN_POINT('',(7.12516726479016,20.8782641993126,-44.3432606136736));
#7256=CARTESIAN_POINT('',(7.15008272378194,20.8356531991668,-44.1574745704857));
#7257=CARTESIAN_POINT('',(7.17833229822105,20.8012647974722,-43.9686409544273));
#7258=CARTESIAN_POINT('',(7.20918767353324,20.7756620599502,-43.7801666325174));
#7259=CARTESIAN_POINT('',(7.24208224242524,20.7587092716312,-43.5935985424877));
#7260=CARTESIAN_POINT('',(7.27196279126069,20.7512257852213,-43.4342132516156));
#7261=CARTESIAN_POINT('',(7.29603115488327,20.7496712403448,-43.3109549897795));
#7262=CARTESIAN_POINT('',(7.32113306325706,20.750826579912,-43.1853587591023));
#7263=CARTESIAN_POINT('',(7.35306224512645,20.7571668512917,-43.0304877827515));
#7264=CARTESIAN_POINT('',(7.3947919390515,20.7740652303596,-42.8353693357704));
#7265=CARTESIAN_POINT('',(7.43833599492793,20.8005027551436,-42.6377667015753));
#7266=CARTESIAN_POINT('',(7.48282688348057,20.8364811641495,-42.4404600947742));
#7267=CARTESIAN_POINT('',(7.52720209514337,20.8813183940282,-42.246785650107));
#7268=CARTESIAN_POINT('',(7.57044141732614,20.933852604703,-42.0598142223003));
#7269=CARTESIAN_POINT('',(7.61212008376259,20.9932056188214,-41.8801318829235));
#7270=CARTESIAN_POINT('',(7.65191060560517,21.0585001206004,-41.7081238326515));
#7271=CARTESIAN_POINT('',(7.69010605437978,21.1299825375945,-41.5416587795663));
#7272=CARTESIAN_POINT('',(7.72739978514184,21.2091418327722,-41.376897544974));
#7273=CARTESIAN_POINT('',(7.76440661270627,21.2983719576434,-41.2101001122061));
#7274=CARTESIAN_POINT('',(7.80634613098725,21.4141118470432,-41.0156299636461));
#7275=CARTESIAN_POINT('',(7.85069112776982,21.5598579501996,-40.8000424079648));
#7276=CARTESIAN_POINT('',(7.89421310842371,21.7385911750595,-40.5711202580791));
#7277=CARTESIAN_POINT('',(7.92663210223858,21.9091965019958,-40.3808953490752));
#7278=CARTESIAN_POINT('',(7.94944374255461,22.0611308967717,-40.2294622011187));
#7279=CARTESIAN_POINT('',(7.9641705536764,22.1812528990465,-40.1193175066085));
#7280=CARTESIAN_POINT('',(7.97492147354253,22.2884807674864,-40.0278023928632));
#7281=CARTESIAN_POINT('',(7.98263837125192,22.3823237784264,-39.9524579943751));
#7282=CARTESIAN_POINT('',(7.98852981084079,22.4705170614305,-39.8854306126961));
#7283=CARTESIAN_POINT('',(7.99313261563116,22.5576870899751,-39.8225469719038));
#7284=CARTESIAN_POINT('',(7.99668381340183,22.6489039461078,-39.760213686876));
#7285=CARTESIAN_POINT('',(7.99932138093947,22.7546956216555,-39.6919632369136));
#7286=CARTESIAN_POINT('',(8.00003710063818,22.8352113009354,-39.6435334324785));
#7287=CARTESIAN_POINT('',(7.99994011988226,22.9502557123215,-39.5773760269719));
#7288=CARTESIAN_POINT('',(7.99779380414964,23.0953852143418,-39.4994140968018));
#7289=CARTESIAN_POINT('',(7.98923454924875,23.3057428292394,-39.4012669717987));
#7290=CARTESIAN_POINT('',(7.9764775222724,23.5044178327225,-39.3214813358001));
#7291=CARTESIAN_POINT('',(7.9613365948513,23.6868856963403,-39.2578537917038));
#7292=CARTESIAN_POINT('',(7.94354757578694,23.86589603519,-39.2038856427237));
#7293=CARTESIAN_POINT('',(7.9216620377188,24.054964516075,-39.156068160347));
#7294=CARTESIAN_POINT('',(7.89552645748207,24.2532699902466,-39.1157171317439));
#7295=CARTESIAN_POINT('',(7.86549863307481,24.457321571545,-39.0843355745683));
#7296=CARTESIAN_POINT('',(7.82809941919976,24.6886110431151,-39.0603186108206));
#7297=CARTESIAN_POINT('',(7.7959217309964,24.8700143454008,-39.0519975515875));
#7298=CARTESIAN_POINT('',(7.76149491457553,25.0542996441027,-39.0507952952874));
#7299=CARTESIAN_POINT('',(7.72643026192561,25.2347449757376,-39.0554352722348));
#7300=CARTESIAN_POINT('',(7.68003259116103,25.4598357767071,-39.0741215773103));
#7301=CARTESIAN_POINT('',(7.63388505924273,25.6740348504075,-39.1036157675693));
#7302=CARTESIAN_POINT('',(7.59181159459505,25.8635243352444,-39.1384301848916));
#7303=CARTESIAN_POINT('',(7.54804349631454,26.0558983904856,-39.1828832732668));
#7304=CARTESIAN_POINT('',(7.50126921418823,26.2576118798548,-39.2396836792609));
#7305=CARTESIAN_POINT('',(7.4516974141372,26.4685832676395,-39.3108422323281));
#7306=CARTESIAN_POINT('',(7.39277302582616,26.7179654966798,-39.4103282202718));
#7307=CARTESIAN_POINT('',(7.32715737658013,26.9970013874642,-39.5443417625521));
#7308=CARTESIAN_POINT('',(7.2583422438962,27.2981114870952,-39.7204505433157));
#7309=CARTESIAN_POINT('',(7.20269491374553,27.5559866665577,-39.9013641832487));
#7310=CARTESIAN_POINT('',(7.16031495207597,27.7686447372384,-40.0739880244012));
#7311=CARTESIAN_POINT('',(7.13043161540644,27.9322029673853,-40.22239960542));
#7312=CARTESIAN_POINT('',(7.10718056100854,28.0734936379745,-40.3639578936694));
#7313=CARTESIAN_POINT('',(7.08955426422417,28.1945458207885,-40.4964128032647));
#7314=CARTESIAN_POINT('',(7.0758695717282,28.3035153634849,-40.6257805449452));
#7315=CARTESIAN_POINT('',(7.06513622207464,28.4068283467756,-40.7585000353549));
#7316=CARTESIAN_POINT('',(7.05706100467941,28.5098818816192,-40.9024217456971));
#7317=CARTESIAN_POINT('',(7.0527581985831,28.6017277059105,-41.0431578936921));
#7318=CARTESIAN_POINT('',(7.0517528404057,28.6701008168436,-41.1573017357288));
#7319=CARTESIAN_POINT('',(7.05230949383363,28.7393247114218,-41.279572418599));
#7320=CARTESIAN_POINT('',(7.05554538841506,28.8154682038744,-41.4252404914907));
#7321=CARTESIAN_POINT('',(7.06437092195864,28.9019760269521,-41.6128215897904));
#7322=CARTESIAN_POINT('',(7.07817582389258,28.982225297649,-41.811265640934));
#7323=CARTESIAN_POINT('',(7.09735651247609,29.0543318099148,-42.0195782476528));
#7324=CARTESIAN_POINT('',(7.12233126248378,29.1169172590921,-42.2382007090225));
#7325=CARTESIAN_POINT('',(7.14918146736714,29.1630998143288,-42.4387984015925));
#7326=CARTESIAN_POINT('',(7.17696170980899,29.1969889579828,-42.6246305674236));
#7327=CARTESIAN_POINT('',(7.2055981301714,29.221760328067,-42.8010268051811));
#7328=CARTESIAN_POINT('',(7.23773804829274,29.2396266565309,-42.9850614873114));
#7329=CARTESIAN_POINT('',(7.26902679716391,29.2484220204318,-43.1531183210465));
#7330=CARTESIAN_POINT('',(7.29426014101724,29.2503520056201,-43.2826621974568));
#7331=CARTESIAN_POINT('',(7.32065675455745,29.2492499065135,-43.4148565081515));
#7332=CARTESIAN_POINT('',(7.35267522910734,29.2430151527628,-43.570263993157));
#7333=CARTESIAN_POINT('',(7.39449603965059,29.2260382109204,-43.7657744560526));
#7334=CARTESIAN_POINT('',(7.43641091719523,29.2006841843922,-43.9560536930035));
#7335=CARTESIAN_POINT('',(7.47790484166902,29.1677051045182,-44.1403454914836));
#7336=CARTESIAN_POINT('',(7.52302908363337,29.1234859964114,-44.3377053038995));
#7337=CARTESIAN_POINT('',(7.57274409688726,29.0640052575391,-44.5527168292115));
#7338=CARTESIAN_POINT('',(7.62741593941827,28.9840595126081,-44.7883072128646));
#7339=CARTESIAN_POINT('',(7.67921872528364,28.8925267746007,-45.0129688973409));
#7340=CARTESIAN_POINT('',(7.72761430445965,28.7912310578013,-45.2263337722193));
#7341=CARTESIAN_POINT('',(7.77271022726299,28.6809746039917,-45.430063172527));
#7342=CARTESIAN_POINT('',(7.8168415438991,28.5535886581835,-45.636926936144));
#7343=CARTESIAN_POINT('',(7.85780565821142,28.4118430648796,-45.8394372542689));
#7344=CARTESIAN_POINT('',(7.89323420586642,28.263216196818,-46.0274348558522));
#7345=CARTESIAN_POINT('',(7.92137498648099,28.1192038992631,-46.1904107870429));
#7346=CARTESIAN_POINT('',(7.94300990850487,27.9844230055388,-46.3288606170898));
#7347=CARTESIAN_POINT('',(7.95878997331361,27.8650698546599,-46.4416018088041));
#7348=CARTESIAN_POINT('',(7.97044780728715,27.7583235309233,-46.5354100481241));
#7349=CARTESIAN_POINT('',(7.9788841304567,27.6653164163919,-46.6122887195009));
#7350=CARTESIAN_POINT('',(7.9853931758084,27.5785627056018,-46.6802018545602));
#7351=CARTESIAN_POINT('',(7.99057175349429,27.4935726602463,-46.7434160503149));
#7352=CARTESIAN_POINT('',(7.99473066812011,27.4051918124887,-46.8057784098875));
#7353=CARTESIAN_POINT('',(7.99784431296111,27.311280027169,-46.8684708686897));
#7354=CARTESIAN_POINT('',(7.9996267041651,27.2175329077129,-46.9274401323982));
#7355=CARTESIAN_POINT('',(8.00003550929872,27.148298306756,-46.9685233490642));
#7356=CARTESIAN_POINT('',(7.99994566225952,27.0740196748873,-47.0111640212617));
#7357=CARTESIAN_POINT('',(7.99906864603271,26.9868909614748,-47.0590852827238));
#7358=CARTESIAN_POINT('',(7.99579902036982,26.8582290038069,-47.1244775930889));
#7359=CARTESIAN_POINT('',(7.99007540273744,26.7196514212689,-47.1888909974478));
#7360=CARTESIAN_POINT('',(7.98156212396112,26.571358777448,-47.2512372574448));
#7361=CARTESIAN_POINT('',(7.97019721331503,26.4164672351769,-47.3094562534359));
#7362=CARTESIAN_POINT('',(7.95593434730274,26.2563019215889,-47.3625246359389));
#7363=CARTESIAN_POINT('',(7.93903581697211,26.0939581351823,-47.409218121631));
#7364=CARTESIAN_POINT('',(7.92004859615414,25.9334617682,-47.4485596630883));
#7365=CARTESIAN_POINT('',(7.8995892795053,25.7776778225481,-47.4804682137111));
#7366=CARTESIAN_POINT('',(7.87850189875251,25.6302703342948,-47.5051098135962));
#7367=CARTESIAN_POINT('',(7.85700903518814,25.4902221641033,-47.523637393887));
#7368=CARTESIAN_POINT('',(7.83355069276262,25.3460969185077,-47.5380165058033));
#7369=CARTESIAN_POINT('',(7.8054740006587,25.183149852572,-47.5485683273434));
#7370=CARTESIAN_POINT('',(7.78378816054134,25.0646598467276,-47.551270210815));
#7371=CARTESIAN_POINT('',(7.77161066613012,25.000000000534,-47.5512701891019));
#7372=CARTESIAN_POINT('',(7.77161066612181,24.9999999999538,39.0512701892486));
#7373=CARTESIAN_POINT('',(7.7716106672279,24.999999993395,39.0512701892623));
#7374=CARTESIAN_POINT('',(7.78455814486301,24.9312533525544,39.051270106649));
#7375=CARTESIAN_POINT('',(7.81067259622864,24.7883014517778,39.0547354416403));
#7376=CARTESIAN_POINT('',(7.84839292434032,24.5660018616161,39.0713813935926));
#7377=CARTESIAN_POINT('',(7.88586469800904,24.3231394568708,39.1029123055274));
#7378=CARTESIAN_POINT('',(7.92143184743954,24.0608992158159,39.1531518297568));
#7379=CARTESIAN_POINT('',(7.95522080137854,23.7622643674766,39.2311062140734));
#7380=CARTESIAN_POINT('',(7.98242634323393,23.4401177621194,39.3422260869968));
#7381=CARTESIAN_POINT('',(7.99722943006089,23.1364806031618,39.4772198907246));
#7382=CARTESIAN_POINT('',(8.00047554651654,22.9190521161477,39.5939367828922));
#7383=CARTESIAN_POINT('',(7.99918633063251,22.7146806808804,39.7154337108679));
#7384=CARTESIAN_POINT('',(7.9915759540217,22.4881108083582,39.8669186335771));
#7385=CARTESIAN_POINT('',(7.96845250420565,22.1996086969915,40.0967436891377));
#7386=CARTESIAN_POINT('',(7.93013843606593,21.9183240290164,40.3654515236188));
#7387=CARTESIAN_POINT('',(7.87650213149625,21.6540143117634,40.6703148344836));
#7388=CARTESIAN_POINT('',(7.80961548025397,21.4170036239652,41.0032041042844));
#7389=CARTESIAN_POINT('',(7.73262607980196,21.2142436267849,41.355730720984));
#7390=CARTESIAN_POINT('',(7.65028121614522,21.0504146185696,41.7159448768562));
#7391=CARTESIAN_POINT('',(7.56748882025841,20.9260501247846,42.0722410795772));
#7392=CARTESIAN_POINT('',(7.48610067108811,20.8362120087444,42.4249789094973));
#7393=CARTESIAN_POINT('',(7.40234800430351,20.7739156018003,42.7981315633473));
#7394=CARTESIAN_POINT('',(7.33999699947146,20.7521438895368,43.0914517136297));
#7395=CARTESIAN_POINT('',(7.28010011894356,20.7484873276884,43.390185548813));
#7396=CARTESIAN_POINT('',(7.21742772098494,20.7629525897842,43.7222307999513));
#7397=CARTESIAN_POINT('',(7.14647405894917,20.8291296999252,44.164291206086));
#7398=CARTESIAN_POINT('',(7.09405073500504,20.9456370345166,44.5978040997081));
#7399=CARTESIAN_POINT('',(7.06470886571263,21.081566336316,44.9598683071464));
#7400=CARTESIAN_POINT('',(7.05355834512476,21.2084682673413,45.2272233362751));
#7401=CARTESIAN_POINT('',(7.05133519056346,21.3208439661564,45.4313337599494));
#7402=CARTESIAN_POINT('',(7.05400009316976,21.454028246328,45.6506626383425));
#7403=CARTESIAN_POINT('',(7.06886767107157,21.6525765890725,45.9311520498621));
#7404=CARTESIAN_POINT('',(7.10639831423168,21.933066523765,46.2542454447361));
#7405=CARTESIAN_POINT('',(7.16258264272634,22.2491656576358,46.5505696862731));
#7406=CARTESIAN_POINT('',(7.23168120013343,22.5820326676233,46.8042986571075));
#7407=CARTESIAN_POINT('',(7.30715180619951,22.9169979108158,47.0122614635705));
#7408=CARTESIAN_POINT('',(7.38488484394854,23.2489027256329,47.1794168855613));
#7409=CARTESIAN_POINT('',(7.46479655436534,23.5865762580009,47.3147840466996));
#7410=CARTESIAN_POINT('',(7.54787765446676,23.9418601404319,47.4232394021067));
#7411=CARTESIAN_POINT('',(7.6337717541841,24.3222533031547,47.5032400173767));
#7412=CARTESIAN_POINT('',(7.70944467174402,24.6791315773996,47.543819265255));
#7413=CARTESIAN_POINT('',(7.76488032961013,24.962077992555,47.5530375767143));
#7414=CARTESIAN_POINT('',(7.81955723158632,25.2594415559436,47.5473413504082));
#7415=CARTESIAN_POINT('',(7.87727866622997,25.6081006968369,47.5153493291344));
#7416=CARTESIAN_POINT('',(7.93365181016369,26.029646244003,47.4316920690163));
#7417=CARTESIAN_POINT('',(7.97102829052512,26.4066642340049,47.3175334411506));
#7418=CARTESIAN_POINT('',(7.99239724093095,26.739036014485,47.1840604100475));
#7419=CARTESIAN_POINT('',(7.99926929609907,26.970745685357,47.0689512097915));
#7420=CARTESIAN_POINT('',(8.00033238883016,27.1522325937955,46.9670585262047));
#7421=CARTESIAN_POINT('',(7.99842941031074,27.3188189918762,46.8657105656894));
#7422=CARTESIAN_POINT('',(7.98951498125263,27.5358921288528,46.7161333446127));
#7423=CARTESIAN_POINT('',(7.96995149497619,27.7789107394647,46.5222664819344));
#7424=CARTESIAN_POINT('',(7.93786490843592,28.0308461468659,46.28794575549));
#7425=CARTESIAN_POINT('',(7.89069528766906,28.2840754110432,46.0086295811015));
#7426=CARTESIAN_POINT('',(7.82716648571566,28.5278908853754,45.683331374603));
#7427=CARTESIAN_POINT('',(7.75016142235367,28.745315012309,45.3249789177447));
#7428=CARTESIAN_POINT('',(7.662901045238,28.9286547584347,44.9409280396617));
#7429=CARTESIAN_POINT('',(7.56969187952203,29.0729731153308,44.5398754405929));
#7430=CARTESIAN_POINT('',(7.47378414878527,29.1769114123916,44.1243048837456));
#7431=CARTESIAN_POINT('',(7.38164042089785,29.2370562393346,43.709985099698));
#7432=CARTESIAN_POINT('',(7.32170450230346,29.2505700300449,43.4215549794046));
#7433=CARTESIAN_POINT('',(7.26349189845545,29.2492987028456,43.1260869220669));
#7434=CARTESIAN_POINT('',(7.20440010754975,29.229526323088,42.8059397007417));
#7435=CARTESIAN_POINT('',(7.13299048900319,29.1492424339876,42.3402537640983));
#7436=CARTESIAN_POINT('',(7.08069053034173,29.013930522265,41.8764901674999));
#7437=CARTESIAN_POINT('',(7.05605497414648,28.8502161465403,41.487587119487));
#7438=CARTESIAN_POINT('',(7.05093980488271,28.6994453995432,41.2046646545885));
#7439=CARTESIAN_POINT('',(7.05419685422462,28.5355736074185,40.9347087994237));
#7440=CARTESIAN_POINT('',(7.07139195232796,28.3202416999847,40.6350348630917));
#7441=CARTESIAN_POINT('',(7.11382014533699,28.0210196085924,40.3013939130047));
#7442=CARTESIAN_POINT('',(7.17177869289242,27.7045764001193,40.0140319561726));
#7443=CARTESIAN_POINT('',(7.24218480709574,27.3698259777501,39.7652783994785));
#7444=CARTESIAN_POINT('',(7.32262652475113,27.0158283159851,39.5521096013664));
#7445=CARTESIAN_POINT('',(7.41024779467303,26.6438771553769,39.3749117926268));
#7446=CARTESIAN_POINT('',(7.50157166732634,26.2574678801058,39.2346739530255));
#7447=CARTESIAN_POINT('',(7.59421623983547,25.8556893100095,39.1312834780448));
#7448=CARTESIAN_POINT('',(7.68619085173918,25.4350116538721,39.0662349231167));
#7449=CARTESIAN_POINT('',(7.74399549923032,25.1466270113812,39.051270365465));
#7450=CARTESIAN_POINT('',(7.7716106672279,24.999999993395,39.0512701892623));
#7451=CARTESIAN_POINT('',(4.00000000000002,-35.3474237139956,38.8553390593274));
#7452=AXIS2_PLACEMENT_3D('',#7453,#7454,#7455);
#7453=CARTESIAN_POINT('',(4.00000000000002,-35.3474237139956,35.3553390593274));
#7454=DIRECTION('',(1.,2.85843879430401E-16,0.));
#7455=DIRECTION('',(0.,0.,1.));
#7456=CARTESIAN_POINT('',(-2.49999999999999,-16.9920846546683,2.0818995585505E-15));
#7457=CARTESIAN_POINT('',(-2.5,17.0079153453318,0.));
#7458=AXIS2_PLACEMENT_3D('',#7459,#7460,#7461);
#7459=CARTESIAN_POINT('',(-2.49999999999999,0.00791534533174527,0.));
#7460=DIRECTION('',(1.,2.85843879430401E-16,0.));
#7461=DIRECTION('',(2.85843879430401E-16,-1.,1.22464679914735E-16));
#7462=AXIS2_PLACEMENT_3D('',#7463,#7464,#7465);
#7463=CARTESIAN_POINT('',(-2.49999999999999,0.00791534533174527,0.));
#7464=DIRECTION('',(1.,2.85843879430401E-16,0.));
#7465=DIRECTION('',(-2.85843879430401E-16,1.,0.));
#7466=CARTESIAN_POINT('',(14.,62.0079153453318,-7.59281015471359E-15));
#7467=CARTESIAN_POINT('',(14.,-61.9920846546683,7.59281015471359E-15));
#7468=AXIS2_PLACEMENT_3D('',#7469,#7470,#7471);
#7469=CARTESIAN_POINT('',(14.,0.00791534533174998,0.));
#7470=DIRECTION('',(1.,2.85843879430401E-16,0.));
#7471=DIRECTION('',(-2.85843879430401E-16,1.,0.));
#7472=AXIS2_PLACEMENT_3D('',#7473,#7474,#7475);
#7473=CARTESIAN_POINT('',(14.,0.00791534533174998,0.));
#7474=DIRECTION('',(1.,2.85843879430401E-16,0.));
#7475=DIRECTION('',(2.85843879430401E-16,-1.,1.22464679914735E-16));
#7476=CARTESIAN_POINT('',(-1.99999999999999,20.9215441657859,-56.2371774679373));
#7477=CARTESIAN_POINT('',(-2.,38.2432175203399,-46.2391957901411));
#7478=CARTESIAN_POINT('',(-2.,38.2432109294026,-46.2391843743049));
#7479=CARTESIAN_POINT('',(-1.899073039663,38.2432111771441,-46.2391838373016));
#7480=CARTESIAN_POINT('',(-1.71676661357683,38.2410535201631,-46.2409686163918));
#7481=CARTESIAN_POINT('',(-1.47232155085359,38.2329314942446,-46.2476830418595));
#7482=CARTESIAN_POINT('',(-1.26604798616057,38.2225902385055,-46.256228638907));
#7483=CARTESIAN_POINT('',(-1.05442681670337,38.2088522952727,-46.2675756805188));
#7484=CARTESIAN_POINT('',(-0.817039205501217,38.1892242157364,-46.2837766607432));
#7485=CARTESIAN_POINT('',(-0.553272597144894,38.1618909445604,-46.3063133746443));
#7486=CARTESIAN_POINT('',(-0.307773915113165,38.1311696961028,-46.3316097694378));
#7487=CARTESIAN_POINT('',(-0.0810069078223553,38.0983943633605,-46.3585586990586));
#7488=CARTESIAN_POINT('',(0.127291518757708,38.0647104339969,-46.3862162577187));
#7489=CARTESIAN_POINT('',(0.337943195429091,38.0269167253519,-46.4171996377133));
#7490=CARTESIAN_POINT('',(0.558790432002494,37.983276013754,-46.4529136375432));
#7491=CARTESIAN_POINT('',(0.796277263339693,37.931670815801,-46.4950595688727));
#7492=CARTESIAN_POINT('',(1.08919350099298,37.8614791533504,-46.5522425190312));
#7493=CARTESIAN_POINT('',(1.45726474803857,37.7624438223843,-46.6326444749981));
#7494=CARTESIAN_POINT('',(1.87934142354296,37.6318292370964,-46.7381325987773));
#7495=CARTESIAN_POINT('',(2.27526969637134,37.4913632339556,-46.8508443781109));
#7496=CARTESIAN_POINT('',(2.58003704852882,37.3711234917251,-46.9467401480247));
#7497=CARTESIAN_POINT('',(2.80621437950361,37.2754660547029,-47.0226890221079));
#7498=CARTESIAN_POINT('',(2.99356179830832,37.1920005015232,-47.0887218876009));
#7499=CARTESIAN_POINT('',(3.1796369362606,37.1047779329285,-47.157471170761));
#7500=CARTESIAN_POINT('',(3.36635904414979,37.0127430012702,-47.2297315043599));
#7501=CARTESIAN_POINT('',(3.55400580895303,36.9154854762272,-47.3057781778538));
#7502=CARTESIAN_POINT('',(3.74457700925762,36.8116023183281,-47.3866515825981));
#7503=CARTESIAN_POINT('',(3.93795512876165,36.7006514150761,-47.4726256079075));
#7504=CARTESIAN_POINT('',(4.13584483391111,36.5810005073538,-47.5648775155708));
#7505=CARTESIAN_POINT('',(4.33600265374729,36.4532906690861,-47.6628141318882));
#7506=CARTESIAN_POINT('',(4.5482622441781,36.3102122313448,-47.7719074844145));
#7507=CARTESIAN_POINT('',(4.77914366286345,36.1449660617205,-47.8970843114946));
#7508=CARTESIAN_POINT('',(5.04497888373973,35.9410934644404,-48.0503152249637));
#7509=CARTESIAN_POINT('',(5.33907008384521,35.6962799137837,-48.2325448653653));
#7510=CARTESIAN_POINT('',(5.70985365180237,35.3568398407723,-48.4822676070888));
#7511=CARTESIAN_POINT('',(6.12211584008248,34.9265061957198,-48.7936711287344));
#7512=CARTESIAN_POINT('',(6.54689366308183,34.4018618415197,-49.1650430672093));
#7513=CARTESIAN_POINT('',(6.87594296865716,33.9152943602662,-49.5014857762847));
#7514=CARTESIAN_POINT('',(7.12129123649017,33.4896310296577,-49.7899158830115));
#7515=CARTESIAN_POINT('',(7.29037045039109,33.1557851906479,-50.0126714871652));
#7516=CARTESIAN_POINT('',(7.42411563624014,32.8571790056415,-50.209179976269));
#7517=CARTESIAN_POINT('',(7.52685145759139,32.6002555228255,-50.3762515448725));
#7518=CARTESIAN_POINT('',(7.61049339971813,32.367595210258,-50.5259703542088));
#7519=CARTESIAN_POINT('',(7.68128200745457,32.1490342818594,-50.6652794873321));
#7520=CARTESIAN_POINT('',(7.74480247186643,31.9296739893957,-50.8037785695134));
#7521=CARTESIAN_POINT('',(7.80094459329251,31.7100949246147,-50.9410867853404));
#7522=CARTESIAN_POINT('',(7.84909169057606,31.4937896984302,-51.0750478837139));
#7523=CARTESIAN_POINT('',(7.8880631621865,31.2901700306003,-51.1999826666401));
#7524=CARTESIAN_POINT('',(7.91893581634965,31.100896275698,-51.315117815545));
#7525=CARTESIAN_POINT('',(7.94194583480918,30.9336563981138,-51.4160473973592));
#7526=CARTESIAN_POINT('',(7.95870863513434,30.7884755737122,-51.503056294654));
#7527=CARTESIAN_POINT('',(7.97029634109922,30.6695176644378,-51.5739410612479));
#7528=CARTESIAN_POINT('',(7.97886614237712,30.5657631679345,-51.6354731338952));
#7529=CARTESIAN_POINT('',(7.98554511453609,30.4696195709072,-51.6922501309977));
#7530=CARTESIAN_POINT('',(7.99099143174005,30.373048383303,-51.7490377417735));
#7531=CARTESIAN_POINT('',(7.99523314368946,30.2750303767513,-51.8064292824516));
#7532=CARTESIAN_POINT('',(7.99822458689014,30.1751778308077,-51.8646394732504));
#7533=CARTESIAN_POINT('',(7.99972240900733,30.0838671366926,-51.9176320416055));
#7534=CARTESIAN_POINT('',(8.00011790128683,30.0013179537592,-51.965355368806));
#7535=CARTESIAN_POINT('',(7.99962999307187,29.90217179015,-52.0224884391168));
#7536=CARTESIAN_POINT('',(7.99708301697502,29.7743182267256,-52.0957951389966));
#7537=CARTESIAN_POINT('',(7.99119958734917,29.6288244228749,-52.1786422118069));
#7538=CARTESIAN_POINT('',(7.98298583672264,29.4901348003064,-52.2571148565552));
#7539=CARTESIAN_POINT('',(7.97289716483739,29.3577810819333,-52.3315717017008));
#7540=CARTESIAN_POINT('',(7.95998269342817,29.2204220038648,-52.4083777136949));
#7541=CARTESIAN_POINT('',(7.94392258996908,29.0776279314101,-52.4877217126153));
#7542=CARTESIAN_POINT('',(7.92460770886341,28.9307494442495,-52.5688060950326));
#7543=CARTESIAN_POINT('',(7.90171298754363,28.7793193700033,-52.6518421052769));
#7544=CARTESIAN_POINT('',(7.87530135268348,28.6252371617704,-52.7357499621371));
#7545=CARTESIAN_POINT('',(7.84529461600003,28.4689484935064,-52.8202628399121));
#7546=CARTESIAN_POINT('',(7.81174822841327,28.3113344515561,-52.9048886552959));
#7547=CARTESIAN_POINT('',(7.77439733365044,28.1517338566448,-52.9899658691756));
#7548=CARTESIAN_POINT('',(7.73320541885902,27.9905833895393,-53.0752435872727));
#7549=CARTESIAN_POINT('',(7.686157066007,27.8210926041367,-53.1642732749678));
#7550=CARTESIAN_POINT('',(7.63080403341459,27.6373832237958,-53.2600082734717));
#7551=CARTESIAN_POINT('',(7.56332181952566,27.4317673299828,-53.3662072083866));
#7552=CARTESIAN_POINT('',(7.48402502765443,27.2106291364318,-53.479289952357));
#7553=CARTESIAN_POINT('',(7.3822247567844,26.9505703609039,-53.6108706536751));
#7554=CARTESIAN_POINT('',(7.25814556158377,26.6632869181708,-53.7543700199948));
#7555=CARTESIAN_POINT('',(7.10977805686238,26.3539730960611,-53.906617226618));
#7556=CARTESIAN_POINT('',(6.96660981565209,26.0826620277135,-54.0382640349764));
#7557=CARTESIAN_POINT('',(6.83124536613988,25.8448982604002,-54.1522673216038));
#7558=CARTESIAN_POINT('',(6.69810537909577,25.6248181239542,-54.2567525757298));
#7559=CARTESIAN_POINT('',(6.54212683242756,25.3830708189598,-54.3702905587147));
#7560=CARTESIAN_POINT('',(6.34677187323709,25.1013292639668,-54.5009835618526));
#7561=CARTESIAN_POINT('',(6.10827325107971,24.7846522225716,-54.6457608997443));
#7562=CARTESIAN_POINT('',(5.77163076462001,24.3771143217319,-54.8290367005719));
#7563=CARTESIAN_POINT('',(5.28187678767606,23.8524164906937,-55.0598346213252));
#7564=CARTESIAN_POINT('',(4.55415067086111,23.1961432061287,-55.3398659040476));
#7565=CARTESIAN_POINT('',(3.68383501745588,22.5686257312307,-55.5981267413709));
#7566=CARTESIAN_POINT('',(2.81595444757593,22.0760179671876,-55.794787496635));
#7567=CARTESIAN_POINT('',(2.14510862379886,21.7666342154994,-55.9158218536253));
#7568=CARTESIAN_POINT('',(1.63773791969671,21.5674927388884,-55.9927979742931));
#7569=CARTESIAN_POINT('',(1.25543951326994,21.4357104331279,-56.0433282611578));
#7570=CARTESIAN_POINT('',(0.925448180476072,21.3350193883204,-56.0817027280224));
#7571=CARTESIAN_POINT('',(0.653984649205489,21.2607990003988,-56.1098610436837));
#7572=CARTESIAN_POINT('',(0.41585013988703,21.201901442583,-56.1321296248617));
#7573=CARTESIAN_POINT('',(0.20276217898744,21.1540375921638,-56.1501759856294));
#7574=CARTESIAN_POINT('',(0.00155487459609313,21.1131040379377,-56.1655725403593));
#7575=CARTESIAN_POINT('',(-0.200500951647346,21.0759180963412,-56.1795313603474));
#7576=CARTESIAN_POINT('',(-0.405402040629686,21.0423570838197,-56.1921050053915));
#7577=CARTESIAN_POINT('',(-0.61283085047441,21.0127497689556,-56.2031778349096));
#7578=CARTESIAN_POINT('',(-0.791863466278514,20.9907071758659,-56.2114096873781));
#7579=CARTESIAN_POINT('',(-0.946555641657032,20.9741319959563,-56.2175935896873));
#7580=CARTESIAN_POINT('',(-1.08087316911174,20.9614868201462,-56.2223078023332));
#7581=CARTESIAN_POINT('',(-1.2144744770532,20.9506307335552,-56.2263524484852));
#7582=CARTESIAN_POINT('',(-1.34709020206697,20.9415469678811,-56.2297349497342));
#7583=CARTESIAN_POINT('',(-1.4789821227704,20.9341798855442,-56.2324769889994));
#7584=CARTESIAN_POINT('',(-1.61007396346959,20.9285015262813,-56.2345897347719));
#7585=CARTESIAN_POINT('',(-1.74059048873321,20.9244745590914,-56.2360876503712));
#7586=CARTESIAN_POINT('',(-1.87046645130181,20.9220754795728,-56.2369798916116));
#7587=CARTESIAN_POINT('',(-1.95688477984053,20.9215441384149,-56.2371774657379));
#7588=CARTESIAN_POINT('',(-1.99999999999999,20.9215441657859,-56.2371774679373));
#7589=CARTESIAN_POINT('',(-1.99999999999999,20.9215441657859,-56.2371774679373));
#7590=CARTESIAN_POINT('',(-2.05172170780836,20.9215441083763,-56.237177463781));
#7591=CARTESIAN_POINT('',(-2.15521844405711,20.9223075121544,-56.2368936133765));
#7592=CARTESIAN_POINT('',(-2.3104914642243,20.9257446225991,-56.2356152772779));
#7593=CARTESIAN_POINT('',(-2.46581529626231,20.931479131603,-56.2334819856254));
#7594=CARTESIAN_POINT('',(-2.62109880820867,20.9395117790108,-56.2304926385531));
#7595=CARTESIAN_POINT('',(-2.77624156966101,20.9498387586827,-56.2266475381577));
#7596=CARTESIAN_POINT('',(-2.93113776141151,20.9624511172554,-56.2219485792619));
#7597=CARTESIAN_POINT('',(-3.08570649805713,20.9773377265881,-56.2163981603185));
#7598=CARTESIAN_POINT('',(-3.23993847723805,20.9944922606041,-56.2099965845899));
#7599=CARTESIAN_POINT('',(-3.39581423022684,21.014160970241,-56.2026495006708));
#7600=CARTESIAN_POINT('',(-3.55528345497985,21.0367231831578,-56.1942120079567));
#7601=CARTESIAN_POINT('',(-3.72210963859935,21.0629862429902,-56.1843776439628));
#7602=CARTESIAN_POINT('',(-3.89610172206677,21.093314839681,-56.1730035979331));
#7603=CARTESIAN_POINT('',(-4.08756045330242,21.1301026086933,-56.159182807153));
#7604=CARTESIAN_POINT('',(-4.30277185567812,21.1757829310996,-56.141984293791));
#7605=CARTESIAN_POINT('',(-4.58301005370151,21.2419258308041,-56.1170123659302));
#7606=CARTESIAN_POINT('',(-4.94946625503014,21.340323249112,-56.0797114955458));
#7607=CARTESIAN_POINT('',(-5.3821142303087,21.4762602161175,-56.0278460518278));
#7608=CARTESIAN_POINT('',(-5.79754831486358,21.6282654051065,-55.9693612396571));
#7609=CARTESIAN_POINT('',(-6.123200249273,21.7622895374684,-55.9173713109714));
#7610=CARTESIAN_POINT('',(-6.36807471471036,21.8711167467773,-55.8748939659243));
#7611=CARTESIAN_POINT('',(-6.56965420378557,21.9659437739431,-55.8376983434879));
#7612=CARTESIAN_POINT('',(-6.76688203755631,22.0638866408177,-55.7990854307838));
#7613=CARTESIAN_POINT('',(-6.98274448079118,22.1767995288663,-55.7543382159896));
#7614=CARTESIAN_POINT('',(-7.21859820343854,22.3076612026318,-55.7021514767117));
#7615=CARTESIAN_POINT('',(-7.47453429590313,22.4593605797078,-55.6411906425222));
#7616=CARTESIAN_POINT('',(-7.70885185394188,22.6075944978191,-55.5811376692778));
#7617=CARTESIAN_POINT('',(-7.92166615515171,22.7500850199095,-55.5229727483523));
#7618=CARTESIAN_POINT('',(-8.11375082785935,22.8851213743191,-55.4674756538624));
#7619=CARTESIAN_POINT('',(-8.30438494585879,23.0258174018713,-55.409243429866));
#7620=CARTESIAN_POINT('',(-8.49330490172647,23.1721944633798,-55.348214690996));
#7621=CARTESIAN_POINT('',(-8.67932718180564,23.323490675213,-55.2846563408777));
#7622=CARTESIAN_POINT('',(-8.86159135404186,23.4790741902041,-55.2187872449871));
#7623=CARTESIAN_POINT('',(-9.03921277923723,23.6381565541913,-55.1509010300009));
#7624=CARTESIAN_POINT('',(-9.21140553481669,23.7999150481578,-55.0813149661556));
#7625=CARTESIAN_POINT('',(-9.37795064718357,23.9639507409567,-55.0101731740564));
#7626=CARTESIAN_POINT('',(-9.53813770752925,24.1293159821011,-54.937864896812));
#7627=CARTESIAN_POINT('',(-9.69203959809496,24.2957756007941,-54.8644776754001));
#7628=CARTESIAN_POINT('',(-9.83912769839696,24.462395449298,-54.7904145503072));
#7629=CARTESIAN_POINT('',(-9.98007974184895,24.6295707358489,-54.7154940139949));
#7630=CARTESIAN_POINT('',(-10.1142059973688,24.7961115336776,-54.6402459351499));
#7631=CARTESIAN_POINT('',(-10.2416114600386,24.9616883705111,-54.5648247775868));
#7632=CARTESIAN_POINT('',(-10.3613525311917,25.1244846593095,-54.4900770411261));
#7633=CARTESIAN_POINT('',(-10.4743971075324,25.2851777526555,-54.415717163901));
#7634=CARTESIAN_POINT('',(-10.5804343212868,25.4427268792857,-54.3422517248488));
#7635=CARTESIAN_POINT('',(-10.6802350709846,25.5976708458573,-54.2694567929997));
#7636=CARTESIAN_POINT('',(-10.7734562804098,25.7488292364078,-54.197919691131));
#7637=CARTESIAN_POINT('',(-10.8613819060875,25.8976892188587,-54.1269665752012));
#7638=CARTESIAN_POINT('',(-10.9442028160941,26.0441051839457,-54.0566883187301));
#7639=CARTESIAN_POINT('',(-11.0226035793612,26.1888847848901,-53.9867142620053));
#7640=CARTESIAN_POINT('',(-11.0962552777961,26.3309881895524,-53.91756707322));
#7641=CARTESIAN_POINT('',(-11.1657789271779,26.4711697087098,-53.8489011548728));
#7642=CARTESIAN_POINT('',(-11.2312276277007,26.6091444336207,-53.7808742410574));
#7643=CARTESIAN_POINT('',(-11.2931222335194,26.7456633035355,-53.7131312331453));
#7644=CARTESIAN_POINT('',(-11.3515002316215,26.8804790470269,-53.6458090553172));
#7645=CARTESIAN_POINT('',(-11.4069026468032,27.0145742451659,-53.5784270507155));
#7646=CARTESIAN_POINT('',(-11.4594247193087,27.147999253638,-53.5109643138695));
#7647=CARTESIAN_POINT('',(-11.5091977029754,27.2809304001527,-53.4433346629335));
#7648=CARTESIAN_POINT('',(-11.5559669904743,27.4124631363889,-53.3760055789455));
#7649=CARTESIAN_POINT('',(-11.599847023862,27.5426139600478,-53.3089806922714));
#7650=CARTESIAN_POINT('',(-11.6406581525076,27.6704952659891,-53.2427318749669));
#7651=CARTESIAN_POINT('',(-11.6785436644113,27.7961147424964,-53.1772743173261));
#7652=CARTESIAN_POINT('',(-11.7133994363813,27.9185927761337,-53.1130899658177));
#7653=CARTESIAN_POINT('',(-11.7456205314405,28.0387733634944,-53.0497598325467));
#7654=CARTESIAN_POINT('',(-11.7751756680796,28.1560383934063,-52.9876300955977));
#7655=CARTESIAN_POINT('',(-11.8022522971935,28.2705730832992,-52.9266248053706));
#7656=CARTESIAN_POINT('',(-11.8266934885726,28.3810027707345,-52.8675039284674));
#7657=CARTESIAN_POINT('',(-11.8488393393683,28.4880625609191,-52.8099039932744));
#7658=CARTESIAN_POINT('',(-11.8706999133393,28.6013868216705,-52.7486427691517));
#7659=CARTESIAN_POINT('',(-11.8919915194153,28.7214039259624,-52.6834192105796));
#7660=CARTESIAN_POINT('',(-11.9122199628401,28.8474429186453,-52.6145257676323));
#7661=CARTESIAN_POINT('',(-11.9297960751466,28.9693809310402,-52.5475000078997));
#7662=CARTESIAN_POINT('',(-11.9450250103243,29.0880233224595,-52.4819328602097));
#7663=CARTESIAN_POINT('',(-11.958153657182,29.2042266333194,-52.4173752630626));
#7664=CARTESIAN_POINT('',(-11.9684904015667,29.3099235444468,-52.3583495152561));
#7665=CARTESIAN_POINT('',(-11.9765970452363,29.4057688040398,-52.3045837971074));
#7666=CARTESIAN_POINT('',(-11.9829547396327,29.4926140696053,-52.255677979631));
#7667=CARTESIAN_POINT('',(-11.9883604442439,29.5801982585683,-52.2061634085033));
#7668=CARTESIAN_POINT('',(-11.9928470233672,29.6697474439755,-52.1553384259178));
#7669=CARTESIAN_POINT('',(-11.9963673629124,29.7620251254305,-52.1027530496715));
#7670=CARTESIAN_POINT('',(-11.9988537058311,29.8588655195534,-52.0473353446244));
#7671=CARTESIAN_POINT('',(-11.999860951444,29.939224220239,-52.0011462976188));
#7672=CARTESIAN_POINT('',(-12.0000590100942,30.0081332892717,-51.9614102381362));
#7673=CARTESIAN_POINT('',(-11.9997619763669,30.0804737190129,-51.9195983300189));
#7674=CARTESIAN_POINT('',(-11.9982372049917,30.1774542473338,-51.8633279540325));
#7675=CARTESIAN_POINT('',(-11.9945737559231,30.2952330193308,-51.7946415046453));
#7676=CARTESIAN_POINT('',(-11.9887788310292,30.4175950038689,-51.7229000790907));
#7677=CARTESIAN_POINT('',(-11.9805617247409,30.5453568223387,-51.6475771746927));
#7678=CARTESIAN_POINT('',(-11.9696953004713,30.6778470034343,-51.5690178702644));
#7679=CARTESIAN_POINT('',(-11.9556769599485,30.8170633739707,-51.4859743210322));
#7680=CARTESIAN_POINT('',(-11.9382908750913,30.9614215882377,-51.3993221903754));
#7681=CARTESIAN_POINT('',(-11.9171099668459,31.1115188223032,-51.3086385509257));
#7682=CARTESIAN_POINT('',(-11.8919882399961,31.2659368855531,-51.2147186279009));
#7683=CARTESIAN_POINT('',(-11.8624451026335,31.4253822984452,-51.1170689655045));
#7684=CARTESIAN_POINT('',(-11.8285556678665,31.5876711513178,-51.0169716919407));
#7685=CARTESIAN_POINT('',(-11.7902356114615,31.7520715629019,-50.9148416896044));
#7686=CARTESIAN_POINT('',(-11.747666496931,31.9171267342749,-50.8115633640757));
#7687=CARTESIAN_POINT('',(-11.6953809337439,32.1016683848415,-50.695253370503));
#7688=CARTESIAN_POINT('',(-11.6298706646116,32.3104725163235,-50.5625317966929));
#7689=CARTESIAN_POINT('',(-11.5464589964445,32.5482391713518,-50.4098780520211));
#7690=CARTESIAN_POINT('',(-11.4444665346353,32.8085763631082,-50.2409363153803));
#7691=CARTESIAN_POINT('',(-11.3227705203779,33.0858700945427,-50.058854055993));
#7692=CARTESIAN_POINT('',(-11.1807676682288,33.3747657523071,-49.8667577282381));
#7693=CARTESIAN_POINT('',(-11.0381944603998,33.6353354123916,-49.6913112496833));
#7694=CARTESIAN_POINT('',(-10.9016659439481,33.8638320685831,-49.5358089958225));
#7695=CARTESIAN_POINT('',(-10.7774185738656,34.0578731635582,-49.4026088065458));
#7696=CARTESIAN_POINT('',(-10.6500587689648,34.2444460098471,-49.2734878140335));
#7697=CARTESIAN_POINT('',(-10.5092202248445,34.4384464181735,-49.138155260634));
#7698=CARTESIAN_POINT('',(-10.3441166523065,34.6513182204911,-48.9883701126148));
#7699=CARTESIAN_POINT('',(-10.1372071837081,34.8988467367559,-48.8124777753941));
#7700=CARTESIAN_POINT('',(-9.88517065709192,35.1752696393608,-48.6137943221818));
#7701=CARTESIAN_POINT('',(-9.53084285267106,35.5276310230154,-48.3572822457689));
#7702=CARTESIAN_POINT('',(-9.0189916712881,35.9743658189299,-48.0265601476994));
#7703=CARTESIAN_POINT('',(-8.32678645553789,36.4764391550138,-47.6464686596189));
#7704=CARTESIAN_POINT('',(-7.57610782066103,36.9158683297945,-47.3062726314825));
#7705=CARTESIAN_POINT('',(-6.93540783000565,37.2236474874545,-47.0639954551942));
#7706=CARTESIAN_POINT('',(-6.44490536914264,37.4270158454563,-46.902285981695));
#7707=CARTESIAN_POINT('',(-6.06928840380699,37.5657896785586,-46.7911785465964));
#7708=CARTESIAN_POINT('',(-5.73978219039458,37.6752879848139,-46.7030398028373));
#7709=CARTESIAN_POINT('',(-5.43756361076002,37.7666929797954,-46.6291615831311));
#7710=CARTESIAN_POINT('',(-5.14149046909828,37.8478526792198,-46.5633181038012));
#7711=CARTESIAN_POINT('',(-4.84212247521831,37.9214575188805,-46.5033966380202));
#7712=CARTESIAN_POINT('',(-4.57880654366061,37.9792465205679,-46.456209849783));
#7713=CARTESIAN_POINT('',(-4.34938648357835,38.0246800317071,-46.4190305351175));
#7714=CARTESIAN_POINT('',(-4.15251195093165,38.0602972087899,-46.3898357711524));
#7715=CARTESIAN_POINT('',(-3.95953535419145,38.0920303558238,-46.3637862802431));
#7716=CARTESIAN_POINT('',(-3.76993145991925,38.1201972015758,-46.3406340506647));
#7717=CARTESIAN_POINT('',(-3.58104362230204,38.145323344722,-46.3199570740468));
#7718=CARTESIAN_POINT('',(-3.39092214273909,38.1676890040565,-46.3015326014494));
#7719=CARTESIAN_POINT('',(-3.19836303413537,38.1873682312197,-46.2853061439854));
#7720=CARTESIAN_POINT('',(-3.00296446357847,38.2043021057598,-46.271332078765));
#7721=CARTESIAN_POINT('',(-2.80552481553878,38.2183273169162,-46.259750379733));
#7722=CARTESIAN_POINT('',(-2.58358449839908,38.2306113316896,-46.2496008569505));
#7723=CARTESIAN_POINT('',(-2.31501444655583,38.2405378142097,-46.2413951997046));
#7724=CARTESIAN_POINT('',(-2.11266051552998,38.2432113197679,-46.239183546405));
#7725=CARTESIAN_POINT('',(-2.,38.2432109294026,-46.2391843743049));
#7726=CARTESIAN_POINT('',(-1.99999999999998,9.34172479848861,-36.1803419813084));
#7727=CARTESIAN_POINT('',(-1.99999999999999,26.6622328741774,-26.1803419813084));
#7728=AXIS2_PLACEMENT_3D('',#7729,#7730,#7731);
#7729=CARTESIAN_POINT('',(-1.99999999999999,18.001978836333,-31.1803419813084));
#7730=DIRECTION('',(-1.44428919872333E-16,0.5,-0.866025403784439));
#7731=DIRECTION('',(2.44249065417534E-16,-0.866025403784438,-0.5));
#7732=AXIS2_PLACEMENT_3D('',#7733,#7734,#7735);
#7733=CARTESIAN_POINT('',(-1.99999999999999,18.001978836333,-31.1803419813084));
#7734=DIRECTION('',(-1.44428919872333E-16,0.5,-0.866025403784439));
#7735=DIRECTION('',(-3.77475828372553E-16,0.866025403784439,0.5));
#7736=CARTESIAN_POINT('',(-11.7716106661218,25.0000000000462,-47.5512701891952));
#7737=CARTESIAN_POINT('',(-11.7716106659834,25.0000000000272,-47.5512701891819));
#7738=CARTESIAN_POINT('',(-11.7853046574096,25.0727095161769,-47.5512705725186));
#7739=CARTESIAN_POINT('',(-11.8126320007489,25.222569895863,-47.5474277776252));
#7740=CARTESIAN_POINT('',(-11.8516055164726,25.4536548603457,-47.5292322503733));
#7741=CARTESIAN_POINT('',(-11.8888517874641,25.6976684677873,-47.4961685629904));
#7742=CARTESIAN_POINT('',(-11.92266895153,25.9500685302113,-47.446504194823));
#7743=CARTESIAN_POINT('',(-11.9508435585731,26.1998268595953,-47.3810774100008));
#7744=CARTESIAN_POINT('',(-11.9720568483444,26.4344099023991,-47.304247320616));
#7745=CARTESIAN_POINT('',(-11.9866454257959,26.6485642515426,-47.2205812731377));
#7746=CARTESIAN_POINT('',(-11.9959023100455,26.8496483060932,-47.1297178028413));
#7747=CARTESIAN_POINT('',(-11.9995049327124,27.0063497166688,-47.0490357982355));
#7748=CARTESIAN_POINT('',(-12.0002314165172,27.1404545855825,-46.973584183311));
#7749=CARTESIAN_POINT('',(-11.9990120545076,27.2826515637242,-46.8881740311841));
#7750=CARTESIAN_POINT('',(-11.9925658928261,27.4778431475543,-46.757954739355));
#7751=CARTESIAN_POINT('',(-11.9763569122251,27.7122813304954,-46.5783221329627));
#7752=CARTESIAN_POINT('',(-11.9484263073676,27.9579648148002,-46.3594114055958));
#7753=CARTESIAN_POINT('',(-11.9081886961432,28.1980305558921,-46.1079595703718));
#7754=CARTESIAN_POINT('',(-11.8553004720558,28.4269848116294,-45.8238799422149));
#7755=CARTESIAN_POINT('',(-11.7900171772497,28.639472471802,-45.5076854374991));
#7756=CARTESIAN_POINT('',(-11.7044099035711,28.8503312334563,-45.1210414047917));
#7757=CARTESIAN_POINT('',(-11.6009110124001,29.0334889088713,-44.6739061812257));
#7758=CARTESIAN_POINT('',(-11.4868883710913,29.1675115910817,-44.1825457960874));
#7759=CARTESIAN_POINT('',(-11.3848067279734,29.2364138408901,-43.7252978007268));
#7760=CARTESIAN_POINT('',(-11.322274972624,29.2503799344496,-43.4242349618405));
#7761=CARTESIAN_POINT('',(-11.2639669528561,29.2495240364269,-43.128726827678));
#7762=CARTESIAN_POINT('',(-11.2017614583498,29.2290544590547,-42.7922505735654));
#7763=CARTESIAN_POINT('',(-11.1274923880927,29.1414186009419,-42.3020274313266));
#7764=CARTESIAN_POINT('',(-11.0753529672469,28.9928515746452,-41.8169658155837));
#7765=CARTESIAN_POINT('',(-11.0547238684795,28.8293608472684,-41.4458075214775));
#7766=CARTESIAN_POINT('',(-11.0508459611396,28.6721231333965,-41.156941917732));
#7767=CARTESIAN_POINT('',(-11.0555514496428,28.5095286881377,-40.8953545195102));
#7768=CARTESIAN_POINT('',(-11.0752128418164,28.2929406554514,-40.6042645723814));
#7769=CARTESIAN_POINT('',(-11.1117161416704,28.0384657184,-40.3227298254747));
#7770=CARTESIAN_POINT('',(-11.1565252850098,27.7859148530177,-40.0860558659724));
#7771=CARTESIAN_POINT('',(-11.2180613269859,27.4802166172846,-39.8412594098376));
#7772=CARTESIAN_POINT('',(-11.3032809868374,27.0978524698812,-39.5931291346386));
#7773=CARTESIAN_POINT('',(-11.4133960714922,26.6304905310833,-39.3648443890392));
#7774=CARTESIAN_POINT('',(-11.5203607168907,26.1779068997116,-39.2091462960754));
#7775=CARTESIAN_POINT('',(-11.6186786429508,25.7460593541495,-39.1108820818262));
#7776=CARTESIAN_POINT('',(-11.7000215028216,25.367422516518,-39.0615272864507));
#7777=CARTESIAN_POINT('',(-11.7554611156205,25.0871408770223,-39.050145866332));
#7778=CARTESIAN_POINT('',(-11.8078492265735,24.8055651205427,-39.0529013396514));
#7779=CARTESIAN_POINT('',(-11.8592116417686,24.5064951725026,-39.0734314397111));
#7780=CARTESIAN_POINT('',(-11.9163065737514,24.1092341975201,-39.1394231858272));
#7781=CARTESIAN_POINT('',(-11.9579116161262,23.7395087423213,-39.2367615876813));
#7782=CARTESIAN_POINT('',(-11.9847555265865,23.4006733749597,-39.358651019442));
#7783=CARTESIAN_POINT('',(-11.9976125654617,23.1163828576651,-39.4877829860205));
#7784=CARTESIAN_POINT('',(-12.0001959779269,22.9323252199749,-39.5870330346835));
#7785=CARTESIAN_POINT('',(-11.9997389402375,22.76656176047,-39.6839784608839));
#7786=CARTESIAN_POINT('',(-11.995785445945,22.5896681025505,-39.7968443998347));
#7787=CARTESIAN_POINT('',(-11.9812961035211,22.3450309748216,-39.9775983045375));
#7788=CARTESIAN_POINT('',(-11.954986009432,22.0892746531778,-40.1976476473351));
#7789=CARTESIAN_POINT('',(-11.9140287586233,21.8294278028698,-40.4621158078412));
#7790=CARTESIAN_POINT('',(-11.8567525414159,21.5759608737143,-40.7725167465468));
#7791=CARTESIAN_POINT('',(-11.7853225159126,21.3460520213225,-41.1171676469068));
#7792=CARTESIAN_POINT('',(-11.702034471554,21.1469150902908,-41.4911694588008));
#7793=CARTESIAN_POINT('',(-11.6105828811829,20.9844701047375,-41.887081461204));
#7794=CARTESIAN_POINT('',(-11.5157175146381,20.8634827629174,-42.295394171956));
#7795=CARTESIAN_POINT('',(-11.4234597627549,20.7859742137365,-42.7021032694232));
#7796=CARTESIAN_POINT('',(-11.3513024697858,20.7546481277117,-43.0369975149281));
#7797=CARTESIAN_POINT('',(-11.3002285844942,20.7487301844245,-43.2887462507079));
#7798=CARTESIAN_POINT('',(-11.2539809469874,20.7532777738181,-43.527248667917));
#7799=CARTESIAN_POINT('',(-11.199294526457,20.7776051200313,-43.831747176436));
#7800=CARTESIAN_POINT('',(-11.1383506275327,20.8449716376426,-44.2278983620876));
#7801=CARTESIAN_POINT('',(-11.0868572567722,20.9643074602935,-44.6617123495782));
#7802=CARTESIAN_POINT('',(-11.0576541872249,21.1265850960648,-45.0679875437835));
#7803=CARTESIAN_POINT('',(-11.0514366729516,21.2708128781256,-45.344244735611));
#7804=CARTESIAN_POINT('',(-11.0525558377134,21.4083770951687,-45.5777447906434));
#7805=CARTESIAN_POINT('',(-11.0603455906578,21.5561392798255,-45.8005325115471));
#7806=CARTESIAN_POINT('',(-11.0854073336019,21.7843720915534,-46.0879917951419));
#7807=CARTESIAN_POINT('',(-11.1249238051886,22.0425492944305,-46.3617728907764));
#7808=CARTESIAN_POINT('',(-11.1807342674416,22.3398438630934,-46.6241180523318));
#7809=CARTESIAN_POINT('',(-11.259933187364,22.7119121731606,-46.8938694310415));
#7810=CARTESIAN_POINT('',(-11.3610655239896,23.1490890494631,-47.1400743738238));
#7811=CARTESIAN_POINT('',(-11.4780804484687,23.6418843473785,-47.3394286658017));
#7812=CARTESIAN_POINT('',(-11.584713898702,24.1015775683309,-47.4633241911588));
#7813=CARTESIAN_POINT('',(-11.6835246186733,24.5523615075784,-47.5350791019653));
#7814=CARTESIAN_POINT('',(-11.741890088715,24.8421958415744,-47.5512693572121));
#7815=CARTESIAN_POINT('',(-11.7716106659834,25.0000000000272,-47.5512701891819));
#7816=CARTESIAN_POINT('',(-1.99999999999999,20.9215508576381,56.2371890585608));
#7817=CARTESIAN_POINT('',(-1.99999999999999,38.2432109293956,46.2391843742866));
#7818=CARTESIAN_POINT('',(-1.99999999999999,38.2432109293956,46.2391843742866));
#7819=CARTESIAN_POINT('',(-2.05172370862215,38.2432109545036,46.2391843225014));
#7820=CARTESIAN_POINT('',(-2.15522444349313,38.2425832867374,46.2397033987087));
#7821=CARTESIAN_POINT('',(-2.31050345786039,38.2397570106618,46.242040289812));
#7822=CARTESIAN_POINT('',(-2.46583327059649,38.2350411885061,46.2459389299999));
#7823=CARTESIAN_POINT('',(-2.62112274988422,38.228434497744,46.2513994097397));
#7824=CARTESIAN_POINT('',(-2.77627146398144,38.21993910358,46.2584185844448));
#7825=CARTESIAN_POINT('',(-2.93117359566602,38.2095611246084,46.2669896494911));
#7826=CARTESIAN_POINT('',(-3.08574825853487,38.1973082032908,46.2771041690262));
#7827=CARTESIAN_POINT('',(-3.23998615053883,38.1831837655295,46.2887568175669));
#7828=CARTESIAN_POINT('',(-3.39586787020469,38.166982928413,46.3021136380613));
#7829=CARTESIAN_POINT('',(-3.55534318257285,38.1483904686021,46.3174306245912));
#7830=CARTESIAN_POINT('',(-3.72217571105372,38.1267371568394,46.3352535923874));
#7831=CARTESIAN_POINT('',(-3.8961743937417,38.1017168989055,46.3558269075028));
#7832=CARTESIAN_POINT('',(-4.08764034979797,38.0713468838797,46.3807695916513));
#7833=CARTESIAN_POINT('',(-4.30285982577071,38.033603706354,46.4117231238381));
#7834=CARTESIAN_POINT('',(-4.58310839516569,37.9788933837275,46.4565076729096));
#7835=CARTESIAN_POINT('',(-4.94957790373173,37.8973725032928,46.5230556296788));
#7836=CARTESIAN_POINT('',(-5.38224127904869,37.7844613901318,46.6148252639322));
#7837=CARTESIAN_POINT('',(-5.79768994340308,37.657780434099,46.7171980520338));
#7838=CARTESIAN_POINT('',(-6.1233530266426,37.545718085342,46.8072491898311));
#7839=CARTESIAN_POINT('',(-6.36823564182024,37.4544971368509,46.8802395860235));
#7840=CARTESIAN_POINT('',(-6.56982169405168,37.3748530473719,46.9437486344443));
#7841=CARTESIAN_POINT('',(-6.76705587504085,37.2924229704843,47.0092469221678));
#7842=CARTESIAN_POINT('',(-6.98292526169574,37.1971924247053,47.0846400292261));
#7843=CARTESIAN_POINT('',(-7.21878642415673,37.0865410910772,47.1718545112278));
#7844=CARTESIAN_POINT('',(-7.47473023277643,36.9578681968531,47.2727244233156));
#7845=CARTESIAN_POINT('',(-7.70905431621792,36.8317149676317,47.3710475351238));
#7846=CARTESIAN_POINT('',(-7.92187397190168,36.7100697484907,47.4653415357849));
#7847=CARTESIAN_POINT('',(-8.11396273333441,36.5944637180004,47.55451492688));
#7848=CARTESIAN_POINT('',(-8.30460024106009,36.4736582879524,47.6472209564702));
#7849=CARTESIAN_POINT('',(-8.49352279686249,36.3475896926616,47.7434473573915));
#7850=CARTESIAN_POINT('',(-8.67954705201384,36.216870065521,47.8426679700279));
#7851=CARTESIAN_POINT('',(-8.86181255848861,36.0820050110685,47.944445119983));
#7852=CARTESIAN_POINT('',(-9.03943469485939,35.9436431912632,48.0482429328657));
#7853=CARTESIAN_POINT('',(-9.21162742858175,35.8024709970989,48.1535076051931));
#7854=CARTESIAN_POINT('',(-9.37817192208492,35.6588127033173,48.259965839298));
#7855=CARTESIAN_POINT('',(-9.53835787906504,35.5134793334234,48.3669917890568));
#7856=CARTESIAN_POINT('',(-9.69225831990476,35.3666642140922,48.4744256857824));
#7857=CARTESIAN_POINT('',(-9.83934457433991,35.2191836945908,48.5816601787785));
#7858=CARTESIAN_POINT('',(-9.98029426505402,35.0706830399627,48.6889466064443));
#7859=CARTESIAN_POINT('',(-10.1155997357468,34.9209078846508,48.7964588393274));
#7860=CARTESIAN_POINT('',(-10.2463874003789,34.7687370024466,48.9049802221717));
#7861=CARTESIAN_POINT('',(-10.3736827123206,34.6129333992713,49.0153564285723));
#7862=CARTESIAN_POINT('',(-10.4979925408534,34.4526345209318,49.1281438311886));
#7863=CARTESIAN_POINT('',(-10.6205229731796,34.2858462057161,49.2446722507852));
#7864=CARTESIAN_POINT('',(-10.7412596827123,34.1118785025485,49.3653255418825));
#7865=CARTESIAN_POINT('',(-10.8608904498602,33.9287657130524,49.4913438352965));
#7866=CARTESIAN_POINT('',(-10.9780106562795,33.7375437813466,49.6218787816805));
#7867=CARTESIAN_POINT('',(-11.0918348125287,33.5384454120344,49.7566416611864));
#7868=CARTESIAN_POINT('',(-11.2005510130508,33.3338496005512,49.893915917825));
#7869=CARTESIAN_POINT('',(-11.3029586672793,33.1255871781055,50.0323980611365));
#7870=CARTESIAN_POINT('',(-11.397983971883,32.9159295348934,50.1705450957845));
#7871=CARTESIAN_POINT('',(-11.4841424367458,32.7088686501625,50.3057422224734));
#7872=CARTESIAN_POINT('',(-11.5611035551647,32.5068399958886,50.4364787916109));
#7873=CARTESIAN_POINT('',(-11.6281300825649,32.3142928857747,50.5600097420422));
#7874=CARTESIAN_POINT('',(-11.686670425441,32.1300620890494,50.6772398827884));
#7875=CARTESIAN_POINT('',(-11.7364870040491,31.9580298295137,50.7858564761149));
#7876=CARTESIAN_POINT('',(-11.7787563238362,31.7977872642216,50.886292501642));
#7877=CARTESIAN_POINT('',(-11.8133497146455,31.6541033227412,50.9757529985918));
#7878=CARTESIAN_POINT('',(-11.842249179066,31.52299557821,51.0568971945545));
#7879=CARTESIAN_POINT('',(-11.8680960349859,31.395191614099,51.1355693710247));
#7880=CARTESIAN_POINT('',(-11.8916354230161,31.26696478719,51.2140588285987));
#7881=CARTESIAN_POINT('',(-11.9126978963975,31.1389893716144,51.2919410880539));
#7882=CARTESIAN_POINT('',(-11.9305040200363,31.0178449266422,51.3652661627984));
#7883=CARTESIAN_POINT('',(-11.945733154024,30.901060963137,51.4355868438252));
#7884=CARTESIAN_POINT('',(-11.9588739960743,30.7860798943555,51.5044708934601));
#7885=CARTESIAN_POINT('',(-11.9692266722426,30.6808846711188,51.5671748397462));
#7886=CARTESIAN_POINT('',(-11.9773467403568,30.5849154378565,51.6241267362636));
#7887=CARTESIAN_POINT('',(-11.9837141823249,30.4973591705149,51.6758870841024));
#7888=CARTESIAN_POINT('',(-11.9891021774836,30.4086220101184,51.7281415045069));
#7889=CARTESIAN_POINT('',(-11.9935348896758,30.3173921685197,51.7816515069633));
#7890=CARTESIAN_POINT('',(-11.9969480405255,30.2228984920591,51.8368495990107));
#7891=CARTESIAN_POINT('',(-11.9992541660568,30.1231118462845,51.8948899661253));
#7892=CARTESIAN_POINT('',(-11.999951712732,30.0490077411017,51.9377969404483));
#7893=CARTESIAN_POINT('',(-12.0000357000842,29.9774108931373,51.9791386564457));
#7894=CARTESIAN_POINT('',(-11.9995767904765,29.9019743820365,52.0225921428039));
#7895=CARTESIAN_POINT('',(-11.9973689460179,29.7913607186841,52.0860132843127));
#7896=CARTESIAN_POINT('',(-11.9929237679048,29.6675207090449,52.1566384062771));
#7897=CARTESIAN_POINT('',(-11.9861184276718,29.5383363042184,52.229895002751));
#7898=CARTESIAN_POINT('',(-11.9765922681912,29.4024730096245,52.3064849841286));
#7899=CARTESIAN_POINT('',(-11.964026340341,29.260195029229,52.3861960953915));
#7900=CARTESIAN_POINT('',(-11.9476904886541,29.1083876377584,52.4706884609076));
#7901=CARTESIAN_POINT('',(-11.9272304913236,28.9487280991008,52.5589297091789));
#7902=CARTESIAN_POINT('',(-11.9019010385081,28.7796240875924,52.6517015739489));
#7903=CARTESIAN_POINT('',(-11.871350776265,28.6025846352462,52.7480730576348));
#7904=CARTESIAN_POINT('',(-11.8346345217787,28.41591867285,52.8488502668982));
#7905=CARTESIAN_POINT('',(-11.7917773655107,28.2229417120381,52.9521369881366));
#7906=CARTESIAN_POINT('',(-11.7423800278484,28.0241081765227,53.0576108879601));
#7907=CARTESIAN_POINT('',(-11.6865703325142,27.8215798215341,53.1640659750782));
#7908=CARTESIAN_POINT('',(-11.616349894002,27.5903007788367,53.2844972630221));
#7909=CARTESIAN_POINT('',(-11.5291788899147,27.3321210210762,53.4174278190015));
#7910=CARTESIAN_POINT('',(-11.4219888954113,27.048416024572,53.561600303049));
#7911=CARTESIAN_POINT('',(-11.3132778758925,26.789030054846,53.6916889628203));
#7912=CARTESIAN_POINT('',(-11.2063951254669,26.5547007506873,53.807866221531));
#7913=CARTESIAN_POINT('',(-11.1048126794685,26.3467222542067,53.9099696262084));
#7914=CARTESIAN_POINT('',(-10.9985133558358,26.1427166487423,54.0091554951757));
#7915=CARTESIAN_POINT('',(-10.8884517336114,25.9440203173563,54.104844740477));
#7916=CARTESIAN_POINT('',(-10.7747747636868,25.7503388506378,54.1972555658246));
#7917=CARTESIAN_POINT('',(-10.6378945322257,25.5296201793627,54.3016140175498));
#7918=CARTESIAN_POINT('',(-10.4525087468828,25.2498262980709,54.4324239503041));
#7919=CARTESIAN_POINT('',(-10.1865438044642,24.8828327691837,54.6013386540873));
#7920=CARTESIAN_POINT('',(-9.87195551287042,24.4946450127622,54.7764823896352));
#7921=CARTESIAN_POINT('',(-9.55696585748927,24.1462493132132,54.9306575504787));
#7922=CARTESIAN_POINT('',(-9.30375353515841,23.8889749162276,55.0428308417009));
#7923=CARTESIAN_POINT('',(-9.09501408516553,23.6895651798344,55.1288595104183));
#7924=CARTESIAN_POINT('',(-8.89604584150716,23.508888192084,55.2061383874206));
#7925=CARTESIAN_POINT('',(-8.66828362242076,23.3132986075715,55.2890218737842));
#7926=CARTESIAN_POINT('',(-8.3674972312257,23.0712650432247,55.3905178385982));
#7927=CARTESIAN_POINT('',(-8.00020895629375,22.8003815636435,55.5025864763225));
#7928=CARTESIAN_POINT('',(-7.57363634717598,22.5175695694019,55.6178394581469));
#7929=CARTESIAN_POINT('',(-7.18477780175668,22.2866167593896,55.7106454628051));
#7930=CARTESIAN_POINT('',(-6.85268625758215,22.1072426178614,55.7819652561867));
#7931=CARTESIAN_POINT('',(-6.59725823390298,21.9789856540458,55.8325808747573));
#7932=CARTESIAN_POINT('',(-6.37022184942451,21.8720353157226,55.8745366599868));
#7933=CARTESIAN_POINT('',(-6.16388959180888,21.7803931195954,55.9103044563347));
#7934=CARTESIAN_POINT('',(-5.96600337876599,21.6974638326605,55.9425224973997));
#7935=CARTESIAN_POINT('',(-5.78001067738159,21.6238116174965,55.9710182430855));
#7936=CARTESIAN_POINT('',(-5.60252196403655,21.5572998264577,55.9966564918529));
#7937=CARTESIAN_POINT('',(-5.4333726321239,21.4972672646256,56.0197199050239));
#7938=CARTESIAN_POINT('',(-5.2690865859522,21.4420522444305,56.0408675437063));
#7939=CARTESIAN_POINT('',(-5.10933498122461,21.3912182874729,56.0602824663092));
#7940=CARTESIAN_POINT('',(-4.95094107217505,21.3435556749631,56.0784384957831));
#7941=CARTESIAN_POINT('',(-4.79137665720668,21.2982532924802,56.095652760497));
#7942=CARTESIAN_POINT('',(-4.6286303261227,21.2548286901633,56.1121142297051));
#7943=CARTESIAN_POINT('',(-4.46155008641338,21.213134737534,56.1278834664464));
#7944=CARTESIAN_POINT('',(-4.29079265825479,21.1735131880584,56.1428360026854));
#7945=CARTESIAN_POINT('',(-4.115886164607,21.136023075868,56.1569547271918));
#7946=CARTESIAN_POINT('',(-3.93749787231497,21.1009735348931,56.1701284630076));
#7947=CARTESIAN_POINT('',(-3.7549880008862,21.0684146359702,56.1823436620642));
#7948=CARTESIAN_POINT('',(-3.56943276802618,21.0387046468394,56.1934711887996));
#7949=CARTESIAN_POINT('',(-3.38076704722997,21.0119714759026,56.203468448897));
#7950=CARTESIAN_POINT('',(-3.18968802819609,20.9884350319013,56.2122582307649));
#7951=CARTESIAN_POINT('',(-2.97380982059482,20.9658729503224,56.2206741079205));
#7952=CARTESIAN_POINT('',(-2.71110156677236,20.944189103641,56.2287524266791));
#7953=CARTESIAN_POINT('',(-2.37886572172625,20.9262248817877,56.2354375150276));
#7954=CARTESIAN_POINT('',(-2.13400610849349,20.921542265435,56.2371772993862));
#7955=CARTESIAN_POINT('',(-1.99999999999999,20.9215441657996,56.2371774679542));
#7956=CARTESIAN_POINT('',(-1.99999999623229,20.9215441658042,56.2371774679525));
#7957=CARTESIAN_POINT('',(-1.79594518351958,20.9215338538463,56.2371762952485));
#7958=CARTESIAN_POINT('',(-1.42470571139643,20.9323564545674,56.2331605608105));
#7959=CARTESIAN_POINT('',(-0.874735862556769,20.9775634586968,56.2163223990179));
#7960=CARTESIAN_POINT('',(-0.344763892427672,21.0477175308823,56.190119346441));
#7961=CARTESIAN_POINT('',(0.206420348520886,21.1502909572745,56.1516275632677));
#7962=CARTESIAN_POINT('',(0.720671040453664,21.2751561601353,56.1044695993225));
#7963=CARTESIAN_POINT('',(1.19193809790094,21.4142843260157,56.0515333858518));
#7964=CARTESIAN_POINT('',(1.61339459682378,21.5585014981192,55.996260155965));
#7965=CARTESIAN_POINT('',(2.02452191519834,21.7189479997298,55.9342638032658));
#7966=CARTESIAN_POINT('',(2.42207283125113,21.8936204235476,55.8661664924435));
#7967=CARTESIAN_POINT('',(2.80570934050304,22.0814212796501,55.7922466933354));
#7968=CARTESIAN_POINT('',(3.18127593784637,22.2845877336143,55.7114624708775));
#7969=CARTESIAN_POINT('',(3.55621721420952,22.5078656136473,55.6217016514097));
#7970=CARTESIAN_POINT('',(3.94245866845221,22.7610083099381,55.5186897053372));
#7971=CARTESIAN_POINT('',(4.33920249183974,23.0481357317637,55.400226846495));
#7972=CARTESIAN_POINT('',(4.80299931581935,23.4203466556767,55.2442405784618));
#7973=CARTESIAN_POINT('',(5.36337469690196,23.9321625050581,55.0252695284486));
#7974=CARTESIAN_POINT('',(6.02867553204962,24.6576490970226,54.7053237454968));
#7975=CARTESIAN_POINT('',(6.64604487285989,25.5061080797739,54.3155798602282));
#7976=CARTESIAN_POINT('',(7.12073511062142,26.3496311523084,53.9106775670513));
#7977=CARTESIAN_POINT('',(7.4197690393209,27.0267681964502,53.5735711069725));
#7978=CARTESIAN_POINT('',(7.61244534338428,27.5671964863585,53.2970595856592));
#7979=CARTESIAN_POINT('',(7.74889764666895,28.0342114266938,53.0529658769868));
#7980=CARTESIAN_POINT('',(7.85219486675674,28.4835797399051,52.8131049322822));
#7981=CARTESIAN_POINT('',(7.92459960658767,28.9094347142276,52.5810990276838));
#7982=CARTESIAN_POINT('',(7.96952562091281,29.2925609110916,52.3685667575304));
#7983=CARTESIAN_POINT('',(7.99438498293203,29.6492113870043,52.1674869320979));
#7984=CARTESIAN_POINT('',(7.99994949897148,29.8824140795177,52.0339540340456));
#7985=CARTESIAN_POINT('',(8.00004869840005,30.1130504449414,51.900850286934));
#7986=CARTESIAN_POINT('',(7.99557687278003,30.31018140545,51.7862058039066));
#7987=CARTESIAN_POINT('',(7.97873630461158,30.5814209350447,51.6264096571376));
#7988=CARTESIAN_POINT('',(7.95683954040607,30.8128843335029,51.4886080791637));
#7989=CARTESIAN_POINT('',(7.92868938794394,31.0366351076393,51.3540715257977));
#7990=CARTESIAN_POINT('',(7.89204631596103,31.2701706410774,51.2122829832678));
#7991=CARTESIAN_POINT('',(7.8426450233223,31.5281785189495,51.0539723453781));
#7992=CARTESIAN_POINT('',(7.77237200915027,31.8309939131224,50.8659076499798));
#7993=CARTESIAN_POINT('',(7.67570328677388,32.1746858638314,50.6494071984395));
#7994=CARTESIAN_POINT('',(7.54493287325483,32.5597452787141,50.4029138920677));
#7995=CARTESIAN_POINT('',(7.38005195062078,32.965585441052,50.1385583245162));
#7996=CARTESIAN_POINT('',(7.18226249434495,33.3770617240859,49.8656260958765));
#7997=CARTESIAN_POINT('',(6.96087375131293,33.7727768673622,49.5984509479177));
#7998=CARTESIAN_POINT('',(6.72741212011569,34.1374065268434,49.3481240614923));
#7999=CARTESIAN_POINT('',(6.48898289340165,34.4684832676261,49.1173875700707));
#8000=CARTESIAN_POINT('',(6.24988763650013,34.7677811804891,48.9059595915263));
#8001=CARTESIAN_POINT('',(6.00458386411732,35.0471309051897,48.7061614223591));
#8002=CARTESIAN_POINT('',(5.74999796975583,35.3122272726476,48.514329326199));
#8003=CARTESIAN_POINT('',(5.48196860555986,35.5678736459288,48.327235294366));
#8004=CARTESIAN_POINT('',(5.20087325576325,35.8137477686874,48.1453257723865));
#8005=CARTESIAN_POINT('',(4.90726198701396,36.0493989474402,47.9691479878824));
#8006=CARTESIAN_POINT('',(4.59559175932428,36.2789278508462,47.7958212653782));
#8007=CARTESIAN_POINT('',(4.25946648242079,36.505371598428,47.6231332301627));
#8008=CARTESIAN_POINT('',(3.88517722101694,36.7345574191492,47.4466216220297));
#8009=CARTESIAN_POINT('',(3.4706641097441,36.9629322192213,47.2689616388946));
#8010=CARTESIAN_POINT('',(2.94847186123262,37.2187196489425,47.0679809557722));
#8011=CARTESIAN_POINT('',(2.32744698236944,37.4784550024083,46.8614735484369));
#8012=CARTESIAN_POINT('',(1.61359117520862,37.7215427282071,46.6659235531008));
#8013=CARTESIAN_POINT('',(0.978190629702935,37.8930411890575,46.5266367696859));
#8014=CARTESIAN_POINT('',(0.440545021783354,38.0092954317187,46.4316622909763));
#8015=CARTESIAN_POINT('',(0.0279584039403943,38.0827385572621,46.3714348074924));
#8016=CARTESIAN_POINT('',(-0.336520998886694,38.135748845332,46.3278465345999));
#8017=CARTESIAN_POINT('',(-0.649991496898357,38.172787072966,46.2973335593999));
#8018=CARTESIAN_POINT('',(-0.936334367452215,38.1998408550105,46.2750160683554));
#8019=CARTESIAN_POINT('',(-1.2065464642288,38.2195153975468,46.2587697086205));
#8020=CARTESIAN_POINT('',(-1.47373893519113,38.2333001814256,46.2473784657892));
#8021=CARTESIAN_POINT('',(-1.73770374140428,38.2414216536003,46.2406641357981));
#8022=CARTESIAN_POINT('',(-1.9128913328074,38.2432111283128,46.2391839572761));
#8023=CARTESIAN_POINT('',(-1.99999999999999,38.2432109293956,46.2391843742866));
#8024=CARTESIAN_POINT('',(-1.99999999999999,9.33974596215562,36.1769145362398));
#8025=CARTESIAN_POINT('',(-1.99999999999999,26.6602540378444,26.1769145362398));
#8026=AXIS2_PLACEMENT_3D('',#8027,#8028,#8029);
#8027=CARTESIAN_POINT('',(-1.99999999999999,18.,31.1769145362398));
#8028=DIRECTION('',(-1.45495164045277E-16,0.5,0.866025403784439));
#8029=DIRECTION('',(1.11022302462516E-16,-0.866025403784439,0.5));
#8030=AXIS2_PLACEMENT_3D('',#8031,#8032,#8033);
#8031=CARTESIAN_POINT('',(-1.99999999999999,18.,31.1769145362398));
#8032=DIRECTION('',(-1.45495164045277E-16,0.5,0.866025403784439));
#8033=DIRECTION('',(-2.44249065417535E-16,0.866025403784439,-0.5));
#8034=CARTESIAN_POINT('',(-11.7716106655965,25.,39.0512701892219));
#8035=CARTESIAN_POINT('',(-11.7716106668515,24.9999999933241,39.0512701892223));
#8036=CARTESIAN_POINT('',(-11.7845581446259,24.9312533522042,39.0512701066155));
#8037=CARTESIAN_POINT('',(-11.8106725965452,24.7883014508664,39.0547354416853));
#8038=CARTESIAN_POINT('',(-11.8483929246995,24.5660018591791,39.0713813938051));
#8039=CARTESIAN_POINT('',(-11.8858646986596,24.3231394525735,39.1029123061783));
#8040=CARTESIAN_POINT('',(-11.9214318482673,24.060899209288,39.1531518311762));
#8041=CARTESIAN_POINT('',(-11.9552208022216,23.7622643591143,39.2311062165689));
#8042=CARTESIAN_POINT('',(-11.9824263438206,23.4401177533304,39.3422260904669));
#8043=CARTESIAN_POINT('',(-11.9972294301988,23.1364805974963,39.4772198936216));
#8044=CARTESIAN_POINT('',(-12.0004755465215,22.919052112238,39.5939367851361));
#8045=CARTESIAN_POINT('',(-11.9991863305984,22.7146806797963,39.7154337115864));
#8046=CARTESIAN_POINT('',(-11.9915759540032,22.4881108093634,39.8669186330487));
#8047=CARTESIAN_POINT('',(-11.9684525046839,22.1996087021523,40.0967436848485));
#8048=CARTESIAN_POINT('',(-11.930138437328,21.9183240368201,40.3654515155878));
#8049=CARTESIAN_POINT('',(-11.8765021334666,21.6540143199779,40.6703148240741));
#8050=CARTESIAN_POINT('',(-11.8096154826077,21.4170036310599,41.0032040931488));
#8051=CARTESIAN_POINT('',(-11.7326260820765,21.2142436318878,41.3557307108875));
#8052=CARTESIAN_POINT('',(-11.6502812179607,21.0504146215947,41.7159448690295));
#8053=CARTESIAN_POINT('',(-11.5674888213698,20.9260501261236,42.072241074786));
#8054=CARTESIAN_POINT('',(-11.4861006715544,20.8362120091118,42.4249789074321));
#8055=CARTESIAN_POINT('',(-11.4023480044159,20.7739156018398,42.7981315628188));
#8056=CARTESIAN_POINT('',(-11.3399969994722,20.752143889537,43.0914517136259));
#8057=CARTESIAN_POINT('',(-11.2801001189443,20.7484873276883,43.3901855488091));
#8058=CARTESIAN_POINT('',(-11.2174277209856,20.7629525897839,43.7222307999475));
#8059=CARTESIAN_POINT('',(-11.1464740589498,20.8291296999241,44.1642912060812));
#8060=CARTESIAN_POINT('',(-11.0940507350054,20.9456370345153,44.5978040997042));
#8061=CARTESIAN_POINT('',(-11.0647088657127,21.0815663363149,44.9598683071437));
#8062=CARTESIAN_POINT('',(-11.0535583451248,21.2084682673406,45.2272233362738));
#8063=CARTESIAN_POINT('',(-11.0513351905634,21.320843966156,45.4313337599486));
#8064=CARTESIAN_POINT('',(-11.0540000931698,21.4540282463277,45.6506626383422));
#8065=CARTESIAN_POINT('',(-11.0688676710715,21.6525765890722,45.9311520498617));
#8066=CARTESIAN_POINT('',(-11.1063983142317,21.9330665237649,46.254245444736));
#8067=CARTESIAN_POINT('',(-11.1625826427263,22.2491656576358,46.5505696862732));
#8068=CARTESIAN_POINT('',(-11.2316812001335,22.5820326676236,46.8042986571077));
#8069=CARTESIAN_POINT('',(-11.3071518061997,22.9169979108167,47.012261463571));
#8070=CARTESIAN_POINT('',(-11.3848848439489,23.2489027256346,47.1794168855621));
#8071=CARTESIAN_POINT('',(-11.464796554366,23.5865762580038,47.3147840467007));
#8072=CARTESIAN_POINT('',(-11.5478776544677,23.941860140436,47.4232394021078));
#8073=CARTESIAN_POINT('',(-11.6337717541853,24.3222533031599,47.5032400173776));
#8074=CARTESIAN_POINT('',(-11.7094446717448,24.6791315774034,47.5438192652553));
#8075=CARTESIAN_POINT('',(-11.7648803296108,24.9620779925587,47.5530375767143));
#8076=CARTESIAN_POINT('',(-11.8195572315869,25.2594415559468,47.547341350408));
#8077=CARTESIAN_POINT('',(-11.8772786662306,25.6081006968412,47.5153493291337));
#8078=CARTESIAN_POINT('',(-11.933651810164,26.0296462440062,47.4316920690155));
#8079=CARTESIAN_POINT('',(-11.9710282905253,26.4066642340069,47.3175334411499));
#8080=CARTESIAN_POINT('',(-11.9923972409309,26.7390360144861,47.184060410047));
#8081=CARTESIAN_POINT('',(-11.9992692960991,26.9707456853574,47.0689512097912));
#8082=CARTESIAN_POINT('',(-12.0003323888302,27.1522325937956,46.9670585262046));
#8083=CARTESIAN_POINT('',(-11.9984294103107,27.3188189918762,46.8657105656894));
#8084=CARTESIAN_POINT('',(-11.9895149812527,27.5358921288525,46.716133344613));
#8085=CARTESIAN_POINT('',(-11.9699514949762,27.7789107394639,46.522266481935));
#8086=CARTESIAN_POINT('',(-11.9378649084361,28.0308461468645,46.2879457554914));
#8087=CARTESIAN_POINT('',(-11.8906952876694,28.2840754110412,46.0086295811038));
#8088=CARTESIAN_POINT('',(-11.8271664857163,28.5278908853732,45.6833313746063));
#8089=CARTESIAN_POINT('',(-11.7501614223546,28.7453150123068,45.3249789177487));
#8090=CARTESIAN_POINT('',(-11.6629010452389,28.9286547584329,44.9409280396659));
#8091=CARTESIAN_POINT('',(-11.5696918795229,29.0729731153297,44.5398754405968));
#8092=CARTESIAN_POINT('',(-11.4737841487861,29.176911412391,44.1243048837489));
#8093=CARTESIAN_POINT('',(-11.3816404208983,29.2370562393345,43.7099850997001));
#8094=CARTESIAN_POINT('',(-11.3217045023037,29.2505700300449,43.4215549794059));
#8095=CARTESIAN_POINT('',(-11.2634918984555,29.2492987028456,43.1260869220677));
#8096=CARTESIAN_POINT('',(-11.2044001075498,29.2295263230881,42.8059397007424));
#8097=CARTESIAN_POINT('',(-11.1329904890031,29.1492424339876,42.3402537640981));
#8098=CARTESIAN_POINT('',(-11.0806905303416,29.0139305222646,41.8764901674988));
#8099=CARTESIAN_POINT('',(-11.0560549741464,28.85021614654,41.4875871194864));
#8100=CARTESIAN_POINT('',(-11.0509398048827,28.6994453995426,41.2046646545874));
#8101=CARTESIAN_POINT('',(-11.0541968542246,28.5355736074172,40.9347087994217));
#8102=CARTESIAN_POINT('',(-11.0713919523283,28.320241699981,40.635034863087));
#8103=CARTESIAN_POINT('',(-11.1138201453379,28.0210196085871,40.3013939129995));
#8104=CARTESIAN_POINT('',(-11.1717786928925,27.7045764001194,40.014031956173));
#8105=CARTESIAN_POINT('',(-11.2421848070951,27.3698259777513,39.7652783994789));
#8106=CARTESIAN_POINT('',(-11.3226265247553,27.0158283159725,39.5521096013589));
#8107=CARTESIAN_POINT('',(-11.4102477946666,26.6438771553841,39.3749117926336));
#8108=CARTESIAN_POINT('',(-11.5015716673018,26.2574678802845,39.2346739530861));
#8109=CARTESIAN_POINT('',(-11.5942162397046,25.8556893102887,39.1312834781045));
#8110=CARTESIAN_POINT('',(-11.6861908519211,25.435011654255,39.066234923163));
#8111=CARTESIAN_POINT('',(-11.7439954986847,25.1466270112276,39.0512703654112));
#8112=CARTESIAN_POINT('',(-11.7716106668515,24.9999999933241,39.0512701892223));
#8113=CARTESIAN_POINT('',(4.00000000000002,-35.3474237139956,32.3553390593274));
#8114=AXIS2_PLACEMENT_3D('',#8115,#8116,#8117);
#8115=CARTESIAN_POINT('',(4.00000000000002,-35.3474237139956,35.3553390593274));
#8116=DIRECTION('',(-1.,-2.85843879430401E-16,0.));
#8117=DIRECTION('',(0.,0.,-1.));
#8118=CARTESIAN_POINT('',(-2.49999999999998,-26.6205057514188,3.26104106624833E-15));
#8119=CARTESIAN_POINT('',(-2.5,26.6363364420822,0.));
#8120=AXIS2_PLACEMENT_3D('',#8121,#8122,#8123);
#8121=CARTESIAN_POINT('',(-2.49999999999999,0.00791534533174527,0.));
#8122=DIRECTION('',(1.,2.85843879430401E-16,0.));
#8123=DIRECTION('',(2.85843879430401E-16,-1.,1.22464679914735E-16));
#8124=AXIS2_PLACEMENT_3D('',#8125,#8126,#8127);
#8125=CARTESIAN_POINT('',(-2.49999999999999,0.00791534533174527,0.));
#8126=DIRECTION('',(1.,2.85843879430401E-16,0.));
#8127=DIRECTION('',(-2.85843879430401E-16,1.,0.));
#8128=CARTESIAN_POINT('',(12.,60.0079153453318,-7.34788079488412E-15));
#8129=CARTESIAN_POINT('',(12.,-59.9920846546683,2.80184378852701E-14));
#8130=AXIS2_PLACEMENT_3D('',#8131,#8132,#8133);
#8131=CARTESIAN_POINT('',(12.,0.00791534533174941,0.));
#8132=DIRECTION('',(1.,2.85843879430401E-16,0.));
#8133=DIRECTION('',(-2.85843879430401E-16,1.,-2.44929359829471E-16));
#8134=CARTESIAN_POINT('',(12.,-27.5082979580073,-53.3184583933664));
#8135=AXIS2_PLACEMENT_3D('',#8136,#8137,#8138);
#8136=CARTESIAN_POINT('',(12.,0.00791534533174941,0.));
#8137=DIRECTION('',(1.,2.85843879430401E-16,0.));
#8138=DIRECTION('',(2.85843879430401E-16,-1.,5.66553889764798E-16));
#8139=AXIS2_PLACEMENT_3D('',#8140,#8141,#8142);
#8140=CARTESIAN_POINT('',(12.,0.00791534533174941,0.));
#8141=DIRECTION('',(1.,2.85843879430401E-16,0.));
#8142=DIRECTION('',(1.31089019297681E-16,-0.458603555055651,-0.888640973222774));
#8143=CARTESIAN_POINT('',(-3.99999999999997,-34.7540181695065,48.9040691385693));
#8144=CARTESIAN_POINT('',(-3.99999999999997,-48.8961537932375,34.7619335148383));
#8145=AXIS2_PLACEMENT_3D('',#8146,#8147,#8148);
#8146=CARTESIAN_POINT('',(-3.99999999999998,0.00791534533174484,0.));
#8147=DIRECTION('',(1.,2.85843879430401E-16,-2.46519032881566E-32));
#8148=DIRECTION('',(1.65608098873051E-16,-0.579365558580638,0.815067818976155));
#8149=CARTESIAN_POINT('',(-16.,-48.8961537932375,34.7619335148384));
#8150=CARTESIAN_POINT('',(-16.,-48.8961537932375,34.7619335148384));
#8151=VECTOR('',#8152,1.);
#8152=DIRECTION('',(1.,1.77635683940025E-15,-1.1842378929335E-15));
#8153=CARTESIAN_POINT('',(-16.,-27.5082979580073,-53.3184583933664));
#8154=AXIS2_PLACEMENT_3D('',#8155,#8156,#8157);
#8155=CARTESIAN_POINT('',(-16.,0.00791534533174141,0.));
#8156=DIRECTION('',(1.,2.85843879430401E-16,0.));
#8157=DIRECTION('',(2.32982147375019E-16,-0.815067818976153,0.57936555858064));
#8158=CARTESIAN_POINT('',(-16.,60.0079153453318,-2.32542745370587E-14));
#8159=AXIS2_PLACEMENT_3D('',#8160,#8161,#8162);
#8160=CARTESIAN_POINT('',(-16.,0.00791534533174141,0.));
#8161=DIRECTION('',(1.,2.85843879430401E-16,0.));
#8162=DIRECTION('',(1.31089019297681E-16,-0.458603555055651,-0.888640973222774));
#8163=CARTESIAN_POINT('',(-16.,-34.7540181695066,48.9040691385693));
#8164=AXIS2_PLACEMENT_3D('',#8165,#8166,#8167);
#8165=CARTESIAN_POINT('',(-16.,0.00791534533174141,0.));
#8166=DIRECTION('',(1.,2.85843879430401E-16,0.));
#8167=DIRECTION('',(-2.85843879430401E-16,1.,-2.44929359829471E-16));
#8168=CARTESIAN_POINT('',(-16.,-34.7540181695065,48.9040691385693));
#8169=VECTOR('',#8170,1.);
#8170=DIRECTION('',(1.,5.92118946466749E-16,0.));
#8171=CARTESIAN_POINT('',(-18.,25.,-47.5512701892219));
#8172=AXIS2_PLACEMENT_3D('',#8173,#8174,#8175);
#8173=CARTESIAN_POINT('',(-18.,25.,-43.3012701892219));
#8174=DIRECTION('',(-1.,-2.85843879430401E-16,0.));
#8175=DIRECTION('',(0.,0.,-1.));
#8176=CARTESIAN_POINT('',(-18.,25.,39.0512701892219));
#8177=AXIS2_PLACEMENT_3D('',#8178,#8179,#8180);
#8178=CARTESIAN_POINT('',(-18.,25.,43.3012701892219));
#8179=DIRECTION('',(-1.,-2.85843879430401E-16,0.));
#8180=DIRECTION('',(0.,0.,-1.));
#8181=CARTESIAN_POINT('',(-3.99999999999997,-35.3474237139956,32.3553390593274));
#8182=AXIS2_PLACEMENT_3D('',#8183,#8184,#8185);
#8183=CARTESIAN_POINT('',(-3.99999999999997,-35.3474237139956,35.3553390593274));
#8184=DIRECTION('',(-1.,-2.85843879430401E-16,0.));
#8185=DIRECTION('',(0.,0.,-1.));
#8186=CARTESIAN_POINT('',(-2.99999999999997,-27.4865311552032,-1.68354929506041E-15));
#8187=CARTESIAN_POINT('',(-2.99999999999998,27.5023618458667,4.48946478682776E-15));
#8188=AXIS2_PLACEMENT_3D('',#8189,#8190,#8191);
#8189=CARTESIAN_POINT('',(-2.99999999999998,0.00791534533174512,0.));
#8190=DIRECTION('',(1.,2.85843879430401E-16,0.));
#8191=DIRECTION('',(2.85843879430401E-16,-1.,-2.44929359829471E-16));
#8192=AXIS2_PLACEMENT_3D('',#8193,#8194,#8195);
#8193=CARTESIAN_POINT('',(-2.99999999999998,0.00791534533174512,0.));
#8194=DIRECTION('',(1.,2.85843879430401E-16,0.));
#8195=DIRECTION('',(-2.85843879430401E-16,1.,3.67394039744206E-16));
#8196=CARTESIAN_POINT('',(-18.,-47.4611722199821,33.3269519415829));
#8197=CARTESIAN_POINT('',(-18.,-47.4611722199821,33.3269519415829));
#8198=CARTESIAN_POINT('',(-18.000002733652,-47.4906684748794,33.3564481964802));
#8199=CARTESIAN_POINT('',(-17.9970446800887,-47.5594476607582,33.425227382359));
#8200=CARTESIAN_POINT('',(-17.9801924888886,-47.6768653611954,33.5426450827962));
#8201=CARTESIAN_POINT('',(-17.9420774739065,-47.815305542199,33.6810852637997));
#8202=CARTESIAN_POINT('',(-17.8809095388337,-47.9565387028491,33.8223184244498));
#8203=CARTESIAN_POINT('',(-17.805534766999,-48.0829495692636,33.9487292908642));
#8204=CARTESIAN_POINT('',(-17.7242293246012,-48.1915481727366,34.0573278943371));
#8205=CARTESIAN_POINT('',(-17.6375726855115,-48.2877711188472,34.1535508404476));
#8206=CARTESIAN_POINT('',(-17.54239074057,-48.3770932568705,34.2428729784707));
#8207=CARTESIAN_POINT('',(-17.4439350774266,-48.4560063799507,34.3217861015509));
#8208=CARTESIAN_POINT('',(-17.3477236482591,-48.5228015553633,34.3885812769633));
#8209=CARTESIAN_POINT('',(-17.2534737535699,-48.5805699647545,34.4463496863543));
#8210=CARTESIAN_POINT('',(-17.157021703622,-48.6328837878387,34.4986635094384));
#8211=CARTESIAN_POINT('',(-17.053590069798,-48.6820692835281,34.5478490051277));
#8212=CARTESIAN_POINT('',(-16.942188356222,-48.728180654632,34.5939603762314));
#8213=CARTESIAN_POINT('',(-16.822296452887,-48.7705677565545,34.6363474781537));
#8214=CARTESIAN_POINT('',(-16.693632117497,-48.8083740413082,34.6741537629073));
#8215=CARTESIAN_POINT('',(-16.5756639163952,-48.8363173307334,34.7020970523322));
#8216=CARTESIAN_POINT('',(-16.4729978164982,-48.8559548008011,34.7217345223998));
#8217=CARTESIAN_POINT('',(-16.3922416329796,-48.8686664255517,34.7344461471502));
#8218=CARTESIAN_POINT('',(-16.3211496299004,-48.8778037016937,34.7435834232921));
#8219=CARTESIAN_POINT('',(-16.2602650838476,-48.8841568974976,34.7499366190959));
#8220=CARTESIAN_POINT('',(-16.2048249818119,-48.8887801510804,34.7545598726786));
#8221=CARTESIAN_POINT('',(-16.1526824986791,-48.8921299008966,34.7579096224948));
#8222=CARTESIAN_POINT('',(-16.1012185679535,-48.8944719954398,34.7602517170379));
#8223=CARTESIAN_POINT('',(-16.0504410882609,-48.8958502258068,34.7616299474048));
#8224=CARTESIAN_POINT('',(-16.0167512971743,-48.8961538452988,34.7619335668968));
#8225=CARTESIAN_POINT('',(-16.,-48.8961537932389,34.7619335148369));
#8226=CARTESIAN_POINT('',(-18.,-33.3190365962511,47.4690875653138));
#8227=AXIS2_PLACEMENT_3D('',#8228,#8229,#8230);
#8228=CARTESIAN_POINT('',(-18.,0.00791534533174084,0.));
#8229=DIRECTION('',(1.,2.85843879430401E-16,0.));
#8230=DIRECTION('',(2.33943933494667E-16,-0.818432544229548,0.574602619682463));
#8231=CARTESIAN_POINT('',(-18.,-33.3190365962511,47.4690875653138));
#8232=CARTESIAN_POINT('',(-18.000002733652,-33.3485328511484,47.4985838202112));
#8233=CARTESIAN_POINT('',(-17.9970446800888,-33.4173120370272,47.56736300609));
#8234=CARTESIAN_POINT('',(-17.9801924888886,-33.5347297374644,47.6847807065272));
#8235=CARTESIAN_POINT('',(-17.9420774739065,-33.6731699184679,47.8232208875307));
#8236=CARTESIAN_POINT('',(-17.8809095388337,-33.814403079118,47.9644540481807));
#8237=CARTESIAN_POINT('',(-17.805534766999,-33.9408139455326,48.0908649145952));
#8238=CARTESIAN_POINT('',(-17.7242293246011,-34.0494125490057,48.1994635180681));
#8239=CARTESIAN_POINT('',(-17.6375726855114,-34.1456354951163,48.2956864641786));
#8240=CARTESIAN_POINT('',(-17.5423907405699,-34.2349576331396,48.3850086022017));
#8241=CARTESIAN_POINT('',(-17.4439350774265,-34.3138707562199,48.4639217252819));
#8242=CARTESIAN_POINT('',(-17.3477236482589,-34.3806659316325,48.5307169006944));
#8243=CARTESIAN_POINT('',(-17.2534737535696,-34.4384343410237,48.5884853100854));
#8244=CARTESIAN_POINT('',(-17.1570217036216,-34.490748164108,48.6407991331695));
#8245=CARTESIAN_POINT('',(-17.0535900697976,-34.5399336597975,48.6899846288588));
#8246=CARTESIAN_POINT('',(-16.9421883562216,-34.5860450309013,48.7360959999624));
#8247=CARTESIAN_POINT('',(-16.8222964528867,-34.6284321328238,48.7784831018846));
#8248=CARTESIAN_POINT('',(-16.6936321174968,-34.6662384175775,48.8162893866381));
#8249=CARTESIAN_POINT('',(-16.5756639163952,-34.6941817070026,48.8442326760629));
#8250=CARTESIAN_POINT('',(-16.4729978164984,-34.7138191770703,48.8638701461304));
#8251=CARTESIAN_POINT('',(-16.39224163298,-34.7265308018209,48.8765817708809));
#8252=CARTESIAN_POINT('',(-16.3211496299008,-34.735668077963,48.8857190470228));
#8253=CARTESIAN_POINT('',(-16.260265083848,-34.7420212737669,48.8920722428265));
#8254=CARTESIAN_POINT('',(-16.2048249818122,-34.7466445273497,48.8966954964092));
#8255=CARTESIAN_POINT('',(-16.1526824986794,-34.749994277166,48.9000452462254));
#8256=CARTESIAN_POINT('',(-16.1012185679537,-34.7523363717092,48.9023873407685));
#8257=CARTESIAN_POINT('',(-16.050441088261,-34.7537146020762,48.9037655711354));
#8258=CARTESIAN_POINT('',(-16.0167512971743,-34.7540182215683,48.9040691906274));
#8259=CARTESIAN_POINT('',(-16.,-34.7540181695084,48.9040691385675));
#8260=CARTESIAN_POINT('',(-18.,-28.2763559021301,42.4264068711929));
#8261=CARTESIAN_POINT('',(-18.,-33.3190365962511,47.4690875653138));
#8262=VECTOR('',#8263,1.);
#8263=DIRECTION('',(-1.49453123424383E-15,0.707106781186547,-0.707106781186548));
#8264=CARTESIAN_POINT('',(-3.99999999999997,-28.2763559021301,42.4264068711928));
#8265=CARTESIAN_POINT('',(-3.99999999999997,-28.2763559021301,42.4264068711929));
#8266=VECTOR('',#8267,1.);
#8267=DIRECTION('',(-1.,7.61295788314391E-16,-1.01506105108586E-15));
#8268=CARTESIAN_POINT('',(-3.99999999999997,-34.7540181695065,48.9040691385693));
#8269=VECTOR('',#8270,1.);
#8270=DIRECTION('',(-1.93908529821476E-16,0.707106781186544,-0.707106781186551));
#8271=CARTESIAN_POINT('',(-3.99999999999997,-42.4184915258611,28.2842712474619));
#8272=AXIS2_PLACEMENT_3D('',#8273,#8274,#8275);
#8273=CARTESIAN_POINT('',(-3.99999999999997,-35.3474237139956,35.3553390593274));
#8274=DIRECTION('',(-1.,-2.85843879430401E-16,0.));
#8275=DIRECTION('',(-2.02122145505907E-16,0.707106781186548,0.707106781186547));
#8276=CARTESIAN_POINT('',(-3.99999999999997,-42.4184915258611,28.2842712474619));
#8277=VECTOR('',#8278,1.);
#8278=DIRECTION('',(0.,-0.707106781186546,0.707106781186549));
#8279=CARTESIAN_POINT('',(-18.,-42.4184915258611,28.2842712474619));
#8280=CARTESIAN_POINT('',(-3.99999999999997,-42.4184915258611,28.2842712474619));
#8281=VECTOR('',#8282,1.);
#8282=DIRECTION('',(-1.,-5.07530525542928E-16,0.));
#8283=CARTESIAN_POINT('',(-18.,-42.4184915258611,28.2842712474619));
#8284=VECTOR('',#8285,1.);
#8285=DIRECTION('',(-9.96354156162543E-16,-0.707106781186545,0.70710678118655));
#8286=AXIS2_PLACEMENT_3D('',#8287,#8288,#8289);
#8287=CARTESIAN_POINT('',(-18.,-35.3474237139956,35.3553390593274));
#8288=DIRECTION('',(-1.,-2.85843879430401E-16,0.));
#8289=DIRECTION('',(-2.02122145505907E-16,0.707106781186548,0.707106781186547));
#8290=CARTESIAN_POINT('',(-18.,35.0079153453318,4.28626379701574E-15));
#8291=AXIS2_PLACEMENT_3D('',#8292,#8293,#8294);
#8292=CARTESIAN_POINT('',(-18.,0.00791534533174084,0.));
#8293=DIRECTION('',(1.,2.85843879430401E-16,0.));
#8294=DIRECTION('',(-2.85843879430401E-16,1.,0.));
#8295=CARTESIAN_POINT('',(8.,206.698729810778,-75.));
#8296=CARTESIAN_POINT('',(-8.,206.698729810778,-75.));
#8297=AXIS2_PLACEMENT_3D('',#8298,#8299,#8300);
#8298=CARTESIAN_POINT('',(0.,206.698729810778,-75.));
#8299=DIRECTION('',(0.,-0.5,0.866025403784439));
#8300=DIRECTION('',(1.,0.,0.));
#8301=CARTESIAN_POINT('',(-7.97539724769607,206.15579421968,-75.3134640096733));
#8302=AXIS2_PLACEMENT_3D('',#8303,#8304,#8305);
#8303=CARTESIAN_POINT('',(0.,206.698729810778,-75.));
#8304=DIRECTION('',(0.,-0.5,0.866025403784439));
#8305=DIRECTION('',(-1.,-1.03011610009614E-14,-5.94737807687074E-15));
#8306=AXIS2_PLACEMENT_3D('',#8307,#8308,#8309);
#8307=CARTESIAN_POINT('',(0.,206.698729810778,-75.));
#8308=DIRECTION('',(0.,-0.5,0.866025403784439));
#8309=DIRECTION('',(-0.996924655962008,-0.0678669488873216,-0.0391830012091737));
#8310=CARTESIAN_POINT('',(-7.9017403146395,217.082531754731,-90.4852725426582));
#8311=CARTESIAN_POINT('',(-7.97539724769606,215.457064408901,-91.4237365523317));
#8312=AXIS2_PLACEMENT_3D('',#8313,#8314,#8315);
#8313=CARTESIAN_POINT('',(0.,216.,-91.1102725426583));
#8314=DIRECTION('',(0.,-0.500000000000008,0.866025403784434));
#8315=DIRECTION('',(-0.987717539329944,0.135316469341319,0.0781250000000019));
#8316=CARTESIAN_POINT('',(-7.90174031463961,214.91746824527,-91.7352725426581));
#8317=AXIS2_PLACEMENT_3D('',#8318,#8319,#8320);
#8318=CARTESIAN_POINT('',(0.,216.,-91.1102725426583));
#8319=DIRECTION('',(0.,-0.500000000000008,0.866025403784434));
#8320=DIRECTION('',(-0.996924655962007,-0.0678669488873254,-0.0391830012091767));
#8321=CARTESIAN_POINT('',(-7.90174031463961,212.91746824527,-88.2711709275204));
#8322=CARTESIAN_POINT('',(-7.90174031463959,212.91746824527,-88.2711709275204));
#8323=VECTOR('',#8324,1.);
#8324=DIRECTION('',(-4.44089209850054E-16,0.500000000000005,-0.866025403784436));
#8325=CARTESIAN_POINT('',(-7.97539724769606,213.457064408901,-87.959634937194));
#8326=AXIS2_PLACEMENT_3D('',#8327,#8328,#8329);
#8327=CARTESIAN_POINT('',(-7.105427357601E-15,214.,-87.6461709275206));
#8328=DIRECTION('',(0.,-0.500000000000003,0.866025403784437));
#8329=DIRECTION('',(-0.996924655962007,-0.0678669488873291,-0.0391830012091783));
#8330=CARTESIAN_POINT('',(-7.90174031463952,215.082531754731,-87.0211709275205));
#8331=AXIS2_PLACEMENT_3D('',#8332,#8333,#8334);
#8332=CARTESIAN_POINT('',(-7.105427357601E-15,214.,-87.6461709275206));
#8333=DIRECTION('',(0.,-0.500000000000003,0.866025403784437));
#8334=DIRECTION('',(-0.987717539329944,0.135316469341319,0.0781250000000011));
#8335=CARTESIAN_POINT('',(-7.90174031463952,215.082531754731,-87.0211709275204));
#8336=VECTOR('',#8337,1.);
#8337=DIRECTION('',(0.,0.5,-0.866025403784439));
#8338=CARTESIAN_POINT('',(-7.97539724769606,249.457064408901,-150.313464009673));
#8339=AXIS2_PLACEMENT_3D('',#8340,#8341,#8342);
#8340=CARTESIAN_POINT('',(0.,250.,-150.));
#8341=DIRECTION('',(0.,-0.5,0.866025403784439));
#8342=DIRECTION('',(1.,0.,0.));
#8343=CARTESIAN_POINT('',(7.9017403146395,215.082531754731,-87.0211709275204));
#8344=CARTESIAN_POINT('',(7.9017403146395,217.082531754731,-90.4852725426581));
#8345=CARTESIAN_POINT('',(7.90174031463948,217.082531754731,-90.485272542658));
#8346=VECTOR('',#8347,1.);
#8347=DIRECTION('',(0.,-0.499999999999998,0.86602540378444));
#8348=CARTESIAN_POINT('',(7.9017403146396,212.91746824527,-88.2711709275204));
#8349=AXIS2_PLACEMENT_3D('',#8350,#8351,#8352);
#8350=CARTESIAN_POINT('',(0.,214.,-87.6461709275206));
#8351=DIRECTION('',(0.,-0.499999999999998,0.86602540378444));
#8352=DIRECTION('',(0.987717539329953,-0.13531646934127,-0.0781249999999714));
#8353=CARTESIAN_POINT('',(7.90174031463961,214.91746824527,-91.7352725426582));
#8354=CARTESIAN_POINT('',(7.90174031463963,214.91746824527,-91.7352725426582));
#8355=VECTOR('',#8356,1.);
#8356=DIRECTION('',(0.,-0.500000000000001,0.866025403784439));
#8357=AXIS2_PLACEMENT_3D('',#8358,#8359,#8360);
#8358=CARTESIAN_POINT('',(0.,216.,-91.1102725426584));
#8359=DIRECTION('',(0.,-0.499999999999998,0.86602540378444));
#8360=DIRECTION('',(0.987717539329955,-0.135316469341263,-0.0781249999999674));
#8361=CARTESIAN_POINT('',(1.25,222.84309669305,-87.1593830668484));
#8362=CARTESIAN_POINT('',(-1.25,222.84309669305,-87.1593830668484));
#8363=AXIS2_PLACEMENT_3D('',#8364,#8365,#8366);
#8364=CARTESIAN_POINT('',(0.,215.999988846465,-91.110253224168));
#8365=DIRECTION('',(0.,-0.500000000000002,0.866025403784437));
#8366=DIRECTION('',(0.15625,0.855388480823186,0.493858769664975));
#8367=CARTESIAN_POINT('',(-1.25,220.84309669305,-83.6952814517107));
#8368=CARTESIAN_POINT('',(-1.25,220.84309669305,-83.6952814517107));
#8369=VECTOR('',#8370,1.);
#8370=DIRECTION('',(0.,0.499999999999994,-0.866025403784442));
#8371=CARTESIAN_POINT('',(1.25,220.84309669305,-83.6952814517107));
#8372=AXIS2_PLACEMENT_3D('',#8373,#8374,#8375);
#8373=CARTESIAN_POINT('',(0.,213.999988846465,-87.6461516090303));
#8374=DIRECTION('',(0.,-0.500000000000002,0.866025403784437));
#8375=DIRECTION('',(0.15625,0.855388480823186,0.493858769664975));
#8376=CARTESIAN_POINT('',(1.25,220.84309669305,-83.6952814517107));
#8377=VECTOR('',#8378,1.);
#8378=DIRECTION('',(0.,0.499999999999994,-0.866025403784442));
#8379=CARTESIAN_POINT('',(1.25,207.156880999879,-91.5970217663501));
#8380=CARTESIAN_POINT('',(1.25,209.156880999879,-95.0611233814879));
#8381=CARTESIAN_POINT('',(1.25,209.156880999879,-95.0611233814878));
#8382=VECTOR('',#8383,1.);
#8383=DIRECTION('',(1.11022302462519E-16,-0.500000000000001,0.866025403784438));
#8384=CARTESIAN_POINT('',(-1.25,207.156880999879,-91.5970217663502));
#8385=AXIS2_PLACEMENT_3D('',#8386,#8387,#8388);
#8386=CARTESIAN_POINT('',(0.,213.999988846464,-87.6461516090303));
#8387=DIRECTION('',(6.93889390390723E-18,-0.500000000000003,0.866025403784437));
#8388=DIRECTION('',(-0.15625,-0.855388480823185,-0.493858769664975));
#8389=CARTESIAN_POINT('',(-1.25,209.156880999879,-95.0611233814878));
#8390=CARTESIAN_POINT('',(-1.25,209.156880999879,-95.0611233814878));
#8391=VECTOR('',#8392,1.);
#8392=DIRECTION('',(5.55111512312627E-17,-0.500000000000001,0.866025403784438));
#8393=AXIS2_PLACEMENT_3D('',#8394,#8395,#8396);
#8394=CARTESIAN_POINT('',(0.,215.999988846464,-91.110253224168));
#8395=DIRECTION('',(6.93889390390723E-18,-0.500000000000003,0.866025403784437));
#8396=DIRECTION('',(-0.15625,-0.855388480823185,-0.493858769664975));
#8397=CARTESIAN_POINT('',(10.,206.698729810778,-75.));
#8398=CARTESIAN_POINT('',(-10.,206.698729810778,-75.));
#8399=AXIS2_PLACEMENT_3D('',#8400,#8401,#8402);
#8400=CARTESIAN_POINT('',(0.,206.698729810778,-75.));
#8401=DIRECTION('',(0.,0.5,-0.866025403784439));
#8402=DIRECTION('',(1.,0.,0.));
#8403=CARTESIAN_POINT('',(-9.98037259236655,207.241060141991,-74.6868854372842));
#8404=AXIS2_PLACEMENT_3D('',#8405,#8406,#8407);
#8405=CARTESIAN_POINT('',(0.,206.698729810778,-75.));
#8406=DIRECTION('',(0.,0.5,-0.866025403784439));
#8407=DIRECTION('',(-1.,-8.24092880076912E-15,-4.7579024614966E-15));
#8408=AXIS2_PLACEMENT_3D('',#8409,#8410,#8411);
#8409=CARTESIAN_POINT('',(0.,206.698729810778,-75.));
#8410=DIRECTION('',(0.,0.5,-0.866025403784439));
#8411=DIRECTION('',(-0.998037259236655,0.0542330331213322,0.031311456271571));
#8412=CARTESIAN_POINT('',(-9.92156741649222,217.082531754731,-90.4852725426581));
#8413=CARTESIAN_POINT('',(-9.92156741649221,215.082531754731,-87.0211709275204));
#8414=CARTESIAN_POINT('',(-9.92156741649219,215.082531754731,-87.0211709275204));
#8415=VECTOR('',#8416,1.);
#8416=DIRECTION('',(-8.88178419700137E-16,0.5,-0.866025403784439));
#8417=CARTESIAN_POINT('',(-9.98037259236656,214.542330331213,-87.3330563648048));
#8418=AXIS2_PLACEMENT_3D('',#8419,#8420,#8421);
#8419=CARTESIAN_POINT('',(-7.105427357601E-15,214.,-87.6461709275206));
#8420=DIRECTION('',(0.,0.500000000000003,-0.866025403784437));
#8421=DIRECTION('',(-0.998037259236655,0.0542330331213265,0.031311456271568));
#8422=CARTESIAN_POINT('',(-9.92156741649222,212.91746824527,-88.2711709275204));
#8423=AXIS2_PLACEMENT_3D('',#8424,#8425,#8426);
#8424=CARTESIAN_POINT('',(-7.105427357601E-15,214.,-87.6461709275206));
#8425=DIRECTION('',(0.,0.500000000000003,-0.866025403784437));
#8426=DIRECTION('',(-0.992156741649221,-0.108253175473055,-0.0625000000000005));
#8427=CARTESIAN_POINT('',(-9.92156741649222,214.91746824527,-91.7352725426582));
#8428=CARTESIAN_POINT('',(-9.92156741649225,212.91746824527,-88.2711709275204));
#8429=VECTOR('',#8430,1.);
#8430=DIRECTION('',(-8.88178419700106E-16,0.500000000000003,-0.866025403784437));
#8431=CARTESIAN_POINT('',(-9.98037259236655,216.542330331213,-90.7971579799426));
#8432=AXIS2_PLACEMENT_3D('',#8433,#8434,#8435);
#8433=CARTESIAN_POINT('',(0.,216.,-91.1102725426583));
#8434=DIRECTION('',(0.,0.500000000000008,-0.866025403784434));
#8435=DIRECTION('',(-0.992156741649222,-0.108253175473052,-0.0625));
#8436=AXIS2_PLACEMENT_3D('',#8437,#8438,#8439);
#8437=CARTESIAN_POINT('',(0.,216.,-91.1102725426583));
#8438=DIRECTION('',(0.,0.500000000000008,-0.866025403784434));
#8439=DIRECTION('',(-0.998037259236655,0.0542330331213285,0.0313114562715696));
#8440=CARTESIAN_POINT('',(-9.98037259236655,233.542330331213,-120.242021708613));
#8441=AXIS2_PLACEMENT_3D('',#8442,#8443,#8444);
#8442=CARTESIAN_POINT('',(0.,233.,-120.555136271329));
#8443=DIRECTION('',(0.,0.5,-0.866025403784439));
#8444=DIRECTION('',(-0.998037259236655,0.0542330331213312,0.0313114562715704));
#8445=CARTESIAN_POINT('',(9.92156741649221,223.582531754731,-101.743602791856));
#8446=CARTESIAN_POINT('',(9.92156741649221,208.582531754731,-75.7628406783227));
#8447=CARTESIAN_POINT('',(9.92156741649216,208.582531754731,-75.7628406783227));
#8448=VECTOR('',#8449,1.);
#8449=DIRECTION('',(0.,0.5,-0.866025403784439));
#8450=CARTESIAN_POINT('',(9.92156741649221,221.41746824527,-102.993602791856));
#8451=CARTESIAN_POINT('',(9.92156741649215,223.582531754731,-101.743602791856));
#8452=CARTESIAN_POINT('',(10.0262816168431,222.84965135552,-102.136503101744));
#8453=CARTESIAN_POINT('',(10.0262816168431,222.124170094393,-102.555359903147));
#8454=CARTESIAN_POINT('',(9.92156741649227,221.41746824527,-102.993602791856));
#8455=CARTESIAN_POINT('',(9.92156741649221,206.41746824527,-77.0128406783227));
#8456=CARTESIAN_POINT('',(9.92156741649227,206.41746824527,-77.0128406783227));
#8457=VECTOR('',#8458,1.);
#8458=DIRECTION('',(0.,0.5,-0.866025403784439));
#8459=CARTESIAN_POINT('',(9.92156741649215,208.582531754731,-75.7628406783227));
#8460=CARTESIAN_POINT('',(10.0262816168431,207.875829905608,-76.2010835670311));
#8461=CARTESIAN_POINT('',(10.0262816168431,207.150348644481,-76.6199403684347));
#8462=CARTESIAN_POINT('',(9.92156741649227,206.41746824527,-77.0128406783227));
#8463=CARTESIAN_POINT('',(1.25,224.592318274507,-86.1494695159221));
#8464=CARTESIAN_POINT('',(1.25,222.592318274507,-82.6853679007843));
#8465=CARTESIAN_POINT('',(1.24999999999999,222.592318274507,-82.6853679007844));
#8466=VECTOR('',#8467,1.);
#8467=DIRECTION('',(0.,0.499999999999992,-0.866025403784443));
#8468=CARTESIAN_POINT('',(-1.25,222.592318274507,-82.6853679007843));
#8469=AXIS2_PLACEMENT_3D('',#8470,#8471,#8472);
#8470=CARTESIAN_POINT('',(0.,213.999988846465,-87.6461516090303));
#8471=DIRECTION('',(0.,0.500000000000002,-0.866025403784437));
#8472=DIRECTION('',(-0.125,0.859232942804219,0.496078370824613));
#8473=CARTESIAN_POINT('',(-1.25,224.592318274507,-86.1494695159221));
#8474=CARTESIAN_POINT('',(-1.24999999999999,222.592318274507,-82.6853679007844));
#8475=VECTOR('',#8476,1.);
#8476=DIRECTION('',(0.,0.499999999999999,-0.866025403784439));
#8477=AXIS2_PLACEMENT_3D('',#8478,#8479,#8480);
#8478=CARTESIAN_POINT('',(0.,215.999988846465,-91.110253224168));
#8479=DIRECTION('',(0.,0.500000000000002,-0.866025403784437));
#8480=DIRECTION('',(-0.125,0.859232942804219,0.496078370824613));
#8481=CARTESIAN_POINT('',(1.25,213.907659418422,-107.329367181612));
#8482=CARTESIAN_POINT('',(1.25,198.907659418422,-81.3486050680789));
#8483=CARTESIAN_POINT('',(1.25,198.907659418422,-81.3486050680787));
#8484=VECTOR('',#8485,1.);
#8485=DIRECTION('',(-5.92118946466747E-17,0.500000000000001,-0.866025403784438));
#8486=CARTESIAN_POINT('',(-1.25,213.907659418422,-107.329367181612));
#8487=CARTESIAN_POINT('',(1.25,213.907659418422,-107.329367181612));
#8488=CARTESIAN_POINT('',(0.418856801404362,213.803884985738,-107.359052992377));
#8489=CARTESIAN_POINT('',(-0.418856801402045,213.803884985738,-107.359052992377));
#8490=CARTESIAN_POINT('',(-1.2499999999977,213.907659418422,-107.329367181612));
#8491=CARTESIAN_POINT('',(-1.25,198.907659418422,-81.3486050680789));
#8492=CARTESIAN_POINT('',(-1.25,198.907659418422,-81.3486050680787));
#8493=VECTOR('',#8494,1.);
#8494=DIRECTION('',(-2.07241631263361E-16,0.500000000000001,-0.866025403784438));
#8495=CARTESIAN_POINT('',(1.25,198.907659418422,-81.3486050680787));
#8496=CARTESIAN_POINT('',(0.418856801404519,198.830063535825,-81.4236334576642));
#8497=CARTESIAN_POINT('',(-0.418856801401739,198.830063535825,-81.4236334576643));
#8498=CARTESIAN_POINT('',(-1.24999999999726,198.907659418422,-81.3486050680789));
#8499=CARTESIAN_POINT('',(29.9215674164922,221.082531754731,-97.4134757729337));
#8500=CARTESIAN_POINT('',(9.92156741649221,223.582531754731,-101.743602791856));
#8501=VECTOR('',#8502,1.);
#8502=DIRECTION('',(0.970142500145332,-0.121267812518168,0.210042012604202));
#8503=CARTESIAN_POINT('',(29.9215674164922,218.91746824527,-98.6634757729337));
#8504=CARTESIAN_POINT('',(29.9215674164922,221.082531754731,-97.4134757729337));
#8505=VECTOR('',#8506,1.);
#8506=DIRECTION('',(-1.4210854715202E-15,-0.86602540378444,-0.499999999999998));
#8507=CARTESIAN_POINT('',(9.92156741649221,221.41746824527,-102.993602791856));
#8508=VECTOR('',#8509,1.);
#8509=DIRECTION('',(0.970142500145332,-0.121267812518168,0.210042012604202));
#8510=CARTESIAN_POINT('',(29.9215674164922,208.91746824527,-81.3429676972449));
#8511=CARTESIAN_POINT('',(29.9215674164922,208.91746824527,-81.3429676972449));
#8512=VECTOR('',#8513,1.);
#8513=DIRECTION('',(-0.970142500145332,-0.121267812518166,0.210042012604202));
#8514=CARTESIAN_POINT('',(29.9215674164922,211.082531754731,-80.0929676972449));
#8515=CARTESIAN_POINT('',(29.9215674164922,211.082531754731,-80.0929676972449));
#8516=VECTOR('',#8517,1.);
#8517=DIRECTION('',(0.,-0.866025403784442,-0.499999999999994));
#8518=CARTESIAN_POINT('',(29.9215674164922,211.082531754731,-80.0929676972449));
#8519=VECTOR('',#8520,1.);
#8520=DIRECTION('',(-0.970142500145332,-0.121267812518166,0.210042012604202));
#8521=CARTESIAN_POINT('',(4.92156741649221,215.082531754731,-87.0211709275204));
#8522=CARTESIAN_POINT('',(7.90174031463955,215.082531754731,-87.0211709275204));
#8523=VECTOR('',#8524,1.);
#8524=DIRECTION('',(-1.,0.,0.));
#8525=CARTESIAN_POINT('',(4.92156741649221,212.91746824527,-88.2711709275204));
#8526=CARTESIAN_POINT('',(4.92156741649221,215.082531754731,-87.0211709275204));
#8527=VECTOR('',#8528,1.);
#8528=DIRECTION('',(0.,-0.86602540378444,-0.499999999999998));
#8529=CARTESIAN_POINT('',(7.90174031463956,212.91746824527,-88.2711709275204));
#8530=VECTOR('',#8531,1.);
#8531=DIRECTION('',(-1.,0.,0.));
#8532=CARTESIAN_POINT('',(4.92156741649221,214.91746824527,-91.7352725426582));
#8533=CARTESIAN_POINT('',(4.92156741649221,214.91746824527,-91.7352725426582));
#8534=VECTOR('',#8535,1.);
#8535=DIRECTION('',(1.,0.,0.));
#8536=CARTESIAN_POINT('',(4.92156741649221,217.082531754731,-90.4852725426582));
#8537=CARTESIAN_POINT('',(4.92156741649221,217.082531754731,-90.4852725426582));
#8538=VECTOR('',#8539,1.);
#8539=DIRECTION('',(0.,-0.86602540378444,-0.499999999999998));
#8540=CARTESIAN_POINT('',(4.92156741649221,217.082531754731,-90.4852725426582));
#8541=VECTOR('',#8542,1.);
#8542=DIRECTION('',(1.,0.,0.));
#8543=CARTESIAN_POINT('',(29.9215674164922,218.91746824527,-98.6634757729337));
#8544=VECTOR('',#8545,1.);
#8545=DIRECTION('',(0.,-0.5,0.866025403784439));
#8546=CARTESIAN_POINT('',(25.4215632075988,214.792488688225,-91.5188015999492));
#8547=CARTESIAN_POINT('',(18.421568612662,214.789413163324,-91.5134746345606));
#8548=AXIS2_PLACEMENT_3D('',#8549,#8550,#8551);
#8549=CARTESIAN_POINT('',(21.9215632075988,214.792488688225,-91.5188015999492));
#8550=DIRECTION('',(0.,-0.866025403784438,-0.500000000000001));
#8551=DIRECTION('',(-0.999998455696209,-0.00087872140030556,0.0015219901110273));
#8552=CARTESIAN_POINT('',(18.4215716252974,213.042484479386,-88.4877053967803));
#8553=CARTESIAN_POINT('',(18.4215716252974,213.042484479386,-88.4877053967803));
#8554=VECTOR('',#8555,1.);
#8555=DIRECTION('',(-8.62266274130674E-7,0.499999999999817,-0.866025403784115));
#8556=CARTESIAN_POINT('',(25.4215716252772,213.042492897074,-88.4877199766445));
#8557=AXIS2_PLACEMENT_3D('',#8558,#8559,#8560);
#8558=CARTESIAN_POINT('',(21.9215716252873,213.04248868823,-88.4877126867124));
#8559=DIRECTION('',(0.,-0.866025403784438,-0.500000000000001));
#8560=DIRECTION('',(0.999999999997108,1.2025269324634E-6,-2.08283774449655E-6));
#8561=CARTESIAN_POINT('',(25.4215632075988,214.792488688225,-91.5188015999492));
#8562=VECTOR('',#8563,1.);
#8563=DIRECTION('',(2.40505675511283E-6,-0.499999999998553,0.866025403781935));
#8564=CARTESIAN_POINT('',(4.92156741649221,212.91746824527,-88.2711709275204));
#8565=VECTOR('',#8566,1.);
#8566=DIRECTION('',(0.,0.500000000000001,-0.866025403784439));
#8567=CARTESIAN_POINT('',(29.9215674164922,221.082531754731,-97.4134757729337));
#8568=VECTOR('',#8569,1.);
#8569=DIRECTION('',(0.,-0.500000000000001,0.866025403784438));
#8570=CARTESIAN_POINT('',(18.421568612662,216.954476672785,-90.2634746345606));
#8571=CARTESIAN_POINT('',(25.4215632075988,216.957552197686,-90.2688015999492));
#8572=AXIS2_PLACEMENT_3D('',#8573,#8574,#8575);
#8573=CARTESIAN_POINT('',(21.9215632075988,216.957552197686,-90.2688015999492));
#8574=DIRECTION('',(0.,-0.866025403784438,-0.500000000000001));
#8575=DIRECTION('',(-0.999998455696209,-0.00087872140030556,0.0015219901110273));
#8576=CARTESIAN_POINT('',(25.4215716252772,215.207556406536,-87.2377199766445));
#8577=CARTESIAN_POINT('',(25.4215632075988,216.957552197686,-90.2688015999492));
#8578=VECTOR('',#8579,1.);
#8579=DIRECTION('',(2.40505675511283E-6,-0.499999999998553,0.866025403781935));
#8580=CARTESIAN_POINT('',(18.4215716252974,215.207547988847,-87.2377053967803));
#8581=AXIS2_PLACEMENT_3D('',#8582,#8583,#8584);
#8582=CARTESIAN_POINT('',(21.9215716252873,215.207552197691,-87.2377126867124));
#8583=DIRECTION('',(0.,-0.866025403784438,-0.500000000000001));
#8584=DIRECTION('',(0.999999999997108,1.2025269324634E-6,-2.08283774449655E-6));
#8585=CARTESIAN_POINT('',(18.4215716252974,215.207547988847,-87.2377053967803));
#8586=VECTOR('',#8587,1.);
#8587=DIRECTION('',(-8.62266274130674E-7,0.499999999999817,-0.866025403784115));
#8588=CARTESIAN_POINT('',(4.92156741649221,215.082531754731,-87.0211709275204));
#8589=VECTOR('',#8590,1.);
#8590=DIRECTION('',(0.,0.500000000000001,-0.866025403784439));
#8591=CARTESIAN_POINT('',(-7.90174031463955,212.91746824527,-88.2711709275204));
#8592=VECTOR('',#8593,1.);
#8593=DIRECTION('',(-1.,0.,0.));
#8594=CARTESIAN_POINT('',(-7.90174031463955,214.91746824527,-91.7352725426582));
#8595=VECTOR('',#8596,1.);
#8596=DIRECTION('',(-1.,-1.40713575950805E-14,7.03567879754025E-15));
#8597=CARTESIAN_POINT('',(8.,76.7949192431123,2.77685644708588E-14));
#8598=CARTESIAN_POINT('',(-8.,76.7949192431123,8.04259164926702E-14));
#8599=AXIS2_PLACEMENT_3D('',#8600,#8601,#8602);
#8600=CARTESIAN_POINT('',(0.,76.7949192431123,0.));
#8601=DIRECTION('',(0.,-1.,-1.8947806286936E-16));
#8602=DIRECTION('',(1.,-6.84763490948677E-31,3.61394601875787E-15));
#8603=AXIS2_PLACEMENT_3D('',#8604,#8605,#8606);
#8604=CARTESIAN_POINT('',(0.,76.7949192431123,0.));
#8605=DIRECTION('',(0.,-1.,-1.8947806286936E-16));
#8606=DIRECTION('',(-1.,-1.1432257296498E-30,6.03355191802877E-15));
#8607=CARTESIAN_POINT('',(-7.90174031463955,215.082531754731,-87.0211709275204));
#8608=VECTOR('',#8609,1.);
#8609=DIRECTION('',(-1.,0.,7.03567879754028E-15));
#8610=CARTESIAN_POINT('',(-7.90174031463955,217.082531754731,-90.4852725426581));
#8611=VECTOR('',#8612,1.);
#8612=DIRECTION('',(-1.,0.,0.));
#8613=CARTESIAN_POINT('',(-18.3298925990712,243.070982899438,-154.000469888229));
#8614=CARTESIAN_POINT('',(-18.3298925990712,256.929017100562,-145.999530111771));
#8615=AXIS2_PLACEMENT_3D('',#8616,#8617,#8618);
#8616=CARTESIAN_POINT('',(-6.66133814775094E-16,250.,-150.));
#8617=DIRECTION('',(0.,0.5,-0.866025403784439));
#8618=DIRECTION('',(-0.916494629953563,-0.346450855028114,-0.200023494411458));
#8619=CARTESIAN_POINT('',(-7.33041895215026,278.752368919612,-133.399812064423));
#8620=CARTESIAN_POINT('',(-18.3298925990712,256.929017100562,-145.999530111771));
#8621=VECTOR('',#8622,1.);
#8622=DIRECTION('',(0.400046988822916,0.793707631971803,0.458247314976782));
#8623=CARTESIAN_POINT('',(-5.32907051820075E-15,282.908965181615,-131.000000093643));
#8624=AXIS2_PLACEMENT_3D('',#8625,#8626,#8627);
#8625=CARTESIAN_POINT('',(0.00153808747824979,275.980762079387,-135.000000019714));
#8626=DIRECTION('',(0.,0.5,-0.866025403784439));
#8627=DIRECTION('',(-0.916494629953563,0.346450855028115,0.200023494411458));
#8628=CARTESIAN_POINT('',(7.33041895215025,278.752368919612,-133.399812064423));
#8629=AXIS2_PLACEMENT_3D('',#8630,#8631,#8632);
#8630=CARTESIAN_POINT('',(-0.00153808747825468,275.980762079387,-135.000000019714));
#8631=DIRECTION('',(0.,0.5,-0.866025403784439));
#8632=DIRECTION('',(0.000192260934781468,0.866025387778441,0.499999990758933));
#8633=CARTESIAN_POINT('',(18.3298925990712,256.929017100562,-145.999530111771));
#8634=CARTESIAN_POINT('',(7.33041895215024,278.752368919612,-133.399812064423));
#8635=VECTOR('',#8636,1.);
#8636=DIRECTION('',(0.400046988822916,-0.793707631971803,-0.458247314976782));
#8637=CARTESIAN_POINT('',(18.3298925990712,243.070982899438,-154.000469888229));
#8638=AXIS2_PLACEMENT_3D('',#8639,#8640,#8641);
#8639=CARTESIAN_POINT('',(-6.66133814775094E-16,250.,-150.));
#8640=DIRECTION('',(0.,0.5,-0.866025403784439));
#8641=DIRECTION('',(0.916494629953563,0.346450855028113,0.200023494411457));
#8642=CARTESIAN_POINT('',(7.33041895215025,221.247631080388,-166.600187935577));
#8643=CARTESIAN_POINT('',(18.3298925990712,243.070982899438,-154.000469888229));
#8644=VECTOR('',#8645,1.);
#8645=DIRECTION('',(-0.400046988822916,-0.793707631971803,-0.458247314976782));
#8646=CARTESIAN_POINT('',(2.77555756156289E-15,217.091034818385,-168.999999906357));
#8647=AXIS2_PLACEMENT_3D('',#8648,#8649,#8650);
#8648=CARTESIAN_POINT('',(-0.0015380874782509,224.019237920613,-164.999999980286));
#8649=DIRECTION('',(0.,0.5,-0.866025403784439));
#8650=DIRECTION('',(0.916494629953564,-0.346450855028113,-0.200023494411457));
#8651=CARTESIAN_POINT('',(-7.33041895215025,221.247631080388,-166.600187935577));
#8652=AXIS2_PLACEMENT_3D('',#8653,#8654,#8655);
#8653=CARTESIAN_POINT('',(0.00153808747825357,224.019237920613,-164.999999980286));
#8654=DIRECTION('',(0.,0.5,-0.866025403784439));
#8655=DIRECTION('',(-0.000192260934781268,-0.866025387778441,-0.499999990758933));
#8656=CARTESIAN_POINT('',(-7.33041895215024,221.247631080388,-166.600187935577));
#8657=VECTOR('',#8658,1.);
#8658=DIRECTION('',(-0.400046988822916,0.793707631971803,0.458247314976782));
#8659=CARTESIAN_POINT('',(-3.10862446895044E-15,278.795344326491,-133.375000201692));
#8660=CARTESIAN_POINT('',(-1.77635683940025E-15,273.166179832283,-136.624999837736));
#8661=AXIS2_PLACEMENT_3D('',#8662,#8663,#8664);
#8662=CARTESIAN_POINT('',(0.00153808747824979,275.980762079387,-135.000000019714));
#8663=DIRECTION('',(0.,0.5,-0.866025403784439));
#8664=DIRECTION('',(-0.000473257685615874,-0.86602530680135,-0.499999944006787));
#8665=AXIS2_PLACEMENT_3D('',#8666,#8667,#8668);
#8666=CARTESIAN_POINT('',(-0.00153808747825468,275.980762079387,-135.000000019714));
#8667=DIRECTION('',(0.,0.5,-0.866025403784439));
#8668=DIRECTION('',(0.000473257685616011,0.86602530680135,0.499999944006787));
#8669=CARTESIAN_POINT('',(1.77635683940025E-15,221.204655673509,-166.624999798308));
#8670=CARTESIAN_POINT('',(6.66133814775094E-16,226.833820167717,-163.375000162264));
#8671=AXIS2_PLACEMENT_3D('',#8672,#8673,#8674);
#8672=CARTESIAN_POINT('',(-0.0015380874782509,224.019237920613,-164.999999980286));
#8673=DIRECTION('',(0.,0.5,-0.866025403784439));
#8674=DIRECTION('',(0.000473257685616011,0.86602530680135,0.499999944006787));
#8675=AXIS2_PLACEMENT_3D('',#8676,#8677,#8678);
#8676=CARTESIAN_POINT('',(0.00153808747825357,224.019237920613,-164.999999980286));
#8677=DIRECTION('',(0.,0.5,-0.866025403784439));
#8678=DIRECTION('',(-0.000473257685615874,-0.86602530680135,-0.499999944006787));
#8679=CARTESIAN_POINT('',(1.25,222.84309669305,-87.1593830668484));
#8680=VECTOR('',#8681,1.);
#8681=DIRECTION('',(0.,0.866025403784437,0.500000000000003));
#8682=CARTESIAN_POINT('',(-1.25,222.84309669305,-87.1593830668484));
#8683=VECTOR('',#8684,1.);
#8684=DIRECTION('',(0.,0.866025403784443,0.499999999999993));
#8685=CARTESIAN_POINT('',(-1.25,220.84309669305,-83.6952814517107));
#8686=VECTOR('',#8687,1.);
#8687=DIRECTION('',(0.,0.866025403784444,0.49999999999999));
#8688=CARTESIAN_POINT('',(1.25,220.84309669305,-83.6952814517107));
#8689=VECTOR('',#8690,1.);
#8690=DIRECTION('',(0.,0.866025403784434,0.500000000000008));
#8691=CARTESIAN_POINT('',(1.25,211.737786437344,-93.5710369324143));
#8692=CARTESIAN_POINT('',(1.25,211.737786437344,-93.5710369324143));
#8693=VECTOR('',#8694,1.);
#8694=DIRECTION('',(0.,-0.866025403784436,-0.500000000000004));
#8695=CARTESIAN_POINT('',(1.25,209.737786437344,-90.1069353172766));
#8696=CARTESIAN_POINT('',(1.25,209.737786437344,-90.1069353172766));
#8697=VECTOR('',#8698,1.);
#8698=DIRECTION('',(-1.11022302462516E-16,0.500000000000001,-0.866025403784439));
#8699=CARTESIAN_POINT('',(1.25,207.156880999879,-91.5970217663501));
#8700=VECTOR('',#8701,1.);
#8701=DIRECTION('',(0.,0.866025403784436,0.500000000000004));
#8702=CARTESIAN_POINT('',(-1.25,209.737786437344,-90.1069353172766));
#8703=CARTESIAN_POINT('',(1.25,209.737786437344,-90.1069353172766));
#8704=VECTOR('',#8705,1.);
#8705=DIRECTION('',(-1.,0.,0.));
#8706=CARTESIAN_POINT('',(-1.25,207.156880999879,-91.5970217663501));
#8707=VECTOR('',#8708,1.);
#8708=DIRECTION('',(0.,0.866025403784436,0.500000000000004));
#8709=CARTESIAN_POINT('',(-1.25,211.737786437344,-93.5710369324143));
#8710=CARTESIAN_POINT('',(-1.25,209.737786437344,-90.1069353172766));
#8711=VECTOR('',#8712,1.);
#8712=DIRECTION('',(-1.11022302462516E-16,0.500000000000001,-0.866025403784439));
#8713=CARTESIAN_POINT('',(-1.25,211.737786437344,-93.5710369324143));
#8714=VECTOR('',#8715,1.);
#8715=DIRECTION('',(0.,-0.866025403784436,-0.500000000000004));
#8716=CARTESIAN_POINT('',(1.25,211.737786437344,-93.5710369324143));
#8717=VECTOR('',#8718,1.);
#8718=DIRECTION('',(-1.,0.,0.));
#8719=CARTESIAN_POINT('',(10.,76.7949192431123,2.92381406298356E-14));
#8720=CARTESIAN_POINT('',(-10.,76.7949192431123,6.33365228188354E-14));
#8721=AXIS2_PLACEMENT_3D('',#8722,#8723,#8724);
#8722=CARTESIAN_POINT('',(0.,76.7949192431123,0.));
#8723=DIRECTION('',(0.,1.,1.8947806286936E-16));
#8724=DIRECTION('',(1.,-5.16473164501528E-31,2.72576759905774E-15));
#8725=AXIS2_PLACEMENT_3D('',#8726,#8727,#8728);
#8726=CARTESIAN_POINT('',(0.,76.7949192431123,0.));
#8727=DIRECTION('',(0.,1.,1.8947806286936E-16));
#8728=DIRECTION('',(-1.,-8.53053817395826E-31,4.50212443845799E-15));
#8729=CARTESIAN_POINT('',(1.9287034382728E-15,243.392304845413,-114.555136271329));
#8730=AXIS2_PLACEMENT_3D('',#8731,#8732,#8733);
#8731=CARTESIAN_POINT('',(-2.22044604925031E-16,233.,-120.555136271329));
#8732=DIRECTION('',(0.,-0.5,0.866025403784439));
#8733=DIRECTION('',(6.12323399573677E-17,0.866025403784439,0.5));
#8734=CARTESIAN_POINT('',(1.25,184.087151342733,-95.6787320870011));
#8735=CARTESIAN_POINT('',(1.25,184.087151342733,-95.6787320870011));
#8736=VECTOR('',#8737,1.);
#8737=DIRECTION('',(3.23122362248628E-17,0.718900237898638,0.695113262676869));
#8738=CARTESIAN_POINT('',(1.25,194.087151342733,-112.99924016269));
#8739=CARTESIAN_POINT('',(1.25,194.087151342733,-112.99924016269));
#8740=VECTOR('',#8741,1.);
#8741=DIRECTION('',(1.22124532708767E-16,-0.500000000000003,0.866025403784437));
#8742=CARTESIAN_POINT('',(1.25,213.907659418422,-107.329367181612));
#8743=VECTOR('',#8744,1.);
#8744=DIRECTION('',(2.15414908165752E-17,-0.961435862934972,-0.275029237468467));
#8745=CARTESIAN_POINT('',(1.25,193.859289747727,-103.604563885259));
#8746=CARTESIAN_POINT('',(1.25,192.109286666653,-100.573486470793));
#8747=CARTESIAN_POINT('',(1.25,193.859289747727,-103.604563885259));
#8748=VECTOR('',#8749,1.);
#8749=DIRECTION('',(1.26882936546029E-16,-0.500002082838798,0.866024201253558));
#8750=CARTESIAN_POINT('',(1.25,198.171456075438,-97.0734718909391));
#8751=AXIS2_PLACEMENT_3D('',#8752,#8753,#8754);
#8752=CARTESIAN_POINT('',(1.25,195.140371371046,-98.8234791808662));
#8753=DIRECTION('',(-1.,-6.1232339957368E-17,1.06057523872491E-16));
#8754=DIRECTION('',(-2.94534151352728E-22,-0.866024201255002,-0.500002082836298));
#8755=CARTESIAN_POINT('',(1.25,199.918387368395,-100.099239622402));
#8756=CARTESIAN_POINT('',(1.25,198.171456075438,-97.0734718909391));
#8757=VECTOR('',#8758,1.);
#8758=DIRECTION('',(-1.27105706699137E-16,0.500000746744316,-0.866024972650978));
#8759=AXIS2_PLACEMENT_3D('',#8760,#8761,#8762);
#8760=CARTESIAN_POINT('',(1.25,196.890378660973,-101.854563885259));
#8761=DIRECTION('',(-1.,-6.12323399573679E-17,1.06057523872491E-16));
#8762=DIRECTION('',(2.15224670044786E-19,0.86514534497782,0.50152121795913));
#8763=CARTESIAN_POINT('',(-1.25,194.087151342733,-112.99924016269));
#8764=CARTESIAN_POINT('',(1.25,194.087151342733,-112.99924016269));
#8765=VECTOR('',#8766,1.);
#8766=DIRECTION('',(-1.,0.,0.));
#8767=CARTESIAN_POINT('',(-1.25,213.907659418422,-107.329367181612));
#8768=VECTOR('',#8769,1.);
#8769=DIRECTION('',(2.15414908165752E-17,-0.961435862934972,-0.275029237468467));
#8770=CARTESIAN_POINT('',(-1.25,184.087151342733,-95.6787320870011));
#8771=CARTESIAN_POINT('',(-1.25,194.087151342733,-112.99924016269));
#8772=VECTOR('',#8773,1.);
#8773=DIRECTION('',(1.33226762955019E-16,-0.500000000000003,0.866025403784437));
#8774=CARTESIAN_POINT('',(-1.25,184.087151342733,-95.6787320870011));
#8775=VECTOR('',#8776,1.);
#8776=DIRECTION('',(3.23122362248628E-17,0.718900237898638,0.695113262676869));
#8777=CARTESIAN_POINT('',(-1.25,192.109286666653,-100.573486470793));
#8778=CARTESIAN_POINT('',(-1.25,193.859289747727,-103.604563885259));
#8779=CARTESIAN_POINT('',(-1.25,193.859289747727,-103.604563885259));
#8780=VECTOR('',#8781,1.);
#8781=DIRECTION('',(1.26882936546029E-16,-0.500002082838798,0.866024201253558));
#8782=CARTESIAN_POINT('',(-1.25,199.918387368395,-100.099239622402));
#8783=AXIS2_PLACEMENT_3D('',#8784,#8785,#8786);
#8784=CARTESIAN_POINT('',(-1.25,196.890378660973,-101.854563885259));
#8785=DIRECTION('',(-1.,-6.12323399573679E-17,1.06057523872491E-16));
#8786=DIRECTION('',(2.15224670044786E-19,0.86514534497782,0.50152121795913));
#8787=CARTESIAN_POINT('',(-1.25,198.171456075438,-97.0734718909391));
#8788=CARTESIAN_POINT('',(-1.25,198.171456075438,-97.0734718909391));
#8789=VECTOR('',#8790,1.);
#8790=DIRECTION('',(-1.27105706699137E-16,0.500000746744316,-0.866024972650978));
#8791=AXIS2_PLACEMENT_3D('',#8792,#8793,#8794);
#8792=CARTESIAN_POINT('',(-1.25,195.140371371046,-98.8234791808662));
#8793=DIRECTION('',(-1.,-6.1232339957368E-17,1.06057523872491E-16));
#8794=DIRECTION('',(-2.94534151352728E-22,-0.866024201255002,-0.500002082836298));
#8795=CARTESIAN_POINT('',(1.25,184.087151342733,-95.6787320870011));
#8796=VECTOR('',#8797,1.);
#8797=DIRECTION('',(-1.,0.,0.));
#8798=CARTESIAN_POINT('',(25.4215632075988,216.957552197686,-90.2688015999492));
#8799=VECTOR('',#8800,1.);
#8800=DIRECTION('',(0.,-0.86602540378444,-0.499999999999998));
#8801=CARTESIAN_POINT('',(18.421568612662,216.954476672785,-90.2634746345606));
#8802=VECTOR('',#8803,1.);
#8803=DIRECTION('',(0.,-0.86602540378444,-0.499999999999998));
#8804=CARTESIAN_POINT('',(18.4215716252974,215.207547988847,-87.2377053967803));
#8805=VECTOR('',#8806,1.);
#8806=DIRECTION('',(0.,-0.86602540378444,-0.499999999999998));
#8807=CARTESIAN_POINT('',(25.4215716252772,215.207556406536,-87.2377199766445));
#8808=VECTOR('',#8809,1.);
#8809=DIRECTION('',(0.,-0.86602540378444,-0.499999999999998));
#8810=CARTESIAN_POINT('',(8.,1.20864091264691E-31,-9.79717439317882E-16));
#8811=AXIS2_PLACEMENT_3D('',#8812,#8813,#8814);
#8812=CARTESIAN_POINT('',(0.,0.,0.));
#8813=DIRECTION('',(0.,-1.,0.));
#8814=DIRECTION('',(1.,0.,0.));
#8815=CARTESIAN_POINT('',(-18.3298925990712,241.570982899438,-151.402393676876));
#8816=CARTESIAN_POINT('',(-18.3298925990712,255.429017100562,-143.401453900418));
#8817=AXIS2_PLACEMENT_3D('',#8818,#8819,#8820);
#8818=CARTESIAN_POINT('',(-6.66133814775094E-16,248.5,-147.401923788647));
#8819=DIRECTION('',(-2.77555756156289E-17,0.499999999999999,-0.866025403784439));
#8820=DIRECTION('',(-0.916494629953563,-0.346450855028114,-0.200023494411457));
#8821=CARTESIAN_POINT('',(-18.3298925990712,255.429017100562,-143.401453900418));
#8822=VECTOR('',#8823,1.);
#8823=DIRECTION('',(0.,0.500000000000007,-0.866025403784435));
#8824=CARTESIAN_POINT('',(-18.3298925990712,241.570982899438,-151.402393676876));
#8825=VECTOR('',#8826,1.);
#8826=DIRECTION('',(0.,0.5,-0.866025403784439));
#8827=CARTESIAN_POINT('',(-7.33041895215025,277.252368919612,-130.801735853069));
#8828=CARTESIAN_POINT('',(-18.3298925990712,255.429017100562,-143.401453900418));
#8829=VECTOR('',#8830,1.);
#8830=DIRECTION('',(0.400046988822916,0.793707631971804,0.458247314976781));
#8831=CARTESIAN_POINT('',(-7.33041895215026,277.252368919612,-130.801735853069));
#8832=VECTOR('',#8833,1.);
#8833=DIRECTION('',(-8.88178419700125E-16,0.5,-0.866025403784439));
#8834=CARTESIAN_POINT('',(-6.70091152704666E-16,281.408965181615,-128.40192388229));
#8835=AXIS2_PLACEMENT_3D('',#8836,#8837,#8838);
#8836=CARTESIAN_POINT('',(0.00153808747824979,274.480762079387,-132.401923808361));
#8837=DIRECTION('',(0.,0.499999999999999,-0.866025403784439));
#8838=DIRECTION('',(-0.916494629953563,0.346450855028115,0.200023494411458));
#8839=CARTESIAN_POINT('',(-4.66293670342566E-15,281.408965181615,-128.40192388229));
#8840=VECTOR('',#8841,1.);
#8841=DIRECTION('',(0.,0.5,-0.866025403784439));
#8842=CARTESIAN_POINT('',(7.33041895215025,277.252368919612,-130.801735853069));
#8843=AXIS2_PLACEMENT_3D('',#8844,#8845,#8846);
#8844=CARTESIAN_POINT('',(-0.00153808747825468,274.480762079387,-132.401923808361));
#8845=DIRECTION('',(0.,0.499999999999999,-0.866025403784439));
#8846=DIRECTION('',(0.000192260934781496,0.866025387778442,0.499999990758932));
#8847=CARTESIAN_POINT('',(7.33041895215025,277.252368919612,-130.801735853069));
#8848=VECTOR('',#8849,1.);
#8849=DIRECTION('',(0.,0.5,-0.866025403784439));
#8850=CARTESIAN_POINT('',(18.3298925990712,255.429017100562,-143.401453900418));
#8851=CARTESIAN_POINT('',(7.33041895215024,277.252368919612,-130.801735853069));
#8852=VECTOR('',#8853,1.);
#8853=DIRECTION('',(0.400046988822916,-0.793707631971803,-0.458247314976781));
#8854=CARTESIAN_POINT('',(18.3298925990712,255.429017100562,-143.401453900418));
#8855=VECTOR('',#8856,1.);
#8856=DIRECTION('',(-2.36847578586699E-15,0.500000000000007,-0.866025403784435));
#8857=CARTESIAN_POINT('',(18.3298925990712,241.570982899438,-151.402393676876));
#8858=AXIS2_PLACEMENT_3D('',#8859,#8860,#8861);
#8859=CARTESIAN_POINT('',(-6.66133814775094E-16,248.5,-147.401923788647));
#8860=DIRECTION('',(0.,0.499999999999999,-0.866025403784439));
#8861=DIRECTION('',(0.916494629953563,0.346450855028114,0.200023494411457));
#8862=CARTESIAN_POINT('',(18.3298925990712,241.570982899438,-151.402393676876));
#8863=VECTOR('',#8864,1.);
#8864=DIRECTION('',(0.,0.5,-0.866025403784439));
#8865=CARTESIAN_POINT('',(7.33041895215026,219.747631080388,-164.002111724224));
#8866=CARTESIAN_POINT('',(18.3298925990712,241.570982899438,-151.402393676876));
#8867=VECTOR('',#8868,1.);
#8868=DIRECTION('',(-0.400046988822916,-0.793707631971804,-0.458247314976781));
#8869=CARTESIAN_POINT('',(7.33041895215026,219.747631080388,-164.002111724224));
#8870=VECTOR('',#8871,1.);
#8871=DIRECTION('',(0.,0.5,-0.866025403784439));
#8872=CARTESIAN_POINT('',(1.18465350376629E-15,215.591034818385,-166.401923695004));
#8873=AXIS2_PLACEMENT_3D('',#8874,#8875,#8876);
#8874=CARTESIAN_POINT('',(-0.0015380874782509,222.519237920613,-162.401923768932));
#8875=DIRECTION('',(0.,0.499999999999999,-0.866025403784439));
#8876=DIRECTION('',(0.916494629953563,-0.346450855028115,-0.200023494411458));
#8877=CARTESIAN_POINT('',(3.10862446895044E-15,215.591034818385,-166.401923695004));
#8878=VECTOR('',#8879,1.);
#8879=DIRECTION('',(0.,0.5,-0.866025403784439));
#8880=CARTESIAN_POINT('',(-7.33041895215025,219.747631080388,-164.002111724224));
#8881=AXIS2_PLACEMENT_3D('',#8882,#8883,#8884);
#8882=CARTESIAN_POINT('',(0.00153808747825357,222.519237920613,-162.401923768932));
#8883=DIRECTION('',(0.,0.499999999999999,-0.866025403784439));
#8884=DIRECTION('',(-0.000192260934781274,-0.866025387778442,-0.499999990758932));
#8885=CARTESIAN_POINT('',(-7.33041895215025,219.747631080388,-164.002111724224));
#8886=VECTOR('',#8887,1.);
#8887=DIRECTION('',(0.,0.5,-0.866025403784439));
#8888=CARTESIAN_POINT('',(-7.33041895215024,219.747631080388,-164.002111724224));
#8889=VECTOR('',#8890,1.);
#8890=DIRECTION('',(-0.400046988822916,0.793707631971804,0.458247314976781));
#8891=CARTESIAN_POINT('',(-3.10862446895044E-15,276.795344326491,-129.910898586554));
#8892=CARTESIAN_POINT('',(-3.46012281327024E-15,276.795344326491,-129.910898586554));
#8893=VECTOR('',#8894,1.);
#8894=DIRECTION('',(0.,0.499999999999999,-0.866025403784439));
#8895=CARTESIAN_POINT('',(-1.77635683940025E-15,271.166179832283,-133.160898222599));
#8896=AXIS2_PLACEMENT_3D('',#8897,#8898,#8899);
#8897=CARTESIAN_POINT('',(0.00153808747824979,273.980762079387,-131.535898404577));
#8898=DIRECTION('',(1.48806748173635E-17,0.5,-0.866025403784439));
#8899=DIRECTION('',(-0.000473257685615874,-0.86602530680135,-0.499999944006787));
#8900=CARTESIAN_POINT('',(-1.86894770493051E-15,271.166179832283,-133.160898222599));
#8901=VECTOR('',#8902,1.);
#8902=DIRECTION('',(0.,0.499999999999999,-0.866025403784439));
#8903=AXIS2_PLACEMENT_3D('',#8904,#8905,#8906);
#8904=CARTESIAN_POINT('',(-0.00153808747825468,273.980762079387,-131.535898404577));
#8905=DIRECTION('',(1.48806748173635E-17,0.5,-0.866025403784439));
#8906=DIRECTION('',(0.000473257685616011,0.86602530680135,0.499999944006787));
#8907=CARTESIAN_POINT('',(1.77635683940025E-15,219.204655673509,-163.16089818317));
#8908=CARTESIAN_POINT('',(1.90581057879502E-15,219.204655673509,-163.16089818317));
#8909=VECTOR('',#8910,1.);
#8910=DIRECTION('',(0.,0.499999999999999,-0.866025403784439));
#8911=CARTESIAN_POINT('',(6.66133814775094E-16,224.833820167717,-159.910898547126));
#8912=AXIS2_PLACEMENT_3D('',#8913,#8914,#8915);
#8913=CARTESIAN_POINT('',(-0.0015380874782509,222.019237920613,-161.535898365148));
#8914=DIRECTION('',(1.48806748173635E-17,0.5,-0.866025403784439));
#8915=DIRECTION('',(0.000473257685616011,0.86602530680135,0.499999944006787));
#8916=CARTESIAN_POINT('',(3.14635470455293E-16,224.833820167717,-159.910898547126));
#8917=VECTOR('',#8918,1.);
#8918=DIRECTION('',(0.,0.499999999999999,-0.866025403784439));
#8919=AXIS2_PLACEMENT_3D('',#8920,#8921,#8922);
#8920=CARTESIAN_POINT('',(0.00153808747825357,222.019237920613,-161.535898365148));
#8921=DIRECTION('',(1.48806748173635E-17,0.5,-0.866025403784439));
#8922=DIRECTION('',(-0.000473257685615874,-0.86602530680135,-0.499999944006787));
#8923=CARTESIAN_POINT('',(10.,1.51080114080864E-31,1.22464679914735E-15));
#8924=AXIS2_PLACEMENT_3D('',#8925,#8926,#8927);
#8925=CARTESIAN_POINT('',(0.,0.,0.));
#8926=DIRECTION('',(0.,1.,0.));
#8927=DIRECTION('',(1.,0.,0.));
#8928=CARTESIAN_POINT('',(2.14816654458684E-15,244.758330249198,-114.921161675114));
#8929=AXIS2_PLACEMENT_3D('',#8930,#8931,#8932);
#8930=CARTESIAN_POINT('',(-2.22044604925031E-16,233.5,-121.421161675114));
#8931=DIRECTION('',(-3.08148791101958E-33,-0.5,0.866025403784439));
#8932=DIRECTION('',(6.12323399573676E-17,0.866025403784439,0.5));
#8933=CARTESIAN_POINT('',(1.25,192.109286666653,-100.573486470793));
#8934=VECTOR('',#8935,1.);
#8935=DIRECTION('',(-1.,0.,0.));
#8936=CARTESIAN_POINT('',(1.25,193.859289747727,-103.604563885259));
#8937=VECTOR('',#8938,1.);
#8938=DIRECTION('',(-1.,0.,0.));
#8939=CARTESIAN_POINT('',(1.25,198.171456075438,-97.0734718909391));
#8940=VECTOR('',#8941,1.);
#8941=DIRECTION('',(-1.,0.,0.));
#8942=CARTESIAN_POINT('',(1.25,199.918387368395,-100.099239622402));
#8943=VECTOR('',#8944,1.);
#8944=DIRECTION('',(-1.,0.,0.));
#8945=CARTESIAN_POINT('',(-17.4133979691177,241.417433754466,-150.33634477868));
#8946=CARTESIAN_POINT('',(-18.3298925990712,241.570982899438,-151.402393676876));
#8947=VECTOR('',#8948,1.);
#8948=DIRECTION('',(0.648059567761216,-0.10857564165504,0.753810404990766));
#8949=CARTESIAN_POINT('',(-17.4133979691177,254.582566245534,-142.735451991045));
#8950=AXIS2_PLACEMENT_3D('',#8951,#8952,#8953);
#8951=CARTESIAN_POINT('',(-6.66133814775094E-16,248.,-146.535898384862));
#8952=DIRECTION('',(0.,0.5,-0.866025403784439));
#8953=DIRECTION('',(-0.916494629953563,-0.346450855028114,-0.200023494411458));
#8954=CARTESIAN_POINT('',(-18.3298925990712,255.429017100562,-143.401453900418));
#8955=VECTOR('',#8956,1.);
#8956=DIRECTION('',(0.648059567761218,-0.598531139531536,0.470934466400819));
#8957=CARTESIAN_POINT('',(-6.41392432219671,276.405918064584,-130.135733943696));
#8958=CARTESIAN_POINT('',(-17.4133979691177,254.582566245534,-142.735451991045));
#8959=VECTOR('',#8960,1.);
#8960=DIRECTION('',(0.400046988822916,0.793707631971803,0.458247314976782));
#8961=CARTESIAN_POINT('',(-7.33041895215025,277.252368919612,-130.801735853069));
#8962=VECTOR('',#8963,1.);
#8963=DIRECTION('',(0.648059567761206,-0.598531139531552,0.470934466400816));
#8964=CARTESIAN_POINT('',(-1.84788110739002E-11,280.042939759538,-128.035898489066));
#8965=AXIS2_PLACEMENT_3D('',#8966,#8967,#8968);
#8966=CARTESIAN_POINT('',(0.00153808747824979,273.980762079387,-131.535898404577));
#8967=DIRECTION('',(0.,0.5,-0.866025403784439));
#8968=DIRECTION('',(-0.916494629953563,0.346450855028113,0.200023494411457));
#8969=CARTESIAN_POINT('',(2.40194149292439E-15,281.408965181615,-128.40192388229));
#8970=CARTESIAN_POINT('',(-1.72773790197837E-12,281.295138328245,-128.371424069979));
#8971=CARTESIAN_POINT('',(-5.06760939547203E-12,281.067469010965,-128.310420262596));
#8972=CARTESIAN_POINT('',(-1.03645252886481E-11,280.725988451096,-128.21892082608));
#8973=CARTESIAN_POINT('',(-1.2838415792962E-11,280.384490694202,-128.127416781834));
#8974=CARTESIAN_POINT('',(-2.05594985737959E-11,280.15681820421,-128.066412124957));
#8975=CARTESIAN_POINT('',(-1.84767572849386E-11,280.042956956699,-128.035903097032));
#8976=CARTESIAN_POINT('',(-1.84764425981143E-11,280.042939759538,-128.035898489066));
#8977=CARTESIAN_POINT('',(6.41392432219669,276.405918064584,-130.135733943696));
#8978=AXIS2_PLACEMENT_3D('',#8979,#8980,#8981);
#8979=CARTESIAN_POINT('',(-0.00153808747825468,273.980762079387,-131.535898404577));
#8980=DIRECTION('',(1.48806748173635E-17,0.5,-0.866025403784439));
#8981=DIRECTION('',(0.000219726779891667,0.866025382878647,0.499999987930035));
#8982=CARTESIAN_POINT('',(7.33041895215026,277.252368919612,-130.801735853069));
#8983=VECTOR('',#8984,1.);
#8984=DIRECTION('',(-0.648059567761211,-0.598531139531539,0.470934466400826));
#8985=CARTESIAN_POINT('',(17.4133979691177,254.582566245534,-142.735451991045));
#8986=CARTESIAN_POINT('',(6.41392432219668,276.405918064584,-130.135733943696));
#8987=VECTOR('',#8988,1.);
#8988=DIRECTION('',(0.400046988822916,-0.793707631971804,-0.458247314976781));
#8989=CARTESIAN_POINT('',(18.3298925990712,255.429017100562,-143.401453900418));
#8990=VECTOR('',#8991,1.);
#8991=DIRECTION('',(-0.648059567761213,-0.598531139531537,0.470934466400825));
#8992=CARTESIAN_POINT('',(17.4133979691177,241.417433754466,-150.33634477868));
#8993=AXIS2_PLACEMENT_3D('',#8994,#8995,#8996);
#8994=CARTESIAN_POINT('',(-6.66133814775094E-16,248.,-146.535898384862));
#8995=DIRECTION('',(0.,0.5,-0.866025403784439));
#8996=DIRECTION('',(0.916494629953563,0.346450855028114,0.200023494411458));
#8997=CARTESIAN_POINT('',(18.3298925990712,241.570982899438,-151.402393676876));
#8998=VECTOR('',#8999,1.);
#8999=DIRECTION('',(-0.648059567761213,-0.108575641655037,0.753810404990769));
#9000=CARTESIAN_POINT('',(6.4139243221967,219.594081935416,-162.936062826028));
#9001=CARTESIAN_POINT('',(17.4133979691177,241.417433754466,-150.33634477868));
#9002=VECTOR('',#9003,1.);
#9003=DIRECTION('',(-0.400046988822916,-0.793707631971803,-0.458247314976782));
#9004=CARTESIAN_POINT('',(7.33041895215026,219.747631080388,-164.002111724224));
#9005=VECTOR('',#9006,1.);
#9006=DIRECTION('',(-0.648059567761217,-0.10857564165502,0.753810404990768));
#9007=CARTESIAN_POINT('',(6.46781517232853E-11,215.957060240462,-165.035898280658));
#9008=AXIS2_PLACEMENT_3D('',#9009,#9010,#9011);
#9009=CARTESIAN_POINT('',(-0.0015380874782509,222.019237920613,-161.535898365148));
#9010=DIRECTION('',(0.,0.5,-0.866025403784439));
#9011=DIRECTION('',(0.916494629953563,-0.346450855028113,-0.200023494411457));
#9012=CARTESIAN_POINT('',(-3.18104917407247E-16,215.591034818385,-166.401923695004));
#9013=CARTESIAN_POINT('',(6.1726010027761E-12,215.6215346328,-166.288096842202));
#9014=CARTESIAN_POINT('',(2.4115203281714E-11,215.713034076114,-165.946616283918));
#9015=CARTESIAN_POINT('',(4.51677987677681E-11,215.835037942134,-165.491291676147));
#9016=CARTESIAN_POINT('',(6.05091290535514E-11,215.926546601928,-165.149776724633));
#9017=CARTESIAN_POINT('',(6.46745250141575E-11,215.957055632497,-165.03591547782));
#9018=CARTESIAN_POINT('',(6.46751541211188E-11,215.957060240462,-165.035898280658));
#9019=CARTESIAN_POINT('',(-6.41392432219668,219.594081935416,-162.936062826028));
#9020=AXIS2_PLACEMENT_3D('',#9021,#9022,#9023);
#9021=CARTESIAN_POINT('',(0.00153808747825357,222.019237920613,-161.535898365148));
#9022=DIRECTION('',(1.48671222902075E-17,0.5,-0.866025403784439));
#9023=DIRECTION('',(-0.000219726773291857,-0.866025382878648,-0.499999987930036));
#9024=CARTESIAN_POINT('',(-7.33041895215026,219.747631080388,-164.002111724224));
#9025=VECTOR('',#9026,1.);
#9026=DIRECTION('',(0.648059567761224,-0.108575641655019,0.753810404990762));
#9027=CARTESIAN_POINT('',(-6.41392432219668,219.594081935416,-162.936062826028));
#9028=VECTOR('',#9029,1.);
#9029=DIRECTION('',(-0.400046988822916,0.793707631971804,0.458247314976781));
#9030=CARTESIAN_POINT('',(1.99840144432528E-15,259.258330249198,-140.035898384862));
#9031=AXIS2_PLACEMENT_3D('',#9032,#9033,#9034);
#9032=CARTESIAN_POINT('',(-2.22044604925031E-16,248.,-146.535898384862));
#9033=DIRECTION('',(-1.48741681433374E-17,-0.5,0.866025403784439));
#9034=DIRECTION('',(6.12323399573676E-17,0.866025403784439,0.5));
#9035=CARTESIAN_POINT('',(162.5,-5.84032319311184,-1.37499999999999));
#9036=CARTESIAN_POINT('',(162.5,-7.88095013307406,-1.37499999999999));
#9037=CARTESIAN_POINT('',(162.5,-7.88095013307406,-1.37499999999999));
#9038=VECTOR('',#9039,1.);
#9039=DIRECTION('',(0.,1.,0.));
#9040=CARTESIAN_POINT('',(162.5,0.,-8.00000000000003));
#9041=AXIS2_PLACEMENT_3D('',#9042,#9043,#9044);
#9042=CARTESIAN_POINT('',(162.5,0.,-2.98507657292167E-14));
#9043=DIRECTION('',(1.,0.,-1.83697019872103E-16));
#9044=DIRECTION('',(-3.15729252905168E-17,-0.985118766634258,-0.171874999999995));
#9045=CARTESIAN_POINT('',(162.5,7.88095013307406,-1.375));
#9046=AXIS2_PLACEMENT_3D('',#9047,#9048,#9049);
#9047=CARTESIAN_POINT('',(162.5,0.,-2.98507657292167E-14));
#9048=DIRECTION('',(1.,0.,-1.83697019872103E-16));
#9049=DIRECTION('',(-1.83697019872103E-16,1.22464679914735E-16,-1.));
#9050=CARTESIAN_POINT('',(162.5,5.84032319311184,-1.37499999999999));
#9051=CARTESIAN_POINT('',(162.5,5.84032319311184,-1.37499999999999));
#9052=VECTOR('',#9053,1.);
#9053=DIRECTION('',(0.,1.,2.17623908198666E-16));
#9054=CARTESIAN_POINT('',(162.5,0.,-6.00000000000003));
#9055=AXIS2_PLACEMENT_3D('',#9056,#9057,#9058);
#9056=CARTESIAN_POINT('',(162.5,0.,-2.98507657292167E-14));
#9057=DIRECTION('',(1.,0.,-1.83697019872103E-16));
#9058=DIRECTION('',(-1.83697019872103E-16,1.22464679914735E-16,-1.));
#9059=AXIS2_PLACEMENT_3D('',#9060,#9061,#9062);
#9060=CARTESIAN_POINT('',(162.5,0.,-2.98507657292167E-14));
#9061=DIRECTION('',(1.,0.,-1.83697019872103E-16));
#9062=DIRECTION('',(-4.20972337206892E-17,-0.973387198851974,-0.229166666666661));
#9063=CARTESIAN_POINT('',(162.5,5.89358761706314,1.12499999999999));
#9064=CARTESIAN_POINT('',(162.5,7.92050345622044,1.12499999999999));
#9065=CARTESIAN_POINT('',(162.5,7.92050345622044,1.125));
#9066=VECTOR('',#9067,1.);
#9067=DIRECTION('',(0.,-1.,-1.09548014098773E-16));
#9068=CARTESIAN_POINT('',(162.5,-7.92050345622044,1.125));
#9069=AXIS2_PLACEMENT_3D('',#9070,#9071,#9072);
#9070=CARTESIAN_POINT('',(162.5,0.,-2.98507657292167E-14));
#9071=DIRECTION('',(1.,0.,-1.83697019872103E-16));
#9072=DIRECTION('',(2.5832393419515E-17,0.990062932027555,0.140625000000003));
#9073=CARTESIAN_POINT('',(162.5,-5.89358761706313,1.125));
#9074=CARTESIAN_POINT('',(162.5,-5.89358761706313,1.125));
#9075=VECTOR('',#9076,1.);
#9076=DIRECTION('',(0.,-1.,0.));
#9077=AXIS2_PLACEMENT_3D('',#9078,#9079,#9080);
#9078=CARTESIAN_POINT('',(162.5,0.,-2.98507657292167E-14));
#9079=DIRECTION('',(1.,0.,-1.83697019872103E-16));
#9080=DIRECTION('',(3.44431912260201E-17,0.982264602843856,0.187500000000004));
#9081=CARTESIAN_POINT('',(-162.5,7.92050345622045,1.12499999999996));
#9082=CARTESIAN_POINT('',(-162.5,5.89358761706315,1.12499999999996));
#9083=CARTESIAN_POINT('',(-162.5,7.92050345622045,1.12499999999996));
#9084=VECTOR('',#9085,1.);
#9085=DIRECTION('',(0.,-1.,0.));
#9086=CARTESIAN_POINT('',(-162.5,-5.89358761706315,1.12499999999997));
#9087=AXIS2_PLACEMENT_3D('',#9088,#9089,#9090);
#9088=CARTESIAN_POINT('',(-162.5,0.,2.98507657292167E-14));
#9089=DIRECTION('',(1.,0.,-1.83697019872103E-16));
#9090=DIRECTION('',(3.44431912260172E-17,0.982264602843859,0.187499999999989));
#9091=CARTESIAN_POINT('',(-162.5,-7.92050345622045,1.12499999999997));
#9092=CARTESIAN_POINT('',(-162.5,-5.89358761706315,1.12499999999996));
#9093=VECTOR('',#9094,1.);
#9094=DIRECTION('',(0.,-1.,-1.09548014098774E-16));
#9095=AXIS2_PLACEMENT_3D('',#9096,#9097,#9098);
#9096=CARTESIAN_POINT('',(-162.5,0.,2.98507657292167E-14));
#9097=DIRECTION('',(1.,0.,-1.83697019872103E-16));
#9098=DIRECTION('',(2.5832393419513E-17,0.990062932027557,0.140624999999992));
#9099=CARTESIAN_POINT('',(-162.5,-7.88095013307405,-1.37500000000003));
#9100=CARTESIAN_POINT('',(-162.5,-5.84032319311182,-1.37500000000003));
#9101=CARTESIAN_POINT('',(-162.5,-7.88095013307405,-1.37500000000004));
#9102=VECTOR('',#9103,1.);
#9103=DIRECTION('',(0.,1.,1.08811954099333E-16));
#9104=CARTESIAN_POINT('',(-162.5,0.,-5.99999999999997));
#9105=AXIS2_PLACEMENT_3D('',#9106,#9107,#9108);
#9106=CARTESIAN_POINT('',(-162.5,0.,2.98507657292167E-14));
#9107=DIRECTION('',(1.,0.,-1.83697019872103E-16));
#9108=DIRECTION('',(-4.20972337206919E-17,-0.97338719885197,-0.229166666666675));
#9109=CARTESIAN_POINT('',(-162.5,5.84032319311182,-1.37500000000003));
#9110=AXIS2_PLACEMENT_3D('',#9111,#9112,#9113);
#9111=CARTESIAN_POINT('',(-162.5,0.,2.98507657292167E-14));
#9112=DIRECTION('',(1.,0.,-1.83697019872103E-16));
#9113=DIRECTION('',(-1.83697019872103E-16,1.22464679914735E-16,-1.));
#9114=CARTESIAN_POINT('',(-162.5,7.88095013307405,-1.37500000000003));
#9115=CARTESIAN_POINT('',(-162.5,5.84032319311182,-1.37500000000003));
#9116=VECTOR('',#9117,1.);
#9117=DIRECTION('',(0.,1.,1.08811954099332E-16));
#9118=CARTESIAN_POINT('',(-162.5,0.,-7.99999999999997));
#9119=AXIS2_PLACEMENT_3D('',#9120,#9121,#9122);
#9120=CARTESIAN_POINT('',(-162.5,0.,2.98507657292167E-14));
#9121=DIRECTION('',(1.,0.,-1.83697019872103E-16));
#9122=DIRECTION('',(-1.83697019872103E-16,1.22464679914735E-16,-1.));
#9123=AXIS2_PLACEMENT_3D('',#9124,#9125,#9126);
#9124=CARTESIAN_POINT('',(-162.5,0.,2.98507657292167E-14));
#9125=DIRECTION('',(1.,0.,-1.83697019872103E-16));
#9126=DIRECTION('',(-3.15729252905191E-17,-0.985118766634256,-0.171875000000007));
#9127=CARTESIAN_POINT('',(142.5,-5.89358761706314,1.125));
#9128=CARTESIAN_POINT('',(142.5,-5.89358761706313,1.125));
#9129=VECTOR('',#9130,1.);
#9130=DIRECTION('',(1.,0.,-7.7715611723761E-17));
#9131=CARTESIAN_POINT('',(142.5,-5.84032319311184,-1.375));
#9132=AXIS2_PLACEMENT_3D('',#9133,#9134,#9135);
#9133=CARTESIAN_POINT('',(142.5,0.,-2.62012633811537E-14));
#9134=DIRECTION('',(1.,0.,0.));
#9135=DIRECTION('',(0.,-0.982264602843856,0.187500000000005));
#9136=CARTESIAN_POINT('',(142.5,-5.84032319311184,-1.375));
#9137=VECTOR('',#9138,1.);
#9138=DIRECTION('',(1.,0.,4.44089209850063E-17));
#9139=CARTESIAN_POINT('',(142.5,5.84032319311184,-1.375));
#9140=CARTESIAN_POINT('',(142.5,5.84032319311184,-1.37499999999999));
#9141=VECTOR('',#9142,1.);
#9142=DIRECTION('',(1.,0.,4.44089209850063E-17));
#9143=CARTESIAN_POINT('',(142.5,5.89358761706313,1.125));
#9144=AXIS2_PLACEMENT_3D('',#9145,#9146,#9147);
#9145=CARTESIAN_POINT('',(142.5,0.,-2.62012633811537E-14));
#9146=DIRECTION('',(1.,0.,0.));
#9147=DIRECTION('',(0.,0.973387198851973,-0.229166666666662));
#9148=CARTESIAN_POINT('',(142.5,5.89358761706314,1.125));
#9149=VECTOR('',#9150,1.);
#9150=DIRECTION('',(1.,0.,-7.7715611723761E-17));
#9151=CARTESIAN_POINT('',(155.746920266135,-9.86076131526265E-32,-6.00000000000003));
#9152=CARTESIAN_POINT('',(152.246911848645,-3.49996272165512,-4.87342394466347));
#9153=CARTESIAN_POINT('',(152.246920266224,-3.49996272166524,-4.87342394492352));
#9154=CARTESIAN_POINT('',(152.276739861432,-3.49996302010066,-4.87342343898551));
#9155=CARTESIAN_POINT('',(152.329832706383,-3.49928430670001,-4.87391140071829));
#9156=CARTESIAN_POINT('',(152.403840700808,-3.49665305071776,-4.87579960375024));
#9157=CARTESIAN_POINT('',(152.467361165695,-3.49318856947641,-4.87828259310444));
#9158=CARTESIAN_POINT('',(152.526939172329,-3.48890500178866,-4.88134742876845));
#9159=CARTESIAN_POINT('',(152.586042704747,-3.48366650305175,-4.88508796071102));
#9160=CARTESIAN_POINT('',(152.647375802387,-3.4771708963172,-4.8897145779667));
#9161=CARTESIAN_POINT('',(152.711777075147,-3.46916780370234,-4.8953971762441));
#9162=CARTESIAN_POINT('',(152.778218535869,-3.45962548337418,-4.90214694211084));
#9163=CARTESIAN_POINT('',(152.846078891068,-3.44852852553088,-4.90996135963476));
#9164=CARTESIAN_POINT('',(152.914653302044,-3.43591760778303,-4.91879655103389));
#9165=CARTESIAN_POINT('',(152.98413194154,-3.42168944346569,-4.92870697685602));
#9166=CARTESIAN_POINT('',(153.053995616532,-3.40589295858702,-4.93963852664323));
#9167=CARTESIAN_POINT('',(153.124556861701,-3.38840410300378,-4.95165443113501));
#9168=CARTESIAN_POINT('',(153.195729895322,-3.36917744388271,-4.96475994264383));
#9169=CARTESIAN_POINT('',(153.26783466214,-3.34804362310959,-4.97904003123204));
#9170=CARTESIAN_POINT('',(153.34039599019,-3.32505977844431,-4.99442221485907));
#9171=CARTESIAN_POINT('',(153.413624540746,-3.30008687664244,-5.01096273237986));
#9172=CARTESIAN_POINT('',(153.487429269896,-3.27307168184681,-5.02865565007365));
#9173=CARTESIAN_POINT('',(153.562388467182,-3.24368765120682,-5.04766581995112));
#9174=CARTESIAN_POINT('',(153.638091358322,-3.21196236557173,-5.06791933082533));
#9175=CARTESIAN_POINT('',(153.71479297911,-3.17765732904265,-5.0895066483033));
#9176=CARTESIAN_POINT('',(153.792073663794,-3.14082328750176,-5.11232829789577));
#9177=CARTESIAN_POINT('',(153.870164830356,-3.10120115078513,-5.13646905562212));
#9178=CARTESIAN_POINT('',(153.94833194692,-3.05902646633335,-5.16170612456233));
#9179=CARTESIAN_POINT('',(154.026518207862,-3.01422233868237,-5.18800605568511));
#9180=CARTESIAN_POINT('',(154.104332249094,-2.96691831793117,-5.2152124243878));
#9181=CARTESIAN_POINT('',(154.181994667851,-2.91687334215909,-5.24337696546398));
#9182=CARTESIAN_POINT('',(154.259083161466,-2.86424969337489,-5.27231747052951));
#9183=CARTESIAN_POINT('',(154.335496906917,-2.8090245881116,-5.30195621091525));
#9184=CARTESIAN_POINT('',(154.410856135792,-2.75139977326668,-5.33209740217454));
#9185=CARTESIAN_POINT('',(154.485076993794,-2.69137594134855,-5.36265389696068));
#9186=CARTESIAN_POINT('',(154.557817381628,-2.62918597088024,-5.39342489325609));
#9187=CARTESIAN_POINT('',(154.628822768319,-2.56503342215414,-5.42423545792455));
#9188=CARTESIAN_POINT('',(154.697888113048,-2.49911964586287,-5.45492418112164));
#9189=CARTESIAN_POINT('',(154.764863990699,-2.43162100458374,-5.48535127864025));
#9190=CARTESIAN_POINT('',(154.829741593869,-2.36259071137419,-5.51544047130062));
#9191=CARTESIAN_POINT('',(154.903687646403,-2.279527917095,-5.5504030402636));
#9192=CARTESIAN_POINT('',(154.995858127731,-2.16859184400311,-5.59499501497751));
#9193=CARTESIAN_POINT('',(155.104228984739,-2.0245318000257,-5.64899102734809));
#9194=CARTESIAN_POINT('',(155.207218792381,-1.87016284585136,-5.70186486949628));
#9195=CARTESIAN_POINT('',(155.287418554296,-1.73530946880637,-5.74401588860476));
#9196=CARTESIAN_POINT('',(155.345498447031,-1.62855017301138,-5.77501297945594));
#9197=CARTESIAN_POINT('',(155.389120536597,-1.54247193838415,-5.7985482897384));
#9198=CARTESIAN_POINT('',(155.427223167126,-1.46218021693084,-5.81929044006036));
#9199=CARTESIAN_POINT('',(155.462637191732,-1.38262372464268,-5.83872042075281));
#9200=CARTESIAN_POINT('',(155.497716401763,-1.29816127636544,-5.85811283118321));
#9201=CARTESIAN_POINT('',(155.536688625864,-1.19665113107018,-5.8798198534572));
#9202=CARTESIAN_POINT('',(155.580283922228,-1.07062046383061,-5.90431168745874));
#9203=CARTESIAN_POINT('',(155.623545506418,-0.925595939453453,-5.92885135148133));
#9204=CARTESIAN_POINT('',(155.657774096003,-0.788446125078866,-5.94842856955249));
#9205=CARTESIAN_POINT('',(155.679877281461,-0.683523108085726,-5.96113968273328));
#9206=CARTESIAN_POINT('',(155.693933192487,-0.607742504245127,-5.96924764947067));
#9207=CARTESIAN_POINT('',(155.703981941651,-0.547615021923231,-5.97505622579463));
#9208=CARTESIAN_POINT('',(155.712665009974,-0.489559326668771,-5.98008436658286));
#9209=CARTESIAN_POINT('',(155.720798110501,-0.428357453812266,-5.9848012000718));
#9210=CARTESIAN_POINT('',(155.728219633621,-0.363526118163992,-5.98911186478306));
#9211=CARTESIAN_POINT('',(155.734678070524,-0.295050129255844,-5.99286821303455));
#9212=CARTESIAN_POINT('',(155.739226260339,-0.234257654144086,-5.99551629733944));
#9213=CARTESIAN_POINT('',(155.742352701732,-0.180761883242744,-5.99733775174163));
#9214=CARTESIAN_POINT('',(155.74443938583,-0.134369615207095,-5.99855393755423));
#9215=CARTESIAN_POINT('',(155.745887911282,-0.0888449703022171,-5.99939838196072));
#9216=CARTESIAN_POINT('',(155.746734160692,-0.0442032887055112,-5.99989170645431));
#9217=CARTESIAN_POINT('',(155.746920122196,-0.0146587835036001,-6.00000001534834));
#9218=CARTESIAN_POINT('',(155.746920266135,-1.27696339003014E-11,-6.00000000000003));
#9219=CARTESIAN_POINT('',(148.746920266343,-3.49995430397672,-4.87342999027309));
#9220=CARTESIAN_POINT('',(152.246911849128,-3.49996272165512,-4.87342394493079));
#9221=CARTESIAN_POINT('',(151.080248711864,-3.49995991576406,-4.8734259600467));
#9222=CARTESIAN_POINT('',(149.913584851194,-3.49995710987126,-4.87342797516018));
#9223=CARTESIAN_POINT('',(148.746920266654,-3.49995430397672,-4.87342999027124));
#9224=CARTESIAN_POINT('',(145.246920266641,-9.86076131526265E-32,-6.00000000000003));
#9225=CARTESIAN_POINT('',(145.246920266641,-8.90743771197803E-15,-6.00000000000003));
#9226=CARTESIAN_POINT('',(145.246920542901,-0.0290664986412812,-6.0000001836768));
#9227=CARTESIAN_POINT('',(145.24764662934,-0.0872407700717434,-5.99957685227908));
#9228=CARTESIAN_POINT('',(145.250908884784,-0.174441589926398,-5.99767519256253));
#9229=CARTESIAN_POINT('',(145.256356390347,-0.261711934837857,-5.9945017134096));
#9230=CARTESIAN_POINT('',(145.263999574999,-0.348995544326392,-5.99005440244736));
#9231=CARTESIAN_POINT('',(145.273864326817,-0.436380244387304,-5.98432377113279));
#9232=CARTESIAN_POINT('',(145.285967123655,-0.523798171466259,-5.97730757867561));
#9233=CARTESIAN_POINT('',(145.300339109355,-0.611269989131288,-5.96899692694325));
#9234=CARTESIAN_POINT('',(145.3169697919,-0.698582086961675,-5.959408858251));
#9235=CARTESIAN_POINT('',(145.335866663341,-0.785679864871349,-5.94855184446547));
#9236=CARTESIAN_POINT('',(145.357012942568,-0.872417382974617,-5.93645012515046));
#9237=CARTESIAN_POINT('',(145.380427677313,-0.958809422685322,-5.92310934463393));
#9238=CARTESIAN_POINT('',(145.406082272192,-1.04469580471388,-5.90856425418725));
#9239=CARTESIAN_POINT('',(145.43501071458,-1.13320350249753,-5.89225216624829));
#9240=CARTESIAN_POINT('',(145.46857336902,-1.22718954989804,-5.87344559164455));
#9241=CARTESIAN_POINT('',(145.515873089547,-1.34808530398402,-5.84714393758011));
#9242=CARTESIAN_POINT('',(145.580086647255,-1.49409885842589,-5.81184455806661));
#9243=CARTESIAN_POINT('',(145.665044315757,-1.66263458771487,-5.76594474174315));
#9244=CARTESIAN_POINT('',(145.75890546433,-1.82575343853969,-5.71629711054081));
#9245=CARTESIAN_POINT('',(145.857358758717,-1.97741055218081,-5.66545679564602));
#9246=CARTESIAN_POINT('',(145.954936264298,-2.11265257786734,-5.61631392055186));
#9247=CARTESIAN_POINT('',(146.053200594025,-2.23641338923082,-5.56811154441003));
#9248=CARTESIAN_POINT('',(146.153007465293,-2.35137199986814,-5.52050216187602));
#9249=CARTESIAN_POINT('',(146.255691673939,-2.45985385683317,-5.47298606483462));
#9250=CARTESIAN_POINT('',(146.356230864159,-2.55744137431933,-5.42798036648516));
#9251=CARTESIAN_POINT('',(146.451386914255,-2.64290605948527,-5.3867922211293));
#9252=CARTESIAN_POINT('',(146.537736692001,-2.71534321697858,-5.35059090108571));
#9253=CARTESIAN_POINT('',(146.613319602032,-2.77490473463578,-5.31987998742828));
#9254=CARTESIAN_POINT('',(146.679950193257,-2.82474832218478,-5.29354465641362));
#9255=CARTESIAN_POINT('',(146.739804338083,-2.86757903844966,-5.27046025813675));
#9256=CARTESIAN_POINT('',(146.800076682923,-2.90883101120214,-5.24780100425162));
#9257=CARTESIAN_POINT('',(146.860825454693,-2.94858099019608,-5.22556610176264));
#9258=CARTESIAN_POINT('',(146.922187282985,-2.98694048822863,-5.20373077926756));
#9259=CARTESIAN_POINT('',(146.98399481785,-3.02382810460992,-5.18237859899299));
#9260=CARTESIAN_POINT('',(147.046287367383,-3.0592926959591,-5.16151834248296));
#9261=CARTESIAN_POINT('',(147.108964445536,-3.09330033827175,-5.14120575511462));
#9262=CARTESIAN_POINT('',(147.172064715395,-3.12589445871474,-5.12144982084322));
#9263=CARTESIAN_POINT('',(147.235486273683,-3.15704550094683,-5.10230251652822));
#9264=CARTESIAN_POINT('',(147.299347091961,-3.18683075262956,-5.08374888484526));
#9265=CARTESIAN_POINT('',(147.363554219248,-3.21522073680971,-5.06583801444882));
#9266=CARTESIAN_POINT('',(147.428094823378,-3.24222538126658,-5.0485938383418));
#9267=CARTESIAN_POINT('',(147.492722356084,-3.26776510860737,-5.03209727887592));
#9268=CARTESIAN_POINT('',(147.557469164767,-3.29188161776476,-5.01635088707853));
#9269=CARTESIAN_POINT('',(147.622147830836,-3.31453467680741,-5.00140889225156));
#9270=CARTESIAN_POINT('',(147.686782676512,-3.3357653801084,-4.98727099158757));
#9271=CARTESIAN_POINT('',(147.751157627025,-3.35554001462201,-4.97398507163545));
#9272=CARTESIAN_POINT('',(147.815438988745,-3.37394601174544,-4.9615160195068));
#9273=CARTESIAN_POINT('',(147.87943939441,-3.39096136321134,-4.94990018475806));
#9274=CARTESIAN_POINT('',(147.943145347257,-3.40661844214848,-4.93913562231878));
#9275=CARTESIAN_POINT('',(148.006177999252,-3.42087142747337,-4.9292727208243));
#9276=CARTESIAN_POINT('',(148.068714556478,-3.43381165786383,-4.92026545472449));
#9277=CARTESIAN_POINT('',(148.130490213834,-3.44543193436247,-4.91213383557408));
#9278=CARTESIAN_POINT('',(148.191537087529,-3.45579005311979,-4.9048508721429));
#9279=CARTESIAN_POINT('',(148.251281418883,-3.46485429711197,-4.89845080358829));
#9280=CARTESIAN_POINT('',(148.310031893697,-3.47274435591484,-4.89285941964117));
#9281=CARTESIAN_POINT('',(148.367323450069,-3.47946509183459,-4.88808160595385));
#9282=CARTESIAN_POINT('',(148.422867039167,-3.4850629472772,-4.88409141257323));
#9283=CARTESIAN_POINT('',(148.475470043036,-3.48953723099383,-4.88089517425051));
#9284=CARTESIAN_POINT('',(148.525593749744,-3.49306296541228,-4.87837225500908));
#9285=CARTESIAN_POINT('',(148.574927029507,-3.4958426072283,-4.87638057073043));
#9286=CARTESIAN_POINT('',(148.626272282927,-3.4980077538144,-4.87482752193715));
#9287=CARTESIAN_POINT('',(148.683879076752,-3.49956490962198,-4.87370972093094));
#9288=CARTESIAN_POINT('',(148.724592855533,-3.4999544116508,-4.87342981486564));
#9289=CARTESIAN_POINT('',(148.746920266343,-3.49995430397628,-4.87342999027248));
#9290=CARTESIAN_POINT('',(148.753071316145,3.50004029096003,-4.87336823579511));
#9291=CARTESIAN_POINT('',(148.753071316145,3.50004029096003,-4.87336823579511));
#9292=CARTESIAN_POINT('',(148.75102103571,3.50004389462966,-4.87336564714191));
#9293=CARTESIAN_POINT('',(148.721045291864,3.50007023518591,-4.87334673123154));
#9294=CARTESIAN_POINT('',(148.667879281741,3.49943412230074,-4.8738036857525));
#9295=CARTESIAN_POINT('',(148.595991854736,3.4969976262017,-4.87555245827955));
#9296=CARTESIAN_POINT('',(148.532895914475,3.49366753578325,-4.87793952421961));
#9297=CARTESIAN_POINT('',(148.47386779489,3.4895366626987,-4.88089581668455));
#9298=CARTESIAN_POINT('',(148.415388297366,3.48447633492543,-4.88451023893949));
#9299=CARTESIAN_POINT('',(148.354665669606,3.478184736269,-4.88899329931425));
#9300=CARTESIAN_POINT('',(148.290823674241,3.47040991974027,-4.89451649308724));
#9301=CARTESIAN_POINT('',(148.224885644195,3.46111507917227,-4.90109507777909));
#9302=CARTESIAN_POINT('',(148.157487921354,3.45028387598556,-4.90872768920627));
#9303=CARTESIAN_POINT('',(148.089360228954,3.43795871624403,-4.91736976030116));
#9304=CARTESIAN_POINT('',(148.020319634533,3.42403795618665,-4.92707525790988));
#9305=CARTESIAN_POINT('',(147.950909001049,3.40857493798693,-4.93778765717741));
#9306=CARTESIAN_POINT('',(147.880840278011,3.39145511262006,-4.94956457385394));
#9307=CARTESIAN_POINT('',(147.810187057486,3.37263332228079,-4.96241214822615));
#9308=CARTESIAN_POINT('',(147.738626636609,3.35194405978948,-4.97641409091941));
#9309=CARTESIAN_POINT('',(147.66661707125,3.32944049967424,-4.99150184480934));
#9310=CARTESIAN_POINT('',(147.593957500342,3.30499017323625,-5.00772882367923));
#9311=CARTESIAN_POINT('',(147.520742879141,3.27854425595808,-5.02508787619187));
#9312=CARTESIAN_POINT('',(147.446420704132,3.24979375662476,-5.04373492848996));
#9313=CARTESIAN_POINT('',(147.371401621482,3.21877137411923,-5.06359532360627));
#9314=CARTESIAN_POINT('',(147.295443889481,3.1852538645959,-5.08475328402158));
#9315=CARTESIAN_POINT('',(147.218940833786,3.14928667650439,-5.10711607478472));
#9316=CARTESIAN_POINT('',(147.141654054857,3.11061713312524,-5.13076886932223));
#9317=CARTESIAN_POINT('',(147.064289675626,3.06946822410922,-5.15549983161204));
#9318=CARTESIAN_POINT('',(146.986897730583,3.02576472097084,-5.18127854584323));
#9319=CARTESIAN_POINT('',(146.909850642353,2.97962667770094,-5.20795753493678));
#9320=CARTESIAN_POINT('',(146.832905788104,2.93080520757513,-5.23559746324978));
#9321=CARTESIAN_POINT('',(146.756461823373,2.87944465592646,-5.26402898448638));
#9322=CARTESIAN_POINT('',(146.680565810453,2.82548206829316,-5.29319887360397));
#9323=CARTESIAN_POINT('',(146.605570779333,2.76908644078563,-5.32292867197128));
#9324=CARTESIAN_POINT('',(146.531522544797,2.71021441415551,-5.35315310237536));
#9325=CARTESIAN_POINT('',(146.458801087117,2.64910792890579,-5.38366327030808));
#9326=CARTESIAN_POINT('',(146.387724616268,2.58600826219072,-5.41426253760392));
#9327=CARTESIAN_POINT('',(146.318587187306,2.52119216089039,-5.44475276450965));
#9328=CARTESIAN_POINT('',(146.25163618037,2.45493810693668,-5.47494963080878));
#9329=CARTESIAN_POINT('',(146.186900204416,2.38734399088154,-5.50476423011441));
#9330=CARTESIAN_POINT('',(146.113703454208,2.30672396334315,-5.53913788221157));
#9331=CARTESIAN_POINT('',(146.023381017984,2.20032699353863,-5.58253867308102));
#9332=CARTESIAN_POINT('',(145.910522736426,2.05411052468821,-5.63836992870898));
#9333=CARTESIAN_POINT('',(145.798124800087,1.88919632725222,-5.69580996638236));
#9334=CARTESIAN_POINT('',(145.702949342468,1.73013494159719,-5.74578656959777));
#9335=CARTESIAN_POINT('',(145.627581927269,1.58967325367551,-5.78611020050812));
#9336=CARTESIAN_POINT('',(145.562220018394,1.45454818903829,-5.82161716220351));
#9337=CARTESIAN_POINT('',(145.500245971277,1.31061301066063,-5.8557621052626));
#9338=CARTESIAN_POINT('',(145.44615823828,1.16735803391529,-5.88594537118434));
#9339=CARTESIAN_POINT('',(145.401902005215,1.03280934284121,-5.91089836272422));
#9340=CARTESIAN_POINT('',(145.368117069464,0.915445413609151,-5.93009567170348));
#9341=CARTESIAN_POINT('',(145.344332477236,0.821510506920919,-5.94368939782948));
#9342=CARTESIAN_POINT('',(145.327115785636,0.745912062019426,-5.95356637723452));
#9343=CARTESIAN_POINT('',(145.313590470675,0.68103779071146,-5.96134657128335));
#9344=CARTESIAN_POINT('',(145.300560720585,0.611931135084634,-5.96886096786622));
#9345=CARTESIAN_POINT('',(145.286420967267,0.527214572943999,-5.97703604490976));
#9346=CARTESIAN_POINT('',(145.271404727512,0.419565967342224,-5.98574287877532));
#9347=CARTESIAN_POINT('',(145.257634045482,0.286306826098329,-5.99375181973843));
#9348=CARTESIAN_POINT('',(145.248843953365,0.143332063418402,-5.99887648762153));
#9349=CARTESIAN_POINT('',(145.246919964848,0.0462372846013281,-5.99999982396184));
#9350=CARTESIAN_POINT('',(145.246920266442,1.52315875955111E-5,-6.00000000000009));
#9351=CARTESIAN_POINT('',(145.246920266641,1.65887738237748E-11,-6.00000000000003));
#9352=CARTESIAN_POINT('',(152.246928684022,3.50003727832466,-4.87337039946238));
#9353=CARTESIAN_POINT('',(148.753071316145,3.50004029095969,-4.87336823563239));
#9354=VECTOR('',#9355,1.);
#9355=DIRECTION('',(0.999999999999437,-8.62266177911485E-7,-6.19288316410363E-7));
#9356=CARTESIAN_POINT('',(155.746920266135,9.41628167873997E-16,-6.00000000000003));
#9357=CARTESIAN_POINT('',(155.746920678958,0.0290665091439148,-6.00000018368103));
#9358=CARTESIAN_POINT('',(155.746195971165,0.0872408157774379,-5.999576851995));
#9359=CARTESIAN_POINT('',(155.742935781127,0.174441734059633,-5.99767518894643));
#9360=CARTESIAN_POINT('',(155.737490342508,0.261712216147473,-5.99450170188568));
#9361=CARTESIAN_POINT('',(155.729849225722,0.348996005314193,-5.99005437657038));
#9362=CARTESIAN_POINT('',(155.719986544433,0.436380937022718,-5.98432372190201));
#9363=CARTESIAN_POINT('',(155.707885818095,0.52379915499463,-5.97730749407984));
#9364=CARTESIAN_POINT('',(155.693515902809,0.611271323520616,-5.96899679217455));
#9365=CARTESIAN_POINT('',(155.676887286043,0.698583827037542,-5.9594086564266));
#9366=CARTESIAN_POINT('',(155.657992474704,0.785682064188748,-5.94855155640454));
#9367=CARTESIAN_POINT('',(155.636848246639,0.872420093967207,-5.93644972944664));
#9368=CARTESIAN_POINT('',(155.613435554204,0.958812699324392,-5.923108817208));
#9369=CARTESIAN_POINT('',(155.587782989433,1.04469969869809,-5.90856356894372));
#9370=CARTESIAN_POINT('',(155.5588566389,1.13320809053439,-5.89225128779442));
#9371=CARTESIAN_POINT('',(155.525296206537,1.22719493856712,-5.87344447091836));
#9372=CARTESIAN_POINT('',(155.477999344787,1.34809181768927,-5.8471424466637));
#9373=CARTESIAN_POINT('',(155.413789245908,1.49410688297177,-5.81184251436599));
#9374=CARTESIAN_POINT('',(155.328835589291,1.66264457810613,-5.76594188428996));
#9375=CARTESIAN_POINT('',(155.234978352517,1.82576556997771,-5.71629325990846));
#9376=CARTESIAN_POINT('',(155.136528732911,1.97742490142781,-5.66545180904503));
#9377=CARTESIAN_POINT('',(155.038954542628,2.11266910711118,-5.61630772297998));
#9378=CARTESIAN_POINT('',(154.940693286344,2.23643210213546,-5.56810404764016));
#9379=CARTESIAN_POINT('',(154.84088931283,2.35139292158587,-5.52049326976613));
#9380=CARTESIAN_POINT('',(154.738207887083,2.45987704380352,-5.47297566257821));
#9381=CARTESIAN_POINT('',(154.637671254594,2.5574667723908,-5.42796841648654));
#9382=CARTESIAN_POINT('',(154.542517494238,2.64293354876262,-5.38677874693051));
#9383=CARTESIAN_POINT('',(154.456169699752,2.71537260449472,-5.35057599795937));
#9384=CARTESIAN_POINT('',(154.380588457958,2.77493578449463,-5.31986379870524));
#9385=CARTESIAN_POINT('',(154.313959291225,2.8247808394438,-5.29352730954386));
#9386=CARTESIAN_POINT('',(154.254106393374,2.86761287567078,-5.27044185272944));
#9387=CARTESIAN_POINT('',(154.193835270846,2.90886618164038,-5.24778151429647));
#9388=CARTESIAN_POINT('',(154.133087701789,2.94861750707393,-5.22554550152282));
#9389=CARTESIAN_POINT('',(154.07172706187,2.98697836751483,-5.20370904127132));
#9390=CARTESIAN_POINT('',(154.009920703151,3.02386735684977,-5.18235570059146));
#9391=CARTESIAN_POINT('',(153.947629315653,3.05933333582857,-5.16149425925497));
#9392=CARTESIAN_POINT('',(153.884953386299,3.09334237808665,-5.1411804654847));
#9393=CARTESIAN_POINT('',(153.821854250637,3.12593791415764,-5.12142330192745));
#9394=CARTESIAN_POINT('',(153.75843381529,3.15709038420514,-5.10227474918193));
#9395=CARTESIAN_POINT('',(153.694574105432,3.18687708251066,-5.08371984622052));
#9396=CARTESIAN_POINT('',(153.630368032409,3.21526854787542,-5.06580767334471));
#9397=CARTESIAN_POINT('',(153.565828381708,3.24227472494875,-5.04856215354481));
#9398=CARTESIAN_POINT('',(153.501201619951,3.26781605554905,-5.0320641985734));
#9399=CARTESIAN_POINT('',(153.43645539328,3.29193423152749,-5.0163163640774));
#9400=CARTESIAN_POINT('',(153.371777037992,3.31458903393093,-5.00137287233164));
#9401=CARTESIAN_POINT('',(153.307142223308,3.33582154573928,-4.98723342838735));
#9402=CARTESIAN_POINT('',(153.242766937122,3.35559805849195,-4.9739459175215));
#9403=CARTESIAN_POINT('',(153.178484946037,3.37400596803684,-4.96147525091895));
#9404=CARTESIAN_POINT('',(153.114483517028,3.39102327308439,-4.94985777582662));
#9405=CARTESIAN_POINT('',(153.050776126765,3.4066823315846,-4.9390915590898));
#9406=CARTESIAN_POINT('',(152.987741413768,3.4209373377343,-4.92922698196789));
#9407=CARTESIAN_POINT('',(152.925202228882,3.43387959132204,-4.92021804648904));
#9408=CARTESIAN_POINT('',(152.863423292968,3.44550187528812,-4.91208477972149));
#9409=CARTESIAN_POINT('',(152.802372692426,3.45586192324285,-4.90480023608724));
#9410=CARTESIAN_POINT('',(152.742624281023,3.4649279740553,-4.89839868991392));
#9411=CARTESIAN_POINT('',(152.683869468377,3.47281970313922,-4.89280594175286));
#9412=CARTESIAN_POINT('',(152.626573689421,3.47954191401544,-4.88802692191705));
#9413=CARTESIAN_POINT('',(152.571026401424,3.48514101895379,-4.88403570388358));
#9414=CARTESIAN_POINT('',(152.518420197586,3.48961635286341,-4.88083860646215));
#9415=CARTESIAN_POINT('',(152.468292811438,3.49314304279298,-4.87831491647751));
#9416=CARTESIAN_POINT('',(152.418954134446,3.49592361325093,-4.87632249730827));
#9417=CARTESIAN_POINT('',(152.367601281933,3.49808963329469,-4.87476876716345));
#9418=CARTESIAN_POINT('',(152.309983452834,3.49964756185384,-4.8736503715836));
#9419=CARTESIAN_POINT('',(152.2692612511,3.50003733238231,-4.87337026247091));
#9420=CARTESIAN_POINT('',(152.246928684022,3.50003727832422,-4.87337039946177));
#9421=CARTESIAN_POINT('',(-142.5,5.89358761706315,1.12499999999997));
#9422=CARTESIAN_POINT('',(-142.5,5.84032319311182,-1.37500000000003));
#9423=AXIS2_PLACEMENT_3D('',#9424,#9425,#9426);
#9424=CARTESIAN_POINT('',(-142.5,0.,2.59792187762287E-14));
#9425=DIRECTION('',(1.,0.,0.));
#9426=DIRECTION('',(0.,0.97338719885197,-0.229166666666676));
#9427=CARTESIAN_POINT('',(-162.5,5.84032319311182,-1.37500000000003));
#9428=VECTOR('',#9429,1.);
#9429=DIRECTION('',(1.,0.,-6.66133814775094E-17));
#9430=CARTESIAN_POINT('',(-142.5,-5.84032319311182,-1.37500000000003));
#9431=CARTESIAN_POINT('',(-162.5,-5.84032319311182,-1.37500000000003));
#9432=VECTOR('',#9433,1.);
#9433=DIRECTION('',(1.,0.,-8.88178419700125E-17));
#9434=CARTESIAN_POINT('',(-142.5,-5.89358761706315,1.12499999999997));
#9435=AXIS2_PLACEMENT_3D('',#9436,#9437,#9438);
#9436=CARTESIAN_POINT('',(-142.5,0.,2.59792187762287E-14));
#9437=DIRECTION('',(1.,0.,0.));
#9438=DIRECTION('',(0.,-0.982264602843859,0.187499999999991));
#9439=CARTESIAN_POINT('',(-162.5,-5.89358761706315,1.12499999999997));
#9440=VECTOR('',#9441,1.);
#9441=DIRECTION('',(1.,0.,6.66133814775094E-17));
#9442=CARTESIAN_POINT('',(-162.5,5.89358761706315,1.12499999999996));
#9443=VECTOR('',#9444,1.);
#9444=DIRECTION('',(1.,0.,6.66133814775094E-17));
#9445=CARTESIAN_POINT('',(-145.246920266641,-9.86076131526265E-32,-5.99999999999997));
#9446=CARTESIAN_POINT('',(-148.746920266343,-3.4999543039767,-4.87342999053852));
#9447=CARTESIAN_POINT('',(-148.746920266343,-3.4999543039767,-4.87342999040486));
#9448=CARTESIAN_POINT('',(-148.717041213067,-3.49995453120444,-4.87342953352169));
#9449=CARTESIAN_POINT('',(-148.663854482555,-3.4992733064412,-4.87391930063104));
#9450=CARTESIAN_POINT('',(-148.589726749168,-3.49663299952972,-4.8758139862157));
#9451=CARTESIAN_POINT('',(-148.526110061851,-3.49315735456253,-4.87830494984518));
#9452=CARTESIAN_POINT('',(-148.466443746545,-3.48886030517098,-4.88137938194016));
#9453=CARTESIAN_POINT('',(-148.407252891868,-3.48360550832104,-4.88513146743385));
#9454=CARTESIAN_POINT('',(-148.345828136638,-3.47708969551321,-4.8897723370183));
#9455=CARTESIAN_POINT('',(-148.281329931711,-3.46906167436693,-4.89547240868592));
#9456=CARTESIAN_POINT('',(-148.214787254446,-3.45948946808402,-4.90224296403433));
#9457=CARTESIAN_POINT('',(-148.146824056558,-3.44835780668181,-4.91008130436121));
#9458=CARTESIAN_POINT('',(-148.078147099806,-3.43570762803325,-4.91894327683736));
#9459=CARTESIAN_POINT('',(-148.008566054306,-3.42143542565936,-4.92888338442148));
#9460=CARTESIAN_POINT('',(-147.93859932454,-3.40558994523647,-4.93984752604875));
#9461=CARTESIAN_POINT('',(-147.86793171385,-3.38804608356075,-4.95189950726433));
#9462=CARTESIAN_POINT('',(-147.796650055247,-3.3687582778314,-4.96504449606131));
#9463=CARTESIAN_POINT('',(-147.724434302609,-3.34755655294675,-4.97936766572887));
#9464=CARTESIAN_POINT('',(-147.65176154387,-3.32449843015474,-4.99479606483004));
#9465=CARTESIAN_POINT('',(-147.578419530832,-3.29944386749761,-5.01138634719761));
#9466=CARTESIAN_POINT('',(-147.504498520891,-3.27233886613759,-5.02913279662818));
#9467=CARTESIAN_POINT('',(-147.429417081405,-3.24285452037585,-5.04820139474818));
#9468=CARTESIAN_POINT('',(-147.353587228274,-3.21101813785517,-5.06851798822228));
#9469=CARTESIAN_POINT('',(-147.276752458241,-3.17658930777806,-5.09017372146871));
#9470=CARTESIAN_POINT('',(-147.199333981382,-3.13961858759636,-5.11306870209286));
#9471=CARTESIAN_POINT('',(-147.121098683997,-3.09984444648423,-5.13728849195251));
#9472=CARTESIAN_POINT('',(-147.04278502117,-3.05750374005488,-5.16260887951462));
#9473=CARTESIAN_POINT('',(-146.96445357915,-3.01252056543703,-5.18899510557381));
#9474=CARTESIAN_POINT('',(-146.886501772893,-2.96502782855469,-5.2162882203168));
#9475=CARTESIAN_POINT('',(-146.80871473043,-2.91478751873177,-5.24453755852589));
#9476=CARTESIAN_POINT('',(-146.731517362113,-2.86196458204552,-5.27355907335113));
#9477=CARTESIAN_POINT('',(-146.65501740205,-2.80654201641445,-5.30327158559104));
#9478=CARTESIAN_POINT('',(-146.579596371201,-2.74872514302341,-5.33347748169923));
#9479=CARTESIAN_POINT('',(-146.505344178478,-2.68852180832558,-5.36408610892487));
#9480=CARTESIAN_POINT('',(-146.432596823517,-2.62616333285303,-5.39489801638844));
#9481=CARTESIAN_POINT('',(-146.361611892801,-2.56185907718276,-5.42573604212967));
#9482=CARTESIAN_POINT('',(-146.292591564234,-2.49581127223823,-5.45643917294224));
#9483=CARTESIAN_POINT('',(-146.225691693615,-2.42820663088991,-5.48686394339624));
#9484=CARTESIAN_POINT('',(-146.160913280457,-2.35909466648959,-5.51693696280756));
#9485=CARTESIAN_POINT('',(-146.087119521338,-2.27597793865571,-5.55185979053184));
#9486=CARTESIAN_POINT('',(-145.99518094886,-2.16502276787166,-5.59637670599056));
#9487=CARTESIAN_POINT('',(-145.887124987294,-2.02100083582486,-5.65025405085319));
#9488=CARTESIAN_POINT('',(-145.784467425174,-1.86673089853852,-5.70298778887288));
#9489=CARTESIAN_POINT('',(-145.704552579207,-1.73201512213315,-5.7450088683228));
#9490=CARTESIAN_POINT('',(-145.64669964009,-1.62540821457712,-5.77589714331214));
#9491=CARTESIAN_POINT('',(-145.603266435937,-1.53949437080812,-5.79933860949731));
#9492=CARTESIAN_POINT('',(-145.565339252035,-1.45938398136887,-5.81999138059495));
#9493=CARTESIAN_POINT('',(-145.530096595017,-1.38003281192588,-5.83933225529746));
#9494=CARTESIAN_POINT('',(-145.495189700295,-1.29580326023556,-5.85863351145736));
#9495=CARTESIAN_POINT('',(-145.456408323489,-1.19458441122706,-5.88023793985362));
#9496=CARTESIAN_POINT('',(-145.413017871005,-1.06891199249416,-5.90461775798563));
#9497=CARTESIAN_POINT('',(-145.369945327999,-0.924285694855779,-5.92905209700753));
#9498=CARTESIAN_POINT('',(-145.335850963661,-0.78748728512142,-5.94855334336243));
#9499=CARTESIAN_POINT('',(-145.313822070533,-0.682798196573652,-5.96122197698524));
#9500=CARTESIAN_POINT('',(-145.299804923342,-0.60714996665907,-5.96930765462283));
#9501=CARTESIAN_POINT('',(-145.289778463916,-0.54709796862129,-5.97510336063544));
#9502=CARTESIAN_POINT('',(-145.28111274923,-0.489104204674312,-5.9801214370977));
#9503=CARTESIAN_POINT('',(-145.272994213655,-0.427955371471533,-5.98482978626356));
#9504=CARTESIAN_POINT('',(-145.265585600006,-0.363176021805542,-5.9891328947949));
#9505=CARTESIAN_POINT('',(-145.259138594239,-0.29475510846024,-5.99288251819939));
#9506=CARTESIAN_POINT('',(-145.254598881052,-0.234015459270199,-5.99552559060966));
#9507=CARTESIAN_POINT('',(-145.25147853485,-0.180569635887167,-5.99734342252319));
#9508=CARTESIAN_POINT('',(-145.249396089358,-0.134224122087054,-5.99855707411129));
#9509=CARTESIAN_POINT('',(-145.24795056017,-0.0887472119741995,-5.9993997081665));
#9510=CARTESIAN_POINT('',(-145.247106064298,-0.0441541684445086,-5.99989194766686));
#9511=CARTESIAN_POINT('',(-145.246920445654,-0.0146423424746988,-6.00000001529263));
#9512=CARTESIAN_POINT('',(-145.246920266641,-1.24151677287173E-11,-5.99999999999997));
#9513=CARTESIAN_POINT('',(-152.246911848645,-3.4999627216551,-4.8734239449326));
#9514=CARTESIAN_POINT('',(-152.246911849361,-3.4999627216551,-4.87342394493075));
#9515=CARTESIAN_POINT('',(-151.080248712562,-3.49995991576404,-4.87342596004665));
#9516=CARTESIAN_POINT('',(-149.91358485166,-3.49995710987124,-4.87342797516014));
#9517=CARTESIAN_POINT('',(-148.746920266654,-3.4999543039767,-4.8734299902712));
#9518=CARTESIAN_POINT('',(-155.746920266135,-9.86076131526265E-32,-5.99999999999997));
#9519=CARTESIAN_POINT('',(-155.746920266135,-5.25978936260945E-16,-5.99999999999997));
#9520=CARTESIAN_POINT('',(-155.746920059782,-0.0290664997103279,-6.00000018367717));
#9521=CARTESIAN_POINT('',(-155.746194113205,-0.087240774720768,-5.99957685225008));
#9522=CARTESIAN_POINT('',(-155.742932067294,-0.174441604569917,-5.99767519219505));
#9523=CARTESIAN_POINT('',(-155.737484771421,-0.261711963405815,-5.9945017122392));
#9524=CARTESIAN_POINT('',(-155.729841796551,-0.348995591128712,-5.99005439982007));
#9525=CARTESIAN_POINT('',(-155.719977254785,-0.436380314694846,-5.9843237661354));
#9526=CARTESIAN_POINT('',(-155.707874667997,-0.523798271285567,-5.97730757008977));
#9527=CARTESIAN_POINT('',(-155.693502892339,-0.61127012454028,-5.96899691326728));
#9528=CARTESIAN_POINT('',(-155.676872419367,-0.698582263519334,-5.95940883777267));
#9529=CARTESIAN_POINT('',(-155.657975756924,-0.785680088009949,-5.94855181523926));
#9530=CARTESIAN_POINT('',(-155.636829685788,-0.872417658014652,-5.93645008500483));
#9531=CARTESIAN_POINT('',(-155.613415158235,-0.958809755105032,-5.92310929112582));
#9532=CARTESIAN_POINT('',(-155.58776076931,-1.04469619976099,-5.90856418466893));
#9533=CARTESIAN_POINT('',(-155.558832539138,-1.1332039679592,-5.89225207712825));
#9534=CARTESIAN_POINT('',(-155.525270110125,-1.22719009659243,-5.87344547794422));
#9535=CARTESIAN_POINT('',(-155.477970679611,-1.34808596483269,-5.84714378631945));
#9536=CARTESIAN_POINT('',(-155.41375747279,-1.49409967256652,-5.81184435072085));
#9537=CARTESIAN_POINT('',(-155.328800211287,-1.66263560129212,-5.76594445184023));
#9538=CARTESIAN_POINT('',(-155.234939459586,-1.82575466928382,-5.71629671989174));
#9539=CARTESIAN_POINT('',(-155.136486538046,-1.97741200786057,-5.66545628977435));
#9540=CARTESIAN_POINT('',(-155.038909368853,-2.11265425464507,-5.61631329185294));
#9541=CARTESIAN_POINT('',(-154.940645350954,-2.23641528751981,-5.56811078392017));
#9542=CARTESIAN_POINT('',(-154.840838773617,-2.35137412230962,-5.52050125980515));
#9543=CARTESIAN_POINT('',(-154.738154847108,-2.45985620928361,-5.47298500947322));
#9544=CARTESIAN_POINT('',(-154.637615916148,-2.55744395128483,-5.42797915400994));
#9545=CARTESIAN_POINT('',(-154.542460098102,-2.64290884879345,-5.38679085392532));
#9546=CARTESIAN_POINT('',(-154.456110521349,-2.71534619899837,-5.3505893888402));
#9547=CARTESIAN_POINT('',(-154.380527780514,-2.77490788530006,-5.31987834475035));
#9548=CARTESIAN_POINT('',(-154.313897333959,-2.8247516215687,-5.29354289631333));
#9549=CARTESIAN_POINT('',(-154.254043316118,-2.8675824713854,-5.27045839083804));
#9550=CARTESIAN_POINT('',(-154.193771096004,-2.9088345789016,-5.24779902719706));
#9551=CARTESIAN_POINT('',(-154.133022447124,-2.94858469394758,-5.22556401238148));
#9552=CARTESIAN_POINT('',(-154.071660740328,-2.98694432966671,-5.20372857477528));
#9553=CARTESIAN_POINT('',(-154.009853325579,-3.02383208493859,-5.18237627702393));
#9554=CARTESIAN_POINT('',(-153.947560894445,-3.05929681686875,-5.16151590044732));
#9555=CARTESIAN_POINT('',(-153.884883932702,-3.09330460138136,-5.14120319060469));
#9556=CARTESIAN_POINT('',(-153.82178377701,-3.12589886599117,-5.12144713130459));
#9557=CARTESIAN_POINT('',(-153.758362330582,-3.15705005413869,-5.10229969969209));
#9558=CARTESIAN_POINT('',(-153.694501621675,-3.18683545400175,-5.08374593815191));
#9559=CARTESIAN_POINT('',(-153.63029459344,-3.21522559184139,-5.0658349334648));
#9560=CARTESIAN_POINT('',(-153.565754069301,-3.24223039844355,-5.04859061674081));
#9561=CARTESIAN_POINT('',(-153.501126581186,-3.26777030085254,-5.03209390757177));
#9562=CARTESIAN_POINT('',(-153.436379781129,-3.29188699609053,-5.01634735811789));
#9563=CARTESIAN_POINT('',(-153.371701071759,-3.31454025510845,-5.00140519586036));
#9564=CARTESIAN_POINT('',(-153.307066130106,-3.33577116957368,-4.987267119729));
#9565=CARTESIAN_POINT('',(-153.242691015313,-3.35554602745019,-4.97398101571969));
#9566=CARTESIAN_POINT('',(-153.178409437383,-3.37395225218677,-4.96151177628223));
#9567=CARTESIAN_POINT('',(-153.114408743191,-3.39096783777584,-4.94989574971219));
#9568=CARTESIAN_POINT('',(-153.05070242299,-3.4066251551493,-4.93913099260564));
#9569=CARTESIAN_POINT('',(-152.987669276924,-3.42087838868255,-4.92926789015863));
#9570=CARTESIAN_POINT('',(-152.925132106064,-3.43381886930188,-4.92026042224113));
#9571=CARTESIAN_POINT('',(-152.863355695054,-3.4454393952695,-4.91212860267778));
#9572=CARTESIAN_POINT('',(-152.802307972691,-3.45579774869504,-4.90484545032931));
#9573=CARTESIAN_POINT('',(-152.742562726896,-3.46486220338361,-4.89844521135814));
#9574=CARTESIAN_POINT('',(-152.683811294935,-3.47275244502945,-4.89285367845187));
#9575=CARTESIAN_POINT('',(-152.626518827578,-3.47947332409692,-4.88807574608603));
#9576=CARTESIAN_POINT('',(-152.570974479296,-3.48507127675982,-4.88408546906686));
#9577=CARTESIAN_POINT('',(-152.518370890073,-3.48954561949733,-4.88088917699919));
#9578=CARTESIAN_POINT('',(-152.468246617952,-3.49307139757741,-4.87836621732497));
#9579=CARTESIAN_POINT('',(-152.418912344659,-3.49585108427987,-4.87637449359337));
#9580=CARTESIAN_POINT('',(-152.367565909158,-3.49801627015547,-4.8748214108981));
#9581=CARTESIAN_POINT('',(-152.309955225145,-3.49957343717962,-4.87370359771465));
#9582=CARTESIAN_POINT('',(-152.269243500257,-3.49996288306016,-4.87342373091538));
#9583=CARTESIAN_POINT('',(-152.24692026628,-3.49996272166522,-4.87342394492348));
#9584=CARTESIAN_POINT('',(-152.246928684022,3.50003727832467,-4.87337039946045));
#9585=CARTESIAN_POINT('',(-152.246928684022,3.50003727832468,-4.87337039946045));
#9586=CARTESIAN_POINT('',(-152.276753090731,3.50003743326824,-4.8733699965837));
#9587=CARTESIAN_POINT('',(-152.329849098379,3.4993584904862,-4.87385813877362));
#9588=CARTESIAN_POINT('',(-152.403855239396,3.4967269464576,-4.87574660907565));
#9589=CARTESIAN_POINT('',(-152.46737645888,3.49326216875488,-4.87822989021685));
#9590=CARTESIAN_POINT('',(-152.526955248354,3.48897827290668,-4.88129505816923));
#9591=CARTESIAN_POINT('',(-152.586059844863,3.48373939784286,-4.88503597724215));
#9592=CARTESIAN_POINT('',(-152.64739392375,3.47724337196399,-4.8896630387054));
#9593=CARTESIAN_POINT('',(-152.711796011637,3.46923982759283,-4.8953461355577));
#9594=CARTESIAN_POINT('',(-152.778238115741,3.45969703716278,-4.90209644379666));
#9595=CARTESIAN_POINT('',(-152.84609899184,3.44859959382769,-4.90991144454509));
#9596=CARTESIAN_POINT('',(-152.914673876909,3.43598816938674,-4.91874726189179));
#9597=CARTESIAN_POINT('',(-152.984152958849,3.42175947563773,-4.92865835824746));
#9598=CARTESIAN_POINT('',(-153.054017115593,3.40596242535384,-4.93959062966213));
#9599=CARTESIAN_POINT('',(-153.124578943763,3.38847294568726,-4.95160732306179));
#9600=CARTESIAN_POINT('',(-153.195752630487,3.3692456043245,-4.96471368881864));
#9601=CARTESIAN_POINT('',(-153.267858112241,3.34811103614685,-4.97899470228437));
#9602=CARTESIAN_POINT('',(-153.340420176323,3.32512638876425,-4.99437787050206));
#9603=CARTESIAN_POINT('',(-153.41364950878,3.30015261441442,-5.01091944139793));
#9604=CARTESIAN_POINT('',(-153.487455078016,3.27313646670149,-5.02861348534613));
#9605=CARTESIAN_POINT('',(-153.562415227828,3.24375136652485,-5.0476248791222));
#9606=CARTESIAN_POINT('',(-153.638119166822,3.21202489081144,-5.06787970745333));
#9607=CARTESIAN_POINT('',(-153.71482195737,3.17771851465674,-5.08946845167973));
#9608=CARTESIAN_POINT('',(-153.792103911722,3.14088298092797,-5.11229163039676));
#9609=CARTESIAN_POINT('',(-153.870196479654,3.10125916145781,-5.13643403802429));
#9610=CARTESIAN_POINT('',(-153.948365067057,3.05908262392267,-5.16167285146271));
#9611=CARTESIAN_POINT('',(-154.026552815944,3.01427648593073,-5.18797460515183));
#9612=CARTESIAN_POINT('',(-154.104368272233,2.96697034645359,-5.21518283525551));
#9613=CARTESIAN_POINT('',(-154.182031956252,2.91692318483432,-5.24334924845536));
#9614=CARTESIAN_POINT('',(-154.259121522892,2.86429732321248,-5.27229160572038));
#9615=CARTESIAN_POINT('',(-154.335536049785,2.809070061126,-5.30193212947549));
#9616=CARTESIAN_POINT('',(-154.410895738936,2.75144319896549,-5.33207500426217));
#9617=CARTESIAN_POINT('',(-154.48511665017,2.69141753151231,-5.36263303311229));
#9618=CARTESIAN_POINT('',(-154.557856770546,2.62922591517349,-5.39340542950993));
#9619=CARTESIAN_POINT('',(-154.628861525962,2.56507199204105,-5.42421722596459));
#9620=CARTESIAN_POINT('',(-154.697925917017,2.49915712439942,-5.45490701598752));
#9621=CARTESIAN_POINT('',(-154.764900428219,2.43165782050677,-5.48533496150445));
#9622=CARTESIAN_POINT('',(-154.829776367071,2.36262723766913,-5.51542482609244));
#9623=CARTESIAN_POINT('',(-154.903719999425,2.27956472727206,-5.55038792040703));
#9624=CARTESIAN_POINT('',(-154.99588696697,2.16862973940066,-5.59498031459723));
#9625=CARTESIAN_POINT('',(-155.104253272922,2.02457190783742,-5.64897662665479));
#9626=CARTESIAN_POINT('',(-155.207238534688,1.87020598577867,-5.70185069007237));
#9627=CARTESIAN_POINT('',(-155.287434629298,1.73535575414714,-5.74400188530145));
#9628=CARTESIAN_POINT('',(-155.345511782589,1.6285992871349,-5.77499911580603));
#9629=CARTESIAN_POINT('',(-155.389131741543,1.54252360792652,-5.79853453313508));
#9630=CARTESIAN_POINT('',(-155.427232490935,1.46223443513989,-5.81927680556298));
#9631=CARTESIAN_POINT('',(-155.462644814679,1.38268048848865,-5.83870696705844));
#9632=CARTESIAN_POINT('',(-155.497722467703,1.29822057331597,-5.85809967850484));
#9633=CARTESIAN_POINT('',(-155.536693260426,1.1967128588248,-5.87980727654116));
#9634=CARTESIAN_POINT('',(-155.580287367854,1.07068419884522,-5.90430011780229));
#9635=CARTESIAN_POINT('',(-155.623548170973,0.925660742663896,-5.9288412325404));
#9636=CARTESIAN_POINT('',(-155.65777644333,0.788510585522942,-5.94842003446273));
#9637=CARTESIAN_POINT('',(-155.679879650573,0.683585862363107,-5.96113249824752));
#9638=CARTESIAN_POINT('',(-155.693935755336,0.60780262726806,-5.96924153842447));
#9639=CARTESIAN_POINT('',(-155.703984768188,0.547671864147689,-5.97505102782929));
#9640=CARTESIAN_POINT('',(-155.712668069071,0.489612387165845,-5.98008003568521));
#9641=CARTESIAN_POINT('',(-155.720801395705,0.428405636447461,-5.98479777047585));
#9642=CARTESIAN_POINT('',(-155.7282230401,0.363568474083366,-5.98910931937808));
#9643=CARTESIAN_POINT('',(-155.734681407566,0.295085765273281,-5.99286648441693));
#9644=CARTESIAN_POINT('',(-155.739229335891,0.234286864203605,-5.99551517570218));
#9645=CARTESIAN_POINT('',(-155.74235538395,0.180785075718417,-5.99733706771364));
#9646=CARTESIAN_POINT('',(-155.744441602484,0.13438706329738,-5.99855356015843));
#9647=CARTESIAN_POINT('',(-155.745889529122,0.0888570017485925,-5.99939822031849));
#9648=CARTESIAN_POINT('',(-155.746734823241,0.0442206341668119,-5.99989154745162));
#9649=CARTESIAN_POINT('',(-155.746920344362,0.014675254467582,-5.99999995444978));
#9650=CARTESIAN_POINT('',(-155.746920266267,1.24257838440032E-5,-5.99999999999996));
#9651=CARTESIAN_POINT('',(-155.746920266135,1.39742529531927E-11,-5.99999999999997));
#9652=CARTESIAN_POINT('',(-148.753071316145,3.50004029096005,-4.87336823546865));
#9653=CARTESIAN_POINT('',(-152.246928684022,3.50003727832434,-4.87337039933785));
#9654=VECTOR('',#9655,1.);
#9655=DIRECTION('',(0.999999999999436,8.6226636920558E-7,6.19288590704483E-7));
#9656=CARTESIAN_POINT('',(-145.246920266641,6.36032233031802E-16,-5.99999999999997));
#9657=CARTESIAN_POINT('',(-145.246919783911,0.0290665103815384,-6.00000018368123));
#9658=CARTESIAN_POINT('',(-145.24764435185,0.0872408208968089,-5.99957685196135));
#9659=CARTESIAN_POINT('',(-145.250904332387,0.174441749571375,-5.99767518855549));
#9660=CARTESIAN_POINT('',(-145.256349561362,0.261712245890843,-5.99450170066527));
#9661=CARTESIAN_POINT('',(-145.263990468416,0.348996053476596,-5.99005437386431));
#9662=CARTESIAN_POINT('',(-145.273852939675,0.436381008561197,-5.98432371681368));
#9663=CARTESIAN_POINT('',(-145.285953455926,0.523799255566495,-5.97730748542466));
#9664=CARTESIAN_POINT('',(-145.30032316101,0.611271458627263,-5.96899677852305));
#9665=CARTESIAN_POINT('',(-145.31695156788,0.698584001720206,-5.9594086361589));
#9666=CARTESIAN_POINT('',(-145.335846169739,0.785682283560421,-5.94855152766546));
#9667=CARTESIAN_POINT('',(-145.356990189094,0.872420363223037,-5.93644969014039));
#9668=CARTESIAN_POINT('',(-145.380402673678,0.958813024214397,-5.92310876491063));
#9669=CARTESIAN_POINT('',(-145.406055031936,1.04470008512559,-5.908563500946));
#9670=CARTESIAN_POINT('',(-145.434981170424,1.13320854869542,-5.89225120009006));
#9671=CARTESIAN_POINT('',(-145.46854137874,1.22719548239689,-5.87344435785299));
#9672=CARTESIAN_POINT('',(-145.515837954705,1.34809248646309,-5.84714229368688));
#9673=CARTESIAN_POINT('',(-145.580047707368,1.49410771391501,-5.81184230278004));
#9674=CARTESIAN_POINT('',(-145.665000957458,1.66264560660701,-5.76594159000387));
#9675=CARTESIAN_POINT('',(-145.7588577805,1.82576678511161,-5.7162928738701));
#9676=CARTESIAN_POINT('',(-145.857306997496,1.97742629910262,-5.66545132293368));
#9677=CARTESIAN_POINT('',(-145.95488081458,2.11267068281696,-5.61630713187328));
#9678=CARTESIAN_POINT('',(-146.053141738062,2.23643388409342,-5.56810333378974));
#9679=CARTESIAN_POINT('',(-146.152945446159,2.35139497169862,-5.52049239917696));
#9680=CARTESIAN_POINT('',(-146.255626711043,2.45987945447662,-5.47297458212998));
#9681=CARTESIAN_POINT('',(-146.356163228069,2.5574695379577,-5.427967116199));
#9682=CARTESIAN_POINT('',(-146.45131691584,2.64293665132854,-5.38677722682994));
#9683=CARTESIAN_POINT('',(-146.537664644612,2.71537598849403,-5.35057428203886));
#9684=CARTESIAN_POINT('',(-146.613245747564,2.77493933652121,-5.31986194651554));
#9685=CARTESIAN_POINT('',(-146.67987466471,2.82478444194294,-5.29352538707291));
#9686=CARTESIAN_POINT('',(-146.739727118589,2.86761637473626,-5.27043994844104));
#9687=CARTESIAN_POINT('',(-146.799997638008,2.9088694907395,-5.24777967931142));
#9688=CARTESIAN_POINT('',(-146.860744504905,2.94862059240301,-5.22554375980733));
#9689=CARTESIAN_POINT('',(-146.922104404844,2.98698124038582,-5.20370739157977));
#9690=CARTESIAN_POINT('',(-146.983910116335,3.02387010700722,-5.1823540956905));
#9691=CARTESIAN_POINT('',(-147.046201047507,3.05933609819165,-5.16149262224677));
#9692=CARTESIAN_POINT('',(-147.108876949356,3.09334539835683,-5.14117864933465));
#9693=CARTESIAN_POINT('',(-147.171976563048,3.12594144270831,-5.12142115012889));
#9694=CARTESIAN_POINT('',(-147.235398248956,3.15709476129362,-5.10227204355523));
#9695=CARTESIAN_POINT('',(-147.299259882796,3.18688254628873,-5.0837164243376));
#9696=CARTESIAN_POINT('',(-147.363471090303,3.21527641288171,-5.06580268926596));
#9697=CARTESIAN_POINT('',(-147.428021754857,3.24228716863461,-5.04855417714159));
#9698=CARTESIAN_POINT('',(-147.492670772515,3.26783691183159,-5.03205067836076));
#9699=CARTESIAN_POINT('',(-147.557450439491,3.29196654153349,-5.0162951903069));
#9700=CARTESIAN_POINT('',(-147.622178491413,3.31463688108989,-5.00134119785996));
#9701=CARTESIAN_POINT('',(-147.686879179372,3.33588798124806,-4.98718903219115));
#9702=CARTESIAN_POINT('',(-147.751341053198,3.35568649443958,-4.9738862975863));
#9703=CARTESIAN_POINT('',(-147.815724379647,3.37411692596391,-4.96139983330666));
#9704=CARTESIAN_POINT('',(-147.879848696559,3.39115830674632,-4.9497653039761));
#9705=CARTESIAN_POINT('',(-147.943703517195,3.40684255665191,-4.93898108178598));
#9706=CARTESIAN_POINT('',(-148.006927957836,3.42112646732589,-4.92909575984214));
#9707=CARTESIAN_POINT('',(-148.069698298297,3.43409880544145,-4.92006508561381));
#9708=CARTESIAN_POINT('',(-148.131757615057,3.44575168301669,-4.91190957965707));
#9709=CARTESIAN_POINT('',(-148.193121296374,3.4561376645618,-4.90460596416028));
#9710=CARTESIAN_POINT('',(-148.253202212615,3.46522185044837,-4.89819081171944));
#9711=CARTESIAN_POINT('',(-148.312299516358,3.47312222523738,-4.89259120618323));
#9712=CARTESIAN_POINT('',(-148.369912465256,3.47983966968718,-4.88781494389815));
#9713=CARTESIAN_POINT('',(-148.425710305928,3.4854185723317,-4.88383762130116));
#9714=CARTESIAN_POINT('',(-148.478479963366,3.48986201421894,-4.88066294352246));
#9715=CARTESIAN_POINT('',(-148.528743657656,3.49335316786562,-4.87816443776861));
#9716=CARTESIAN_POINT('',(-148.578325396784,3.49610106353865,-4.87619526507724));
#9717=CARTESIAN_POINT('',(-148.630164834051,3.49823451654481,-4.87466479839357));
#9718=CARTESIAN_POINT('',(-148.686668234153,3.49969426029456,-4.87361678539446));
#9719=CARTESIAN_POINT('',(-148.728177334409,3.5000639694376,-4.87335123111202));
#9720=CARTESIAN_POINT('',(-148.751021110609,3.50004389442291,-4.87336564739516));
#9721=CARTESIAN_POINT('',(-148.753071316145,3.50004029095952,-4.87336823563222));
#9722=CARTESIAN_POINT('',(-148.753071316145,3.50004029096005,4.8733682354687));
#9723=CARTESIAN_POINT('',(-152.246928684022,3.50003727832467,4.87337039946051));
#9724=CARTESIAN_POINT('',(-152.246928684022,3.50003727832434,4.8733703993379));
#9725=VECTOR('',#9726,1.);
#9726=DIRECTION('',(0.999999999999436,8.62266369078474E-7,-6.19288591212906E-7));
#9727=CARTESIAN_POINT('',(-152.246911848645,-3.4999627216551,4.87342394493169));
#9728=CARTESIAN_POINT('',(-152.246928684022,3.50003727832467,4.87337039946051));
#9729=CARTESIAN_POINT('',(-152.273815783144,3.50003744429053,4.87337008395379));
#9730=CARTESIAN_POINT('',(-152.321988671899,3.49948243795727,4.87376904280507));
#9731=CARTESIAN_POINT('',(-152.388723262947,3.49733393341376,4.87531109509773));
#9732=CARTESIAN_POINT('',(-152.445427182026,3.49453858601535,4.87731532289782));
#9733=CARTESIAN_POINT('',(-152.497585970196,3.49117175271769,4.87972605480228));
#9734=CARTESIAN_POINT('',(-152.548400551662,3.48715335260044,4.88259881053185));
#9735=CARTESIAN_POINT('',(-152.600591006117,3.48225916281376,4.88609103390691));
#9736=CARTESIAN_POINT('',(-152.655659916462,3.47624555913258,4.89037206534915));
#9737=CARTESIAN_POINT('',(-152.713621854311,3.46895523501708,4.89554710937393));
#9738=CARTESIAN_POINT('',(-152.774100062749,3.4602919220729,4.90167553665372));
#9739=CARTESIAN_POINT('',(-152.836239397087,3.45026461678402,4.90874033305474));
#9740=CARTESIAN_POINT('',(-152.900037401702,3.43876881540284,4.91680213533641));
#9741=CARTESIAN_POINT('',(-152.964675990943,3.42586534561258,4.92580331722229));
#9742=CARTESIAN_POINT('',(-153.029939889631,3.41154376195568,4.93573495606694));
#9743=CARTESIAN_POINT('',(-153.095543293859,3.395825660003,4.94656456846694));
#9744=CARTESIAN_POINT('',(-153.161823179234,3.37857793817981,4.95836357395414));
#9745=CARTESIAN_POINT('',(-153.228430964569,3.35983654195734,4.97108471106097));
#9746=CARTESIAN_POINT('',(-153.295462047049,3.33952945505874,4.98475244495918));
#9747=CARTESIAN_POINT('',(-153.362831705637,3.31763309184006,4.99935588951011));
#9748=CARTESIAN_POINT('',(-153.430977118388,3.29393674247806,5.01500441354478));
#9749=CARTESIAN_POINT('',(-153.499644486018,3.26844720237856,5.03165821513845));
#9750=CARTESIAN_POINT('',(-153.569072032325,3.24099380236163,5.04938989108479));
#9751=CARTESIAN_POINT('',(-153.639008663891,3.21158673440509,5.06815003616524));
#9752=CARTESIAN_POINT('',(-153.709676628417,3.180033047492,5.08801357341727));
#9753=CARTESIAN_POINT('',(-153.780516097043,3.14648953690559,5.10883094813552));
#9754=CARTESIAN_POINT('',(-153.851403744411,3.11094419053032,5.13055864456938));
#9755=CARTESIAN_POINT('',(-153.921934607852,3.07354843833596,5.15305399054743));
#9756=CARTESIAN_POINT('',(-153.992129075579,3.03424490907743,5.17630006338269));
#9757=CARTESIAN_POINT('',(-154.061667792733,2.99317526862478,5.20016184476084));
#9758=CARTESIAN_POINT('',(-154.132747399561,2.94894756849817,5.22538322252084));
#9759=CARTESIAN_POINT('',(-154.207341687176,2.89997798812761,5.25274350905705));
#9760=CARTESIAN_POINT('',(-154.296547935363,2.8379490214699,5.28659622083248));
#9761=CARTESIAN_POINT('',(-154.396409459964,2.76337926765992,5.32604746062935));
#9762=CARTESIAN_POINT('',(-154.503021406559,2.67701265588305,5.36999207087682));
#9763=CARTESIAN_POINT('',(-154.59612702434,2.59538660709776,5.40985641598889));
#9764=CARTESIAN_POINT('',(-154.676870215336,2.51967391252082,5.44546886301846));
#9765=CARTESIAN_POINT('',(-154.754562252374,2.44260702612126,5.48054440762076));
#9766=CARTESIAN_POINT('',(-154.837821151089,2.35442330482115,5.51910406786339));
#9767=CARTESIAN_POINT('',(-154.926401057954,2.25315722425856,5.56124865093249));
#9768=CARTESIAN_POINT('',(-155.014063182045,2.14471347954061,5.60401714309065));
#9769=CARTESIAN_POINT('',(-155.111485029285,2.01366951924278,5.65269370080097));
#9770=CARTESIAN_POINT('',(-155.225386317608,1.84317792228824,5.71115663895338));
#9771=CARTESIAN_POINT('',(-155.340355983356,1.64331677038073,5.77201998903026));
#9772=CARTESIAN_POINT('',(-155.434783349627,1.44914559609222,5.82331009631751));
#9773=CARTESIAN_POINT('',(-155.50124547371,1.29096904769832,5.86002404614617));
#9774=CARTESIAN_POINT('',(-155.550854621532,1.15757318582961,5.88773772216585));
#9775=CARTESIAN_POINT('',(-155.593033924716,1.02949201745719,5.91151688876366));
#9776=CARTESIAN_POINT('',(-155.632516415811,0.891670378512873,5.93395923409799));
#9777=CARTESIAN_POINT('',(-155.667337927781,0.747401550723492,5.95390346924044));
#9778=CARTESIAN_POINT('',(-155.696105052898,0.600287667261136,5.9704851878839));
#9779=CARTESIAN_POINT('',(-155.715318930215,0.474173226915272,5.98161388366187));
#9780=CARTESIAN_POINT('',(-155.727636302715,0.370223321064772,5.98876774154721));
#9781=CARTESIAN_POINT('',(-155.735227580737,0.289355469324277,5.99318427154984));
#9782=CARTESIAN_POINT('',(-155.740647017081,0.213705421708877,5.99634108270033));
#9783=CARTESIAN_POINT('',(-155.744321770643,0.141192162254255,5.99848355745404));
#9784=CARTESIAN_POINT('',(-155.746457039739,0.0699895894343036,5.99972933272481));
#9785=CARTESIAN_POINT('',(-155.746925102703,0.0225843554907801,6.00000268101217));
#9786=CARTESIAN_POINT('',(-155.746915341066,-0.0239130347323306,5.99999727562556));
#9787=CARTESIAN_POINT('',(-155.746440636339,-0.0701565069560321,5.99972063389246));
#9788=CARTESIAN_POINT('',(-155.743993148768,-0.15206207580333,5.99829373375157));
#9789=CARTESIAN_POINT('',(-155.737887241696,-0.26267214205038,5.9947354212865));
#9790=CARTESIAN_POINT('',(-155.724465792515,-0.406798003820131,5.98692570094395));
#9791=CARTESIAN_POINT('',(-155.702704538318,-0.561935085670724,5.97430670764355));
#9792=CARTESIAN_POINT('',(-155.673792476489,-0.717051320730337,5.95762510305652));
#9793=CARTESIAN_POINT('',(-155.634417683642,-0.887057644173202,5.93504173726215));
#9794=CARTESIAN_POINT('',(-155.573639551655,-1.09703295244196,5.90049522405543));
#9795=CARTESIAN_POINT('',(-155.490475310748,-1.32298213804163,5.85393936193967));
#9796=CARTESIAN_POINT('',(-155.399546131245,-1.5242821647119,5.80408616329667));
#9797=CARTESIAN_POINT('',(-155.321893413705,-1.67361105513903,5.76233348076491));
#9798=CARTESIAN_POINT('',(-155.253240071749,-1.79367598745224,5.72600052772427));
#9799=CARTESIAN_POINT('',(-155.186132099153,-1.90175681814503,5.69103261234148));
#9800=CARTESIAN_POINT('',(-155.117517624885,-2.00351024076362,5.65591417718755));
#9801=CARTESIAN_POINT('',(-155.056293803797,-2.08809485325186,5.62511861233367));
#9802=CARTESIAN_POINT('',(-155.002429074809,-2.15851265518239,5.59842527436976));
#9803=CARTESIAN_POINT('',(-154.950082061811,-2.22377491738181,5.57283626478247));
#9804=CARTESIAN_POINT('',(-154.892326838421,-2.29229207589206,5.54503139128273));
#9805=CARTESIAN_POINT('',(-154.819414835204,-2.3742190873088,5.51055331476188));
#9806=CARTESIAN_POINT('',(-154.724600521004,-2.47369226232764,5.46679556859951));
#9807=CARTESIAN_POINT('',(-154.610178366973,-2.58343966549301,5.4158148826613));
#9808=CARTESIAN_POINT('',(-154.496635667391,-2.68237166412051,5.36732842892372));
#9809=CARTESIAN_POINT('',(-154.398630574327,-2.76112483141969,5.32710388575617));
#9810=CARTESIAN_POINT('',(-154.315274757474,-2.82398762151405,5.29400907475189));
#9811=CARTESIAN_POINT('',(-154.235490192538,-2.88072164711407,5.26334279328233));
#9812=CARTESIAN_POINT('',(-154.161288730395,-2.93042691589417,5.23579435090141));
#9813=CARTESIAN_POINT('',(-154.093099092669,-2.97374322378549,5.21128538456229));
#9814=CARTESIAN_POINT('',(-154.031378405605,-3.01118166596483,5.1897385267096));
#9815=CARTESIAN_POINT('',(-153.969179997105,-3.04717984797621,5.16868000887124));
#9816=CARTESIAN_POINT('',(-153.906626746786,-3.08169399790641,5.14817240334421));
#9817=CARTESIAN_POINT('',(-153.843605086035,-3.11481102426866,5.12819963313754));
#9818=CARTESIAN_POINT('',(-153.780152976792,-3.14652785598583,5.10879688052285));
#9819=CARTESIAN_POINT('',(-153.716213690409,-3.17688586753922,5.08997087435601));
#9820=CARTESIAN_POINT('',(-153.64481065359,-3.20903797874708,5.06977192602851));
#9821=CARTESIAN_POINT('',(-153.565613841774,-3.24248865141772,5.04845064886442));
#9822=CARTESIAN_POINT('',(-153.478328038739,-3.27663235647569,5.02635023559674));
#9823=CARTESIAN_POINT('',(-153.397457313015,-3.30579483674499,5.0072012995108));
#9824=CARTESIAN_POINT('',(-153.323266570817,-3.33059801928182,4.99072566729223));
#9825=CARTESIAN_POINT('',(-153.256038809098,-3.35157951524843,4.9766569731687));
#9826=CARTESIAN_POINT('',(-153.188401203993,-3.3712035619344,4.96338201107491));
#9827=CARTESIAN_POINT('',(-153.120515388929,-3.38942800534406,4.95095223035002));
#9828=CARTESIAN_POINT('',(-153.052387141306,-3.40625996172083,4.93938467050437));
#9829=CARTESIAN_POINT('',(-152.984112880775,-3.42168414872503,4.92871023679043));
#9830=CARTESIAN_POINT('',(-152.915683179197,-3.43571253714235,4.91893964585471));
#9831=CARTESIAN_POINT('',(-152.847180774642,-3.44833936870786,4.91009432999891));
#9832=CARTESIAN_POINT('',(-152.778531938713,-3.45958688252967,4.90217442639359));
#9833=CARTESIAN_POINT('',(-152.710093332547,-3.46940874342708,4.89522669831153));
#9834=CARTESIAN_POINT('',(-152.641950756412,-3.47782167448627,4.88925209050316));
#9835=CARTESIAN_POINT('',(-152.575178236514,-3.48474688254249,4.8843175996287));
#9836=CARTESIAN_POINT('',(-152.510754089773,-3.49019378267129,4.88042604930418));
#9837=CARTESIAN_POINT('',(-152.448718872921,-3.4943166485266,4.87747447922133));
#9838=CARTESIAN_POINT('',(-152.386808284853,-3.49735225115848,4.87529796233915));
#9839=CARTESIAN_POINT('',(-152.319583696841,-3.49944612664159,4.87379508795997));
#9840=CARTESIAN_POINT('',(-152.272521507803,-3.4999628676474,4.87342366935388));
#9841=CARTESIAN_POINT('',(-152.24692026629,-3.49996272166522,4.87342394492354));
#9842=CARTESIAN_POINT('',(-148.746920266343,-3.4999543039767,4.87342999000393));
#9843=CARTESIAN_POINT('',(-148.74692026712,-3.4999543039767,4.87342999027125));
#9844=CARTESIAN_POINT('',(-149.91358485166,-3.49995710987124,4.87342797516019));
#9845=CARTESIAN_POINT('',(-151.080248712096,-3.49995991576404,4.87342596004671));
#9846=CARTESIAN_POINT('',(-152.246911848895,-3.4999627216551,4.8734239449308));
#9847=CARTESIAN_POINT('',(-148.746920266343,-3.4999543039767,4.87342999013759));
#9848=CARTESIAN_POINT('',(-148.719982540718,-3.4999545355775,4.87342962618663));
#9849=CARTESIAN_POINT('',(-148.671724774924,-3.49939761847351,4.87382994557595));
#9850=CARTESIAN_POINT('',(-148.604877863161,-3.4972417744409,4.87537720652311));
#9851=CARTESIAN_POINT('',(-148.548087431709,-3.49443748384911,4.87738776281729));
#9852=CARTESIAN_POINT('',(-148.495851783048,-3.49106019527198,4.87980587014112));
#9853=CARTESIAN_POINT('',(-148.444962910592,-3.48702946704006,4.88268729327442));
#9854=CARTESIAN_POINT('',(-148.392695603235,-3.48212029351655,4.88619001044631));
#9855=CARTESIAN_POINT('',(-148.337544199788,-3.47608817791368,4.89048394746466));
#9856=CARTESIAN_POINT('',(-148.279494650519,-3.46877531081008,4.89567461770717));
#9857=CARTESIAN_POINT('',(-148.218925709365,-3.4600852811366,4.90182143321953));
#9858=CARTESIAN_POINT('',(-148.156696737633,-3.45002762147855,4.90890693905804));
#9859=CARTESIAN_POINT('',(-148.092813861979,-3.43849835386646,4.91699132514789));
#9860=CARTESIAN_POINT('',(-148.028096771031,-3.42555900436211,4.92601641100637));
#9861=CARTESIAN_POINT('',(-147.962762811921,-3.41119991294096,4.93597266062754));
#9862=CARTESIAN_POINT('',(-147.897096526107,-3.39544283716273,4.94682741818786));
#9863=CARTESIAN_POINT('',(-147.830763612226,-3.37815559369925,4.9586513975686));
#9864=CARTESIAN_POINT('',(-147.764110926292,-3.35937426058271,4.97139719814377));
#9865=CARTESIAN_POINT('',(-147.697045082821,-3.33902781181271,4.9850885608879));
#9866=CARTESIAN_POINT('',(-147.62965004148,-3.31709298272393,4.99971434890757));
#9867=CARTESIAN_POINT('',(-147.56149149083,-3.29336042041546,5.01538298165407));
#9868=CARTESIAN_POINT('',(-147.49282053874,-3.26783676286262,5.03205476589222));
#9869=CARTESIAN_POINT('',(-147.423399450143,-3.24035200211213,5.04980185264343));
#9870=CARTESIAN_POINT('',(-147.353476511601,-3.21091587612718,5.06857515348801));
#9871=CARTESIAN_POINT('',(-147.282830147172,-3.17933612508714,5.08844915223806));
#9872=CARTESIAN_POINT('',(-147.212016888112,-3.14576878769241,5.10927484260857));
#9873=CARTESIAN_POINT('',(-147.141159574829,-3.11020199019859,5.13100866503182));
#9874=CARTESIAN_POINT('',(-147.070661862878,-3.07278695090489,5.15350815383671));
#9875=CARTESIAN_POINT('',(-147.000504615395,-3.03346723107297,5.17675588292921));
#9876=CARTESIAN_POINT('',(-146.931006481157,-2.99238460184688,5.200616893464));
#9877=CARTESIAN_POINT('',(-146.859973831474,-2.94814813375079,5.22583431422049));
#9878=CARTESIAN_POINT('',(-146.785434453996,-2.89917464393574,5.25318692984759));
#9879=CARTESIAN_POINT('',(-146.696301744488,-2.83714915504411,5.2870254529428));
#9880=CARTESIAN_POINT('',(-146.596527095701,-2.76259143119497,5.32645598399589));
#9881=CARTESIAN_POINT('',(-146.490010549359,-2.67624652580805,5.37037371395398));
#9882=CARTESIAN_POINT('',(-146.396987529207,-2.59464519957811,5.41021185692285));
#9883=CARTESIAN_POINT('',(-146.316313116906,-2.51895624332442,5.44580075522819));
#9884=CARTESIAN_POINT('',(-146.23867822377,-2.44190707747344,5.48085619030101));
#9885=CARTESIAN_POINT('',(-146.155471697951,-2.35373668571664,5.51939681347649));
#9886=CARTESIAN_POINT('',(-146.066939119071,-2.25247844272218,5.56152354112988));
#9887=CARTESIAN_POINT('',(-145.979314728989,-2.14403314625333,5.60427747700589));
#9888=CARTESIAN_POINT('',(-145.881926236389,-2.01297572631932,5.65294095003718));
#9889=CARTESIAN_POINT('',(-145.768059440818,-1.84245716229493,5.71138951994711));
#9890=CARTESIAN_POINT('',(-145.653128755458,-1.64256435530842,5.77223449600303));
#9891=CARTESIAN_POINT('',(-145.558739765743,-1.4483644874911,5.82350461993822));
#9892=CARTESIAN_POINT('',(-145.492309845605,-1.29016705348684,5.86020077343195));
#9893=CARTESIAN_POINT('',(-145.442728467169,-1.15675530854073,5.887898542872));
#9894=CARTESIAN_POINT('',(-145.40057632148,-1.02866042436583,5.91166172707204));
#9895=CARTESIAN_POINT('',(-145.361123543643,-0.890825702674936,5.93408617730012));
#9896=CARTESIAN_POINT('',(-145.326333623092,-0.746545055606027,5.95401099595026));
#9897=CARTESIAN_POINT('',(-145.297599161779,-0.599421116096043,5.97057230511989));
#9898=CARTESIAN_POINT('',(-145.27841360295,-0.473299721962947,5.98168309181661));
#9899=CARTESIAN_POINT('',(-145.266119745335,-0.369345209328509,5.9888219737858));
#9900=CARTESIAN_POINT('',(-145.258546847067,-0.288474452235847,5.99322675108324));
#9901=CARTESIAN_POINT('',(-145.253144663158,-0.212822240433722,5.99637249940484));
#9902=CARTESIAN_POINT('',(-145.249486490392,-0.140307420909566,5.99850432145226));
#9903=CARTESIAN_POINT('',(-145.247375952149,-0.0693866594857549,5.99973469576229));
#9904=CARTESIAN_POINT('',(-145.246913016982,-0.0219812003848534,6.00000439637554));
#9905=CARTESIAN_POINT('',(-145.246927810903,0.0245163870309311,5.99999541248419));
#9906=CARTESIAN_POINT('',(-145.247416102016,0.0710428660820186,5.99971020379531));
#9907=CARTESIAN_POINT('',(-145.24988239615,0.15294792354134,5.99827120868859));
#9908=CARTESIAN_POINT('',(-145.256013684437,0.263556332183483,5.99469660001904));
#9909=CARTESIAN_POINT('',(-145.269468123423,0.407678231349261,5.98686579038948));
#9910=CARTESIAN_POINT('',(-145.291264693328,0.562808725245725,5.97422442031076));
#9911=CARTESIAN_POINT('',(-145.320211780742,0.71791609228353,5.95752089855968));
#9912=CARTESIAN_POINT('',(-145.359624543542,0.887910170469848,5.93491414186176));
#9913=CARTESIAN_POINT('',(-145.420448781694,1.0978665623602,5.90033993559459));
#9914=CARTESIAN_POINT('',(-145.503661385026,1.32379047087034,5.85375632342517));
#9915=CARTESIAN_POINT('',(-145.594632425607,1.52506377100769,5.80388063926593));
#9916=CARTESIAN_POINT('',(-145.672315341753,1.6743702368681,5.76211281603734));
#9917=CARTESIAN_POINT('',(-145.740992290214,1.79441539124546,5.72576875629574));
#9918=CARTESIAN_POINT('',(-145.808120899046,1.902476971392,5.69079179707349));
#9919=CARTESIAN_POINT('',(-145.87675434085,2.00421111174766,5.65566576518778));
#9920=CARTESIAN_POINT('',(-145.937993563903,2.0887788031422,5.62486461695326));
#9921=CARTESIAN_POINT('',(-145.991870871625,2.15918192209936,5.59816714192175));
#9922=CARTESIAN_POINT('',(-146.044229309985,2.22443004766477,5.57257474588352));
#9923=CARTESIAN_POINT('',(-146.10199631091,2.29293182359408,5.54476681458425));
#9924=CARTESIAN_POINT('',(-146.174922063058,2.37483966243449,5.51028579159319));
#9925=CARTESIAN_POINT('',(-146.269752619061,2.47428840062105,5.46652559476223));
#9926=CARTESIAN_POINT('',(-146.384192132054,2.58400716854769,5.4155439255506));
#9927=CARTESIAN_POINT('',(-146.497749956269,2.68291160105992,5.36705840841413));
#9928=CARTESIAN_POINT('',(-146.595766594338,2.76164142504575,5.32683600650762));
#9929=CARTESIAN_POINT('',(-146.679131172388,2.82448455947391,5.29374388915724));
#9930=CARTESIAN_POINT('',(-146.758923279885,2.881199981899,5.2630808914146));
#9931=CARTESIAN_POINT('',(-146.833131090166,2.93088819765071,5.23553609435669));
#9932=CARTESIAN_POINT('',(-146.901326042726,2.9741890229595,5.21103093156799));
#9933=CARTESIAN_POINT('',(-146.963051167206,3.01161360281762,5.18948784694738));
#9934=CARTESIAN_POINT('',(-147.025253732833,3.04759799025421,5.16843343456735));
#9935=CARTESIAN_POINT('',(-147.087810868433,3.08209843977739,5.14793024714688));
#9936=CARTESIAN_POINT('',(-147.150836172161,3.1152018366447,5.12796220278621));
#9937=CARTESIAN_POINT('',(-147.214294087547,3.14690631201555,5.10856373992233));
#9938=CARTESIAN_POINT('',(-147.278243941604,3.17725424075181,5.08974091748576));
#9939=CARTESIAN_POINT('',(-147.342584130263,3.20621089892916,5.07154656023993));
#9940=CARTESIAN_POINT('',(-147.407381755286,3.23381848714344,5.05398441910158));
#9941=CARTESIAN_POINT('',(-147.472634726719,3.26008334863883,5.0370791746742));
#9942=CARTESIAN_POINT('',(-147.538408224996,3.28503395162312,5.02083983306753));
#9943=CARTESIAN_POINT('',(-147.604690483831,3.30866519539119,5.00529592820116));
#9944=CARTESIAN_POINT('',(-147.671530442179,3.33099069796312,4.99046361804116));
#9945=CARTESIAN_POINT('',(-147.738878411227,3.35198736771912,4.97638230916181));
#9946=CARTESIAN_POINT('',(-147.806657990551,3.37162771798214,4.9630939259688));
#9947=CARTESIAN_POINT('',(-147.874719465528,3.38987135779907,4.95064871759714));
#9948=CARTESIAN_POINT('',(-147.943053794255,3.40672250898221,4.93906569294054));
#9949=CARTESIAN_POINT('',(-148.01157418564,3.42216620518026,4.92837556958371));
#9950=CARTESIAN_POINT('',(-148.080287744831,3.43621157244156,4.91859107152741));
#9951=CARTESIAN_POINT('',(-148.149121078738,3.44885223025481,4.90973412351496));
#9952=CARTESIAN_POINT('',(-148.218127322973,3.46010428487807,4.90180924178347));
#9953=CARTESIAN_POINT('',(-148.286935009588,3.46991819072757,4.89486558204958));
#9954=CARTESIAN_POINT('',(-148.355438161827,3.47830815703005,4.88890598589114));
#9955=CARTESIAN_POINT('',(-148.42250602657,3.48519142564546,4.88400037424185));
#9956=CARTESIAN_POINT('',(-148.487110815725,3.49057917615599,4.8801503843682));
#9957=CARTESIAN_POINT('',(-148.549277604843,3.49463777849456,4.8772443724031));
#9958=CARTESIAN_POINT('',(-148.611459385519,3.49761184910226,4.87511172567809));
#9959=CARTESIAN_POINT('',(-148.677318742293,3.49957672896123,4.8737012199475));
#9960=CARTESIAN_POINT('',(-148.724997200408,3.50006676031992,4.8733492270927));
#9961=CARTESIAN_POINT('',(-148.751020912987,3.50004389462364,4.87336564716244));
#9962=CARTESIAN_POINT('',(-148.753071316145,3.50004029095979,4.87336823563208));
#9963=CARTESIAN_POINT('',(148.753071316145,3.50004029096003,4.87336823579505));
#9964=CARTESIAN_POINT('',(148.746920266343,-3.49995430397672,4.87342999027227));
#9965=CARTESIAN_POINT('',(148.753071316145,3.50004029096003,4.87336823579505));
#9966=CARTESIAN_POINT('',(148.751021155916,3.50004389451513,4.87336564731339));
#9967=CARTESIAN_POINT('',(148.723964098116,3.50006767271011,4.87334857128763));
#9968=CARTESIAN_POINT('',(148.675665173479,3.49955049220468,4.87372007338724));
#9969=CARTESIAN_POINT('',(148.610972150697,3.49757346109437,4.87513924713441));
#9970=CARTESIAN_POINT('',(148.554602621573,3.49489086551109,4.87706286011491));
#9971=CARTESIAN_POINT('',(148.502911664858,3.49164919115759,4.87938439088082));
#9972=CARTESIAN_POINT('',(148.452645956816,3.48777450213825,4.8821550580404));
#9973=CARTESIAN_POINT('',(148.401028858319,3.48304580930628,4.88553020828394));
#9974=CARTESIAN_POINT('',(148.346528453006,3.47722221850953,4.88967753972979));
#9975=CARTESIAN_POINT('',(148.289075529516,3.4701409339657,4.89470654126309));
#9976=CARTESIAN_POINT('',(148.229028522034,3.46170016339817,4.9006808881608));
#9977=CARTESIAN_POINT('',(148.167252919678,3.45190541163155,4.90758638286011));
#9978=CARTESIAN_POINT('',(148.10375971191,3.44065136976515,4.91548466074325));
#9979=CARTESIAN_POINT('',(148.039380773523,3.42799650532441,4.92432009095398));
#9980=CARTESIAN_POINT('',(147.974336927989,3.41392902096677,4.93408505440693));
#9981=CARTESIAN_POINT('',(147.908929772327,3.39847195505718,4.94474642339138));
#9982=CARTESIAN_POINT('',(147.842800865982,3.38148674469869,4.95637984287056));
#9983=CARTESIAN_POINT('',(147.776301924315,3.36300679258512,4.96894006677739));
#9984=CARTESIAN_POINT('',(147.709326367449,3.34295486658816,4.98245539560873));
#9985=CARTESIAN_POINT('',(147.641963450963,3.32130572724014,4.99691623970396));
#9986=CARTESIAN_POINT('',(147.573763253234,3.29784299114573,5.01243604738888));
#9987=CARTESIAN_POINT('',(147.504993807897,3.27257412025572,5.02897456548783));
#9988=CARTESIAN_POINT('',(147.435418995862,3.24532729745682,5.04660528374925));
#9989=CARTESIAN_POINT('',(147.36531135946,3.21611809361671,5.06527527097091));
#9990=CARTESIAN_POINT('',(147.294447227698,3.18475242049882,5.08506040423817));
#9991=CARTESIAN_POINT('',(147.223388258574,3.15138438274052,5.10581255809581));
#9992=CARTESIAN_POINT('',(147.152242356206,3.11599196684518,5.12749411573627));
#9993=CARTESIAN_POINT('',(147.081420021151,3.07872471307749,5.14996275711544));
#9994=CARTESIAN_POINT('',(147.01090981213,3.03952753693511,5.17319961055476));
#9995=CARTESIAN_POINT('',(146.941049999759,2.99855010956492,5.1970642081656));
#9996=CARTESIAN_POINT('',(146.872101308612,2.955928073694,5.22142870588863));
#9997=CARTESIAN_POINT('',(146.804359352997,2.91185360132772,5.24613974733467));
#9998=CARTESIAN_POINT('',(146.738044324951,2.8664992060728,5.27106205226408));
#9999=CARTESIAN_POINT('',(146.673200031899,2.81993785437278,5.2961212242367));
#10000=CARTESIAN_POINT('',(146.603309999871,2.76730688400385,5.32384601029428));
#10001=CARTESIAN_POINT('',(146.529014791774,2.7082573960435,5.35416800880674));
#10002=CARTESIAN_POINT('',(146.451088501139,2.64250152969746,5.38692952659903));
#10003=CARTESIAN_POINT('',(146.380416279619,2.57927900517238,5.41746149003025));
#10004=CARTESIAN_POINT('',(146.314455974514,2.51710113102381,5.44661689701396));
#10005=CARTESIAN_POINT('',(146.242626497094,2.44598949278946,5.47901873124777));
#10006=CARTESIAN_POINT('',(146.161001481357,2.35990668569159,5.51676173447821));
#10007=CARTESIAN_POINT('',(146.072090253979,2.25868799751728,5.55900447966502));
#10008=CARTESIAN_POINT('',(145.984141831113,2.15034271397948,5.60185890279839));
#10009=CARTESIAN_POINT('',(145.886438276914,2.01947297249621,5.6506213232013));
#10010=CARTESIAN_POINT('',(145.772215947478,1.84924845784043,5.70919077274386));
#10011=CARTESIAN_POINT('',(145.656874118711,1.64968582746709,5.77019962007954));
#10012=CARTESIAN_POINT('',(145.562079022364,1.4557804267863,5.82165311947838));
#10013=CARTESIAN_POINT('',(145.497270036912,1.30243635710676,5.8574321714244));
#10014=CARTESIAN_POINT('',(145.449823282946,1.17649952369478,5.88390677561266));
#10015=CARTESIAN_POINT('',(145.410833912642,1.0610571280999,5.90584886208353));
#10016=CARTESIAN_POINT('',(145.376670533853,0.9465600114805,5.92522400812414));
#10017=CARTESIAN_POINT('',(145.34644817112,0.8315142797847,5.94247076822427));
#10018=CARTESIAN_POINT('',(145.319828879829,0.714427190433303,5.95774647210208));
#10019=CARTESIAN_POINT('',(145.296200585215,0.589913292024856,5.97137427479821));
#10020=CARTESIAN_POINT('',(145.278936170621,0.476554340567199,5.98137321622514));
#10021=CARTESIAN_POINT('',(145.267012359112,0.377752108877218,5.98829745034294));
#10022=CARTESIAN_POINT('',(145.259247210962,0.296911199663501,5.99281462252861));
#10023=CARTESIAN_POINT('',(145.253664588483,0.221281125050829,5.99606624372101));
#10024=CARTESIAN_POINT('',(145.249833025408,0.148782195477839,5.99830005924501));
#10025=CARTESIAN_POINT('',(145.247527750714,0.077099581476698,5.99964502968954));
#10026=CARTESIAN_POINT('',(145.246942641361,0.0276555382252931,5.99998673755336));
#10027=CARTESIAN_POINT('',(145.24690195169,-0.0188402121588958,6.00001082722383));
#10028=CARTESIAN_POINT('',(145.247312336879,-0.0645926563037572,5.99977177197097));
#10029=CARTESIAN_POINT('',(145.249525445612,-0.14446189774397,5.99848161214876));
#10030=CARTESIAN_POINT('',(145.255391337352,-0.255087171598602,5.99506309142755));
#10031=CARTESIAN_POINT('',(145.268500729737,-0.399249433113604,5.98743417063412));
#10032=CARTESIAN_POINT('',(145.289927731212,-0.554447099250145,5.97500675288156));
#10033=CARTESIAN_POINT('',(145.318508009637,-0.709644924516802,5.9585124065903));
#10034=CARTESIAN_POINT('',(145.357522736703,-0.879763930983655,5.93612835310997));
#10035=CARTESIAN_POINT('',(145.417862905577,-1.08991341618598,5.90181673979321));
#10036=CARTESIAN_POINT('',(145.500566505145,-1.31609566874377,5.85549426093297));
#10037=CARTESIAN_POINT('',(145.591095579155,-1.51764246920942,5.80582774150252));
#10038=CARTESIAN_POINT('',(145.668458650996,-1.66717859889401,5.76419891218106));
#10039=CARTESIAN_POINT('',(145.736884777356,-1.78742632806123,5.72795544452243));
#10040=CARTESIAN_POINT('',(145.803793355055,-1.89568509522823,5.69305905680684));
#10041=CARTESIAN_POINT('',(145.87222388686,-1.99761693049709,5.65799919789618));
#10042=CARTESIAN_POINT('',(145.933297779718,-2.08235823917908,5.62724533640534));
#10043=CARTESIAN_POINT('',(145.987039672582,-2.15291212593172,5.60058181875769));
#10044=CARTESIAN_POINT('',(146.039274798677,-2.21830555669397,5.57501613703395));
#10045=CARTESIAN_POINT('',(146.096914377398,-2.28696565097743,5.54723093507564));
#10046=CARTESIAN_POINT('',(146.169690919209,-2.36907108353764,5.51276950660138));
#10047=CARTESIAN_POINT('',(146.264344318695,-2.46877190522651,5.46902111349044));
#10048=CARTESIAN_POINT('',(146.378592905832,-2.57878627785403,5.41803420875676));
#10049=CARTESIAN_POINT('',(146.491982781513,-2.67797571047513,5.3695245219555));
#10050=CARTESIAN_POINT('',(146.589869421933,-2.75694684352008,5.32926817559101));
#10051=CARTESIAN_POINT('',(146.673133395403,-2.8199928247837,5.29613878991783));
#10052=CARTESIAN_POINT('',(146.752837137532,-2.87690008675656,5.26543329106472));
#10053=CARTESIAN_POINT('',(146.82696907345,-2.92676418450126,5.23784318812699));
#10054=CARTESIAN_POINT('',(146.895099179746,-2.97022475843737,5.21329194325536));
#10055=CARTESIAN_POINT('',(146.956769305262,-3.00779257302301,5.19170382623225));
#10056=CARTESIAN_POINT('',(147.018919785989,-3.04391984803181,5.17060090215616));
#10057=CARTESIAN_POINT('',(147.081427905339,-3.07856267896345,5.15004586246973));
#10058=CARTESIAN_POINT('',(147.144407063145,-3.11180822740793,5.13002263270612));
#10059=CARTESIAN_POINT('',(147.207821858439,-3.14365467209585,5.11056570609629));
#10060=CARTESIAN_POINT('',(147.271731637507,-3.17414458866502,5.0916811411571));
#10061=CARTESIAN_POINT('',(147.336035327362,-3.20324326538162,5.07342181404935));
#10062=CARTESIAN_POINT('',(147.400800142052,-3.23099310384071,5.05579147563183));
#10063=CARTESIAN_POINT('',(147.466024664086,-3.25740067916332,5.03881475398869));
#10064=CARTESIAN_POINT('',(147.531774177015,-3.28249456437492,5.02250069886417));
#10065=CARTESIAN_POINT('',(147.598037397691,-3.30626969975896,5.0068789078));
#10066=CARTESIAN_POINT('',(147.664862788852,-3.32873952449199,4.99196576729365));
#10067=CARTESIAN_POINT('',(147.732201395017,-3.34988096313724,4.97780076775173));
#10068=CARTESIAN_POINT('',(147.799977501249,-3.36966641618895,4.96442601187227));
#10069=CARTESIAN_POINT('',(147.868042631287,-3.38805530524237,4.95189198436577));
#10070=CARTESIAN_POINT('',(147.936386814909,-3.40505135029208,4.94021818561132));
#10071=CARTESIAN_POINT('',(148.004921457446,-3.42063881810315,4.92943601389796));
#10072=CARTESIAN_POINT('',(148.073651141096,-3.43482629008071,4.91955875034341));
#10073=CARTESIAN_POINT('',(148.142500172874,-3.44760691702124,4.91060882696702));
#10074=CARTESIAN_POINT('',(148.211521320902,-3.45899709106205,4.90259075047538));
#10075=CARTESIAN_POINT('',(148.280347722655,-3.46894744738979,4.8955537131833));
#10076=CARTESIAN_POINT('',(148.348874225693,-3.47747199449565,4.88950088757556));
#10077=CARTESIAN_POINT('',(148.415990953449,-3.48448788912298,4.88450242110724));
#10078=CARTESIAN_POINT('',(148.480696498002,-3.49000530303052,4.88056086261167));
#10079=CARTESIAN_POINT('',(148.543035122343,-3.49418900980676,4.87756594040331));
#10080=CARTESIAN_POINT('',(148.605365829718,-3.49727995363144,4.87534983807394));
#10081=CARTESIAN_POINT('',(148.673308497772,-3.49942375443811,4.8738111609792));
#10082=CARTESIAN_POINT('',(148.72094648506,-3.49995439260148,4.8734297469221));
#10083=CARTESIAN_POINT('',(148.746920266343,-3.49995430397646,4.87342999027191));
#10084=CARTESIAN_POINT('',(152.246911848645,-3.49996272165512,4.87342394519806));
#10085=CARTESIAN_POINT('',(148.746920265257,-3.49995430397671,4.87342999027118));
#10086=CARTESIAN_POINT('',(149.913584850496,-3.49995710987126,4.87342797516012));
#10087=CARTESIAN_POINT('',(151.080248711398,-3.49995991576406,4.87342596004664));
#10088=CARTESIAN_POINT('',(152.246911847731,-3.49996272165511,4.87342394493074));
#10089=CARTESIAN_POINT('',(152.246928684022,3.50003727832466,4.87337039946136));
#10090=CARTESIAN_POINT('',(152.246920266224,-3.49996272166524,4.87342394492346));
#10091=CARTESIAN_POINT('',(152.273802577277,-3.49996301698649,4.87342353651031));
#10092=CARTESIAN_POINT('',(152.321972374624,-3.4994082173536,4.87382233406372));
#10093=CARTESIAN_POINT('',(152.388708974309,-3.49725996469384,4.87536415608712));
#10094=CARTESIAN_POINT('',(152.445412311962,-3.49446486798576,4.87736814005705));
#10095=CARTESIAN_POINT('',(152.497570450521,-3.49109830688101,4.87977860024271));
#10096=CARTESIAN_POINT('',(152.548384084865,-3.48708021445516,4.88265104482011));
#10097=CARTESIAN_POINT('',(152.600573564249,-3.48218637226891,4.8861429098107));
#10098=CARTESIAN_POINT('',(152.655641538803,-3.47617315816376,4.89042352932704));
#10099=CARTESIAN_POINT('',(152.713602734413,-3.46888324690966,4.89559811851008));
#10100=CARTESIAN_POINT('',(152.774080431207,-3.46022035357915,4.90172605849261));
#10101=CARTESIAN_POINT('',(152.836219448837,-3.45019346537726,4.90879034274116));
#10102=CARTESIAN_POINT('',(152.900017303767,-3.43869807502742,4.91685160913395));
#10103=CARTESIAN_POINT('',(152.964655866966,-3.42579500487549,4.92585223730127));
#10104=CARTESIAN_POINT('',(153.029919839559,-3.41147380716424,4.93578330677754));
#10105=CARTESIAN_POINT('',(153.095523373262,-3.39575608205793,4.94661233227328));
#10106=CARTESIAN_POINT('',(153.161803500979,-3.37850871162949,4.95841074260354));
#10107=CARTESIAN_POINT('',(153.228411632817,-3.35976763482857,4.9711312821188));
#10108=CARTESIAN_POINT('',(153.295443194646,-3.33946082068549,4.98479842488957));
#10109=CARTESIAN_POINT('',(153.362813454267,-3.31756467835215,4.99940128799126));
#10110=CARTESIAN_POINT('',(153.430959624951,-3.29386847957067,5.01504924828708));
#10111=CARTESIAN_POINT('',(153.499627868678,-3.26837902132535,5.03170250261049));
#10112=CARTESIAN_POINT('',(153.569056413025,-3.24092562508447,5.04943365002802));
#10113=CARTESIAN_POINT('',(153.638994124559,-3.21151848859161,5.06819328112967));
#10114=CARTESIAN_POINT('',(153.709663258134,-3.17996465051184,5.08805632096967));
#10115=CARTESIAN_POINT('',(153.78050393956,-3.14642091609215,5.10887321045735));
#10116=CARTESIAN_POINT('',(153.851392830809,-3.11087527335982,5.13060043236383));
#10117=CARTESIAN_POINT('',(153.921924945644,-3.07347915865483,5.15309531220975));
#10118=CARTESIAN_POINT('',(153.992120678347,-3.0341751941299,5.17634092881331));
#10119=CARTESIAN_POINT('',(154.061660665421,-2.9931050456176,5.20020226476786));
#10120=CARTESIAN_POINT('',(154.132741597723,-2.94887673645067,5.22542319717539));
#10121=CARTESIAN_POINT('',(154.207337304799,-2.89990641229549,5.25278302649258));
#10122=CARTESIAN_POINT('',(154.296545277077,-2.83787641569396,5.28663520019687));
#10123=CARTESIAN_POINT('',(154.396408714852,-2.76330533375325,5.32608582642774));
#10124=CARTESIAN_POINT('',(154.503022647478,-2.67693709654133,5.37002974484616));
#10125=CARTESIAN_POINT('',(154.596129897957,-2.5953094813489,5.40989342247493));
#10126=CARTESIAN_POINT('',(154.676874380627,-2.51959535985667,5.44550521343113));
#10127=CARTESIAN_POINT('',(154.754567435665,-2.44252717334497,5.48058000094327));
#10128=CARTESIAN_POINT('',(154.837827213494,-2.3543421068921,5.51913871141636));
#10129=CARTESIAN_POINT('',(154.926407838051,-2.25307463338856,5.56128211752665));
#10130=CARTESIAN_POINT('',(155.014070426686,-2.14462960148694,5.60404924779985));
#10131=CARTESIAN_POINT('',(155.111492511874,-2.0135843497838,5.65272404476629));
#10132=CARTESIAN_POINT('',(155.225393787363,-1.84309134729153,5.71118458608072));
#10133=CARTESIAN_POINT('',(155.340363192437,-1.64322869949529,5.77204507037683));
#10134=CARTESIAN_POINT('',(155.434790108915,-1.44905620702563,5.82333234537994));
#10135=CARTESIAN_POINT('',(155.501251757613,-1.29087867210115,5.86004395811884));
#10136=CARTESIAN_POINT('',(155.550860439437,-1.15748204219295,5.88775564324104));
#10137=CARTESIAN_POINT('',(155.59303924345,-1.029400193955,5.91153288147418));
#10138=CARTESIAN_POINT('',(155.632521144245,-0.891577893051298,5.93397313330956));
#10139=CARTESIAN_POINT('',(155.667341984989,-0.747308453955695,5.95391515755272));
#10140=CARTESIAN_POINT('',(155.696108376866,-0.600194038041416,5.97049460291169));
#10141=CARTESIAN_POINT('',(155.715321591773,-0.474079218753165,5.98162133624047));
#10142=CARTESIAN_POINT('',(155.727638400052,-0.370129054272891,5.98877356885822));
#10143=CARTESIAN_POINT('',(155.735229230141,-0.289261034861298,5.99318883054593));
#10144=CARTESIAN_POINT('',(155.740648241259,-0.213610857268024,5.99634445245463));
#10145=CARTESIAN_POINT('',(155.744322582583,-0.141097498630159,5.99848578513885));
#10146=CARTESIAN_POINT('',(155.746456868988,-0.0699140106666781,5.99973010241036));
#10147=CARTESIAN_POINT('',(155.74692504783,-0.0225087538291862,6.00000292916921));
#10148=CARTESIAN_POINT('',(155.746915399464,0.023988659917473,5.99999701207514));
#10149=CARTESIAN_POINT('',(155.746440230228,0.070251313887548,5.99971952463471));
#10150=CARTESIAN_POINT('',(155.743992268077,0.152156880930793,5.99829132968759));
#10151=CARTESIAN_POINT('',(155.737885721195,0.262766896522827,5.99473126861968));
#10152=CARTESIAN_POINT('',(155.724463445648,0.406892604453233,5.98691927178473));
#10153=CARTESIAN_POINT('',(155.702701320829,0.562029409727407,5.97429783402307));
#10154=CARTESIAN_POINT('',(155.67378841704,0.717145259316512,5.95761379483922));
#10155=CARTESIAN_POINT('',(155.634412743018,0.887151038307869,5.93502777527696));
#10156=CARTESIAN_POINT('',(155.5736336033,1.09712549536597,5.90047801220462));
#10157=CARTESIAN_POINT('',(155.490468414414,1.32307354868087,5.85391869634817));
#10158=CARTESIAN_POINT('',(155.399538536433,1.52437239756177,5.80406246148622));
#10159=CARTESIAN_POINT('',(155.321885404778,1.67370030965639,5.76230755471583));
#10160=CARTESIAN_POINT('',(155.253231808268,1.79376437960534,5.72597283597849));
#10161=CARTESIAN_POINT('',(155.186123678911,1.90184437270861,5.69100335149057));
#10162=CARTESIAN_POINT('',(155.117509120675,2.0035969697776,5.65588345245861));
#10163=CARTESIAN_POINT('',(155.056285281603,2.08818086798162,5.62508668106029));
#10164=CARTESIAN_POINT('',(155.002420574102,2.15859805765572,5.59839234527628));
#10165=CARTESIAN_POINT('',(154.950073615196,2.2238597348624,5.57280241771492));
#10166=CARTESIAN_POINT('',(154.892318483696,2.29237626623602,5.54499658554231));
#10167=CARTESIAN_POINT('',(154.81940664449,2.37430250567543,5.51051737153421));
#10168=CARTESIAN_POINT('',(154.724592609924,2.47377472091169,5.46675825314428));
#10169=CARTESIAN_POINT('',(154.610170875743,2.58352105077778,5.41577605716046));
#10170=CARTESIAN_POINT('',(154.49662866804,2.68245207456086,5.36728824086227));
#10171=CARTESIAN_POINT('',(154.398624060823,2.76120445388749,5.32706261454779));
#10172=CARTESIAN_POINT('',(154.31526870756,2.82406660075883,5.29396694337709));
#10173=CARTESIAN_POINT('',(154.235484624867,2.88080003877677,5.26329988681128));
#10174=CARTESIAN_POINT('',(154.161283639005,2.93050479219048,5.23575076311712));
#10175=CARTESIAN_POINT('',(154.09309446341,2.97382064968134,5.21124120160236));
#10176=CARTESIAN_POINT('',(154.031374221941,3.01125869718189,5.18969383079592));
#10177=CARTESIAN_POINT('',(153.96917628155,3.04725649992065,5.16863481798404));
#10178=CARTESIAN_POINT('',(153.906623524297,3.08177028536613,5.14812673676577));
#10179=CARTESIAN_POINT('',(153.843602375431,3.11488696570625,5.12815350625851));
#10180=CARTESIAN_POINT('',(153.780150799174,3.14660346904552,5.10875030927499));
#10181=CARTESIAN_POINT('',(153.716212066874,3.17696117031838,5.08992387356366));
#10182=CARTESIAN_POINT('',(153.64480968375,3.20911295117903,5.0697244694959));
#10183=CARTESIAN_POINT('',(153.565613630749,3.24256328504509,5.04840271279013));
#10184=CARTESIAN_POINT('',(153.478328698188,3.27670665631288,5.02630179943151));
#10185=CARTESIAN_POINT('',(153.397458809564,3.30586886546424,5.00715242442073));
#10186=CARTESIAN_POINT('',(153.323268860171,3.3306718307935,4.99067640789848));
#10187=CARTESIAN_POINT('',(153.256041843532,3.35165315291487,4.97660738043575));
#10188=CARTESIAN_POINT('',(153.188405004008,3.37127705190319,4.96333209489269));
#10189=CARTESIAN_POINT('',(153.12051998465,3.38950137191971,4.95090200282056));
#10190=CARTESIAN_POINT('',(153.052392559751,3.40633323138242,4.93933414217994));
#10191=CARTESIAN_POINT('',(152.984119161488,3.4217573463047,4.92865941978669));
#10192=CARTESIAN_POINT('',(152.915690362908,3.43578568929304,4.91888855089123));
#10193=CARTESIAN_POINT('',(152.847188915583,3.44841250176506,4.91004296828153));
#10194=CARTESIAN_POINT('',(152.778541069759,3.45966002942566,4.90212280413834));
#10195=CARTESIAN_POINT('',(152.710103460867,3.46948194157691,4.89517481970187));
#10196=CARTESIAN_POINT('',(152.64196186326,3.4778949631845,4.88919995812796));
#10197=CARTESIAN_POINT('',(152.575190219151,3.4848203059238,4.88426521456858));
#10198=CARTESIAN_POINT('',(152.510766700604,3.49026738159229,4.88037341496323));
#10199=CARTESIAN_POINT('',(152.448732043154,3.49439044659673,4.87742160810605));
#10200=CARTESIAN_POINT('',(152.386821733091,3.49742625466696,4.87524487426522));
#10201=CARTESIAN_POINT('',(152.319599827775,3.49952036100735,4.87374178593674));
#10202=CARTESIAN_POINT('',(152.27253460847,3.50003730113539,4.87337021236113));
#10203=CARTESIAN_POINT('',(152.246928684021,3.50003727832445,4.87337039946106));
#10204=CARTESIAN_POINT('',(148.753071316145,3.50004029095969,4.87336823563234));
#10205=VECTOR('',#10206,1.);
#10206=DIRECTION('',(0.999999999999437,-8.62266177784379E-7,6.19288316156152E-7));
#10207=CARTESIAN_POINT('',(142.5,7.92050345622044,1.125));
#10208=CARTESIAN_POINT('',(142.5,7.92050345622044,1.125));
#10209=VECTOR('',#10210,1.);
#10210=DIRECTION('',(1.,0.,-8.88178419700125E-17));
#10211=CARTESIAN_POINT('',(142.5,7.88095013307406,-1.375));
#10212=AXIS2_PLACEMENT_3D('',#10213,#10214,#10215);
#10213=CARTESIAN_POINT('',(142.5,0.,-2.62012633811537E-14));
#10214=DIRECTION('',(1.,0.,0.));
#10215=DIRECTION('',(0.,0.985118766634258,-0.171874999999997));
#10216=CARTESIAN_POINT('',(142.5,7.88095013307406,-1.375));
#10217=VECTOR('',#10218,1.);
#10218=DIRECTION('',(1.,0.,0.));
#10219=CARTESIAN_POINT('',(142.5,-7.88095013307406,-1.375));
#10220=CARTESIAN_POINT('',(142.5,-7.88095013307406,-1.37499999999999));
#10221=VECTOR('',#10222,1.);
#10222=DIRECTION('',(1.,0.,4.44089209850063E-17));
#10223=CARTESIAN_POINT('',(142.5,-7.92050345622044,1.125));
#10224=AXIS2_PLACEMENT_3D('',#10225,#10226,#10227);
#10225=CARTESIAN_POINT('',(142.5,0.,-2.62012633811537E-14));
#10226=DIRECTION('',(1.,0.,0.));
#10227=DIRECTION('',(0.,-0.990062932027555,0.140625000000004));
#10228=CARTESIAN_POINT('',(142.5,-7.92050345622044,1.125));
#10229=VECTOR('',#10230,1.);
#10230=DIRECTION('',(1.,0.,-8.88178419700125E-17));
#10231=CARTESIAN_POINT('',(155.746920265714,-1.17115677790771E-5,-7.9999999999936));
#10232=CARTESIAN_POINT('',(152.246928684022,3.50003727832466,-7.19372915644566));
#10233=CARTESIAN_POINT('',(155.746920265667,-1.75673516681258E-5,-7.99999999999039));
#10234=CARTESIAN_POINT('',(155.746920265768,-1.17129692461917E-5,-8.00000000000322));
#10235=CARTESIAN_POINT('',(155.746920671116,0.0274714867321865,-8.0000000300579));
#10236=CARTESIAN_POINT('',(155.746273328917,0.082467871242749,-7.99971655786447));
#10237=CARTESIAN_POINT('',(155.743359275859,0.164917246364954,-7.99844169262606));
#10238=CARTESIAN_POINT('',(155.738498630964,0.247328834732472,-7.99631740480948));
#10239=CARTESIAN_POINT('',(155.731696101174,0.329594446808304,-7.99334860423899));
#10240=CARTESIAN_POINT('',(155.722960768719,0.411630554793494,-7.98954326881556));
#10241=CARTESIAN_POINT('',(155.71230087633,0.493395630972738,-7.98491012040416));
#10242=CARTESIAN_POINT('',(155.699724213244,0.574849211350768,-7.97945880272415));
#10243=CARTESIAN_POINT('',(155.685240559305,0.655944061399342,-7.9732009306276));
#10244=CARTESIAN_POINT('',(155.668261929025,0.739589007661925,-7.96589187525453));
#10245=CARTESIAN_POINT('',(155.647879173391,0.8286154472023,-7.95715534255765));
#10246=CARTESIAN_POINT('',(155.618272351762,0.943390666407928,-7.94453363265855));
#10247=CARTESIAN_POINT('',(155.570416952587,1.10363819306003,-7.92429885029397));
#10248=CARTESIAN_POINT('',(155.491571026299,1.32130646100373,-7.89145159236402));
#10249=CARTESIAN_POINT('',(155.381045280336,1.56666064651508,-7.84653155541529));
#10250=CARTESIAN_POINT('',(155.257713424768,1.78998487242628,-7.79810269382106));
#10251=CARTESIAN_POINT('',(155.14862813105,1.95941537076798,-7.75675521404134));
#10252=CARTESIAN_POINT('',(155.068712416616,2.07162969401001,-7.7272969141111));
#10253=CARTESIAN_POINT('',(155.007613099637,2.15201442528262,-7.70522314882531));
#10254=CARTESIAN_POINT('',(154.954431423548,2.21854879925873,-7.68632572852828));
#10255=CARTESIAN_POINT('',(154.899908018592,2.2834637155099,-7.66728648355651));
#10256=CARTESIAN_POINT('',(154.838166168376,2.35346933657707,-7.6461174618688));
#10257=CARTESIAN_POINT('',(154.768778657138,2.42785444283319,-7.6228502954681));
#10258=CARTESIAN_POINT('',(154.69133425259,2.50579528547497,-7.59757480175181));
#10259=CARTESIAN_POINT('',(154.619027036828,2.57415807592805,-7.57464381304766));
#10260=CARTESIAN_POINT('',(154.552465807889,2.63377516977048,-7.55408880103475));
#10261=CARTESIAN_POINT('',(154.492203703009,2.68532739489885,-7.53591277795036));
#10262=CARTESIAN_POINT('',(154.43123898746,2.73514227367514,-7.51797177164679));
#10263=CARTESIAN_POINT('',(154.362847685841,2.78851708591176,-7.49835541907901));
#10264=CARTESIAN_POINT('',(154.284364291536,2.84655520751561,-7.47653783455164));
#10265=CARTESIAN_POINT('',(154.192982633253,2.90989160694991,-7.45212094411098));
#10266=CARTESIAN_POINT('',(154.087042871222,2.97827823115768,-7.42507896767643));
#10267=CARTESIAN_POINT('',(153.95061160825,3.05914758672181,-7.39220357056259));
#10268=CARTESIAN_POINT('',(153.77095604057,3.15361682143998,-7.35246692641605));
#10269=CARTESIAN_POINT('',(153.559989321623,3.24740012630459,-7.31147170064389));
#10270=CARTESIAN_POINT('',(153.351226375781,3.32341900086838,-7.27712405617462));
#10271=CARTESIAN_POINT('',(153.170828624542,3.37726420806408,-7.25223021898113));
#10272=CARTESIAN_POINT('',(153.02680525221,3.41288986628836,-7.23550384467792));
#10273=CARTESIAN_POINT('',(152.912157109332,3.43672648058799,-7.22419926679507));
#10274=CARTESIAN_POINT('',(152.817660314808,3.45356242415315,-7.21616174832056));
#10275=CARTESIAN_POINT('',(152.731196953289,3.46673429527885,-7.20984133929148));
#10276=CARTESIAN_POINT('',(152.645422723835,3.47763215483891,-7.20458976582901));
#10277=CARTESIAN_POINT('',(152.567305038386,3.48561058612038,-7.200731676783));
#10278=CARTESIAN_POINT('',(152.496771746254,3.49129893340846,-7.19797471973444));
#10279=CARTESIAN_POINT('',(152.433860824743,3.49522976000282,-7.19606652886356));
#10280=CARTESIAN_POINT('',(152.371254726703,3.49801386437266,-7.19471339634447));
#10281=CARTESIAN_POINT('',(152.309001429039,3.49967040265497,-7.19390768709163));
#10282=CARTESIAN_POINT('',(152.26758453054,3.50003726358054,-7.19372910668492));
#10283=CARTESIAN_POINT('',(152.246928684021,3.50003727660245,-7.19372915290622));
#10284=CARTESIAN_POINT('',(148.753071316145,3.50004029096003,-7.19372768192299));
#10285=CARTESIAN_POINT('',(148.753071316145,3.50004029095988,-7.19372768181201));
#10286=VECTOR('',#10287,1.);
#10287=DIRECTION('',(0.99999999999954,-8.62266229643611E-7,-4.19535026554215E-7));
#10288=CARTESIAN_POINT('',(145.246920267147,0.,-8.00000000000003));
#10289=CARTESIAN_POINT('',(148.753071316145,3.50004029095992,-7.19372768192276));
#10290=CARTESIAN_POINT('',(148.75102100907,3.50004389458649,-7.19372592827925));
#10291=CARTESIAN_POINT('',(148.718584839218,3.50007239681247,-7.19371206208746));
#10292=CARTESIAN_POINT('',(148.659668339826,3.49930528984125,-7.19408536863433));
#10293=CARTESIAN_POINT('',(148.578926353512,3.49628431706157,-7.19555428617913));
#10294=CARTESIAN_POINT('',(148.506321445002,3.49199598057897,-7.19763666047953));
#10295=CARTESIAN_POINT('',(148.437859461266,3.48658898401877,-7.20025774540131));
#10296=CARTESIAN_POINT('',(148.369602856337,3.47987851541391,-7.20350387964402));
#10297=CARTESIAN_POINT('',(148.298768376847,3.47149404053031,-7.20754916034093));
#10298=CARTESIAN_POINT('',(148.224683655952,3.46114641665312,-7.21252510830362));
#10299=CARTESIAN_POINT('',(148.148561580836,3.44881327613162,-7.21843193595991));
#10300=CARTESIAN_POINT('',(148.071160192776,3.43449467390256,-7.22525719171394));
#10301=CARTESIAN_POINT('',(147.993216455668,3.41824341514756,-7.23296159019111));
#10302=CARTESIAN_POINT('',(147.914646997812,3.39997325062209,-7.24156974339746));
#10303=CARTESIAN_POINT('',(147.835901409527,3.37973083123775,-7.25104150224166));
#10304=CARTESIAN_POINT('',(147.756737318856,3.35739766543702,-7.2614118027811));
#10305=CARTESIAN_POINT('',(147.677320438799,3.33295575848698,-7.27266589132342));
#10306=CARTESIAN_POINT('',(147.597483312621,3.30627943797322,-7.2848353594952));
#10307=CARTESIAN_POINT('',(147.517637925755,3.27743649818481,-7.29786059334622));
#10308=CARTESIAN_POINT('',(147.437877181972,3.2464066453429,-7.31172033529557));
#10309=CARTESIAN_POINT('',(147.35847139394,3.21325216503051,-7.32635493566737));
#10310=CARTESIAN_POINT('',(147.279383190829,3.17791445244894,-7.34175621272211));
#10311=CARTESIAN_POINT('',(147.200868263023,3.14046884319052,-7.35785564998462));
#10312=CARTESIAN_POINT('',(147.123065006083,3.10095452997921,-7.37459995610089));
#10313=CARTESIAN_POINT('',(147.046209122077,3.05947809481818,-7.3919075630683));
#10314=CARTESIAN_POINT('',(146.962025596807,3.01129600323451,-7.4116891423159));
#10315=CARTESIAN_POINT('',(146.871297387104,2.95580453562526,-7.43402356794985));
#10316=CARTESIAN_POINT('',(146.774824993642,2.89232141040805,-7.45896040540621));
#10317=CARTESIAN_POINT('',(146.6889890634,2.83170073225196,-7.48216607994419));
#10318=CARTESIAN_POINT('',(146.613154117062,2.7748319132039,-7.50342057577747));
#10319=CARTESIAN_POINT('',(146.544504240289,2.72070438782239,-7.52322653463014));
#10320=CARTESIAN_POINT('',(146.473087891332,2.66140278068441,-7.54442966378647));
#10321=CARTESIAN_POINT('',(146.388187706302,2.58683708542252,-7.57039183869888));
#10322=CARTESIAN_POINT('',(146.293565071544,2.49764482504531,-7.6003654691258));
#10323=CARTESIAN_POINT('',(146.193060883556,2.39475619340782,-7.63342257357919));
#10324=CARTESIAN_POINT('',(146.098179729121,2.28932254199041,-7.66571133499705));
#10325=CARTESIAN_POINT('',(146.001653842288,2.17296922882314,-7.69958034602466));
#10326=CARTESIAN_POINT('',(145.897965424508,2.03604214772656,-7.73710908949293));
#10327=CARTESIAN_POINT('',(145.792688435176,1.88029467429479,-7.77651464849558));
#10328=CARTESIAN_POINT('',(145.696333672864,1.71896382862017,-7.81368963984492));
#10329=CARTESIAN_POINT('',(145.618731885808,1.57245176363606,-7.84436653375852));
#10330=CARTESIAN_POINT('',(145.557193287241,1.44269836090701,-7.86914483691671));
#10331=CARTESIAN_POINT('',(145.503015323746,1.31661156129016,-7.89126395577886));
#10332=CARTESIAN_POINT('',(145.444923501071,1.16538628000848,-7.91530189525445));
#10333=CARTESIAN_POINT('',(145.381279943388,0.969833566266343,-7.94205759741378));
#10334=CARTESIAN_POINT('',(145.327150888172,0.756344479693813,-7.96518485849589));
#10335=CARTESIAN_POINT('',(145.291929358679,0.567423479029278,-7.98039750566141));
#10336=CARTESIAN_POINT('',(145.273675914743,0.436009250409067,-7.98832573266418));
#10337=CARTESIAN_POINT('',(145.263946233924,0.347203682269686,-7.99256302939506));
#10338=CARTESIAN_POINT('',(145.258102223845,0.281845630199057,-7.99511220712597));
#10339=CARTESIAN_POINT('',(145.253816635333,0.222100636549657,-7.99698375711112));
#10340=CARTESIAN_POINT('',(145.250690411913,0.165662631382349,-7.99835021536721));
#10341=CARTESIAN_POINT('',(145.248497844666,0.10987778294953,-7.99930926679489));
#10342=CARTESIAN_POINT('',(145.247205134192,0.0547854259248181,-7.99987502355799));
#10343=CARTESIAN_POINT('',(145.246920224061,0.018213233929112,-7.99999997405121));
#10344=CARTESIAN_POINT('',(145.246920264457,1.52306667550384E-5,-8.00000000002182));
#10345=CARTESIAN_POINT('',(145.24692026459,-6.78912059798708E-14,-8.00000000000003));
#10346=CARTESIAN_POINT('',(148.746920266343,-3.49995430397672,-7.19376952613543));
#10347=CARTESIAN_POINT('',(145.24692026459,-6.88709234191887E-14,-8.00000000000003));
#10348=CARTESIAN_POINT('',(145.246920537074,-0.0274822195336671,-8.00000012949535));
#10349=CARTESIAN_POINT('',(145.247569329721,-0.0824758620676902,-7.99971643204976));
#10350=CARTESIAN_POINT('',(145.250485641432,-0.164926416072562,-7.9984415002625));
#10351=CARTESIAN_POINT('',(145.255348081816,-0.247332451312062,-7.99631726867154));
#10352=CARTESIAN_POINT('',(145.262152201468,-0.32959330536185,-7.99334863868075));
#10353=CARTESIAN_POINT('',(145.270889167998,-0.411626935449786,-7.98954345134393));
#10354=CARTESIAN_POINT('',(145.281550892919,-0.493391634726717,-7.98491037002972));
#10355=CARTESIAN_POINT('',(145.294129595913,-0.574846042040389,-7.97945903425018));
#10356=CARTESIAN_POINT('',(145.308615350679,-0.655941739984326,-7.97320112427935));
#10357=CARTESIAN_POINT('',(145.32559614604,-0.739587213533822,-7.9658920429194));
#10358=CARTESIAN_POINT('',(145.34598115667,-0.828613742478038,-7.95715551933601));
#10359=CARTESIAN_POINT('',(145.375590750671,-0.943388340942126,-7.94453390342206));
#10360=CARTESIAN_POINT('',(145.423449943095,-1.10363459331988,-7.92429933752248));
#10361=CARTESIAN_POINT('',(145.502301059519,-1.32130095196953,-7.89145248682726));
#10362=CARTESIAN_POINT('',(145.612832466964,-1.56665209412828,-7.84653322384754));
#10363=CARTESIAN_POINT('',(145.736169487776,-1.78997318498786,-7.79810534975962));
#10364=CARTESIAN_POINT('',(145.845258861623,-1.95940120400254,-7.7567587793891));
#10365=CARTESIAN_POINT('',(145.925177324698,-2.0716137485789,-7.72730118271918));
#10366=CARTESIAN_POINT('',(145.986278599866,-2.15199708996955,-7.70522798649366));
#10367=CARTESIAN_POINT('',(146.039461886179,-2.21853023395291,-7.68633108311614));
#10368=CARTESIAN_POINT('',(146.093986864841,-2.28344388734189,-7.66729238470889));
#10369=CARTESIAN_POINT('',(146.155730418071,-2.35344807958263,-7.64612399924891));
#10370=CARTESIAN_POINT('',(146.225119751824,-2.42783158647657,-7.62285756805908));
#10371=CARTESIAN_POINT('',(146.302566082952,-2.50577065008538,-7.59758291986801));
#10372=CARTESIAN_POINT('',(146.374875007634,-2.57413178596293,-7.57465274209581));
#10373=CARTESIAN_POINT('',(146.441437742844,-2.63374736044592,-7.55409849313032));
#10374=CARTESIAN_POINT('',(146.501701164297,-2.68529821321047,-7.53592317274939));
#10375=CARTESIAN_POINT('',(146.562667164804,-2.73511170453209,-7.51798288945545));
#10376=CARTESIAN_POINT('',(146.631059858495,-2.78848496108549,-7.49836736084906));
#10377=CARTESIAN_POINT('',(146.709544785368,-2.84652129604679,-7.4765507389402));
#10378=CARTESIAN_POINT('',(146.800928141754,-2.90985561120518,-7.45213499196325));
#10379=CARTESIAN_POINT('',(146.906869779355,-2.97823981844506,-7.4250943652076));
#10380=CARTESIAN_POINT('',(147.043303191396,-3.05910597612015,-7.39222077210767));
#10381=CARTESIAN_POINT('',(147.222960956425,-3.15357079012777,-7.35248664006778));
#10382=CARTESIAN_POINT('',(147.433929030673,-3.24734857906666,-7.31149456425517));
#10383=CARTESIAN_POINT('',(147.642691569573,-3.3233616837244,-7.27715021158345));
#10384=CARTESIAN_POINT('',(147.82308674934,-3.37720162890367,-7.25225934879214));
#10385=CARTESIAN_POINT('',(147.967105886798,-3.4128229522874,-7.23553540024407));
#10386=CARTESIAN_POINT('',(148.081748946262,-3.43665613315328,-7.22423272913497));
#10387=CARTESIAN_POINT('',(148.176240147832,-3.45348930207985,-7.21619674106372));
#10388=CARTESIAN_POINT('',(148.26269742963,-3.46665878646718,-7.20987764439102));
#10389=CARTESIAN_POINT('',(148.348464868173,-3.4775545131078,-7.20462724159553));
#10390=CARTESIAN_POINT('',(148.426575840909,-3.48553127155258,-7.20077006896626));
#10391=CARTESIAN_POINT('',(148.49710264442,-3.49121834494996,-7.19801380745266));
#10392=CARTESIAN_POINT('',(148.560007411178,-3.49514822969819,-7.19610612853629));
#10393=CARTESIAN_POINT('',(148.622607214761,-3.49793161286915,-7.19475338573116));
#10394=CARTESIAN_POINT('',(148.684854062791,-3.49958765511029,-7.1939479412514));
#10395=CARTESIAN_POINT('',(148.726266617929,-3.49995433890298,-7.19376945227963));
#10396=CARTESIAN_POINT('',(148.746920266343,-3.49995430226656,-7.19376952262066));
#10397=CARTESIAN_POINT('',(152.246911848645,-3.49996272165512,-7.19376542175089));
#10398=CARTESIAN_POINT('',(152.246911848895,-3.49996272165512,-7.19376542201822));
#10399=CARTESIAN_POINT('',(151.080248320475,-3.49995991576312,-7.19376678716106));
#10400=CARTESIAN_POINT('',(149.913584459573,-3.49995710987032,-7.19376815230227));
#10401=CARTESIAN_POINT('',(148.746920266887,-3.49995430397672,-7.19376951744183));
#10402=CARTESIAN_POINT('',(152.246920266233,-3.49996272166524,-7.19376542201329));
#10403=CARTESIAN_POINT('',(152.27686648779,-3.49996305517816,-7.19376508509377));
#10404=CARTESIAN_POINT('',(152.331461866216,-3.49926255352629,-7.19410621407048));
#10405=CARTESIAN_POINT('',(152.407983210278,-3.49648777079494,-7.19545533121254));
#10406=CARTESIAN_POINT('',(152.474499632054,-3.49274509623266,-7.19727300614897));
#10407=CARTESIAN_POINT('',(152.536174720883,-3.48816109354851,-7.19949596901178));
#10408=CARTESIAN_POINT('',(152.596264412671,-3.48265942837098,-7.20215926914707));
#10409=CARTESIAN_POINT('',(152.657750088827,-3.47595751630609,-7.20539669335264));
#10410=CARTESIAN_POINT('',(152.721795839513,-3.46780868829901,-7.20932283444245));
#10411=CARTESIAN_POINT('',(152.788041747359,-3.45810284875968,-7.21398433293571));
#10412=CARTESIAN_POINT('',(152.855825679642,-3.44682057564072,-7.21938272459399));
#10413=CARTESIAN_POINT('',(152.924362665689,-3.43401615394856,-7.22548328219032));
#10414=CARTESIAN_POINT('',(152.993605667035,-3.41963317848778,-7.23230271516674));
#10415=CARTESIAN_POINT('',(153.062967079199,-3.40374930245634,-7.23979302969316));
#10416=CARTESIAN_POINT('',(153.132310888329,-3.38637513723951,-7.24793737495223));
#10417=CARTESIAN_POINT('',(153.20157713449,-3.3675079244514,-7.25672423562855));
#10418=CARTESIAN_POINT('',(153.270998731928,-3.34705436755581,-7.26618258573218));
#10419=CARTESIAN_POINT('',(153.34040423602,-3.325030002078,-7.27628925339447));
#10420=CARTESIAN_POINT('',(153.409977011309,-3.30134301642478,-7.28706903945617));
#10421=CARTESIAN_POINT('',(153.479772877736,-3.27592701154905,-7.29853274777545));
#10422=CARTESIAN_POINT('',(153.550252705059,-3.24854122660334,-7.31076610924106));
#10423=CARTESIAN_POINT('',(153.621210425329,-3.21917529288727,-7.32374757735688));
#10424=CARTESIAN_POINT('',(153.692953805006,-3.18760569358059,-7.3375466881803));
#10425=CARTESIAN_POINT('',(153.765271937785,-3.15381490837149,-7.35213817227582));
#10426=CARTESIAN_POINT('',(153.838453619004,-3.11754006000605,-7.36759769806904));
#10427=CARTESIAN_POINT('',(153.911904817334,-3.07895009045911,-7.38381247955418));
#10428=CARTESIAN_POINT('',(153.985659485442,-3.03792035487405,-7.40079262158518));
#10429=CARTESIAN_POINT('',(154.059361957719,-2.99454725388903,-7.41845401555904));
#10430=CARTESIAN_POINT('',(154.133247885278,-2.94857757507167,-7.43685084034654));
#10431=CARTESIAN_POINT('',(154.20687683445,-2.90016899614735,-7.4558679902575));
#10432=CARTESIAN_POINT('',(154.280132978172,-2.84929913870161,-7.47546162262267));
#10433=CARTESIAN_POINT('',(154.352587570956,-2.79618864287355,-7.49549516481852));
#10434=CARTESIAN_POINT('',(154.424114255621,-2.74086831665607,-7.51590583217351));
#10435=CARTESIAN_POINT('',(154.49437296747,-2.68356163399219,-7.53656240403773));
#10436=CARTESIAN_POINT('',(154.57074303686,-2.61789991119637,-7.55965830585454));
#10437=CARTESIAN_POINT('',(154.652339066883,-2.54334488397945,-7.5851127468451));
#10438=CARTESIAN_POINT('',(154.738249367288,-2.45924761627741,-7.6128042178174));
#10439=CARTESIAN_POINT('',(154.816339247621,-2.37737764576347,-7.63874728589426));
#10440=CARTESIAN_POINT('',(154.889331771458,-2.29588977114302,-7.66362402326238));
#10441=CARTESIAN_POINT('',(154.967935831153,-2.20270054311501,-7.69103254700576));
#10442=CARTESIAN_POINT('',(155.062670624715,-2.0813026749069,-7.72498301781161));
#10443=CARTESIAN_POINT('',(155.171117053232,-1.92687706912446,-7.76514184576457));
#10444=CARTESIAN_POINT('',(155.276310418054,-1.75678690601101,-7.80541213748687));
#10445=CARTESIAN_POINT('',(155.364164107808,-1.59448457093079,-7.84000486216003));
#10446=CARTESIAN_POINT('',(155.431759048563,-1.45365499771588,-7.86717195487971));
#10447=CARTESIAN_POINT('',(155.489127093151,-1.32089763224626,-7.89057581163699));
#10448=CARTESIAN_POINT('',(155.548960520217,-1.16536103830521,-7.91532976872263));
#10449=CARTESIAN_POINT('',(155.613362784144,-0.967133147379149,-7.94240688005252));
#10450=CARTESIAN_POINT('',(155.667580409428,-0.752281707611784,-7.96557550009001));
#10451=CARTESIAN_POINT('',(155.70259085361,-0.563145173073424,-7.98069788749557));
#10452=CARTESIAN_POINT('',(155.720627030901,-0.432181417214389,-7.98853137668768));
#10453=CARTESIAN_POINT('',(155.730207808764,-0.343924297529566,-7.9927032702702));
#10454=CARTESIAN_POINT('',(155.735949738054,-0.279094162736315,-7.9952073970041));
#10455=CARTESIAN_POINT('',(155.740156735748,-0.219872878870252,-7.99704408385215));
#10456=CARTESIAN_POINT('',(155.743223261698,-0.163966835524965,-7.99838390344494));
#10457=CARTESIAN_POINT('',(155.745372893195,-0.108733586328987,-7.99932360764184));
#10458=CARTESIAN_POINT('',(155.746640259969,-0.0541996017964928,-7.99987773598727));
#10459=CARTESIAN_POINT('',(155.746920005016,-0.0180176968784182,-7.99999998684903));
#10460=CARTESIAN_POINT('',(155.746920265667,-1.75673516691055E-5,-7.99999999999039));
#10461=CARTESIAN_POINT('',(-142.5,7.92050345622046,1.12499999999997));
#10462=CARTESIAN_POINT('',(-162.5,7.92050345622045,1.12499999999996));
#10463=VECTOR('',#10464,1.);
#10464=DIRECTION('',(1.,0.,6.66133814775094E-17));
#10465=CARTESIAN_POINT('',(-142.5,-7.92050345622045,1.12499999999997));
#10466=CARTESIAN_POINT('',(-162.5,-7.92050345622045,1.12499999999997));
#10467=VECTOR('',#10468,1.);
#10468=DIRECTION('',(1.,0.,6.66133814775094E-17));
#10469=CARTESIAN_POINT('',(-142.5,-7.88095013307405,-1.37500000000003));
#10470=AXIS2_PLACEMENT_3D('',#10471,#10472,#10473);
#10471=CARTESIAN_POINT('',(-142.5,0.,2.59792187762287E-14));
#10472=DIRECTION('',(1.,0.,0.));
#10473=DIRECTION('',(0.,-0.990062932027557,0.140624999999993));
#10474=CARTESIAN_POINT('',(-162.5,-7.88095013307405,-1.37500000000003));
#10475=VECTOR('',#10476,1.);
#10476=DIRECTION('',(1.,0.,-8.88178419700125E-17));
#10477=CARTESIAN_POINT('',(-142.5,7.88095013307405,-1.37500000000003));
#10478=CARTESIAN_POINT('',(-162.5,7.88095013307405,-1.37500000000003));
#10479=VECTOR('',#10480,1.);
#10480=DIRECTION('',(1.,0.,-8.88178419700125E-17));
#10481=AXIS2_PLACEMENT_3D('',#10482,#10483,#10484);
#10482=CARTESIAN_POINT('',(-142.5,0.,2.59792187762287E-14));
#10483=DIRECTION('',(1.,0.,0.));
#10484=DIRECTION('',(0.,0.985118766634256,-0.171875000000007));
#10485=CARTESIAN_POINT('',(-145.246920267182,0.,-7.99999999999997));
#10486=CARTESIAN_POINT('',(-148.753071316145,3.50004029096005,-7.19372768170124));
#10487=CARTESIAN_POINT('',(-145.246920264695,-6.10254144074434E-14,-8.));
#10488=CARTESIAN_POINT('',(-145.246919819486,0.0274826503240803,-8.00000012950323));
#10489=CARTESIAN_POINT('',(-145.247567192883,0.0824768737093603,-7.99971642469342));
#10490=CARTESIAN_POINT('',(-145.250481403773,0.164927982618803,-7.99844146856072));
#10491=CARTESIAN_POINT('',(-145.255341720094,0.247333987518572,-7.99631722018861));
#10492=CARTESIAN_POINT('',(-145.262143681812,0.32959457458019,-7.99334858519036));
#10493=CARTESIAN_POINT('',(-145.270878476949,0.4116280253245,-7.98954339502154));
#10494=CARTESIAN_POINT('',(-145.2815380438,0.493392773808511,-7.98491030030295));
#10495=CARTESIAN_POINT('',(-145.294114610834,0.574847423960867,-7.97945893571082));
#10496=CARTESIAN_POINT('',(-145.308598242493,0.655943453243445,-7.97320098460634));
#10497=CARTESIAN_POINT('',(-145.32557685126,0.739589347284241,-7.96589184646513));
#10498=CARTESIAN_POINT('',(-145.34595953645,0.82861639679827,-7.95715524524974));
#10499=CARTESIAN_POINT('',(-145.375566136899,0.94339177266723,-7.94453350098537));
#10500=CARTESIAN_POINT('',(-145.423421154319,1.1036392926881,-7.92429869658465));
#10501=CARTESIAN_POINT('',(-145.502266601173,1.32130772784725,-7.89145138023839));
#10502=CARTESIAN_POINT('',(-145.612791604726,1.56666173822894,-7.84653133612889));
#10503=CARTESIAN_POINT('',(-145.736122765736,1.78998598576458,-7.7981024410181));
#10504=CARTESIAN_POINT('',(-145.845207664738,1.95941677601693,-7.75675486098138));
#10505=CARTESIAN_POINT('',(-145.925123145344,2.07163134127198,-7.72729647322276));
#10506=CARTESIAN_POINT('',(-145.986222274979,2.15201622568136,-7.7052226463602));
#10507=CARTESIAN_POINT('',(-146.039403782452,2.21855071594541,-7.68632517567801));
#10508=CARTESIAN_POINT('',(-146.093927022039,2.28346575210302,-7.66728587740499));
#10509=CARTESIAN_POINT('',(-146.155668701364,2.3534715191097,-7.6461167906627));
#10510=CARTESIAN_POINT('',(-146.22505603798,2.42785679697098,-7.62284954644379));
#10511=CARTESIAN_POINT('',(-146.302500261417,2.50579783203312,-7.59757396262483));
#10512=CARTESIAN_POINT('',(-146.3748073204,2.57416080296924,-7.57464288687296));
#10513=CARTESIAN_POINT('',(-146.441368411383,2.63377806075745,-7.55408779346671));
#10514=CARTESIAN_POINT('',(-146.501630380948,2.68533042029926,-7.53591170023134));
#10515=CARTESIAN_POINT('',(-146.562594945728,2.73514542029686,-7.51797062716232));
#10516=CARTESIAN_POINT('',(-146.630986037166,2.78852033494431,-7.49835421108049));
#10517=CARTESIAN_POINT('',(-146.709469168585,2.84655856034723,-7.47653655854721));
#10518=CARTESIAN_POINT('',(-146.800850530795,2.90989509562819,-7.45211958185849));
#10519=CARTESIAN_POINT('',(-146.906790080442,2.9782819591013,-7.42507747572111));
#10520=CARTESIAN_POINT('',(-147.043232038616,3.05915816309387,-7.39219923102496));
#10521=CARTESIAN_POINT('',(-147.211691666331,3.14773934255049,-7.35493915175308));
#10522=CARTESIAN_POINT('',(-147.392269457366,3.22918524931384,-7.31946153123815));
#10523=CARTESIAN_POINT('',(-147.55479271429,3.29197429232222,-7.29136381011145));
#10524=CARTESIAN_POINT('',(-147.697833553484,3.34010914829717,-7.26941485837467));
#10525=CARTESIAN_POINT('',(-147.829032600932,3.37846091797504,-7.25165574373122));
#10526=CARTESIAN_POINT('',(-147.946473211894,3.40787709606295,-7.23786011019388));
#10527=CARTESIAN_POINT('',(-148.039606783615,3.42813377871695,-7.22827776383433));
#10528=CARTESIAN_POINT('',(-148.112934037171,3.44236350325691,-7.22150908087863));
#10529=CARTESIAN_POINT('',(-148.18565159721,3.45503850618097,-7.21545384597835));
#10530=CARTESIAN_POINT('',(-148.265185687566,3.46710131030037,-7.20966486004357));
#10531=CARTESIAN_POINT('',(-148.351510976185,3.47799829622643,-7.20441301228091));
#10532=CARTESIAN_POINT('',(-148.430167831372,3.48595476833517,-7.20056504778088));
#10533=CARTESIAN_POINT('',(-148.501218644928,3.49160475682954,-7.1978263650922));
#10534=CARTESIAN_POINT('',(-148.564618687007,3.49548615767628,-7.19594197448553));
#10535=CARTESIAN_POINT('',(-148.627723147695,3.49820410056932,-7.19462089843366));
#10536=CARTESIAN_POINT('',(-148.688436531691,3.49972611189309,-7.19388055405378));
#10537=CARTESIAN_POINT('',(-148.73019310927,3.50006219940677,-7.19371702322075));
#10538=CARTESIAN_POINT('',(-148.751020941111,3.50004389362239,-7.19372592886587));
#10539=CARTESIAN_POINT('',(-148.753071316145,3.50004028955346,-7.19372768249616));
#10540=CARTESIAN_POINT('',(-152.246928684022,3.50003727832467,-7.19372914769087));
#10541=CARTESIAN_POINT('',(-152.246928684022,3.50003727832452,-7.19372914760764));
#10542=VECTOR('',#10543,1.);
#10543=DIRECTION('',(0.99999999999954,8.62266317346541E-7,4.19535111969246E-7));
#10544=CARTESIAN_POINT('',(-155.746920265799,0.,-7.99999999999997));
#10545=CARTESIAN_POINT('',(-152.246928684022,3.50003727832456,-7.19372914769092));
#10546=CARTESIAN_POINT('',(-152.276879992281,3.50003746775282,-7.193728880875));
#10547=CARTESIAN_POINT('',(-152.331478921431,3.499336718997,-7.19407013904754));
#10548=CARTESIAN_POINT('',(-152.407998421306,3.49656161485645,-7.19541944775716));
#10549=CARTESIAN_POINT('',(-152.47451524752,3.49281864120492,-7.19723731532022));
#10550=CARTESIAN_POINT('',(-152.53619068442,3.48823432866944,-7.19946048617999));
#10551=CARTESIAN_POINT('',(-152.596280977462,3.48273232734111,-7.20212401796392));
#10552=CARTESIAN_POINT('',(-152.657767201309,3.47603005383308,-7.20536170022623));
#10553=CARTESIAN_POINT('',(-152.721813425618,3.46788083967506,-7.20928812816453));
#10554=CARTESIAN_POINT('',(-152.788059673008,3.45817460250716,-7.21394993681608));
#10555=CARTESIAN_POINT('',(-152.855843829111,3.44689192771058,-7.21934865815604));
#10556=CARTESIAN_POINT('',(-152.924380950538,3.43408710466864,-7.22544956175879));
#10557=CARTESIAN_POINT('',(-152.993624008445,3.41970373091564,-7.2322693559985));
#10558=CARTESIAN_POINT('',(-153.062985422008,3.40381946192876,-7.23976004461896));
#10559=CARTESIAN_POINT('',(-153.132329192507,3.38644490854542,-7.24790477652897));
#10560=CARTESIAN_POINT('',(-153.201595367097,3.36757731241547,-7.25669203601161));
#10561=CARTESIAN_POINT('',(-153.271016828076,3.3471233870557,-7.26615079310737));
#10562=CARTESIAN_POINT('',(-153.340422134616,3.32509867169981,-7.27625787374717));
#10563=CARTESIAN_POINT('',(-153.40999463824,3.3014113618334,-7.28703807634152));
#10564=CARTESIAN_POINT('',(-153.479790163433,3.27599506099742,-7.29850220414228));
#10565=CARTESIAN_POINT('',(-153.550269560787,3.24860901796705,-7.31073598630197));
#10566=CARTESIAN_POINT('',(-153.621226783001,3.21924286304485,-7.32371787685309));
#10567=CARTESIAN_POINT('',(-153.692969595065,3.18767308334896,-7.33751741260207));
#10568=CARTESIAN_POINT('',(-153.765287111752,3.1538821552951,-7.35210932577504));
#10569=CARTESIAN_POINT('',(-153.838468125029,3.11760720618777,-7.36756928578949));
#10570=CARTESIAN_POINT('',(-153.911918628088,3.07901717334897,-7.38378450694724));
#10571=CARTESIAN_POINT('',(-153.985672579573,3.03798741146104,-7.40076509582282));
#10572=CARTESIAN_POINT('',(-154.059374323779,2.99461431990736,-7.41842694352499));
#10573=CARTESIAN_POINT('',(-154.133259508132,2.94864468955163,-7.43682423055767));
#10574=CARTESIAN_POINT('',(-154.206887703594,2.90023620038801,-7.45584184909753));
#10575=CARTESIAN_POINT('',(-154.280143082683,2.8493664775253,-7.47543595589744));
#10576=CARTESIAN_POINT('',(-154.352596904271,2.79625616316319,-7.49546997601406));
#10577=CARTESIAN_POINT('',(-154.424122812351,2.74093606795729,-7.51588112437671));
#10578=CARTESIAN_POINT('',(-154.49438075286,2.68362966175252,-7.53653818056097));
#10579=CARTESIAN_POINT('',(-154.570749982821,2.6179682899263,-7.55963462546071));
#10580=CARTESIAN_POINT('',(-154.652345129019,2.54341369122086,-7.58508967393995));
#10581=CARTESIAN_POINT('',(-154.738254522744,2.45931693419956,-7.61278182379831));
#10582=CARTESIAN_POINT('',(-154.816343626591,2.37744745687806,-7.63872555751845));
#10583=CARTESIAN_POINT('',(-154.889335483458,2.29596004506471,-7.66360296931382));
#10584=CARTESIAN_POINT('',(-154.967938925369,2.2027712621628,-7.69101229190021));
#10585=CARTESIAN_POINT('',(-155.062673067702,2.08137390226363,-7.72496382568072));
#10586=CARTESIAN_POINT('',(-155.171118834948,1.92694889118572,-7.7651240213966));
#10587=CARTESIAN_POINT('',(-155.276311633165,1.75685933831025,-7.80539583281907));
#10588=CARTESIAN_POINT('',(-155.364164951616,1.5945574624027,-7.83999003682641));
#10589=CARTESIAN_POINT('',(-155.431759723485,1.45372807332321,-7.86715845295093));
#10590=CARTESIAN_POINT('',(-155.489127913057,1.32097020843055,-7.89056366790211));
#10591=CARTESIAN_POINT('',(-155.54896205427,1.16543143560805,-7.91531943111059));
#10592=CARTESIAN_POINT('',(-155.613365488408,0.96719878324125,-7.94239894715151));
#10593=CARTESIAN_POINT('',(-155.667583824359,0.752341456419852,-7.96556992606531));
#10594=CARTESIAN_POINT('',(-155.702594494818,0.563198049558211,-7.98069420364452));
#10595=CARTESIAN_POINT('',(-155.720630523176,0.43222828547207,-7.98852886180663));
#10596=CARTESIAN_POINT('',(-155.73021100003,0.343966766568582,-7.99270145287805));
#10597=CARTESIAN_POINT('',(-155.735952611635,0.279133059760396,-7.99520604822315));
#10598=CARTESIAN_POINT('',(-155.740159230467,0.21990810670913,-7.99704312396717));
#10599=CARTESIAN_POINT('',(-155.743225368887,0.163997159205397,-7.99838329479152));
#10600=CARTESIAN_POINT('',(-155.745374623448,0.108754206063194,-7.99932335548869));
#10601=CARTESIAN_POINT('',(-155.746641211017,0.0542163670300185,-7.99987762987184));
#10602=CARTESIAN_POINT('',(-155.746920288118,0.0180204697758929,-7.99999997905161));
#10603=CARTESIAN_POINT('',(-155.746920266217,1.24231315390821E-5,-8.0000000000145));
#10604=CARTESIAN_POINT('',(-155.746920266136,7.19851881761007E-16,-8.));
#10605=CARTESIAN_POINT('',(-152.246911848645,-3.4999627216551,-7.1937654307248));
#10606=CARTESIAN_POINT('',(-155.746920266136,-2.59865557556876E-16,-8.));
#10607=CARTESIAN_POINT('',(-155.746920061008,-0.0274825925818042,-8.00000012950071));
#10608=CARTESIAN_POINT('',(-155.746271387229,-0.082476724026767,-7.99971642568431));
#10609=CARTESIAN_POINT('',(-155.743355228361,-0.164927696741199,-7.99844147409074));
#10610=CARTESIAN_POINT('',(-155.738492962701,-0.247333602684782,-7.99631723179709));
#10611=CARTESIAN_POINT('',(-155.731689050203,-0.329594082486883,-7.99334860507659));
#10612=CARTESIAN_POINT('',(-155.722952307391,-0.411627375120788,-7.98954342785299));
#10613=CARTESIAN_POINT('',(-155.712290800298,-0.493391896254088,-7.984910353617));
#10614=CARTESIAN_POINT('',(-155.699712302471,-0.57484625463483,-7.97945901886075));
#10615=CARTESIAN_POINT('',(-155.685226749142,-0.655941942276914,-7.97320110766086));
#10616=CARTESIAN_POINT('',(-155.668246158945,-0.739587432214602,-7.96589202270365));
#10617=CARTESIAN_POINT('',(-155.647861365393,-0.828613995025139,-7.95715549321554));
#10618=CARTESIAN_POINT('',(-155.618252048552,-0.94338865908467,-7.94453386609564));
#10619=CARTESIAN_POINT('',(-155.570393241287,-1.10363502613498,-7.9242992784903));
#10620=CARTESIAN_POINT('',(-155.491542647114,-1.3213015759246,-7.89145238492748));
#10621=CARTESIAN_POINT('',(-155.381011829314,-1.56665298272192,-7.84653304992282));
#10622=CARTESIAN_POINT('',(-155.257675347711,-1.78997436513204,-7.79810508159686));
#10623=CARTESIAN_POINT('',(-155.148586385664,-1.95940263978923,-7.75675841810387));
#10624=CARTESIAN_POINT('',(-155.068668196822,-2.07161537099286,-7.72730074840846));
#10625=CARTESIAN_POINT('',(-155.007567118882,-2.15199885487603,-7.70522749396969));
#10626=CARTESIAN_POINT('',(-154.95438399641,-2.21853212273749,-7.68633053835197));
#10627=CARTESIAN_POINT('',(-154.899859178302,-2.28344590293481,-7.66729178483605));
#10628=CARTESIAN_POINT('',(-154.838115799023,-2.35345023861486,-7.6461233352566));
#10629=CARTESIAN_POINT('',(-154.768726651336,-2.4278339064013,-7.62285682988722));
#10630=CARTESIAN_POINT('',(-154.691280516848,-2.50577314927338,-7.59758209630948));
#10631=CARTESIAN_POINT('',(-154.618971766245,-2.57413445236989,-7.57465183648865));
#10632=CARTESIAN_POINT('',(-154.552409184104,-2.63375018080977,-7.55409751018363));
#10633=CARTESIAN_POINT('',(-154.492145896117,-2.68530117292666,-7.53592211847621));
#10634=CARTESIAN_POINT('',(-154.431180025762,-2.73511480520767,-7.5179817617659));
#10635=CARTESIAN_POINT('',(-154.362787473011,-2.78848821983218,-7.49836614948215));
#10636=CARTESIAN_POINT('',(-154.284302701338,-2.84652473626749,-7.4765494298359));
#10637=CARTESIAN_POINT('',(-154.19291951695,-2.90985926306669,-7.45213356678177));
#10638=CARTESIAN_POINT('',(-154.086978069499,-2.97824371557822,-7.42509280307295));
#10639=CARTESIAN_POINT('',(-153.950544859401,-3.05911020719413,-7.39221902308747));
#10640=CARTESIAN_POINT('',(-153.770887250129,-3.15357550315093,-7.35248462188911));
#10641=CARTESIAN_POINT('',(-153.559919137173,-3.24735391985041,-7.31149219572199));
#10642=CARTESIAN_POINT('',(-153.351156227546,-3.3233677031169,-7.27714746507276));
#10643=CARTESIAN_POINT('',(-153.170760281434,-3.37720828680887,-7.2522562498485));
#10644=CARTESIAN_POINT('',(-153.026740083477,-3.41283014388173,-7.23553200893818));
#10645=CARTESIAN_POINT('',(-152.912095825006,-3.43666374272556,-7.22422910955007));
#10646=CARTESIAN_POINT('',(-152.817603342698,-3.45349724232186,-7.21619294130256));
#10647=CARTESIAN_POINT('',(-152.731144687757,-3.46666699506425,-7.20987369769267));
#10648=CARTESIAN_POINT('',(-152.645375736172,-3.47756293600667,-7.20462317609693));
#10649=CARTESIAN_POINT('',(-152.567263259772,-3.48553983040884,-7.20076592609025));
#10650=CARTESIAN_POINT('',(-152.496735065345,-3.49122697482093,-7.19800962173718));
#10651=CARTESIAN_POINT('',(-152.433828805117,-3.49515688043482,-7.19610192692449));
#10652=CARTESIAN_POINT('',(-152.371228142638,-3.49794023739273,-7.19474919245141));
#10653=CARTESIAN_POINT('',(-152.308977960481,-3.49959620489726,-7.19394378287043));
#10654=CARTESIAN_POINT('',(-152.26756922369,-3.49996280692255,-7.19376533068134));
#10655=CARTESIAN_POINT('',(-152.246920266326,-3.49996272166522,-7.19376542201324));
#10656=CARTESIAN_POINT('',(-148.746920266343,-3.4999543039767,-7.19376951770911));
#10657=CARTESIAN_POINT('',(-152.246911849827,-3.4999627216551,-7.19376542201817));
#10658=CARTESIAN_POINT('',(-151.080248320941,-3.4999599157631,-7.19376678716101));
#10659=CARTESIAN_POINT('',(-149.913584460039,-3.4999571098703,-7.19376815230222));
#10660=CARTESIAN_POINT('',(-148.74692026712,-3.4999543039767,-7.19376951744178));
#10661=CARTESIAN_POINT('',(-148.746920266343,-3.49995430397659,-7.1937695175755));
#10662=CARTESIAN_POINT('',(-148.716900427671,-3.49995456681234,-7.19376921344384));
#10663=CARTESIAN_POINT('',(-148.662185237162,-3.49925084800438,-7.19411190931203));
#10664=CARTESIAN_POINT('',(-148.58551038477,-3.49646421602344,-7.1954667794904));
#10665=CARTESIAN_POINT('',(-148.518872125399,-3.49270678000243,-7.19729160416803));
#10666=CARTESIAN_POINT('',(-148.457088756385,-3.48810537496294,-7.19952296966427));
#10667=CARTESIAN_POINT('',(-148.39689511165,-3.48258324324886,-7.20219611617194));
#10668=CARTESIAN_POINT('',(-148.335302090807,-3.4758565090235,-7.20544543080845));
#10669=CARTESIAN_POINT('',(-148.27114269525,-3.46767740886119,-7.20938599764787));
#10670=CARTESIAN_POINT('',(-148.204777956834,-3.45793536469799,-7.21406463928537));
#10671=CARTESIAN_POINT('',(-148.136873770437,-3.44661122482938,-7.21948270340314));
#10672=CARTESIAN_POINT('',(-148.068220461467,-3.43376027757885,-7.22560492310101));
#10673=CARTESIAN_POINT('',(-147.998869444469,-3.41932710701181,-7.23244747023033));
#10674=CARTESIAN_POINT('',(-147.929409560001,-3.4033903068313,-7.23996184870774));
#10675=CARTESIAN_POINT('',(-147.859978924458,-3.38596155985484,-7.24813064776282));
#10676=CARTESIAN_POINT('',(-147.790636320492,-3.3670384120223,-7.25694215687546));
#10677=CARTESIAN_POINT('',(-147.721152634948,-3.34652916861847,-7.26642455236455));
#10678=CARTESIAN_POINT('',(-147.651696566905,-3.32444938190973,-7.27655461834489));
#10679=CARTESIAN_POINT('',(-147.58208685791,-3.3007085081899,-7.2873565355004));
#10680=CARTESIAN_POINT('',(-147.512266478874,-3.27524044110415,-7.29884094563224));
#10681=CARTESIAN_POINT('',(-147.441778330412,-3.24780639346461,-7.31109265823261));
#10682=CARTESIAN_POINT('',(-147.37082490235,-3.21839567928602,-7.32409027720021));
#10683=CARTESIAN_POINT('',(-147.299098874184,-3.18678560207892,-7.33790296682361));
#10684=CARTESIAN_POINT('',(-147.226807412795,-3.15295788007131,-7.35250581043002));
#10685=CARTESIAN_POINT('',(-147.153662394638,-3.1166504734323,-7.36797411372611));
#10686=CARTESIAN_POINT('',(-147.080253527355,-3.07803118023856,-7.38419563925834));
#10687=CARTESIAN_POINT('',(-147.006546105821,-3.03697533689821,-7.40118051799017));
#10688=CARTESIAN_POINT('',(-146.932894423828,-2.99357914174446,-7.41884477628722));
#10689=CARTESIAN_POINT('',(-146.859064124674,-2.94759035869327,-7.43724221356425));
#10690=CARTESIAN_POINT('',(-146.785494783852,-2.8991668960539,-7.456257733293));
#10691=CARTESIAN_POINT('',(-146.712302880319,-2.84828734008518,-7.47584720696448));
#10692=CARTESIAN_POINT('',(-146.639916489112,-2.7951727055915,-7.49587407562553));
#10693=CARTESIAN_POINT('',(-146.568462426654,-2.73985482538966,-7.51627532683811));
#10694=CARTESIAN_POINT('',(-146.498278457975,-2.68255618257948,-7.53692030187377));
#10695=CARTESIAN_POINT('',(-146.421992909965,-2.61690952203913,-7.56000112949556));
#10696=CARTESIAN_POINT('',(-146.340488369137,-2.54237651137285,-7.58543725531141));
#10697=CARTESIAN_POINT('',(-146.254674770181,-2.45830906298286,-7.61310719809831));
#10698=CARTESIAN_POINT('',(-146.176669793899,-2.37646910384084,-7.63902986126481));
#10699=CARTESIAN_POINT('',(-146.103751835062,-2.2950089796936,-7.66388773979416));
#10700=CARTESIAN_POINT('',(-146.025217961701,-2.20184226993396,-7.69127818210283));
#10701=CARTESIAN_POINT('',(-145.930557264347,-2.08046347283713,-7.72520893004139));
#10702=CARTESIAN_POINT('',(-145.822185091088,-1.92604974042047,-7.76534700564588));
#10703=CARTESIAN_POINT('',(-145.717055914789,-1.75595967656428,-7.80559830333097));
#10704=CARTESIAN_POINT('',(-145.629252471274,-1.59364690723508,-7.84017526648772));
#10705=CARTESIAN_POINT('',(-145.561696522004,-1.45280284626529,-7.86732942720581));
#10706=CARTESIAN_POINT('',(-145.504366620842,-1.32003720850529,-7.89071980562936));
#10707=CARTESIAN_POINT('',(-145.444583438491,-1.16450986811329,-7.91545486234718));
#10708=CARTESIAN_POINT('',(-145.380249620725,-0.966323665366869,-7.94250477503331));
#10709=CARTESIAN_POINT('',(-145.326103967079,-0.751551749762484,-7.96564346053068));
#10710=CARTESIAN_POINT('',(-145.291150437179,-0.562516762728829,-7.98074148802644));
#10711=CARTESIAN_POINT('',(-145.27314932402,-0.431649655282164,-7.98855974624018));
#10712=CARTESIAN_POINT('',(-145.263589989675,-0.34347760846969,-7.99272225766021));
#10713=CARTESIAN_POINT('',(-145.257862252695,-0.278723249082463,-7.99522014618063));
#10714=CARTESIAN_POINT('',(-145.253666113407,-0.2195769490931,-7.99705203919932));
#10715=CARTESIAN_POINT('',(-145.250607698077,-0.163745687282546,-7.99838825996232));
#10716=CARTESIAN_POINT('',(-145.248463640771,-0.108584602578405,-7.999325470242));
#10717=CARTESIAN_POINT('',(-145.247199479837,-0.0541184924786548,-7.99987813971829));
#10718=CARTESIAN_POINT('',(-145.246920479572,-0.0179793828010577,-8.00000002621611));
#10719=CARTESIAN_POINT('',(-145.246920264695,-9.37326333094471E-9,-8.));
#10720=CARTESIAN_POINT('',(-152.246928684022,3.50003727832467,7.19372914769093));
#10721=CARTESIAN_POINT('',(-148.753071316145,3.50004029096005,7.19372768170129));
#10722=CARTESIAN_POINT('',(-152.246928684022,3.50003727832452,7.19372914760769));
#10723=VECTOR('',#10724,1.);
#10724=DIRECTION('',(0.99999999999954,8.62266317600753E-7,-4.19535112477669E-7));
#10725=CARTESIAN_POINT('',(-148.746920266343,-3.4999543039767,7.19376951717451));
#10726=CARTESIAN_POINT('',(-148.746920266343,-3.49995430397659,7.19376951730823));
#10727=CARTESIAN_POINT('',(-148.73240596443,-3.49995431428259,7.19376950056921));
#10728=CARTESIAN_POINT('',(-148.703746787267,-3.49977601815755,7.19385626765122));
#10729=CARTESIAN_POINT('',(-148.660787884921,-3.49898107691501,7.19424296480313));
#10730=CARTESIAN_POINT('',(-148.617644254488,-3.49765631157385,7.19488716847036));
#10731=CARTESIAN_POINT('',(-148.573831116279,-3.49576535034623,7.19580617910067));
#10732=CARTESIAN_POINT('',(-148.529148454966,-3.49326967533702,7.19701814462328));
#10733=CARTESIAN_POINT('',(-148.483767587477,-3.49014848162036,7.19853238224466));
#10734=CARTESIAN_POINT('',(-148.437456039946,-3.48635141856631,7.20037226868405));
#10735=CARTESIAN_POINT('',(-148.390478737288,-3.48186544004395,7.20254279337794));
#10736=CARTESIAN_POINT('',(-148.341739306747,-3.47654117868954,7.20511449880312));
#10737=CARTESIAN_POINT('',(-148.290398147195,-3.47019193119816,7.20817507528342));
#10738=CARTESIAN_POINT('',(-148.226673656952,-3.46131662211532,7.21244275031308));
#10739=CARTESIAN_POINT('',(-148.14068281269,-3.44756709024221,7.21903072317992));
#10740=CARTESIAN_POINT('',(-148.02228746043,-3.42505073564964,7.22975411465195));
#10741=CARTESIAN_POINT('',(-147.878084151241,-3.3916895279257,7.24548732668248));
#10742=CARTESIAN_POINT('',(-147.718418279909,-3.34687979432619,7.2663198609328));
#10743=CARTESIAN_POINT('',(-147.564045897456,-3.29530996992666,7.28986495629029));
#10744=CARTESIAN_POINT('',(-147.428125789665,-3.24288420099527,7.31332402001131));
#10745=CARTESIAN_POINT('',(-147.321634885342,-3.19713464096627,7.33341763317943));
#10746=CARTESIAN_POINT('',(-147.235946180676,-3.15736891397341,7.35061438211525));
#10747=CARTESIAN_POINT('',(-147.162572724184,-3.12117358020224,7.36605728802428));
#10748=CARTESIAN_POINT('',(-147.09204848355,-3.08434050523509,7.38155669834201));
#10749=CARTESIAN_POINT('',(-147.024101934861,-3.04689825994458,7.39709196825216));
#10750=CARTESIAN_POINT('',(-146.9576637414,-3.00836103423152,7.41285081496851));
#10751=CARTESIAN_POINT('',(-146.884755885717,-2.96391424506311,7.43075318215432));
#10752=CARTESIAN_POINT('',(-146.798239502172,-2.90807332273847,7.45283196636012));
#10753=CARTESIAN_POINT('',(-146.692543608393,-2.83477557844491,7.48108631073177));
#10754=CARTESIAN_POINT('',(-146.577153960841,-2.74765328622361,7.51357256231489));
#10755=CARTESIAN_POINT('',(-146.467134395289,-2.6568083484644,7.54615106895783));
#10756=CARTESIAN_POINT('',(-146.374867572337,-2.5743331592579,7.57462236709098));
#10757=CARTESIAN_POINT('',(-146.304607119927,-2.50743676238174,7.59697601794604));
#10758=CARTESIAN_POINT('',(-146.248462934382,-2.45135651668716,7.61523379873917));
#10759=CARTESIAN_POINT('',(-146.190875057214,-2.39146539645615,7.6342947301544));
#10760=CARTESIAN_POINT('',(-146.121937403345,-2.31601278093852,7.65760624555883));
#10761=CARTESIAN_POINT('',(-146.038693979172,-2.2184894193083,7.68650955388976));
#10762=CARTESIAN_POINT('',(-145.940193861229,-2.09340606646977,7.72170038792768));
#10763=CARTESIAN_POINT('',(-145.817837374972,-1.92098144931595,7.76687745546363));
#10764=CARTESIAN_POINT('',(-145.673184616997,-1.68387418920793,7.82248603060064));
#10765=CARTESIAN_POINT('',(-145.539506537328,-1.41238101672003,7.87613350596906));
#10766=CARTESIAN_POINT('',(-145.442141576347,-1.1603212257716,7.91644862440638));
#10767=CARTESIAN_POINT('',(-145.385271983761,-0.978151262678099,7.94042328133574));
#10768=CARTESIAN_POINT('',(-145.351391082764,-0.850824594107416,7.9548428699809));
#10769=CARTESIAN_POINT('',(-145.329073171723,-0.755678704725202,7.96439849313079));
#10770=CARTESIAN_POINT('',(-145.310888293519,-0.667884273382583,7.97222079280855));
#10771=CARTESIAN_POINT('',(-145.295512855979,-0.583277920157154,7.9788602302698));
#10772=CARTESIAN_POINT('',(-145.282142181246,-0.497777943982319,7.98465350121246));
#10773=CARTESIAN_POINT('',(-145.270823663047,-0.4114091344074,7.98957175975918));
#10774=CARTESIAN_POINT('',(-145.261628199801,-0.324449854634135,7.99357697209326));
#10775=CARTESIAN_POINT('',(-145.253827980537,-0.227549466962396,7.99698076976508));
#10776=CARTESIAN_POINT('',(-145.248372624005,-0.121037481312899,7.99936516454049));
#10777=CARTESIAN_POINT('',(-145.246949618261,-0.0419457497302069,7.99998740402771));
#10778=CARTESIAN_POINT('',(-145.246893525649,0.0350812602764261,8.00001149279556));
#10779=CARTESIAN_POINT('',(-145.248193977697,0.117703513620509,7.99944197937984));
#10780=CARTESIAN_POINT('',(-145.255288313512,0.258258881560894,7.99633929750583));
#10781=CARTESIAN_POINT('',(-145.272297174378,0.436787311601477,7.98891838721083));
#10782=CARTESIAN_POINT('',(-145.302468519452,0.632599538929344,7.97582558471047));
#10783=CARTESIAN_POINT('',(-145.342232718503,0.817245877649857,7.95872940047163));
#10784=CARTESIAN_POINT('',(-145.384730048562,0.976498847911995,7.94063847277096));
#10785=CARTESIAN_POINT('',(-145.43451751945,1.13495756982451,7.91966348106827));
#10786=CARTESIAN_POINT('',(-145.495686869742,1.30052121955166,7.8942414865602));
#10787=CARTESIAN_POINT('',(-145.563159449928,1.45681186320998,7.86669774853215));
#10788=CARTESIAN_POINT('',(-145.62234287668,1.57840402442379,7.84296512945417));
#10789=CARTESIAN_POINT('',(-145.670581637577,1.6699866155252,7.82388739291413));
#10790=CARTESIAN_POINT('',(-145.718341295938,1.75540062677166,7.80521502252154));
#10791=CARTESIAN_POINT('',(-145.779069803857,1.85687872714496,7.78180920075451));
#10792=CARTESIAN_POINT('',(-145.854902756456,1.97328146653097,7.75316431431758));
#10793=CARTESIAN_POINT('',(-145.936088044217,2.08699080755634,7.72325574146754));
#10794=CARTESIAN_POINT('',(-146.009952003417,2.18242625008685,7.69671996587334));
#10795=CARTESIAN_POINT('',(-146.074429543484,2.26070966194053,7.6740452846192));
#10796=CARTESIAN_POINT('',(-146.137099755552,2.33285749857665,7.65243158757269));
#10797=CARTESIAN_POINT('',(-146.206779049024,2.40869907040151,7.6289219162927));
#10798=CARTESIAN_POINT('',(-146.296208114791,2.50017602833747,7.59952472157497));
#10799=CARTESIAN_POINT('',(-146.404770077243,2.60266486403739,7.5651032993426));
#10800=CARTESIAN_POINT('',(-146.531723221805,2.71154968358353,7.52673424422799));
#10801=CARTESIAN_POINT('',(-146.650397486208,2.8038608326573,7.49273576648791));
#10802=CARTESIAN_POINT('',(-146.756047183025,2.87937279694849,7.46396207189856));
#10803=CARTESIAN_POINT('',(-146.852847499719,2.94402851938848,7.43869943278657));
#10804=CARTESIAN_POINT('',(-146.957813317898,3.00918967679214,7.41259502855748));
#10805=CARTESIAN_POINT('',(-147.077231763092,3.07720359175918,7.38462125314549));
#10806=CARTESIAN_POINT('',(-147.210327004998,3.14599617202995,7.35558125196444));
#10807=CARTESIAN_POINT('',(-147.354052052328,3.21234371574269,7.32683633822236));
#10808=CARTESIAN_POINT('',(-147.504909025172,3.27359748195884,7.29964897605222));
#10809=CARTESIAN_POINT('',(-147.640366412205,3.32143210827762,7.27796591964928));
#10810=CARTESIAN_POINT('',(-147.755927270836,3.35732658224185,7.26145199358386));
#10811=CARTESIAN_POINT('',(-147.846943943309,3.38274326989741,7.24963820224515));
#10812=CARTESIAN_POINT('',(-147.929931411335,3.40367771131382,7.23982891835145));
#10813=CARTESIAN_POINT('',(-148.007528850106,3.42135546500086,7.23148937671331));
#10814=CARTESIAN_POINT('',(-148.083356720457,3.43684742297164,7.22413760575852));
#10815=CARTESIAN_POINT('',(-148.164542961425,3.45160679462886,7.21709748121924));
#10816=CARTESIAN_POINT('',(-148.25151564845,3.46523775045793,7.21056170436242));
#10817=CARTESIAN_POINT('',(-148.344219322819,3.47721066272523,7.20479366506679));
#10818=CARTESIAN_POINT('',(-148.427204680095,3.48570895611672,7.20068416823975));
#10819=CARTESIAN_POINT('',(-148.500814118298,3.49158483269862,7.19783605580085));
#10820=CARTESIAN_POINT('',(-148.565199196957,3.49552039800781,7.19592534435511));
#10821=CARTESIAN_POINT('',(-148.628613105269,3.49823366202002,7.19460652191183));
#10822=CARTESIAN_POINT('',(-148.689025054976,3.49973286625775,7.19387726722423));
#10823=CARTESIAN_POINT('',(-148.730422132959,3.50006199421745,7.19371712304057));
#10824=CARTESIAN_POINT('',(-148.751020936518,3.50004389448442,7.19372592844953));
#10825=CARTESIAN_POINT('',(-148.753071316145,3.50004029096005,7.19372768181185));
#10826=CARTESIAN_POINT('',(-152.246911848645,-3.4999627216551,7.19376542201823));
#10827=CARTESIAN_POINT('',(-148.746920266422,-3.4999543039767,7.19376951744184));
#10828=CARTESIAN_POINT('',(-149.91358445934,-3.4999571098703,7.19376815230227));
#10829=CARTESIAN_POINT('',(-151.08024832001,-3.4999599157631,7.19376678716107));
#10830=CARTESIAN_POINT('',(-152.246911849128,-3.4999627216551,7.19376542201823));
#10831=CARTESIAN_POINT('',(-152.246928684022,3.50003727832456,7.19372914769098));
#10832=CARTESIAN_POINT('',(-152.261411710154,3.50003725372327,7.19372914795263));
#10833=CARTESIAN_POINT('',(-152.290010655134,3.49985964704914,7.19381558187828));
#10834=CARTESIAN_POINT('',(-152.332880024603,3.49906794109307,7.1942007167998));
#10835=CARTESIAN_POINT('',(-152.375934769414,3.49774856822902,7.19484231834667));
#10836=CARTESIAN_POINT('',(-152.419657115747,3.49586535988609,7.19575759190121));
#10837=CARTESIAN_POINT('',(-152.464246774593,3.4933799770471,7.19696460379796));
#10838=CARTESIAN_POINT('',(-152.509533355264,3.49027167698862,7.1984726479027));
#10839=CARTESIAN_POINT('',(-152.555748955237,3.48649030922664,7.20030501348661));
#10840=CARTESIAN_POINT('',(-152.602629262632,3.48202287409399,7.20246667871737));
#10841=CARTESIAN_POINT('',(-152.651268061886,3.47672065583384,7.20502788876754));
#10842=CARTESIAN_POINT('',(-152.702502935098,3.47039778006366,7.20807595951699));
#10843=CARTESIAN_POINT('',(-152.766094179738,3.46155961160537,7.21232610743531));
#10844=CARTESIAN_POINT('',(-152.851908002678,3.44786741368948,7.21888722027252));
#10845=CARTESIAN_POINT('',(-152.970071029475,3.42544321144768,7.22956799229656));
#10846=CARTESIAN_POINT('',(-153.114020658059,3.39221205177871,7.24524236925915));
#10847=CARTESIAN_POINT('',(-153.27344915034,3.34756409276685,7.26600416106044));
#10848=CARTESIAN_POINT('',(-153.427642027906,3.29616164234829,7.28947941288783));
#10849=CARTESIAN_POINT('',(-153.563446561381,3.24388693980715,7.31287894308544));
#10850=CARTESIAN_POINT('',(-153.669884921836,3.19825050813459,7.33293084617972));
#10851=CARTESIAN_POINT('',(-153.755560864118,3.15856731919203,7.35009938469173));
#10852=CARTESIAN_POINT('',(-153.828951985443,3.12243098951526,7.36552426693013));
#10853=CARTESIAN_POINT('',(-153.89951179403,3.08564600748433,7.38101099143011));
#10854=CARTESIAN_POINT('',(-153.967511999817,3.04823945324877,7.39653932680852));
#10855=CARTESIAN_POINT('',(-154.034013732936,3.00972983667704,7.41229512406051));
#10856=CARTESIAN_POINT('',(-154.107002048429,2.9653052739371,7.43019814710814));
#10857=CARTESIAN_POINT('',(-154.193624948041,2.90948076385515,7.45228260808578));
#10858=CARTESIAN_POINT('',(-154.299468602979,2.83618499098906,7.48055215464967));
#10859=CARTESIAN_POINT('',(-154.415039810036,2.74903918721211,7.51306582297687));
#10860=CARTESIAN_POINT('',(-154.52524974439,2.65814352266875,7.54568116710837));
#10861=CARTESIAN_POINT('',(-154.61768792228,2.57560189115293,7.57419132599389));
#10862=CARTESIAN_POINT('',(-154.688083789852,2.50864038626761,7.59657883255513));
#10863=CARTESIAN_POINT('',(-154.744336667412,2.45250096321785,7.61486544235605));
#10864=CARTESIAN_POINT('',(-154.802027483787,2.39255195827023,7.63395447389212));
#10865=CARTESIAN_POINT('',(-154.871071719414,2.31703979029445,7.65729583490738));
#10866=CARTESIAN_POINT('',(-154.954423198487,2.2194573654656,7.68623041265941));
#10867=CARTESIAN_POINT('',(-155.053020332807,2.09433081444353,7.72144987437572));
#10868=CARTESIAN_POINT('',(-155.17547027137,1.92187936541224,7.7666555033979));
#10869=CARTESIAN_POINT('',(-155.323421770384,1.67951138309329,7.82352707755229));
#10870=CARTESIAN_POINT('',(-155.47070043788,1.37860172038369,7.88271545867764));
#10871=CARTESIAN_POINT('',(-155.584026182636,1.07043875612376,7.92994090515116));
#10872=CARTESIAN_POINT('',(-155.653292827475,0.814342542973722,7.95943881848294));
#10873=CARTESIAN_POINT('',(-155.691670367431,0.626036286353093,7.97596763702189));
#10874=CARTESIAN_POINT('',(-155.714427140688,0.481756865853396,7.98583017744591));
#10875=CARTESIAN_POINT('',(-155.729393722798,0.356819307681007,7.99234354145341));
#10876=CARTESIAN_POINT('',(-155.738692144462,0.247093425240095,7.99640170916343));
#10877=CARTESIAN_POINT('',(-155.744068309643,0.150031627505507,7.99875175729897));
#10878=CARTESIAN_POINT('',(-155.746472370218,0.0709209687205802,7.99980370714126));
#10879=CARTESIAN_POINT('',(-155.746991473279,0.0130069651091182,8.00003109245438));
#10880=CARTESIAN_POINT('',(-155.74679516518,-0.0446508961553897,7.99994547766381));
#10881=CARTESIAN_POINT('',(-155.74554440097,-0.109947903385573,7.99939855685911));
#10882=CARTESIAN_POINT('',(-155.741794252776,-0.195641368369841,7.99775923536795));
#10883=CARTESIAN_POINT('',(-155.73599284687,-0.280636590098193,7.99522582869108));
#10884=CARTESIAN_POINT('',(-155.728166744378,-0.365075531557643,7.99181352254537));
#10885=CARTESIAN_POINT('',(-155.716501870701,-0.464677808943682,7.98673778419094));
#10886=CARTESIAN_POINT('',(-155.696158486177,-0.601626752681076,7.9779128288808));
#10887=CARTESIAN_POINT('',(-155.657596737069,-0.797148623275389,7.96128609825636));
#10888=CARTESIAN_POINT('',(-155.594348991324,-1.03368181563276,7.93433494143827));
#10889=CARTESIAN_POINT('',(-155.512977488089,-1.26542071541112,7.90032470615351));
#10890=CARTESIAN_POINT('',(-155.433593298902,-1.4507175012061,7.8678816932556));
#10891=CARTESIAN_POINT('',(-155.371724685478,-1.57786963740942,7.84307237179728));
#10892=CARTESIAN_POINT('',(-155.323534346634,-1.66939502101464,7.82401347513611));
#10893=CARTESIAN_POINT('',(-155.275821386584,-1.75476041466762,7.80535877920604));
#10894=CARTESIAN_POINT('',(-155.215147956651,-1.85619093148886,7.78197303211574));
#10895=CARTESIAN_POINT('',(-155.139377286569,-1.97255247997695,7.75334958969));
#10896=CARTESIAN_POINT('',(-155.058251503417,-2.08623451824897,7.7234599582806));
#10897=CARTESIAN_POINT('',(-154.984433276447,-2.18165952261937,7.69693731424836));
#10898=CARTESIAN_POINT('',(-154.919987906544,-2.25994434117792,7.67427071463637));
#10899=CARTESIAN_POINT('',(-154.857341788832,-2.33210188630319,7.65266193139304));
#10900=CARTESIAN_POINT('',(-154.78768460414,-2.4079587800807,7.62915567298847));
#10901=CARTESIAN_POINT('',(-154.698277799516,-2.49946035025476,7.59976026159513));
#10902=CARTESIAN_POINT('',(-154.589738602503,-2.60198059861535,7.56533885746334));
#10903=CARTESIAN_POINT('',(-154.462808522668,-2.71090199731672,7.52696772444865));
#10904=CARTESIAN_POINT('',(-154.344153569074,-2.8032465146346,7.49296574860544));
#10905=CARTESIAN_POINT('',(-154.238519721207,-2.87878748639863,7.46418791412598));
#10906=CARTESIAN_POINT('',(-154.150567375834,-2.93756542289523,7.44122708491047));
#10907=CARTESIAN_POINT('',(-154.066669687953,-2.99020746891946,7.42021683813485));
#10908=CARTESIAN_POINT('',(-153.981434098457,-3.04049573924129,7.39975403346805));
#10909=CARTESIAN_POINT('',(-153.889028012905,-3.09149148838976,7.3785999857528));
#10910=CARTESIAN_POINT('',(-153.774652295427,-3.1499832119431,7.35385149390966));
#10911=CARTESIAN_POINT('',(-153.640721859385,-3.21185421852314,7.32705093831302));
#10912=CARTESIAN_POINT('',(-153.489983981028,-3.27311297410309,7.29986625119163));
#10913=CARTESIAN_POINT('',(-153.352076137726,-3.32186549461104,7.2777710063706));
#10914=CARTESIAN_POINT('',(-153.228721698626,-3.3600729164297,7.26018706870986));
#10915=CARTESIAN_POINT('',(-153.11116335343,-3.39235696263394,7.24515809308563));
#10916=CARTESIAN_POINT('',(-152.975712355191,-3.42438947609166,7.23007503298603));
#10917=CARTESIAN_POINT('',(-152.82528999889,-3.45308152719092,7.2164051982908));
#10918=CARTESIAN_POINT('',(-152.684242073715,-3.47335573147297,7.20665645490379));
#10919=CARTESIAN_POINT('',(-152.576289821869,-3.48479373206378,7.20112746411612));
#10920=CARTESIAN_POINT('',(-152.497523471823,-3.49118023691991,7.1980323229525));
#10921=CARTESIAN_POINT('',(-152.433461454396,-3.49518145844262,7.19608999412812));
#10922=CARTESIAN_POINT('',(-152.370402390056,-3.49796953328278,7.19473494703479));
#10923=CARTESIAN_POINT('',(-152.308395755575,-3.49960350574392,7.19394022930243));
#10924=CARTESIAN_POINT('',(-152.267321514244,-3.49996279963583,7.19376533608289));
#10925=CARTESIAN_POINT('',(-152.246920266324,-3.49996272166522,7.1937654220133));
#10926=CARTESIAN_POINT('',(148.746920266343,-3.49995430397672,7.19376951744178));
#10927=CARTESIAN_POINT('',(148.753071316145,3.50004029096003,7.19372768192294));
#10928=CARTESIAN_POINT('',(148.753071316145,3.50004029095991,7.1937276819227));
#10929=CARTESIAN_POINT('',(148.751018680106,3.5000438981496,7.19372592687513));
#10930=CARTESIAN_POINT('',(148.748074771983,3.50004647954916,7.19372467092005));
#10931=CARTESIAN_POINT('',(148.74216274366,3.50004421677375,7.19372577185301));
#10932=CARTESIAN_POINT('',(148.735301743196,3.50003021975824,7.19373258198429));
#10933=CARTESIAN_POINT('',(148.726280258592,3.49998876541203,7.19375275104189));
#10934=CARTESIAN_POINT('',(148.71714435295,3.4999230769512,7.1937847102836));
#10935=CARTESIAN_POINT('',(148.70782652174,3.49983155483504,7.19382923707789));
#10936=CARTESIAN_POINT('',(148.698347111817,3.49971301680693,7.19388690536889));
#10937=CARTESIAN_POINT('',(148.688623796744,3.49956476004847,7.19395902832007));
#10938=CARTESIAN_POINT('',(148.678710983567,3.49938578885218,7.1940460880141));
#10939=CARTESIAN_POINT('',(148.66837610134,3.49916954520502,7.19415127145491));
#10940=CARTESIAN_POINT('',(148.657474527636,3.49890866766993,7.19427815485053));
#10941=CARTESIAN_POINT('',(148.645642129731,3.49858726602144,7.19443445959694));
#10942=CARTESIAN_POINT('',(148.632974981261,3.49819868220111,7.19462341301582));
#10943=CARTESIAN_POINT('',(148.619288389145,3.49772726749545,7.19485260932069));
#10944=CARTESIAN_POINT('',(148.604729970643,3.49716712308661,7.19512489591761));
#10945=CARTESIAN_POINT('',(148.589149185209,3.49650017147416,7.19544903144875));
#10946=CARTESIAN_POINT('',(148.572904856783,3.49573030979673,7.19582308581516));
#10947=CARTESIAN_POINT('',(148.555811068638,3.4948387296781,7.19625615322913));
#10948=CARTESIAN_POINT('',(148.537843536228,3.49381193184864,7.19675473329658));
#10949=CARTESIAN_POINT('',(148.518433878331,3.49259909124921,7.19734341913845));
#10950=CARTESIAN_POINT('',(148.497746049463,3.4911868485149,7.1980285738964));
#10951=CARTESIAN_POINT('',(148.475405679099,3.48952374800687,7.19883499720996));
#10952=CARTESIAN_POINT('',(148.451586679919,3.48759274679027,7.19977073495086));
#10953=CARTESIAN_POINT('',(148.425904622213,3.48532683713609,7.20086795237475));
#10954=CARTESIAN_POINT('',(148.398917557028,3.48273904723094,7.20211995720615));
#10955=CARTESIAN_POINT('',(148.370251148203,3.47975969586776,7.20355999192995));
#10956=CARTESIAN_POINT('',(148.339902897748,3.47634727035533,7.20520750714949));
#10957=CARTESIAN_POINT('',(148.306938254392,3.47233768513867,7.20714080899236));
#10958=CARTESIAN_POINT('',(148.271755308853,3.46770647819981,7.20937043179235));
#10959=CARTESIAN_POINT('',(148.233818128835,3.46230566167496,7.21196596577105));
#10960=CARTESIAN_POINT('',(148.193540983913,3.45610835312745,7.2149382071129));
#10961=CARTESIAN_POINT('',(148.150399372475,3.448935036946,7.2183703871577));
#10962=CARTESIAN_POINT('',(148.10534817822,3.44084785999427,7.22222931052505));
#10963=CARTESIAN_POINT('',(148.058093591227,3.43170946152082,7.22657649720558));
#10964=CARTESIAN_POINT('',(148.008912072924,3.4214831333927,7.23142457794647));
#10965=CARTESIAN_POINT('',(147.956843292047,3.40985193960879,7.2369172782728));
#10966=CARTESIAN_POINT('',(147.902470658543,3.39680962203819,7.24304924397007));
#10967=CARTESIAN_POINT('',(147.838239695527,3.38028308452484,7.25078080970604));
#10968=CARTESIAN_POINT('',(147.76466261997,3.35974872092,7.26032509055872));
#10969=CARTESIAN_POINT('',(147.681578380731,3.33435898762454,7.27202451177141));
#10970=CARTESIAN_POINT('',(147.589995830193,3.30382623808185,7.28595749172809));
#10971=CARTESIAN_POINT('',(147.476088730068,3.26214828761659,7.30474871992456));
#10972=CARTESIAN_POINT('',(147.326060483086,3.2004914839935,7.33205780025146));
#10973=CARTESIAN_POINT('',(147.158520871118,3.12094596032347,7.36633589962011));
#10974=CARTESIAN_POINT('',(146.998956922315,3.03383978830986,7.40260483198218));
#10975=CARTESIAN_POINT('',(146.855667221446,2.94652405825209,7.43779978307778));
#10976=CARTESIAN_POINT('',(146.705351974741,2.84521223990957,7.47728006020269));
#10977=CARTESIAN_POINT('',(146.542531929678,2.72163003982162,7.52330133150644));
#10978=CARTESIAN_POINT('',(146.390165292911,2.59000518298653,7.56955353164386));
#10979=CARTESIAN_POINT('',(146.276026003205,2.48001660426127,7.60609234204647));
#10980=CARTESIAN_POINT('',(146.197251575449,2.39835142095712,7.63213450042976));
#10981=CARTESIAN_POINT('',(146.140135177771,2.3360210547792,7.65142389551444));
#10982=CARTESIAN_POINT('',(146.088950051658,2.27755130350842,7.66902295881236));
#10983=CARTESIAN_POINT('',(146.038652937648,2.21757541650612,7.68659548093128));
#10984=CARTESIAN_POINT('',(145.984654063002,2.15010286886318,7.70577530499826));
#10985=CARTESIAN_POINT('',(145.912145079513,2.05442138616456,7.73199799201876));
#10986=CARTESIAN_POINT('',(145.808904290669,1.90651180561126,7.77028871416446));
#10987=CARTESIAN_POINT('',(145.670636776314,1.67906706178997,7.82347464386148));
#10988=CARTESIAN_POINT('',(145.526123335588,1.38533376419065,7.88149257930571));
#10989=CARTESIAN_POINT('',(145.412244617645,1.07833835943151,7.9289121022027));
#10990=CARTESIAN_POINT('',(145.341784202171,0.819683332617011,7.95890759396189));
#10991=CARTESIAN_POINT('',(145.302867241828,0.62995014324424,7.97566561214856));
#10992=CARTESIAN_POINT('',(145.279835114773,0.484849324843351,7.98564642407336));
#10993=CARTESIAN_POINT('',(145.264694742405,0.359306774102096,7.9922350644673));
#10994=CARTESIAN_POINT('',(145.255283274797,0.249066431333674,7.99634251862598));
#10995=CARTESIAN_POINT('',(145.249835688449,0.151580925744453,7.99872383610082));
#10996=CARTESIAN_POINT('',(145.24738134036,0.0718368345795547,7.99979786209424));
#10997=CARTESIAN_POINT('',(145.246850458454,0.0137151201780864,8.00003046085345));
#10998=CARTESIAN_POINT('',(145.247039929061,-0.0441308738983162,7.99994790227072));
#10999=CARTESIAN_POINT('',(145.248273667855,-0.109285356330959,7.99940849399843));
#11000=CARTESIAN_POINT('',(145.252019912347,-0.195186662964061,7.99777096121398));
#11001=CARTESIAN_POINT('',(145.257821824915,-0.280316792977993,7.99523740758995));
#11002=CARTESIAN_POINT('',(145.265649000889,-0.364834163709554,7.99182470341273));
#11003=CARTESIAN_POINT('',(145.277306433176,-0.464424504882439,7.98675227893097));
#11004=CARTESIAN_POINT('',(145.297615404759,-0.601211147129722,7.97794232573932));
#11005=CARTESIAN_POINT('',(145.33606543008,-0.796319753843423,7.96136364169023));
#11006=CARTESIAN_POINT('',(145.399053826158,-1.03217945782008,7.93452168092601));
#11007=CARTESIAN_POINT('',(145.48000641481,-1.26314151713492,7.90068173790592));
#11008=CARTESIAN_POINT('',(145.558908033563,-1.44773421534766,7.86842692909255));
#11009=CARTESIAN_POINT('',(145.620362311787,-1.57437102233814,7.84377351040401));
#11010=CARTESIAN_POINT('',(145.668214176468,-1.66551824873356,7.82483856513036));
#11011=CARTESIAN_POINT('',(145.715606638465,-1.75057273372331,7.80629778460232));
#11012=CARTESIAN_POINT('',(145.775903424078,-1.85170366465269,7.78304038775033));
#11013=CARTESIAN_POINT('',(145.851248652078,-1.96781113086223,7.75455294072336));
#11014=CARTESIAN_POINT('',(145.931968464031,-2.08133165353384,7.72478200575137));
#11015=CARTESIAN_POINT('',(146.005472910545,-2.1767026750328,7.69834051286312));
#11016=CARTESIAN_POINT('',(146.069694344655,-2.25500734519244,7.67572297585234));
#11017=CARTESIAN_POINT('',(146.132168369312,-2.32723668270985,7.65414313902427));
#11018=CARTESIAN_POINT('',(146.201663866797,-2.40320158376109,7.63065597501425));
#11019=CARTESIAN_POINT('',(146.29090119384,-2.49487192876847,7.60126866087118));
#11020=CARTESIAN_POINT('',(146.399263004795,-2.59760773615513,7.56684267781397));
#11021=CARTESIAN_POINT('',(146.526011742681,-2.7067828651416,7.52845124764774));
#11022=CARTESIAN_POINT('',(146.644514521177,-2.79936133359634,7.49441901075689));
#11023=CARTESIAN_POINT('',(146.750025498531,-2.87510873873343,7.46560623017234));
#11024=CARTESIAN_POINT('',(146.846708944588,-2.9399789953604,7.44030151468037));
#11025=CARTESIAN_POINT('',(146.95155928573,-3.00537148414481,7.41414474221533));
#11026=CARTESIAN_POINT('',(147.070860314254,-3.07364691068036,7.38610327023496));
#11027=CARTESIAN_POINT('',(147.203843014584,-3.14273009826807,7.35697838141862));
#11028=CARTESIAN_POINT('',(147.347467437462,-3.20938993305835,7.32813178454441));
#11029=CARTESIAN_POINT('',(147.498241732559,-3.27096949117002,7.3008279543987));
#11030=CARTESIAN_POINT('',(147.633645191395,-3.3190945388893,7.27903287921875));
#11031=CARTESIAN_POINT('',(147.749176289573,-3.3552354914738,7.26241876521828));
#11032=CARTESIAN_POINT('',(147.84018320517,-3.38084630607724,7.25052326676436));
#11033=CARTESIAN_POINT('',(147.923172346922,-3.40195717640567,7.24063772364173));
#11034=CARTESIAN_POINT('',(148.000781863951,-3.4197993758716,7.2322255380982));
#11035=CARTESIAN_POINT('',(148.076630249005,-3.43545088314617,7.22480196392547));
#11036=CARTESIAN_POINT('',(148.157850237987,-3.45038004688887,7.21768419438355));
#11037=CARTESIAN_POINT('',(148.244870637915,-3.46419061568967,7.2110649867805));
#11038=CARTESIAN_POINT('',(148.337637541254,-3.47635149154415,7.20520837084283));
#11039=CARTESIAN_POINT('',(148.420690744381,-3.48501457397517,7.20102032499664));
#11040=CARTESIAN_POINT('',(148.494369749386,-3.49103369206158,7.19810341420975));
#11041=CARTESIAN_POINT('',(148.558825198283,-3.49509229478105,7.19613331072601));
#11042=CARTESIAN_POINT('',(148.622305068558,-3.49792365442609,7.19475725661818));
#11043=CARTESIAN_POINT('',(148.684840695541,-3.49958773150659,7.19394790494402));
#11044=CARTESIAN_POINT('',(148.726288834884,-3.49995433659632,7.19376945159066));
#11045=CARTESIAN_POINT('',(148.746920266343,-3.49995430397672,7.19376951744178));
#11046=CARTESIAN_POINT('',(152.246928684022,3.50003727832466,7.19372914769088));
#11047=CARTESIAN_POINT('',(148.753071316145,3.50004029095987,7.19372768181195));
#11048=VECTOR('',#11049,1.);
#11049=DIRECTION('',(0.99999999999954,-8.62266229897808E-7,4.19535026554208E-7));
#11050=CARTESIAN_POINT('',(152.246911848645,-3.49996272165512,7.19376542228549));
#11051=CARTESIAN_POINT('',(152.246920266315,-3.49996272166524,7.19376542201324));
#11052=CARTESIAN_POINT('',(152.261398142882,-3.4999627667227,7.19376538838357));
#11053=CARTESIAN_POINT('',(152.289992648769,-3.49978529553066,7.19385175411725));
#11054=CARTESIAN_POINT('',(152.332864238269,-3.49899378370119,7.19423678449931));
#11055=CARTESIAN_POINT('',(152.375918940114,-3.49767459319299,7.19487828057612));
#11056=CARTESIAN_POINT('',(152.419641846619,-3.49579156074619,7.19579344473818));
#11057=CARTESIAN_POINT('',(152.464231866398,-3.49330634897326,7.19700034209812));
#11058=CARTESIAN_POINT('',(152.509518864977,-3.49019821249877,7.19850826760379));
#11059=CARTESIAN_POINT('',(152.555734884484,-3.48641700070914,7.2003405100143));
#11060=CARTESIAN_POINT('',(152.602615627185,-3.48194971230175,7.20250204818368));
#11061=CARTESIAN_POINT('',(152.651254886002,-3.47664763368042,7.20506312443365));
#11062=CARTESIAN_POINT('',(152.702490254141,-3.47032489067405,7.20811105229864));
#11063=CARTESIAN_POINT('',(152.766082134036,-3.46148686623728,7.21236102104469));
#11064=CARTESIAN_POINT('',(152.851896829441,-3.44779482752184,7.2189218880073));
#11065=CARTESIAN_POINT('',(152.970061056712,-3.4253707778113,7.22960231122528));
#11066=CARTESIAN_POINT('',(153.114012101625,-3.39213970549848,7.24527624074046));
#11067=CARTESIAN_POINT('',(153.273442077883,-3.34749172895268,7.26603749934255));
#11068=CARTESIAN_POINT('',(153.427636281286,-3.29608916386379,7.28951218555829));
#11069=CARTESIAN_POINT('',(153.563441884452,-3.24381429348249,7.31291116737138));
#11070=CARTESIAN_POINT('',(153.669880982326,-3.19817771044856,7.33296259628396));
#11071=CARTESIAN_POINT('',(153.755557434437,-3.15849440412505,7.3501307180207));
#11072=CARTESIAN_POINT('',(153.828948907631,-3.12235799502656,7.36555521054884));
#11073=CARTESIAN_POINT('',(153.899509001309,-3.08557294855835,7.38104153323145));
#11074=CARTESIAN_POINT('',(153.967509425925,-3.04816635100379,7.39656945282547));
#11075=CARTESIAN_POINT('',(154.03401134403,-3.0096566998463,7.41232482026847));
#11076=CARTESIAN_POINT('',(154.10699983279,-2.96523210877773,7.4302273456561));
#11077=CARTESIAN_POINT('',(154.193622903037,-2.90940757753353,7.45231117991995));
#11078=CARTESIAN_POINT('',(154.299466700415,-2.83611181262719,7.48057989775787));
#11079=CARTESIAN_POINT('',(154.415037977277,-2.74896607526634,7.51309257222557));
#11080=CARTESIAN_POINT('',(154.525247905473,-2.6580705397652,7.54570687456567));
#11081=CARTESIAN_POINT('',(154.617686030772,-2.57552907301025,7.5742160858204));
#11082=CARTESIAN_POINT('',(154.688081828498,-2.50856773637565,7.59660282255763));
#11083=CARTESIAN_POINT('',(154.744334645689,-2.45242846408442,7.61488879088549));
#11084=CARTESIAN_POINT('',(154.802025462087,-2.39247956023486,7.63397716288768));
#11085=CARTESIAN_POINT('',(154.871069779458,-2.31696743208416,7.65731772833023));
#11086=CARTESIAN_POINT('',(154.954421422899,-2.21938497871018,7.68625131409544));
#11087=CARTESIAN_POINT('',(155.053018537316,-2.09425865145367,7.72146943867912));
#11088=CARTESIAN_POINT('',(155.175468122357,-1.92180804856399,7.76667315920775));
#11089=CARTESIAN_POINT('',(155.320217615428,-1.68468603372844,7.82231133600115));
#11090=CARTESIAN_POINT('',(155.45996413838,-1.40105044228567,7.87838916367258));
#11091=CARTESIAN_POINT('',(155.564168847266,-1.12677225240745,7.9216395314601));
#11092=CARTESIAN_POINT('',(155.627476221932,-0.912373635711537,7.94843910170935));
#11093=CARTESIAN_POINT('',(155.661861768617,-0.769664997956939,7.96314799028737));
#11094=CARTESIAN_POINT('',(155.682845628853,-0.668443474761576,7.97217412579679));
#11095=CARTESIAN_POINT('',(155.698244944294,-0.583778731815747,7.97882381951319));
#11096=CARTESIAN_POINT('',(155.711636813677,-0.49821818038917,7.98462626735949));
#11097=CARTESIAN_POINT('',(155.722973513129,-0.411788107376782,7.98955245825485));
#11098=CARTESIAN_POINT('',(155.732183995279,-0.324768030393854,7.99356427524036));
#11099=CARTESIAN_POINT('',(155.739221372423,-0.237431513915832,7.99663525546345));
#11100=CARTESIAN_POINT('',(155.744062941572,-0.15008631690015,7.99875081063263));
#11101=CARTESIAN_POINT('',(155.746470846828,-0.0709397974312247,7.99980370110246));
#11102=CARTESIAN_POINT('',(155.746991378104,-0.0129948332762129,8.00003117227246));
#11103=CARTESIAN_POINT('',(155.746795773153,0.0446613434057567,7.99994532713907));
#11104=CARTESIAN_POINT('',(155.745487505404,0.113038976309726,7.99937262829712));
#11105=CARTESIAN_POINT('',(155.741206528617,0.208035478604004,7.99750037279691));
#11106=CARTESIAN_POINT('',(155.732190086626,0.330570343365201,7.9935627023701));
#11107=CARTESIAN_POINT('',(155.712724082467,0.502816267305974,7.98508335149436));
#11108=CARTESIAN_POINT('',(155.671608026575,0.739556790063414,7.96728317690928));
#11109=CARTESIAN_POINT('',(155.602326339519,1.01017792781849,7.93767483260395));
#11110=CARTESIAN_POINT('',(155.515419078182,1.25979283518105,7.90131079636036));
#11111=CARTESIAN_POINT('',(155.433609008245,1.45075764020298,7.86787430248366));
#11112=CARTESIAN_POINT('',(155.371740208427,1.57791355263078,7.84306355774615));
#11113=CARTESIAN_POINT('',(155.323548698616,1.66944320944117,7.8240032083656));
#11114=CARTESIAN_POINT('',(155.27583387478,1.7548135248077,7.80534686062863));
#11115=CARTESIAN_POINT('',(155.215158122351,1.85624938201736,7.78195912022263));
#11116=CARTESIAN_POINT('',(155.139384831598,1.97261612085121,7.75333342886142));
#11117=CARTESIAN_POINT('',(155.058256483246,2.08630245549424,7.72344162608003));
#11118=CARTESIAN_POINT('',(154.984436531625,2.181730025831,7.69691733704588));
#11119=CARTESIAN_POINT('',(154.919990343603,2.26001602469318,7.67424960726539));
#11120=CARTESIAN_POINT('',(154.857344009168,2.33217396075452,7.65263996826303));
#11121=CARTESIAN_POINT('',(154.78768687197,2.40803094038998,7.62913289746293));
#11122=CARTESIAN_POINT('',(154.698280433158,2.49953231326375,7.59973659356219));
#11123=CARTESIAN_POINT('',(154.589741787153,2.6020522714242,7.56531420636136));
#11124=CARTESIAN_POINT('',(154.462812424778,2.71097335025126,7.52694202630158));
#11125=CARTESIAN_POINT('',(154.344158077632,2.80331768978413,7.49293912121846));
#11126=CARTESIAN_POINT('',(154.238524720702,2.87885857977147,7.46416049505657));
#11127=CARTESIAN_POINT('',(154.150572769829,2.93763648029409,7.4411990337767));
#11128=CARTESIAN_POINT('',(154.066675464469,2.99027850670254,7.42018821131663));
#11129=CARTESIAN_POINT('',(153.981440281892,3.04056676434736,7.39972484995557));
#11130=CARTESIAN_POINT('',(153.889034660304,3.09156250887377,7.37857022970853));
#11131=CARTESIAN_POINT('',(153.774659558793,3.15005423674489,7.35382107130815));
#11132=CARTESIAN_POINT('',(153.640729863782,3.21192528912518,7.327019784969));
#11133=CARTESIAN_POINT('',(153.489992829659,3.27318415804724,7.29983433458113));
#11134=CARTESIAN_POINT('',(153.352085766074,3.32193683893257,7.27773844244424));
#11135=CARTESIAN_POINT('',(153.228732037247,3.36014444583636,7.26015396446505));
#11136=CARTESIAN_POINT('',(153.11117440468,3.39242869565861,7.24512450618409));
#11137=CARTESIAN_POINT('',(152.975724257443,3.42446148667257,7.23004092698223));
#11138=CARTESIAN_POINT('',(152.825302867587,3.45315391445449,7.21637056106247));
#11139=CARTESIAN_POINT('',(152.684255846005,3.47342854331319,7.20662136214241));
#11140=CARTESIAN_POINT('',(152.576304329869,3.48486691417503,7.20109204927973));
#11141=CARTESIAN_POINT('',(152.497538477464,3.49125371145441,7.19799668603818));
#11142=CARTESIAN_POINT('',(152.433477064503,3.49525518549769,7.19605418406858));
#11143=CARTESIAN_POINT('',(152.370417916003,3.49804352441558,7.1946989732484));
#11144=CARTESIAN_POINT('',(152.30841368277,3.49967777181509,7.19390410096648));
#11145=CARTESIAN_POINT('',(152.267334941014,3.5000372581442,7.19372910951464));
#11146=CARTESIAN_POINT('',(152.246928684021,3.50003727832466,7.19372914769088));
#11147=CARTESIAN_POINT('',(148.746920266189,-3.49995430397672,7.19376951744177));
#11148=CARTESIAN_POINT('',(149.913584459107,-3.49995710987031,7.19376815230221));
#11149=CARTESIAN_POINT('',(151.080248319777,-3.49995991576311,7.19376678716101));
#11150=CARTESIAN_POINT('',(152.246911848662,-3.49996272165511,7.19376542201816));
#11151=CARTESIAN_POINT('',(-142.5,-7.88095013307405,-1.37500000000003));
#11152=VECTOR('',#11153,1.);
#11153=DIRECTION('',(0.,1.,0.));
#11154=CARTESIAN_POINT('',(-142.5,5.84032319311182,-1.37500000000003));
#11155=VECTOR('',#11156,1.);
#11156=DIRECTION('',(0.,1.,1.08811954099333E-16));
#11157=CARTESIAN_POINT('',(-142.5,5.89358761706315,1.12499999999997));
#11158=VECTOR('',#11159,1.);
#11159=DIRECTION('',(0.,1.,1.09548014098774E-16));
#11160=CARTESIAN_POINT('',(-142.5,-7.92050345622045,1.12499999999997));
#11161=VECTOR('',#11162,1.);
#11162=DIRECTION('',(0.,1.,1.09548014098774E-16));
#11163=CARTESIAN_POINT('',(142.5,5.89358761706313,1.125));
#11164=VECTOR('',#11165,1.);
#11165=DIRECTION('',(0.,1.,1.09548014098773E-16));
#11166=CARTESIAN_POINT('',(142.5,-7.92050345622044,1.125));
#11167=VECTOR('',#11168,1.);
#11168=DIRECTION('',(0.,1.,0.));
#11169=CARTESIAN_POINT('',(142.5,5.84032319311184,-1.375));
#11170=VECTOR('',#11171,1.);
#11171=DIRECTION('',(0.,1.,1.08811954099333E-16));
#11172=CARTESIAN_POINT('',(142.5,-7.88095013307406,-1.375));
#11173=VECTOR('',#11174,1.);
#11174=DIRECTION('',(0.,1.,1.08811954099333E-16));
#11175=CARTESIAN_POINT('',(152.246928684022,3.50003727832466,-7.19372915644566));
#11176=VECTOR('',#11177,1.);
#11177=DIRECTION('',(0.,0.,1.));
#11178=CARTESIAN_POINT('',(152.246911848645,-3.49996272165512,-7.19376542175089));
#11179=VECTOR('',#11180,1.);
#11180=DIRECTION('',(0.,0.,1.));
#11181=CARTESIAN_POINT('',(148.746920266343,-3.49995430397672,-7.19376952613543));
#11182=VECTOR('',#11183,1.);
#11183=DIRECTION('',(0.,0.,1.));
#11184=CARTESIAN_POINT('',(148.753071316145,3.50004029096003,-7.19372768192299));
#11185=VECTOR('',#11186,1.);
#11186=DIRECTION('',(0.,0.,1.));
#11187=CARTESIAN_POINT('',(-148.753071316145,3.50004029096005,-7.19372768170124));
#11188=VECTOR('',#11189,1.);
#11189=DIRECTION('',(0.,0.,1.));
#11190=CARTESIAN_POINT('',(-148.746920266343,-3.4999543039767,-7.19376951770911));
#11191=VECTOR('',#11192,1.);
#11192=DIRECTION('',(0.,0.,1.));
#11193=CARTESIAN_POINT('',(-152.246911848645,-3.4999627216551,-7.1937654307248));
#11194=VECTOR('',#11195,1.);
#11195=DIRECTION('',(0.,0.,1.));
#11196=CARTESIAN_POINT('',(-152.246928684022,3.50003727832467,-7.19372914769087));
#11197=VECTOR('',#11198,1.);
#11198=DIRECTION('',(0.,0.,1.));
#11199=CARTESIAN_POINT('',(-152.246928684022,3.50003727832467,4.87337039946051));
#11200=VECTOR('',#11201,1.);
#11201=DIRECTION('',(0.,0.,1.));
#11202=CARTESIAN_POINT('',(-152.246911848645,-3.4999627216551,4.87342394493169));
#11203=VECTOR('',#11204,1.);
#11204=DIRECTION('',(0.,0.,1.));
#11205=CARTESIAN_POINT('',(-148.746920266343,-3.4999543039767,4.87342999000393));
#11206=VECTOR('',#11207,1.);
#11207=DIRECTION('',(0.,0.,1.));
#11208=CARTESIAN_POINT('',(-148.753071316145,3.50004029096005,4.8733682354687));
#11209=VECTOR('',#11210,1.);
#11210=DIRECTION('',(0.,0.,1.));
#11211=CARTESIAN_POINT('',(148.753071316145,3.50004029096003,4.87336823579505));
#11212=VECTOR('',#11213,1.);
#11213=DIRECTION('',(0.,0.,1.));
#11214=CARTESIAN_POINT('',(148.746920266343,-3.49995430397672,4.87342999027227));
#11215=VECTOR('',#11216,1.);
#11216=DIRECTION('',(0.,0.,1.));
#11217=CARTESIAN_POINT('',(152.246911848645,-3.49996272165512,4.87342394519806));
#11218=VECTOR('',#11219,1.);
#11219=DIRECTION('',(0.,0.,1.));
#11220=CARTESIAN_POINT('',(152.246928684022,3.50003727832466,4.87337039946136));
#11221=VECTOR('',#11222,1.);
#11222=DIRECTION('',(0.,0.,1.));
#11223=CARTESIAN_POINT('',(8.,206.698729810778,-75.));
#11224=CARTESIAN_POINT('',(-8.,206.698729810778,-75.));
#11225=AXIS2_PLACEMENT_3D('',#11226,#11227,#11228);
#11226=CARTESIAN_POINT('',(0.,206.698729810778,-75.));
#11227=DIRECTION('',(0.,-0.5,0.866025403784439));
#11228=DIRECTION('',(1.,0.,0.));
#11229=CARTESIAN_POINT('',(-7.97539724769607,206.15579421968,-75.3134640096733));
#11230=AXIS2_PLACEMENT_3D('',#11231,#11232,#11233);
#11231=CARTESIAN_POINT('',(0.,206.698729810778,-75.));
#11232=DIRECTION('',(0.,-0.5,0.866025403784439));
#11233=DIRECTION('',(-1.,-1.03011610009614E-14,-5.94737807687074E-15));
#11234=AXIS2_PLACEMENT_3D('',#11235,#11236,#11237);
#11235=CARTESIAN_POINT('',(0.,206.698729810778,-75.));
#11236=DIRECTION('',(0.,-0.5,0.866025403784439));
#11237=DIRECTION('',(-0.996924655962008,-0.0678669488873216,-0.0391830012091737));
#11238=CARTESIAN_POINT('',(-7.97539724769606,215.457064408901,-91.4237365523317));
#11239=CARTESIAN_POINT('',(-7.9017403146395,217.082531754731,-90.4852725426582));
#11240=AXIS2_PLACEMENT_3D('',#11241,#11242,#11243);
#11241=CARTESIAN_POINT('',(0.,216.,-91.1102725426584));
#11242=DIRECTION('',(0.,-0.499999999999998,0.86602540378444));
#11243=DIRECTION('',(-0.987717539329936,0.135316469341365,0.0781250000000267));
#11244=CARTESIAN_POINT('',(-7.90174031463961,214.91746824527,-91.7352725426581));
#11245=AXIS2_PLACEMENT_3D('',#11246,#11247,#11248);
#11246=CARTESIAN_POINT('',(0.,216.,-91.1102725426584));
#11247=DIRECTION('',(0.,-0.499999999999998,0.86602540378444));
#11248=DIRECTION('',(-0.996924655962008,-0.0678669488873217,-0.0391830012091736));
#11249=CARTESIAN_POINT('',(-7.90174031463961,212.91746824527,-88.2711709275204));
#11250=CARTESIAN_POINT('',(-7.90174031463964,214.91746824527,-91.735272542658));
#11251=VECTOR('',#11252,1.);
#11252=DIRECTION('',(0.,-0.500000000000001,0.866025403784438));
#11253=CARTESIAN_POINT('',(-7.97539724769606,213.457064408901,-87.959634937194));
#11254=AXIS2_PLACEMENT_3D('',#11255,#11256,#11257);
#11255=CARTESIAN_POINT('',(0.,214.,-87.6461709275207));
#11256=DIRECTION('',(0.,-0.499999999999998,0.86602540378444));
#11257=DIRECTION('',(-0.996924655962008,-0.0678669488873217,-0.0391830012091736));
#11258=CARTESIAN_POINT('',(-7.90174031463952,215.082531754731,-87.0211709275205));
#11259=AXIS2_PLACEMENT_3D('',#11260,#11261,#11262);
#11260=CARTESIAN_POINT('',(0.,214.,-87.6461709275207));
#11261=DIRECTION('',(0.,-0.499999999999998,0.86602540378444));
#11262=DIRECTION('',(-0.987717539329943,0.135316469341326,0.078125000000004));
#11263=CARTESIAN_POINT('',(-7.90174031463947,217.082531754731,-90.4852725426581));
#11264=VECTOR('',#11265,1.);
#11265=DIRECTION('',(0.,-0.499999999999998,0.86602540378444));
#11266=CARTESIAN_POINT('',(-7.97539724769606,249.457064408901,-150.313464009673));
#11267=AXIS2_PLACEMENT_3D('',#11268,#11269,#11270);
#11268=CARTESIAN_POINT('',(0.,250.,-150.));
#11269=DIRECTION('',(0.,-0.5,0.866025403784439));
#11270=DIRECTION('',(1.,0.,0.));
#11271=CARTESIAN_POINT('',(8.,216.,-91.1102725426581));
#11272=CARTESIAN_POINT('',(7.90174031463955,217.082531754731,-90.4852725426581));
#11273=AXIS2_PLACEMENT_3D('',#11274,#11275,#11276);
#11274=CARTESIAN_POINT('',(0.,216.,-91.1102725426583));
#11275=DIRECTION('',(0.,-0.500000000000008,0.866025403784434));
#11276=DIRECTION('',(1.,0.,0.));
#11277=CARTESIAN_POINT('',(7.90174031463955,215.082531754731,-87.0211709275204));
#11278=CARTESIAN_POINT('',(7.90174031463952,215.082531754731,-87.0211709275204));
#11279=VECTOR('',#11280,1.);
#11280=DIRECTION('',(0.,0.5,-0.866025403784439));
#11281=CARTESIAN_POINT('',(8.,214.,-87.6461709275204));
#11282=AXIS2_PLACEMENT_3D('',#11283,#11284,#11285);
#11283=CARTESIAN_POINT('',(-7.105427357601E-15,214.,-87.6461709275206));
#11284=DIRECTION('',(0.,-0.500000000000003,0.866025403784437));
#11285=DIRECTION('',(1.,0.,0.));
#11286=CARTESIAN_POINT('',(7.90174031463956,212.91746824527,-88.2711709275204));
#11287=AXIS2_PLACEMENT_3D('',#11288,#11289,#11290);
#11288=CARTESIAN_POINT('',(-7.105427357601E-15,214.,-87.6461709275206));
#11289=DIRECTION('',(1.38777878078145E-17,-0.500000000000003,0.866025403784437));
#11290=DIRECTION('',(0.987717539329944,-0.135316469341319,-0.0781250000000007));
#11291=CARTESIAN_POINT('',(7.90174031463956,214.91746824527,-91.7352725426582));
#11292=CARTESIAN_POINT('',(7.9017403146396,212.91746824527,-88.2711709275204));
#11293=VECTOR('',#11294,1.);
#11294=DIRECTION('',(0.,0.500000000000005,-0.866025403784436));
#11295=AXIS2_PLACEMENT_3D('',#11296,#11297,#11298);
#11296=CARTESIAN_POINT('',(0.,216.,-91.1102725426583));
#11297=DIRECTION('',(1.38777878078145E-17,-0.500000000000008,0.866025403784434));
#11298=DIRECTION('',(0.987717539329945,-0.135316469341316,-0.078125));
#11299=CARTESIAN_POINT('',(1.25,222.84309669305,-87.1593830668484));
#11300=CARTESIAN_POINT('',(-1.25,222.84309669305,-87.1593830668484));
#11301=AXIS2_PLACEMENT_3D('',#11302,#11303,#11304);
#11302=CARTESIAN_POINT('',(0.,215.999988846465,-91.110253224168));
#11303=DIRECTION('',(0.,-0.500000000000002,0.866025403784437));
#11304=DIRECTION('',(0.15625,0.855388480823186,0.493858769664975));
#11305=CARTESIAN_POINT('',(-1.25,220.84309669305,-83.6952814517107));
#11306=CARTESIAN_POINT('',(-1.25,220.84309669305,-83.6952814517107));
#11307=VECTOR('',#11308,1.);
#11308=DIRECTION('',(0.,0.499999999999994,-0.866025403784442));
#11309=CARTESIAN_POINT('',(1.25,220.84309669305,-83.6952814517107));
#11310=AXIS2_PLACEMENT_3D('',#11311,#11312,#11313);
#11311=CARTESIAN_POINT('',(0.,213.999988846465,-87.6461516090303));
#11312=DIRECTION('',(0.,-0.500000000000002,0.866025403784437));
#11313=DIRECTION('',(0.15625,0.855388480823186,0.493858769664975));
#11314=CARTESIAN_POINT('',(1.25,220.84309669305,-83.6952814517107));
#11315=VECTOR('',#11316,1.);
#11316=DIRECTION('',(0.,0.499999999999994,-0.866025403784442));
#11317=CARTESIAN_POINT('',(1.25,207.156880999879,-91.5970217663501));
#11318=CARTESIAN_POINT('',(1.25,209.156880999879,-95.0611233814879));
#11319=CARTESIAN_POINT('',(1.25,209.156880999879,-95.0611233814878));
#11320=VECTOR('',#11321,1.);
#11321=DIRECTION('',(1.11022302462519E-16,-0.500000000000001,0.866025403784438));
#11322=CARTESIAN_POINT('',(-1.25,207.156880999879,-91.5970217663502));
#11323=AXIS2_PLACEMENT_3D('',#11324,#11325,#11326);
#11324=CARTESIAN_POINT('',(0.,213.999988846464,-87.6461516090303));
#11325=DIRECTION('',(6.93889390390723E-18,-0.500000000000003,0.866025403784437));
#11326=DIRECTION('',(-0.15625,-0.855388480823185,-0.493858769664975));
#11327=CARTESIAN_POINT('',(-1.25,209.156880999879,-95.0611233814878));
#11328=CARTESIAN_POINT('',(-1.25,209.156880999879,-95.0611233814878));
#11329=VECTOR('',#11330,1.);
#11330=DIRECTION('',(5.55111512312627E-17,-0.500000000000001,0.866025403784438));
#11331=AXIS2_PLACEMENT_3D('',#11332,#11333,#11334);
#11332=CARTESIAN_POINT('',(0.,215.999988846464,-91.110253224168));
#11333=DIRECTION('',(6.93889390390723E-18,-0.500000000000003,0.866025403784437));
#11334=DIRECTION('',(-0.15625,-0.855388480823185,-0.493858769664975));
#11335=CARTESIAN_POINT('',(10.,206.698729810778,-75.));
#11336=CARTESIAN_POINT('',(-10.,206.698729810778,-75.));
#11337=AXIS2_PLACEMENT_3D('',#11338,#11339,#11340);
#11338=CARTESIAN_POINT('',(0.,206.698729810778,-75.));
#11339=DIRECTION('',(0.,0.5,-0.866025403784439));
#11340=DIRECTION('',(1.,0.,0.));
#11341=CARTESIAN_POINT('',(-9.98037259236655,207.241060141991,-74.6868854372842));
#11342=AXIS2_PLACEMENT_3D('',#11343,#11344,#11345);
#11343=CARTESIAN_POINT('',(0.,206.698729810778,-75.));
#11344=DIRECTION('',(0.,0.5,-0.866025403784439));
#11345=DIRECTION('',(-1.,-8.24092880076912E-15,-4.7579024614966E-15));
#11346=AXIS2_PLACEMENT_3D('',#11347,#11348,#11349);
#11347=CARTESIAN_POINT('',(0.,206.698729810778,-75.));
#11348=DIRECTION('',(0.,0.5,-0.866025403784439));
#11349=DIRECTION('',(-0.998037259236655,0.0542330331213322,0.031311456271571));
#11350=CARTESIAN_POINT('',(-9.92156741649222,208.582531754731,-75.7628406783227));
#11351=CARTESIAN_POINT('',(-9.92156741649222,223.582531754731,-101.743602791856));
#11352=CARTESIAN_POINT('',(-9.92156741649215,208.582531754731,-75.7628406783227));
#11353=VECTOR('',#11354,1.);
#11354=DIRECTION('',(0.,0.500000000000001,-0.866025403784438));
#11355=CARTESIAN_POINT('',(-9.98037259236655,208.049680978198,-76.0874578096526));
#11356=CARTESIAN_POINT('',(-9.98037259236655,208.049680978198,-76.0874578096526));
#11357=CARTESIAN_POINT('',(-9.96728979536543,208.228615266356,-75.980373372032));
#11358=CARTESIAN_POINT('',(-9.94768165421653,208.406290327815,-75.8721322446852));
#11359=CARTESIAN_POINT('',(-9.92156741649222,208.582531754731,-75.762840678323));
#11360=CARTESIAN_POINT('',(-9.92156741649222,206.41746824527,-77.0128406783227));
#11361=CARTESIAN_POINT('',(-9.92156741649222,206.41746824527,-77.012840678323));
#11362=CARTESIAN_POINT('',(-10.0000128759116,206.966497311269,-76.7185038528314));
#11363=CARTESIAN_POINT('',(-10.0196724575235,207.512174098287,-76.4091324453242));
#11364=CARTESIAN_POINT('',(-9.98037259236655,208.049680978198,-76.0874578096526));
#11365=CARTESIAN_POINT('',(-9.92156741649222,221.41746824527,-102.993602791856));
#11366=CARTESIAN_POINT('',(-9.92156741649228,206.41746824527,-77.0128406783227));
#11367=VECTOR('',#11368,1.);
#11368=DIRECTION('',(0.,0.5,-0.866025403784439));
#11369=CARTESIAN_POINT('',(-9.98037259236655,223.034979684229,-102.042756535095));
#11370=CARTESIAN_POINT('',(-9.92156741649222,221.41746824527,-102.993602791856));
#11371=CARTESIAN_POINT('',(-10.0000128759116,221.946885946414,-102.66529808603));
#11372=CARTESIAN_POINT('',(-10.0196724575235,222.487647838029,-102.347413829971));
#11373=CARTESIAN_POINT('',(-9.98037259236655,223.034979684229,-102.042756535095));
#11374=CARTESIAN_POINT('',(-9.98037259236655,223.034979684229,-102.042756535095));
#11375=CARTESIAN_POINT('',(-9.96728979536543,223.217184671638,-101.941337114752));
#11376=CARTESIAN_POINT('',(-9.94768165421653,223.399761768383,-101.841586561584));
#11377=CARTESIAN_POINT('',(-9.92156741649222,223.582531754731,-101.743602791856));
#11378=CARTESIAN_POINT('',(-9.98037259236655,233.542330331213,-120.242021708613));
#11379=AXIS2_PLACEMENT_3D('',#11380,#11381,#11382);
#11380=CARTESIAN_POINT('',(0.,233.,-120.555136271329));
#11381=DIRECTION('',(0.,0.5,-0.866025403784439));
#11382=DIRECTION('',(-0.998037259236655,0.0542330331213312,0.0313114562715704));
#11383=CARTESIAN_POINT('',(10.,216.,-91.1102725426581));
#11384=CARTESIAN_POINT('',(9.92156741649221,214.91746824527,-91.7352725426582));
#11385=AXIS2_PLACEMENT_3D('',#11386,#11387,#11388);
#11386=CARTESIAN_POINT('',(0.,216.,-91.1102725426583));
#11387=DIRECTION('',(0.,0.500000000000008,-0.866025403784434));
#11388=DIRECTION('',(1.,0.,0.));
#11389=CARTESIAN_POINT('',(9.92156741649222,212.91746824527,-88.2711709275204));
#11390=CARTESIAN_POINT('',(9.92156741649225,212.91746824527,-88.2711709275204));
#11391=VECTOR('',#11392,1.);
#11392=DIRECTION('',(0.,0.500000000000003,-0.866025403784437));
#11393=CARTESIAN_POINT('',(10.,214.,-87.6461709275204));
#11394=AXIS2_PLACEMENT_3D('',#11395,#11396,#11397);
#11395=CARTESIAN_POINT('',(-7.105427357601E-15,214.,-87.6461709275206));
#11396=DIRECTION('',(0.,0.500000000000003,-0.866025403784437));
#11397=DIRECTION('',(1.,0.,0.));
#11398=CARTESIAN_POINT('',(9.92156741649221,215.082531754731,-87.0211709275204));
#11399=AXIS2_PLACEMENT_3D('',#11400,#11401,#11402);
#11400=CARTESIAN_POINT('',(-7.105427357601E-15,214.,-87.6461709275206));
#11401=DIRECTION('',(-6.93889390390723E-18,0.500000000000003,-0.866025403784437));
#11402=DIRECTION('',(0.992156741649221,0.108253175473056,0.0625000000000009));
#11403=CARTESIAN_POINT('',(9.92156741649221,217.082531754731,-90.4852725426581));
#11404=CARTESIAN_POINT('',(9.92156741649218,215.082531754731,-87.0211709275204));
#11405=VECTOR('',#11406,1.);
#11406=DIRECTION('',(4.44089209850069E-16,0.5,-0.866025403784439));
#11407=AXIS2_PLACEMENT_3D('',#11408,#11409,#11410);
#11408=CARTESIAN_POINT('',(0.,216.,-91.1102725426583));
#11409=DIRECTION('',(-6.93889390390723E-18,0.500000000000008,-0.866025403784434));
#11410=DIRECTION('',(0.992156741649221,0.108253175473055,0.0625000000000016));
#11411=CARTESIAN_POINT('',(1.25,224.592318274507,-86.1494695159221));
#11412=CARTESIAN_POINT('',(1.25,222.592318274507,-82.6853679007843));
#11413=CARTESIAN_POINT('',(1.24999999999999,222.592318274507,-82.6853679007844));
#11414=VECTOR('',#11415,1.);
#11415=DIRECTION('',(0.,0.499999999999992,-0.866025403784443));
#11416=CARTESIAN_POINT('',(-1.25,222.592318274507,-82.6853679007843));
#11417=AXIS2_PLACEMENT_3D('',#11418,#11419,#11420);
#11418=CARTESIAN_POINT('',(0.,213.999988846465,-87.6461516090303));
#11419=DIRECTION('',(0.,0.500000000000002,-0.866025403784437));
#11420=DIRECTION('',(-0.125,0.859232942804219,0.496078370824613));
#11421=CARTESIAN_POINT('',(-1.25,224.592318274507,-86.1494695159221));
#11422=CARTESIAN_POINT('',(-1.24999999999999,222.592318274507,-82.6853679007844));
#11423=VECTOR('',#11424,1.);
#11424=DIRECTION('',(0.,0.499999999999999,-0.866025403784439));
#11425=AXIS2_PLACEMENT_3D('',#11426,#11427,#11428);
#11426=CARTESIAN_POINT('',(0.,215.999988846465,-91.110253224168));
#11427=DIRECTION('',(0.,0.500000000000002,-0.866025403784437));
#11428=DIRECTION('',(-0.125,0.859232942804219,0.496078370824613));
#11429=CARTESIAN_POINT('',(1.25,213.907659418422,-107.329367181612));
#11430=CARTESIAN_POINT('',(1.25,198.907659418422,-81.3486050680789));
#11431=CARTESIAN_POINT('',(1.25,198.907659418422,-81.3486050680787));
#11432=VECTOR('',#11433,1.);
#11433=DIRECTION('',(-5.92118946466747E-17,0.500000000000001,-0.866025403784438));
#11434=CARTESIAN_POINT('',(-1.25,213.907659418422,-107.329367181612));
#11435=CARTESIAN_POINT('',(1.25,213.907659418422,-107.329367181612));
#11436=CARTESIAN_POINT('',(0.418856801404362,213.803884985738,-107.359052992377));
#11437=CARTESIAN_POINT('',(-0.418856801402045,213.803884985738,-107.359052992377));
#11438=CARTESIAN_POINT('',(-1.2499999999977,213.907659418422,-107.329367181612));
#11439=CARTESIAN_POINT('',(-1.25,198.907659418422,-81.3486050680789));
#11440=CARTESIAN_POINT('',(-1.25,198.907659418422,-81.3486050680787));
#11441=VECTOR('',#11442,1.);
#11442=DIRECTION('',(-2.07241631263361E-16,0.500000000000001,-0.866025403784438));
#11443=CARTESIAN_POINT('',(1.25,198.907659418422,-81.3486050680787));
#11444=CARTESIAN_POINT('',(0.418856801404519,198.830063535825,-81.4236334576642));
#11445=CARTESIAN_POINT('',(-0.418856801401739,198.830063535825,-81.4236334576643));
#11446=CARTESIAN_POINT('',(-1.24999999999726,198.907659418422,-81.3486050680789));
#11447=CARTESIAN_POINT('',(-29.9215674164922,218.91746824527,-98.6634757729337));
#11448=CARTESIAN_POINT('',(-9.92156741649222,221.41746824527,-102.993602791856));
#11449=VECTOR('',#11450,1.);
#11450=DIRECTION('',(-0.970142500145332,-0.121267812518167,0.210042012604201));
#11451=CARTESIAN_POINT('',(-29.9215674164922,221.082531754731,-97.4134757729337));
#11452=CARTESIAN_POINT('',(-29.9215674164922,218.91746824527,-98.6634757729337));
#11453=VECTOR('',#11454,1.);
#11454=DIRECTION('',(0.,0.86602540378444,0.499999999999998));
#11455=CARTESIAN_POINT('',(-9.92156741649222,223.582531754731,-101.743602791856));
#11456=VECTOR('',#11457,1.);
#11457=DIRECTION('',(-0.970142500145332,-0.121267812518167,0.210042012604201));
#11458=CARTESIAN_POINT('',(-29.9215674164922,211.082531754731,-80.0929676972449));
#11459=CARTESIAN_POINT('',(-29.9215674164922,211.082531754731,-80.0929676972449));
#11460=VECTOR('',#11461,1.);
#11461=DIRECTION('',(0.970142500145332,-0.121267812518166,0.210042012604202));
#11462=CARTESIAN_POINT('',(-29.9215674164922,208.91746824527,-81.3429676972449));
#11463=CARTESIAN_POINT('',(-29.9215674164922,208.91746824527,-81.3429676972449));
#11464=VECTOR('',#11465,1.);
#11465=DIRECTION('',(0.,0.866025403784442,0.499999999999994));
#11466=CARTESIAN_POINT('',(-29.9215674164922,208.91746824527,-81.3429676972449));
#11467=VECTOR('',#11468,1.);
#11468=DIRECTION('',(0.970142500145332,-0.121267812518166,0.210042012604202));
#11469=CARTESIAN_POINT('',(-4.92156741649222,212.91746824527,-88.2711709275204));
#11470=CARTESIAN_POINT('',(-7.90174031463956,212.91746824527,-88.2711709275204));
#11471=VECTOR('',#11472,1.);
#11472=DIRECTION('',(1.,0.,0.));
#11473=CARTESIAN_POINT('',(-4.92156741649222,215.082531754731,-87.0211709275204));
#11474=CARTESIAN_POINT('',(-4.92156741649222,212.91746824527,-88.2711709275204));
#11475=VECTOR('',#11476,1.);
#11476=DIRECTION('',(0.,0.86602540378444,0.499999999999998));
#11477=CARTESIAN_POINT('',(-7.90174031463955,215.082531754731,-87.0211709275204));
#11478=VECTOR('',#11479,1.);
#11479=DIRECTION('',(1.,0.,0.));
#11480=CARTESIAN_POINT('',(-4.92156741649222,217.082531754731,-90.4852725426582));
#11481=CARTESIAN_POINT('',(-4.92156741649222,217.082531754731,-90.4852725426582));
#11482=VECTOR('',#11483,1.);
#11483=DIRECTION('',(-1.,0.,0.));
#11484=CARTESIAN_POINT('',(-4.92156741649222,214.91746824527,-91.7352725426582));
#11485=CARTESIAN_POINT('',(-4.92156741649222,214.91746824527,-91.7352725426582));
#11486=VECTOR('',#11487,1.);
#11487=DIRECTION('',(0.,0.86602540378444,0.499999999999998));
#11488=CARTESIAN_POINT('',(-4.92156741649222,214.91746824527,-91.7352725426582));
#11489=VECTOR('',#11490,1.);
#11490=DIRECTION('',(-1.,0.,0.));
#11491=CARTESIAN_POINT('',(-29.9215674164922,221.082531754731,-97.4134757729337));
#11492=VECTOR('',#11493,1.);
#11493=DIRECTION('',(0.,-0.500000000000001,0.866025403784438));
#11494=CARTESIAN_POINT('',(-25.4215632075988,216.957552197686,-90.2688015999492));
#11495=CARTESIAN_POINT('',(-18.421568612662,216.954476672785,-90.2634746345606));
#11496=AXIS2_PLACEMENT_3D('',#11497,#11498,#11499);
#11497=CARTESIAN_POINT('',(-21.9215632075988,216.957552197686,-90.2688015999492));
#11498=DIRECTION('',(1.0842021724855E-19,0.866025403784438,0.500000000000001));
#11499=DIRECTION('',(0.999998455696209,-0.00087872140030556,0.0015219901110273));
#11500=CARTESIAN_POINT('',(-18.4215716252974,215.207547988847,-87.2377053967803));
#11501=CARTESIAN_POINT('',(-18.4215716252974,215.207547988847,-87.2377053967803));
#11502=VECTOR('',#11503,1.);
#11503=DIRECTION('',(8.62266273113822E-7,0.499999999999821,-0.866025403784113));
#11504=CARTESIAN_POINT('',(-25.4215716252772,215.207556406536,-87.2377199766445));
#11505=AXIS2_PLACEMENT_3D('',#11506,#11507,#11508);
#11506=CARTESIAN_POINT('',(-21.9215716252873,215.207552197691,-87.2377126867124));
#11507=DIRECTION('',(0.,0.866025403784438,0.500000000000001));
#11508=DIRECTION('',(-0.999999999997108,1.2025269324634E-6,-2.08283774449655E-6));
#11509=CARTESIAN_POINT('',(-25.4215632075988,216.957552197686,-90.2688015999492));
#11510=VECTOR('',#11511,1.);
#11511=DIRECTION('',(-2.40505675511283E-6,-0.499999999998553,0.866025403781935));
#11512=CARTESIAN_POINT('',(-4.92156741649222,215.082531754731,-87.0211709275204));
#11513=VECTOR('',#11514,1.);
#11514=DIRECTION('',(0.,0.500000000000001,-0.866025403784439));
#11515=CARTESIAN_POINT('',(-29.9215674164922,218.91746824527,-98.6634757729337));
#11516=VECTOR('',#11517,1.);
#11517=DIRECTION('',(0.,-0.5,0.866025403784439));
#11518=CARTESIAN_POINT('',(-18.421568612662,214.789413163324,-91.5134746345606));
#11519=CARTESIAN_POINT('',(-25.4215632075988,214.792488688225,-91.5188015999492));
#11520=AXIS2_PLACEMENT_3D('',#11521,#11522,#11523);
#11521=CARTESIAN_POINT('',(-21.9215632075988,214.792488688225,-91.5188015999492));
#11522=DIRECTION('',(1.0842021724855E-19,0.866025403784438,0.500000000000001));
#11523=DIRECTION('',(0.999998455696209,-0.00087872140030556,0.0015219901110273));
#11524=CARTESIAN_POINT('',(-25.4215716252772,213.042492897075,-88.4877199766445));
#11525=CARTESIAN_POINT('',(-25.4215632075988,214.792488688225,-91.5188015999492));
#11526=VECTOR('',#11527,1.);
#11527=DIRECTION('',(-2.40505675511282E-6,-0.499999999998551,0.866025403781936));
#11528=CARTESIAN_POINT('',(-18.4215716252974,213.042484479386,-88.4877053967803));
#11529=AXIS2_PLACEMENT_3D('',#11530,#11531,#11532);
#11530=CARTESIAN_POINT('',(-21.9215716252873,213.04248868823,-88.4877126867124));
#11531=DIRECTION('',(0.,0.866025403784438,0.500000000000001));
#11532=DIRECTION('',(-0.999999999997108,1.2025269324634E-6,-2.08283774449655E-6));
#11533=CARTESIAN_POINT('',(-18.4215716252974,213.042484479386,-88.4877053967803));
#11534=VECTOR('',#11535,1.);
#11535=DIRECTION('',(8.62266273113825E-7,0.499999999999815,-0.866025403784116));
#11536=CARTESIAN_POINT('',(-4.92156741649222,212.91746824527,-88.2711709275204));
#11537=VECTOR('',#11538,1.);
#11538=DIRECTION('',(0.,0.500000000000001,-0.866025403784439));
#11539=CARTESIAN_POINT('',(8.,76.7949192431123,2.77685644708588E-14));
#11540=CARTESIAN_POINT('',(-8.,76.7949192431123,8.04259164926702E-14));
#11541=AXIS2_PLACEMENT_3D('',#11542,#11543,#11544);
#11542=CARTESIAN_POINT('',(0.,76.7949192431123,0.));
#11543=DIRECTION('',(0.,-1.,-1.8947806286936E-16));
#11544=DIRECTION('',(1.,-6.84763490948677E-31,3.61394601875787E-15));
#11545=AXIS2_PLACEMENT_3D('',#11546,#11547,#11548);
#11546=CARTESIAN_POINT('',(0.,76.7949192431123,0.));
#11547=DIRECTION('',(0.,-1.,-1.8947806286936E-16));
#11548=DIRECTION('',(-1.,-1.1432257296498E-30,6.03355191802877E-15));
#11549=CARTESIAN_POINT('',(-18.3298925990712,243.070982899438,-154.000469888229));
#11550=CARTESIAN_POINT('',(-18.3298925990712,256.929017100562,-145.999530111771));
#11551=AXIS2_PLACEMENT_3D('',#11552,#11553,#11554);
#11552=CARTESIAN_POINT('',(-6.66133814775094E-16,250.,-150.));
#11553=DIRECTION('',(0.,0.5,-0.866025403784439));
#11554=DIRECTION('',(-0.916494629953563,-0.346450855028114,-0.200023494411458));
#11555=CARTESIAN_POINT('',(-7.33041895215026,278.752368919612,-133.399812064423));
#11556=CARTESIAN_POINT('',(-18.3298925990712,256.929017100562,-145.999530111771));
#11557=VECTOR('',#11558,1.);
#11558=DIRECTION('',(0.400046988822916,0.793707631971803,0.458247314976782));
#11559=CARTESIAN_POINT('',(-5.32907051820075E-15,282.908965181615,-131.000000093643));
#11560=AXIS2_PLACEMENT_3D('',#11561,#11562,#11563);
#11561=CARTESIAN_POINT('',(0.00153808747824979,275.980762079387,-135.000000019714));
#11562=DIRECTION('',(0.,0.5,-0.866025403784439));
#11563=DIRECTION('',(-0.916494629953563,0.346450855028115,0.200023494411458));
#11564=CARTESIAN_POINT('',(7.33041895215025,278.752368919612,-133.399812064423));
#11565=AXIS2_PLACEMENT_3D('',#11566,#11567,#11568);
#11566=CARTESIAN_POINT('',(-0.00153808747825468,275.980762079387,-135.000000019714));
#11567=DIRECTION('',(0.,0.5,-0.866025403784439));
#11568=DIRECTION('',(0.000192260934781468,0.866025387778441,0.499999990758933));
#11569=CARTESIAN_POINT('',(18.3298925990712,256.929017100562,-145.999530111771));
#11570=CARTESIAN_POINT('',(7.33041895215024,278.752368919612,-133.399812064423));
#11571=VECTOR('',#11572,1.);
#11572=DIRECTION('',(0.400046988822916,-0.793707631971803,-0.458247314976782));
#11573=CARTESIAN_POINT('',(18.3298925990712,243.070982899438,-154.000469888229));
#11574=AXIS2_PLACEMENT_3D('',#11575,#11576,#11577);
#11575=CARTESIAN_POINT('',(-6.66133814775094E-16,250.,-150.));
#11576=DIRECTION('',(0.,0.5,-0.866025403784439));
#11577=DIRECTION('',(0.916494629953563,0.346450855028113,0.200023494411457));
#11578=CARTESIAN_POINT('',(7.33041895215025,221.247631080388,-166.600187935577));
#11579=CARTESIAN_POINT('',(18.3298925990712,243.070982899438,-154.000469888229));
#11580=VECTOR('',#11581,1.);
#11581=DIRECTION('',(-0.400046988822916,-0.793707631971803,-0.458247314976782));
#11582=CARTESIAN_POINT('',(2.77555756156289E-15,217.091034818385,-168.999999906357));
#11583=AXIS2_PLACEMENT_3D('',#11584,#11585,#11586);
#11584=CARTESIAN_POINT('',(-0.0015380874782509,224.019237920613,-164.999999980286));
#11585=DIRECTION('',(0.,0.5,-0.866025403784439));
#11586=DIRECTION('',(0.916494629953564,-0.346450855028113,-0.200023494411457));
#11587=CARTESIAN_POINT('',(-7.33041895215025,221.247631080388,-166.600187935577));
#11588=AXIS2_PLACEMENT_3D('',#11589,#11590,#11591);
#11589=CARTESIAN_POINT('',(0.00153808747825357,224.019237920613,-164.999999980286));
#11590=DIRECTION('',(0.,0.5,-0.866025403784439));
#11591=DIRECTION('',(-0.000192260934781268,-0.866025387778441,-0.499999990758933));
#11592=CARTESIAN_POINT('',(-7.33041895215024,221.247631080388,-166.600187935577));
#11593=VECTOR('',#11594,1.);
#11594=DIRECTION('',(-0.400046988822916,0.793707631971803,0.458247314976782));
#11595=CARTESIAN_POINT('',(-3.10862446895044E-15,278.795344326491,-133.375000201692));
#11596=CARTESIAN_POINT('',(-1.77635683940025E-15,273.166179832283,-136.624999837736));
#11597=AXIS2_PLACEMENT_3D('',#11598,#11599,#11600);
#11598=CARTESIAN_POINT('',(0.00153808747824979,275.980762079387,-135.000000019714));
#11599=DIRECTION('',(0.,0.5,-0.866025403784439));
#11600=DIRECTION('',(-0.000473257685615874,-0.86602530680135,-0.499999944006787));
#11601=AXIS2_PLACEMENT_3D('',#11602,#11603,#11604);
#11602=CARTESIAN_POINT('',(-0.00153808747825468,275.980762079387,-135.000000019714));
#11603=DIRECTION('',(0.,0.5,-0.866025403784439));
#11604=DIRECTION('',(0.000473257685616011,0.86602530680135,0.499999944006787));
#11605=CARTESIAN_POINT('',(1.77635683940025E-15,221.204655673509,-166.624999798308));
#11606=CARTESIAN_POINT('',(6.66133814775094E-16,226.833820167717,-163.375000162264));
#11607=AXIS2_PLACEMENT_3D('',#11608,#11609,#11610);
#11608=CARTESIAN_POINT('',(-0.0015380874782509,224.019237920613,-164.999999980286));
#11609=DIRECTION('',(0.,0.5,-0.866025403784439));
#11610=DIRECTION('',(0.000473257685616011,0.86602530680135,0.499999944006787));
#11611=AXIS2_PLACEMENT_3D('',#11612,#11613,#11614);
#11612=CARTESIAN_POINT('',(0.00153808747825357,224.019237920613,-164.999999980286));
#11613=DIRECTION('',(0.,0.5,-0.866025403784439));
#11614=DIRECTION('',(-0.000473257685615874,-0.86602530680135,-0.499999944006787));
#11615=CARTESIAN_POINT('',(9.92156741649221,215.082531754731,-87.0211709275204));
#11616=VECTOR('',#11617,1.);
#11617=DIRECTION('',(-1.,0.,7.0356787975403E-15));
#11618=CARTESIAN_POINT('',(9.92156741649221,217.082531754731,-90.4852725426581));
#11619=VECTOR('',#11620,1.);
#11620=DIRECTION('',(-1.,0.,0.));
#11621=CARTESIAN_POINT('',(9.92156741649221,214.91746824527,-91.7352725426582));
#11622=VECTOR('',#11623,1.);
#11623=DIRECTION('',(-1.,0.,7.03567879754032E-15));
#11624=CARTESIAN_POINT('',(9.92156741649222,212.91746824527,-88.2711709275204));
#11625=VECTOR('',#11626,1.);
#11626=DIRECTION('',(-1.,0.,-7.03567879754029E-15));
#11627=CARTESIAN_POINT('',(1.25,222.84309669305,-87.1593830668484));
#11628=VECTOR('',#11629,1.);
#11629=DIRECTION('',(0.,0.866025403784437,0.500000000000003));
#11630=CARTESIAN_POINT('',(-1.25,222.84309669305,-87.1593830668484));
#11631=VECTOR('',#11632,1.);
#11632=DIRECTION('',(0.,0.866025403784443,0.499999999999993));
#11633=CARTESIAN_POINT('',(-1.25,220.84309669305,-83.6952814517107));
#11634=VECTOR('',#11635,1.);
#11635=DIRECTION('',(0.,0.866025403784444,0.49999999999999));
#11636=CARTESIAN_POINT('',(1.25,220.84309669305,-83.6952814517107));
#11637=VECTOR('',#11638,1.);
#11638=DIRECTION('',(0.,0.866025403784434,0.500000000000008));
#11639=CARTESIAN_POINT('',(1.25,211.737786437344,-93.5710369324143));
#11640=CARTESIAN_POINT('',(1.25,211.737786437344,-93.5710369324143));
#11641=VECTOR('',#11642,1.);
#11642=DIRECTION('',(0.,-0.866025403784436,-0.500000000000004));
#11643=CARTESIAN_POINT('',(1.25,209.737786437344,-90.1069353172766));
#11644=CARTESIAN_POINT('',(1.25,209.737786437344,-90.1069353172766));
#11645=VECTOR('',#11646,1.);
#11646=DIRECTION('',(-1.11022302462516E-16,0.500000000000001,-0.866025403784439));
#11647=CARTESIAN_POINT('',(1.25,207.156880999879,-91.5970217663501));
#11648=VECTOR('',#11649,1.);
#11649=DIRECTION('',(0.,0.866025403784436,0.500000000000004));
#11650=CARTESIAN_POINT('',(-1.25,209.737786437344,-90.1069353172766));
#11651=CARTESIAN_POINT('',(1.25,209.737786437344,-90.1069353172766));
#11652=VECTOR('',#11653,1.);
#11653=DIRECTION('',(-1.,0.,0.));
#11654=CARTESIAN_POINT('',(-1.25,207.156880999879,-91.5970217663501));
#11655=VECTOR('',#11656,1.);
#11656=DIRECTION('',(0.,0.866025403784436,0.500000000000004));
#11657=CARTESIAN_POINT('',(-1.25,211.737786437344,-93.5710369324143));
#11658=CARTESIAN_POINT('',(-1.25,209.737786437344,-90.1069353172766));
#11659=VECTOR('',#11660,1.);
#11660=DIRECTION('',(-1.11022302462516E-16,0.500000000000001,-0.866025403784439));
#11661=CARTESIAN_POINT('',(-1.25,211.737786437344,-93.5710369324143));
#11662=VECTOR('',#11663,1.);
#11663=DIRECTION('',(0.,-0.866025403784436,-0.500000000000004));
#11664=CARTESIAN_POINT('',(1.25,211.737786437344,-93.5710369324143));
#11665=VECTOR('',#11666,1.);
#11666=DIRECTION('',(-1.,0.,0.));
#11667=CARTESIAN_POINT('',(1.9287034382728E-15,243.392304845413,-114.555136271329));
#11668=AXIS2_PLACEMENT_3D('',#11669,#11670,#11671);
#11669=CARTESIAN_POINT('',(-2.22044604925031E-16,233.,-120.555136271329));
#11670=DIRECTION('',(0.,-0.5,0.866025403784439));
#11671=DIRECTION('',(6.12323399573677E-17,0.866025403784439,0.5));
#11672=CARTESIAN_POINT('',(10.,76.7949192431123,2.92381406298356E-14));
#11673=CARTESIAN_POINT('',(-10.,76.7949192431123,6.33365228188354E-14));
#11674=AXIS2_PLACEMENT_3D('',#11675,#11676,#11677);
#11675=CARTESIAN_POINT('',(0.,76.7949192431123,0.));
#11676=DIRECTION('',(0.,1.,1.8947806286936E-16));
#11677=DIRECTION('',(1.,-5.16473164501528E-31,2.72576759905774E-15));
#11678=AXIS2_PLACEMENT_3D('',#11679,#11680,#11681);
#11679=CARTESIAN_POINT('',(0.,76.7949192431123,0.));
#11680=DIRECTION('',(0.,1.,1.8947806286936E-16));
#11681=DIRECTION('',(-1.,-8.53053817395826E-31,4.50212443845799E-15));
#11682=CARTESIAN_POINT('',(1.25,184.087151342733,-95.6787320870011));
#11683=CARTESIAN_POINT('',(1.25,184.087151342733,-95.6787320870011));
#11684=VECTOR('',#11685,1.);
#11685=DIRECTION('',(3.23122362248628E-17,0.718900237898638,0.695113262676869));
#11686=CARTESIAN_POINT('',(1.25,194.087151342733,-112.99924016269));
#11687=CARTESIAN_POINT('',(1.25,194.087151342733,-112.99924016269));
#11688=VECTOR('',#11689,1.);
#11689=DIRECTION('',(1.22124532708767E-16,-0.500000000000003,0.866025403784437));
#11690=CARTESIAN_POINT('',(1.25,213.907659418422,-107.329367181612));
#11691=VECTOR('',#11692,1.);
#11692=DIRECTION('',(2.15414908165752E-17,-0.961435862934972,-0.275029237468467));
#11693=CARTESIAN_POINT('',(1.25,193.859289747727,-103.604563885259));
#11694=CARTESIAN_POINT('',(1.25,192.109286666653,-100.573486470793));
#11695=CARTESIAN_POINT('',(1.25,193.859289747727,-103.604563885259));
#11696=VECTOR('',#11697,1.);
#11697=DIRECTION('',(1.26882936546029E-16,-0.500002082838798,0.866024201253558));
#11698=CARTESIAN_POINT('',(1.25,198.171456075438,-97.0734718909391));
#11699=AXIS2_PLACEMENT_3D('',#11700,#11701,#11702);
#11700=CARTESIAN_POINT('',(1.25,195.140371371046,-98.8234791808662));
#11701=DIRECTION('',(-1.,-6.1232339957368E-17,1.06057523872491E-16));
#11702=DIRECTION('',(-2.94534151352728E-22,-0.866024201255002,-0.500002082836298));
#11703=CARTESIAN_POINT('',(1.25,199.918387368395,-100.099239622402));
#11704=CARTESIAN_POINT('',(1.25,198.171456075438,-97.0734718909391));
#11705=VECTOR('',#11706,1.);
#11706=DIRECTION('',(-1.27105706699137E-16,0.500000746744316,-0.866024972650978));
#11707=AXIS2_PLACEMENT_3D('',#11708,#11709,#11710);
#11708=CARTESIAN_POINT('',(1.25,196.890378660973,-101.854563885259));
#11709=DIRECTION('',(-1.,-6.12323399573679E-17,1.06057523872491E-16));
#11710=DIRECTION('',(2.15224670044786E-19,0.86514534497782,0.50152121795913));
#11711=CARTESIAN_POINT('',(-1.25,194.087151342733,-112.99924016269));
#11712=CARTESIAN_POINT('',(1.25,194.087151342733,-112.99924016269));
#11713=VECTOR('',#11714,1.);
#11714=DIRECTION('',(-1.,0.,0.));
#11715=CARTESIAN_POINT('',(-1.25,213.907659418422,-107.329367181612));
#11716=VECTOR('',#11717,1.);
#11717=DIRECTION('',(2.15414908165752E-17,-0.961435862934972,-0.275029237468467));
#11718=CARTESIAN_POINT('',(-1.25,184.087151342733,-95.6787320870011));
#11719=CARTESIAN_POINT('',(-1.25,194.087151342733,-112.99924016269));
#11720=VECTOR('',#11721,1.);
#11721=DIRECTION('',(1.33226762955019E-16,-0.500000000000003,0.866025403784437));
#11722=CARTESIAN_POINT('',(-1.25,184.087151342733,-95.6787320870011));
#11723=VECTOR('',#11724,1.);
#11724=DIRECTION('',(3.23122362248628E-17,0.718900237898638,0.695113262676869));
#11725=CARTESIAN_POINT('',(-1.25,192.109286666653,-100.573486470793));
#11726=CARTESIAN_POINT('',(-1.25,193.859289747727,-103.604563885259));
#11727=CARTESIAN_POINT('',(-1.25,193.859289747727,-103.604563885259));
#11728=VECTOR('',#11729,1.);
#11729=DIRECTION('',(1.26882936546029E-16,-0.500002082838798,0.866024201253558));
#11730=CARTESIAN_POINT('',(-1.25,199.918387368395,-100.099239622402));
#11731=AXIS2_PLACEMENT_3D('',#11732,#11733,#11734);
#11732=CARTESIAN_POINT('',(-1.25,196.890378660973,-101.854563885259));
#11733=DIRECTION('',(-1.,-6.12323399573679E-17,1.06057523872491E-16));
#11734=DIRECTION('',(2.15224670044786E-19,0.86514534497782,0.50152121795913));
#11735=CARTESIAN_POINT('',(-1.25,198.171456075438,-97.0734718909391));
#11736=CARTESIAN_POINT('',(-1.25,198.171456075438,-97.0734718909391));
#11737=VECTOR('',#11738,1.);
#11738=DIRECTION('',(-1.27105706699137E-16,0.500000746744316,-0.866024972650978));
#11739=AXIS2_PLACEMENT_3D('',#11740,#11741,#11742);
#11740=CARTESIAN_POINT('',(-1.25,195.140371371046,-98.8234791808662));
#11741=DIRECTION('',(-1.,-6.1232339957368E-17,1.06057523872491E-16));
#11742=DIRECTION('',(-2.94534151352728E-22,-0.866024201255002,-0.500002082836298));
#11743=CARTESIAN_POINT('',(1.25,184.087151342733,-95.6787320870011));
#11744=VECTOR('',#11745,1.);
#11745=DIRECTION('',(-1.,0.,0.));
#11746=CARTESIAN_POINT('',(-25.4215632075988,214.792488688225,-91.5188015999492));
#11747=VECTOR('',#11748,1.);
#11748=DIRECTION('',(0.,0.86602540378444,0.499999999999998));
#11749=CARTESIAN_POINT('',(-18.421568612662,214.789413163324,-91.5134746345606));
#11750=VECTOR('',#11751,1.);
#11751=DIRECTION('',(0.,0.86602540378444,0.499999999999998));
#11752=CARTESIAN_POINT('',(-18.4215716252974,213.042484479386,-88.4877053967803));
#11753=VECTOR('',#11754,1.);
#11754=DIRECTION('',(0.,0.86602540378444,0.499999999999998));
#11755=CARTESIAN_POINT('',(-25.4215716252772,213.042492897075,-88.4877199766445));
#11756=VECTOR('',#11757,1.);
#11757=DIRECTION('',(0.,0.86602540378444,0.499999999999998));
#11758=CARTESIAN_POINT('',(8.,1.20864091264691E-31,-9.79717439317882E-16));
#11759=AXIS2_PLACEMENT_3D('',#11760,#11761,#11762);
#11760=CARTESIAN_POINT('',(0.,0.,0.));
#11761=DIRECTION('',(0.,-1.,0.));
#11762=DIRECTION('',(1.,0.,0.));
#11763=CARTESIAN_POINT('',(-18.3298925990712,241.570982899438,-151.402393676876));
#11764=CARTESIAN_POINT('',(-18.3298925990712,255.429017100562,-143.401453900418));
#11765=AXIS2_PLACEMENT_3D('',#11766,#11767,#11768);
#11766=CARTESIAN_POINT('',(-6.66133814775094E-16,248.5,-147.401923788647));
#11767=DIRECTION('',(-2.77555756156289E-17,0.499999999999999,-0.866025403784439));
#11768=DIRECTION('',(-0.916494629953563,-0.346450855028114,-0.200023494411457));
#11769=CARTESIAN_POINT('',(-18.3298925990712,255.429017100562,-143.401453900418));
#11770=VECTOR('',#11771,1.);
#11771=DIRECTION('',(0.,0.500000000000007,-0.866025403784435));
#11772=CARTESIAN_POINT('',(-18.3298925990712,241.570982899438,-151.402393676876));
#11773=VECTOR('',#11774,1.);
#11774=DIRECTION('',(0.,0.5,-0.866025403784439));
#11775=CARTESIAN_POINT('',(-7.33041895215025,277.252368919612,-130.801735853069));
#11776=CARTESIAN_POINT('',(-18.3298925990712,255.429017100562,-143.401453900418));
#11777=VECTOR('',#11778,1.);
#11778=DIRECTION('',(0.400046988822916,0.793707631971804,0.458247314976781));
#11779=CARTESIAN_POINT('',(-7.33041895215026,277.252368919612,-130.801735853069));
#11780=VECTOR('',#11781,1.);
#11781=DIRECTION('',(-8.88178419700125E-16,0.5,-0.866025403784439));
#11782=CARTESIAN_POINT('',(-6.70091152704666E-16,281.408965181615,-128.40192388229));
#11783=AXIS2_PLACEMENT_3D('',#11784,#11785,#11786);
#11784=CARTESIAN_POINT('',(0.00153808747824979,274.480762079387,-132.401923808361));
#11785=DIRECTION('',(0.,0.499999999999999,-0.866025403784439));
#11786=DIRECTION('',(-0.916494629953563,0.346450855028115,0.200023494411458));
#11787=CARTESIAN_POINT('',(-4.66293670342566E-15,281.408965181615,-128.40192388229));
#11788=VECTOR('',#11789,1.);
#11789=DIRECTION('',(0.,0.5,-0.866025403784439));
#11790=CARTESIAN_POINT('',(7.33041895215025,277.252368919612,-130.801735853069));
#11791=AXIS2_PLACEMENT_3D('',#11792,#11793,#11794);
#11792=CARTESIAN_POINT('',(-0.00153808747825468,274.480762079387,-132.401923808361));
#11793=DIRECTION('',(0.,0.499999999999999,-0.866025403784439));
#11794=DIRECTION('',(0.000192260934781496,0.866025387778442,0.499999990758932));
#11795=CARTESIAN_POINT('',(7.33041895215025,277.252368919612,-130.801735853069));
#11796=VECTOR('',#11797,1.);
#11797=DIRECTION('',(0.,0.5,-0.866025403784439));
#11798=CARTESIAN_POINT('',(18.3298925990712,255.429017100562,-143.401453900418));
#11799=CARTESIAN_POINT('',(7.33041895215024,277.252368919612,-130.801735853069));
#11800=VECTOR('',#11801,1.);
#11801=DIRECTION('',(0.400046988822916,-0.793707631971803,-0.458247314976781));
#11802=CARTESIAN_POINT('',(18.3298925990712,255.429017100562,-143.401453900418));
#11803=VECTOR('',#11804,1.);
#11804=DIRECTION('',(-2.36847578586699E-15,0.500000000000007,-0.866025403784435));
#11805=CARTESIAN_POINT('',(18.3298925990712,241.570982899438,-151.402393676876));
#11806=AXIS2_PLACEMENT_3D('',#11807,#11808,#11809);
#11807=CARTESIAN_POINT('',(-6.66133814775094E-16,248.5,-147.401923788647));
#11808=DIRECTION('',(0.,0.499999999999999,-0.866025403784439));
#11809=DIRECTION('',(0.916494629953563,0.346450855028114,0.200023494411457));
#11810=CARTESIAN_POINT('',(18.3298925990712,241.570982899438,-151.402393676876));
#11811=VECTOR('',#11812,1.);
#11812=DIRECTION('',(0.,0.5,-0.866025403784439));
#11813=CARTESIAN_POINT('',(7.33041895215026,219.747631080388,-164.002111724224));
#11814=CARTESIAN_POINT('',(18.3298925990712,241.570982899438,-151.402393676876));
#11815=VECTOR('',#11816,1.);
#11816=DIRECTION('',(-0.400046988822916,-0.793707631971804,-0.458247314976781));
#11817=CARTESIAN_POINT('',(7.33041895215026,219.747631080388,-164.002111724224));
#11818=VECTOR('',#11819,1.);
#11819=DIRECTION('',(0.,0.5,-0.866025403784439));
#11820=CARTESIAN_POINT('',(1.18465350376629E-15,215.591034818385,-166.401923695004));
#11821=AXIS2_PLACEMENT_3D('',#11822,#11823,#11824);
#11822=CARTESIAN_POINT('',(-0.0015380874782509,222.519237920613,-162.401923768932));
#11823=DIRECTION('',(0.,0.499999999999999,-0.866025403784439));
#11824=DIRECTION('',(0.916494629953563,-0.346450855028115,-0.200023494411458));
#11825=CARTESIAN_POINT('',(3.10862446895044E-15,215.591034818385,-166.401923695004));
#11826=VECTOR('',#11827,1.);
#11827=DIRECTION('',(0.,0.5,-0.866025403784439));
#11828=CARTESIAN_POINT('',(-7.33041895215025,219.747631080388,-164.002111724224));
#11829=AXIS2_PLACEMENT_3D('',#11830,#11831,#11832);
#11830=CARTESIAN_POINT('',(0.00153808747825357,222.519237920613,-162.401923768932));
#11831=DIRECTION('',(0.,0.499999999999999,-0.866025403784439));
#11832=DIRECTION('',(-0.000192260934781274,-0.866025387778442,-0.499999990758932));
#11833=CARTESIAN_POINT('',(-7.33041895215025,219.747631080388,-164.002111724224));
#11834=VECTOR('',#11835,1.);
#11835=DIRECTION('',(0.,0.5,-0.866025403784439));
#11836=CARTESIAN_POINT('',(-7.33041895215024,219.747631080388,-164.002111724224));
#11837=VECTOR('',#11838,1.);
#11838=DIRECTION('',(-0.400046988822916,0.793707631971804,0.458247314976781));
#11839=CARTESIAN_POINT('',(-3.10862446895044E-15,276.795344326491,-129.910898586554));
#11840=CARTESIAN_POINT('',(-3.46012281327024E-15,276.795344326491,-129.910898586554));
#11841=VECTOR('',#11842,1.);
#11842=DIRECTION('',(0.,0.499999999999999,-0.866025403784439));
#11843=CARTESIAN_POINT('',(-1.77635683940025E-15,271.166179832283,-133.160898222599));
#11844=AXIS2_PLACEMENT_3D('',#11845,#11846,#11847);
#11845=CARTESIAN_POINT('',(0.00153808747824979,273.980762079387,-131.535898404577));
#11846=DIRECTION('',(1.48806748173635E-17,0.5,-0.866025403784439));
#11847=DIRECTION('',(-0.000473257685615874,-0.86602530680135,-0.499999944006787));
#11848=CARTESIAN_POINT('',(-1.86894770493051E-15,271.166179832283,-133.160898222599));
#11849=VECTOR('',#11850,1.);
#11850=DIRECTION('',(0.,0.499999999999999,-0.866025403784439));
#11851=AXIS2_PLACEMENT_3D('',#11852,#11853,#11854);
#11852=CARTESIAN_POINT('',(-0.00153808747825468,273.980762079387,-131.535898404577));
#11853=DIRECTION('',(1.48806748173635E-17,0.5,-0.866025403784439));
#11854=DIRECTION('',(0.000473257685616011,0.86602530680135,0.499999944006787));
#11855=CARTESIAN_POINT('',(1.77635683940025E-15,219.204655673509,-163.16089818317));
#11856=CARTESIAN_POINT('',(1.90581057879502E-15,219.204655673509,-163.16089818317));
#11857=VECTOR('',#11858,1.);
#11858=DIRECTION('',(0.,0.499999999999999,-0.866025403784439));
#11859=CARTESIAN_POINT('',(6.66133814775094E-16,224.833820167717,-159.910898547126));
#11860=AXIS2_PLACEMENT_3D('',#11861,#11862,#11863);
#11861=CARTESIAN_POINT('',(-0.0015380874782509,222.019237920613,-161.535898365148));
#11862=DIRECTION('',(1.48806748173635E-17,0.5,-0.866025403784439));
#11863=DIRECTION('',(0.000473257685616011,0.86602530680135,0.499999944006787));
#11864=CARTESIAN_POINT('',(3.14635470455293E-16,224.833820167717,-159.910898547126));
#11865=VECTOR('',#11866,1.);
#11866=DIRECTION('',(0.,0.499999999999999,-0.866025403784439));
#11867=AXIS2_PLACEMENT_3D('',#11868,#11869,#11870);
#11868=CARTESIAN_POINT('',(0.00153808747825357,222.019237920613,-161.535898365148));
#11869=DIRECTION('',(1.48806748173635E-17,0.5,-0.866025403784439));
#11870=DIRECTION('',(-0.000473257685615874,-0.86602530680135,-0.499999944006787));
#11871=CARTESIAN_POINT('',(2.14816654458684E-15,244.758330249198,-114.921161675114));
#11872=AXIS2_PLACEMENT_3D('',#11873,#11874,#11875);
#11873=CARTESIAN_POINT('',(-2.22044604925031E-16,233.5,-121.421161675114));
#11874=DIRECTION('',(-3.08148791101958E-33,-0.5,0.866025403784439));
#11875=DIRECTION('',(6.12323399573676E-17,0.866025403784439,0.5));
#11876=CARTESIAN_POINT('',(10.,1.51080114080864E-31,1.22464679914735E-15));
#11877=AXIS2_PLACEMENT_3D('',#11878,#11879,#11880);
#11878=CARTESIAN_POINT('',(0.,0.,0.));
#11879=DIRECTION('',(0.,1.,0.));
#11880=DIRECTION('',(1.,0.,0.));
#11881=CARTESIAN_POINT('',(1.25,192.109286666653,-100.573486470793));
#11882=VECTOR('',#11883,1.);
#11883=DIRECTION('',(-1.,0.,0.));
#11884=CARTESIAN_POINT('',(1.25,193.859289747727,-103.604563885259));
#11885=VECTOR('',#11886,1.);
#11886=DIRECTION('',(-1.,0.,0.));
#11887=CARTESIAN_POINT('',(1.25,198.171456075438,-97.0734718909391));
#11888=VECTOR('',#11889,1.);
#11889=DIRECTION('',(-1.,0.,0.));
#11890=CARTESIAN_POINT('',(1.25,199.918387368395,-100.099239622402));
#11891=VECTOR('',#11892,1.);
#11892=DIRECTION('',(-1.,0.,0.));
#11893=CARTESIAN_POINT('',(-17.4133979691177,241.417433754466,-150.33634477868));
#11894=CARTESIAN_POINT('',(-18.3298925990712,241.570982899438,-151.402393676876));
#11895=VECTOR('',#11896,1.);
#11896=DIRECTION('',(0.648059567761216,-0.10857564165504,0.753810404990766));
#11897=CARTESIAN_POINT('',(-17.4133979691177,254.582566245534,-142.735451991045));
#11898=AXIS2_PLACEMENT_3D('',#11899,#11900,#11901);
#11899=CARTESIAN_POINT('',(-6.66133814775094E-16,248.,-146.535898384862));
#11900=DIRECTION('',(0.,0.5,-0.866025403784439));
#11901=DIRECTION('',(-0.916494629953563,-0.346450855028114,-0.200023494411458));
#11902=CARTESIAN_POINT('',(-18.3298925990712,255.429017100562,-143.401453900418));
#11903=VECTOR('',#11904,1.);
#11904=DIRECTION('',(0.648059567761218,-0.598531139531536,0.470934466400819));
#11905=CARTESIAN_POINT('',(-6.41392432219671,276.405918064584,-130.135733943696));
#11906=CARTESIAN_POINT('',(-17.4133979691177,254.582566245534,-142.735451991045));
#11907=VECTOR('',#11908,1.);
#11908=DIRECTION('',(0.400046988822916,0.793707631971803,0.458247314976782));
#11909=CARTESIAN_POINT('',(-7.33041895215025,277.252368919612,-130.801735853069));
#11910=VECTOR('',#11911,1.);
#11911=DIRECTION('',(0.648059567761206,-0.598531139531552,0.470934466400816));
#11912=CARTESIAN_POINT('',(-1.84788110739002E-11,280.042939759538,-128.035898489066));
#11913=AXIS2_PLACEMENT_3D('',#11914,#11915,#11916);
#11914=CARTESIAN_POINT('',(0.00153808747824979,273.980762079387,-131.535898404577));
#11915=DIRECTION('',(0.,0.5,-0.866025403784439));
#11916=DIRECTION('',(-0.916494629953563,0.346450855028113,0.200023494411457));
#11917=CARTESIAN_POINT('',(2.40194149292439E-15,281.408965181615,-128.40192388229));
#11918=CARTESIAN_POINT('',(-1.72773790197837E-12,281.295138328245,-128.371424069979));
#11919=CARTESIAN_POINT('',(-5.06760939547203E-12,281.067469010965,-128.310420262596));
#11920=CARTESIAN_POINT('',(-1.03645252886481E-11,280.725988451096,-128.21892082608));
#11921=CARTESIAN_POINT('',(-1.2838415792962E-11,280.384490694202,-128.127416781834));
#11922=CARTESIAN_POINT('',(-2.05594985737959E-11,280.15681820421,-128.066412124957));
#11923=CARTESIAN_POINT('',(-1.84767572849386E-11,280.042956956699,-128.035903097032));
#11924=CARTESIAN_POINT('',(-1.84764425981143E-11,280.042939759538,-128.035898489066));
#11925=CARTESIAN_POINT('',(6.41392432219669,276.405918064584,-130.135733943696));
#11926=AXIS2_PLACEMENT_3D('',#11927,#11928,#11929);
#11927=CARTESIAN_POINT('',(-0.00153808747825468,273.980762079387,-131.535898404577));
#11928=DIRECTION('',(1.48806748173635E-17,0.5,-0.866025403784439));
#11929=DIRECTION('',(0.000219726779891667,0.866025382878647,0.499999987930035));
#11930=CARTESIAN_POINT('',(7.33041895215026,277.252368919612,-130.801735853069));
#11931=VECTOR('',#11932,1.);
#11932=DIRECTION('',(-0.648059567761211,-0.598531139531539,0.470934466400826));
#11933=CARTESIAN_POINT('',(17.4133979691177,254.582566245534,-142.735451991045));
#11934=CARTESIAN_POINT('',(6.41392432219668,276.405918064584,-130.135733943696));
#11935=VECTOR('',#11936,1.);
#11936=DIRECTION('',(0.400046988822916,-0.793707631971804,-0.458247314976781));
#11937=CARTESIAN_POINT('',(18.3298925990712,255.429017100562,-143.401453900418));
#11938=VECTOR('',#11939,1.);
#11939=DIRECTION('',(-0.648059567761213,-0.598531139531537,0.470934466400825));
#11940=CARTESIAN_POINT('',(17.4133979691177,241.417433754466,-150.33634477868));
#11941=AXIS2_PLACEMENT_3D('',#11942,#11943,#11944);
#11942=CARTESIAN_POINT('',(-6.66133814775094E-16,248.,-146.535898384862));
#11943=DIRECTION('',(0.,0.5,-0.866025403784439));
#11944=DIRECTION('',(0.916494629953563,0.346450855028114,0.200023494411458));
#11945=CARTESIAN_POINT('',(18.3298925990712,241.570982899438,-151.402393676876));
#11946=VECTOR('',#11947,1.);
#11947=DIRECTION('',(-0.648059567761213,-0.108575641655037,0.753810404990769));
#11948=CARTESIAN_POINT('',(6.4139243221967,219.594081935416,-162.936062826028));
#11949=CARTESIAN_POINT('',(17.4133979691177,241.417433754466,-150.33634477868));
#11950=VECTOR('',#11951,1.);
#11951=DIRECTION('',(-0.400046988822916,-0.793707631971803,-0.458247314976782));
#11952=CARTESIAN_POINT('',(7.33041895215026,219.747631080388,-164.002111724224));
#11953=VECTOR('',#11954,1.);
#11954=DIRECTION('',(-0.648059567761217,-0.10857564165502,0.753810404990768));
#11955=CARTESIAN_POINT('',(6.46781517232853E-11,215.957060240462,-165.035898280658));
#11956=AXIS2_PLACEMENT_3D('',#11957,#11958,#11959);
#11957=CARTESIAN_POINT('',(-0.0015380874782509,222.019237920613,-161.535898365148));
#11958=DIRECTION('',(0.,0.5,-0.866025403784439));
#11959=DIRECTION('',(0.916494629953563,-0.346450855028113,-0.200023494411457));
#11960=CARTESIAN_POINT('',(-3.18104917407247E-16,215.591034818385,-166.401923695004));
#11961=CARTESIAN_POINT('',(6.1726010027761E-12,215.6215346328,-166.288096842202));
#11962=CARTESIAN_POINT('',(2.4115203281714E-11,215.713034076114,-165.946616283918));
#11963=CARTESIAN_POINT('',(4.51677987677681E-11,215.835037942134,-165.491291676147));
#11964=CARTESIAN_POINT('',(6.05091290535514E-11,215.926546601928,-165.149776724633));
#11965=CARTESIAN_POINT('',(6.46745250141575E-11,215.957055632497,-165.03591547782));
#11966=CARTESIAN_POINT('',(6.46751541211188E-11,215.957060240462,-165.035898280658));
#11967=CARTESIAN_POINT('',(-6.41392432219668,219.594081935416,-162.936062826028));
#11968=AXIS2_PLACEMENT_3D('',#11969,#11970,#11971);
#11969=CARTESIAN_POINT('',(0.00153808747825357,222.019237920613,-161.535898365148));
#11970=DIRECTION('',(1.48671222902075E-17,0.5,-0.866025403784439));
#11971=DIRECTION('',(-0.000219726773291857,-0.866025382878648,-0.499999987930036));
#11972=CARTESIAN_POINT('',(-7.33041895215026,219.747631080388,-164.002111724224));
#11973=VECTOR('',#11974,1.);
#11974=DIRECTION('',(0.648059567761224,-0.108575641655019,0.753810404990762));
#11975=CARTESIAN_POINT('',(-6.41392432219668,219.594081935416,-162.936062826028));
#11976=VECTOR('',#11977,1.);
#11977=DIRECTION('',(-0.400046988822916,0.793707631971804,0.458247314976781));
#11978=CARTESIAN_POINT('',(1.99840144432528E-15,259.258330249198,-140.035898384862));
#11979=AXIS2_PLACEMENT_3D('',#11980,#11981,#11982);
#11980=CARTESIAN_POINT('',(-2.22044604925031E-16,248.,-146.535898384862));
#11981=DIRECTION('',(-1.48741681433374E-17,-0.5,0.866025403784439));
#11982=DIRECTION('',(6.12323399573676E-17,0.866025403784439,0.5));
#11983=CARTESIAN_POINT('',(165.,-5.84032319311184,-1.375));
#11984=CARTESIAN_POINT('',(165.,-7.88095013307406,-1.37499999999999));
#11985=CARTESIAN_POINT('',(165.,-7.88095013307406,-1.375));
#11986=VECTOR('',#11987,1.);
#11987=DIRECTION('',(0.,1.,1.08811954099333E-16));
#11988=CARTESIAN_POINT('',(165.,0.,-8.00000000000003));
#11989=AXIS2_PLACEMENT_3D('',#11990,#11991,#11992);
#11990=CARTESIAN_POINT('',(165.,0.,-3.0310008278897E-14));
#11991=DIRECTION('',(1.,0.,-1.83697019872103E-16));
#11992=DIRECTION('',(-3.15729252905168E-17,-0.985118766634258,-0.171874999999995));
#11993=CARTESIAN_POINT('',(165.,7.88095013307406,-1.375));
#11994=AXIS2_PLACEMENT_3D('',#11995,#11996,#11997);
#11995=CARTESIAN_POINT('',(165.,0.,-3.0310008278897E-14));
#11996=DIRECTION('',(1.,0.,-1.83697019872103E-16));
#11997=DIRECTION('',(-1.83697019872103E-16,1.22464679914735E-16,-1.));
#11998=CARTESIAN_POINT('',(165.,5.84032319311184,-1.375));
#11999=CARTESIAN_POINT('',(165.,5.84032319311184,-1.375));
#12000=VECTOR('',#12001,1.);
#12001=DIRECTION('',(0.,1.,0.));
#12002=CARTESIAN_POINT('',(165.,0.,-6.00000000000003));
#12003=AXIS2_PLACEMENT_3D('',#12004,#12005,#12006);
#12004=CARTESIAN_POINT('',(165.,0.,-3.0310008278897E-14));
#12005=DIRECTION('',(1.,0.,-1.83697019872103E-16));
#12006=DIRECTION('',(-1.83697019872103E-16,1.22464679914735E-16,-1.));
#12007=AXIS2_PLACEMENT_3D('',#12008,#12009,#12010);
#12008=CARTESIAN_POINT('',(165.,0.,-3.0310008278897E-14));
#12009=DIRECTION('',(1.,0.,-1.83697019872103E-16));
#12010=DIRECTION('',(-4.20972337206892E-17,-0.973387198851974,-0.229166666666661));
#12011=CARTESIAN_POINT('',(165.,5.89358761706314,1.125));
#12012=CARTESIAN_POINT('',(165.,7.92050345622044,1.125));
#12013=CARTESIAN_POINT('',(165.,7.92050345622044,1.12500000000001));
#12014=VECTOR('',#12015,1.);
#12015=DIRECTION('',(0.,-1.,-1.09548014098773E-16));
#12016=CARTESIAN_POINT('',(165.,-7.92050345622044,1.12500000000001));
#12017=AXIS2_PLACEMENT_3D('',#12018,#12019,#12020);
#12018=CARTESIAN_POINT('',(165.,0.,-3.0310008278897E-14));
#12019=DIRECTION('',(1.,0.,-1.83697019872103E-16));
#12020=DIRECTION('',(2.58323934195151E-17,0.990062932027555,0.140625000000003));
#12021=CARTESIAN_POINT('',(165.,-5.89358761706313,1.125));
#12022=CARTESIAN_POINT('',(165.,-5.89358761706313,1.125));
#12023=VECTOR('',#12024,1.);
#12024=DIRECTION('',(0.,-1.,0.));
#12025=AXIS2_PLACEMENT_3D('',#12026,#12027,#12028);
#12026=CARTESIAN_POINT('',(165.,0.,-3.0310008278897E-14));
#12027=DIRECTION('',(1.,0.,-1.83697019872103E-16));
#12028=DIRECTION('',(3.44431912260202E-17,0.982264602843856,0.187500000000005));
#12029=CARTESIAN_POINT('',(-165.,7.92050345622045,1.12499999999997));
#12030=CARTESIAN_POINT('',(-165.,5.89358761706315,1.12499999999997));
#12031=CARTESIAN_POINT('',(-165.,7.92050345622045,1.12499999999997));
#12032=VECTOR('',#12033,1.);
#12033=DIRECTION('',(0.,-1.,0.));
#12034=CARTESIAN_POINT('',(-165.,-5.89358761706315,1.12499999999997));
#12035=AXIS2_PLACEMENT_3D('',#12036,#12037,#12038);
#12036=CARTESIAN_POINT('',(-165.,0.,3.0310008278897E-14));
#12037=DIRECTION('',(1.,0.,-1.83697019872103E-16));
#12038=DIRECTION('',(3.44431912260173E-17,0.982264602843859,0.187499999999989));
#12039=CARTESIAN_POINT('',(-165.,-7.92050345622045,1.12499999999997));
#12040=CARTESIAN_POINT('',(-165.,-5.89358761706315,1.12499999999997));
#12041=VECTOR('',#12042,1.);
#12042=DIRECTION('',(0.,-1.,-1.09548014098774E-16));
#12043=AXIS2_PLACEMENT_3D('',#12044,#12045,#12046);
#12044=CARTESIAN_POINT('',(-165.,0.,3.0310008278897E-14));
#12045=DIRECTION('',(1.,0.,-1.83697019872103E-16));
#12046=DIRECTION('',(2.5832393419513E-17,0.990062932027557,0.140624999999992));
#12047=CARTESIAN_POINT('',(-165.,-7.88095013307405,-1.37500000000003));
#12048=CARTESIAN_POINT('',(-165.,-5.84032319311182,-1.37500000000003));
#12049=CARTESIAN_POINT('',(-165.,-7.88095013307405,-1.37500000000003));
#12050=VECTOR('',#12051,1.);
#12051=DIRECTION('',(0.,1.,1.08811954099333E-16));
#12052=CARTESIAN_POINT('',(-165.,0.,-5.99999999999997));
#12053=AXIS2_PLACEMENT_3D('',#12054,#12055,#12056);
#12054=CARTESIAN_POINT('',(-165.,0.,3.0310008278897E-14));
#12055=DIRECTION('',(1.,0.,-1.83697019872103E-16));
#12056=DIRECTION('',(-4.20972337206917E-17,-0.97338719885197,-0.229166666666675));
#12057=CARTESIAN_POINT('',(-165.,5.84032319311182,-1.37500000000003));
#12058=AXIS2_PLACEMENT_3D('',#12059,#12060,#12061);
#12059=CARTESIAN_POINT('',(-165.,0.,3.0310008278897E-14));
#12060=DIRECTION('',(1.,0.,-1.83697019872103E-16));
#12061=DIRECTION('',(-1.83697019872103E-16,1.22464679914735E-16,-1.));
#12062=CARTESIAN_POINT('',(-165.,7.88095013307405,-1.37500000000003));
#12063=CARTESIAN_POINT('',(-165.,5.84032319311182,-1.37500000000003));
#12064=VECTOR('',#12065,1.);
#12065=DIRECTION('',(0.,1.,2.17623908198665E-16));
#12066=CARTESIAN_POINT('',(-165.,0.,-7.99999999999997));
#12067=AXIS2_PLACEMENT_3D('',#12068,#12069,#12070);
#12068=CARTESIAN_POINT('',(-165.,0.,3.0310008278897E-14));
#12069=DIRECTION('',(1.,0.,-1.83697019872103E-16));
#12070=DIRECTION('',(-1.83697019872103E-16,1.22464679914735E-16,-1.));
#12071=AXIS2_PLACEMENT_3D('',#12072,#12073,#12074);
#12072=CARTESIAN_POINT('',(-165.,0.,3.0310008278897E-14));
#12073=DIRECTION('',(1.,0.,-1.83697019872103E-16));
#12074=DIRECTION('',(-3.15729252905189E-17,-0.985118766634256,-0.171875000000006));
#12075=CARTESIAN_POINT('',(145.,-5.89358761706314,1.125));
#12076=CARTESIAN_POINT('',(145.,-5.89358761706313,1.12500000000001));
#12077=VECTOR('',#12078,1.);
#12078=DIRECTION('',(1.,0.,-8.88178419700125E-17));
#12079=CARTESIAN_POINT('',(145.,-5.84032319311184,-1.375));
#12080=AXIS2_PLACEMENT_3D('',#12081,#12082,#12083);
#12081=CARTESIAN_POINT('',(145.,0.,-2.64233079860787E-14));
#12082=DIRECTION('',(1.,0.,0.));
#12083=DIRECTION('',(0.,-0.982264602843856,0.187500000000005));
#12084=CARTESIAN_POINT('',(145.,-5.84032319311184,-1.37499999999999));
#12085=VECTOR('',#12086,1.);
#12086=DIRECTION('',(1.,0.,-8.88178419700125E-17));
#12087=CARTESIAN_POINT('',(145.,5.84032319311184,-1.375));
#12088=CARTESIAN_POINT('',(145.,5.84032319311184,-1.37499999999999));
#12089=VECTOR('',#12090,1.);
#12090=DIRECTION('',(1.,0.,-9.99200722162641E-17));
#12091=CARTESIAN_POINT('',(145.,5.89358761706314,1.125));
#12092=AXIS2_PLACEMENT_3D('',#12093,#12094,#12095);
#12093=CARTESIAN_POINT('',(145.,0.,-2.64233079860787E-14));
#12094=DIRECTION('',(1.,0.,0.));
#12095=DIRECTION('',(0.,0.973387198851973,-0.229166666666661));
#12096=CARTESIAN_POINT('',(145.,5.89358761706314,1.125));
#12097=VECTOR('',#12098,1.);
#12098=DIRECTION('',(1.,0.,-8.88178419700125E-17));
#12099=CARTESIAN_POINT('',(158.246920266135,-9.86076131526265E-32,-6.00000000000003));
#12100=CARTESIAN_POINT('',(154.746911848645,-3.49996272165512,-4.87342394466347));
#12101=CARTESIAN_POINT('',(154.746920266224,-3.49996272166524,-4.87342394492352));
#12102=CARTESIAN_POINT('',(154.776765648018,-3.49996302231811,-4.87342343699607));
#12103=CARTESIAN_POINT('',(154.829851608432,-3.49928381679503,-4.87391175285127));
#12104=CARTESIAN_POINT('',(154.903820494013,-3.49665333567659,-4.87579939800649));
#12105=CARTESIAN_POINT('',(154.96723865524,-3.49319569332939,-4.87827748851476));
#12106=CARTESIAN_POINT('',(155.026706929793,-3.48892299045305,-4.88133456527886));
#12107=CARTESIAN_POINT('',(155.085688526811,-3.48370022421516,-4.88506390241556));
#12108=CARTESIAN_POINT('',(155.146895117786,-3.47722542229432,-4.88967578556271));
#12109=CARTESIAN_POINT('',(155.211174652034,-3.46924772261371,-4.89534051574968));
#12110=CARTESIAN_POINT('',(155.277501898361,-3.45973472218721,-4.90206981418803));
#12111=CARTESIAN_POINT('',(155.345254161814,-3.44867095351233,-4.9098612792848));
#12112=CARTESIAN_POINT('',(155.413722546197,-3.43609761859324,-4.91867075081805));
#12113=CARTESIAN_POINT('',(155.483095947302,-3.42191170651106,-4.9285526001408));
#12114=CARTESIAN_POINT('',(155.552850458406,-3.40616324951293,-4.9394520651407));
#12115=CARTESIAN_POINT('',(155.623293105527,-3.38873021544482,-4.95143115117121));
#12116=CARTESIAN_POINT('',(155.694340668033,-3.36956730428118,-4.96449522136598));
#12117=CARTESIAN_POINT('',(155.766313330041,-3.34850600348489,-4.97872892153917));
#12118=CARTESIAN_POINT('',(155.838739727678,-3.32560279074829,-4.99406046747367));
#12119=CARTESIAN_POINT('',(155.911828184312,-3.30072010410091,-5.01054542007483));
#12120=CARTESIAN_POINT('',(155.98548675288,-3.27380579039789,-5.0281774769378));
#12121=CARTESIAN_POINT('',(156.060288594364,-3.24453680496841,-5.04711970430221));
#12122=CARTESIAN_POINT('',(156.135824895878,-3.21294122940973,-5.0672984040352));
#12123=CARTESIAN_POINT('',(156.212348195556,-3.17878346042272,-5.08880288412624));
#12124=CARTESIAN_POINT('',(156.289441327469,-3.14211459267731,-5.11153416131786));
#12125=CARTESIAN_POINT('',(156.36733287091,-3.10267922394779,-5.13557567418807));
#12126=CARTESIAN_POINT('',(156.445294613387,-3.06071101271915,-5.16070663368408));
#12127=CARTESIAN_POINT('',(156.523274962839,-3.01613184566205,-5.18689528614888));
#12128=CARTESIAN_POINT('',(156.600891503931,-2.9690665490281,-5.21398875493888));
#12129=CARTESIAN_POINT('',(156.678372435579,-2.9192700890791,-5.24204192326931));
#12130=CARTESIAN_POINT('',(156.755299740748,-2.86690088444543,-5.27087525088288));
#12131=CARTESIAN_POINT('',(156.831582279593,-2.81192820979803,-5.30041576222714));
#12132=CARTESIAN_POINT('',(156.906843251692,-2.75454867021363,-5.33047034565471));
#12133=CARTESIAN_POINT('',(156.981007283879,-2.69475307681254,-5.36095671620513));
#12134=CARTESIAN_POINT('',(157.053724273084,-2.63277621147055,-5.39167236290054));
#12135=CARTESIAN_POINT('',(157.124744124912,-2.56881352047366,-5.42244551735977));
#12136=CARTESIAN_POINT('',(157.193857947026,-2.50306505710463,-5.45311428453153));
#12137=CARTESIAN_POINT('',(157.260925287925,-2.43569286138046,-5.48354401852094));
#12138=CARTESIAN_POINT('',(157.325926516203,-2.3667551638183,-5.51365448160404));
#12139=CARTESIAN_POINT('',(157.400067373923,-2.28374269295317,-5.54867015849246));
#12140=CARTESIAN_POINT('',(157.49253732108,-2.17280166476341,-5.59336225575538));
#12141=CARTESIAN_POINT('',(157.601315043127,-2.02865046484865,-5.64751526274501));
#12142=CARTESIAN_POINT('',(157.704731894583,-1.8741065833274,-5.70057233624398));
#12143=CARTESIAN_POINT('',(157.785295495703,-1.73903311313742,-5.74289148624703));
#12144=CARTESIAN_POINT('',(157.843663737424,-1.63204280331987,-5.77402829423004));
#12145=CARTESIAN_POINT('',(157.887525014785,-1.54572426584717,-5.79768348205383));
#12146=CARTESIAN_POINT('',(157.925848816199,-1.465172225248,-5.8185391644197));
#12147=CARTESIAN_POINT('',(157.961477286417,-1.38532595069597,-5.83808139179158));
#12148=CARTESIAN_POINT('',(157.996769611375,-1.30053939058547,-5.85758720170062));
#12149=CARTESIAN_POINT('',(158.035973078896,-1.19863247943329,-5.87941915994374));
#12150=CARTESIAN_POINT('',(158.079809228787,-1.07212480352155,-5.90404326621216));
#12151=CARTESIAN_POINT('',(158.123283491312,-0.926583046104859,-5.92870183983135));
#12152=CARTESIAN_POINT('',(158.157653105751,-0.788990880027737,-5.94835908858894));
#12153=CARTESIAN_POINT('',(158.179825915633,-0.683788866807874,-5.96111007936508));
#12154=CARTESIAN_POINT('',(158.193911641947,-0.607867373516808,-5.969235199399));
#12155=CARTESIAN_POINT('',(158.203972322423,-0.547677638953565,-5.9750506575979));
#12156=CARTESIAN_POINT('',(158.212661932043,-0.489582127012907,-5.9800825817787));
#12157=CARTESIAN_POINT('',(158.220797462343,-0.428363120930558,-5.98480082359828));
#12158=CARTESIAN_POINT('',(158.228219640785,-0.363526049185329,-5.98911186894665));
#12159=CARTESIAN_POINT('',(158.234678075999,-0.295050065010731,-5.99286821622077));
#12160=CARTESIAN_POINT('',(158.239226265138,-0.234257583922225,-5.99551630013379));
#12161=CARTESIAN_POINT('',(158.242352705936,-0.180761802577445,-5.9973377541914));
#12162=CARTESIAN_POINT('',(158.244439388838,-0.134369536073167,-5.99855393930796));
#12163=CARTESIAN_POINT('',(158.245887912777,-0.088844907106233,-5.99939838283245));
#12164=CARTESIAN_POINT('',(158.246734160929,-0.044203257673346,-5.99989170659255));
#12165=CARTESIAN_POINT('',(158.246920122184,-0.0146587720273987,-6.00000001534145));
#12166=CARTESIAN_POINT('',(158.246920266135,-1.27696339003014E-11,-6.00000000000003));
#12167=CARTESIAN_POINT('',(151.246920266343,-3.49995430397672,-4.87342999027309));
#12168=CARTESIAN_POINT('',(154.746911848895,-3.49996272165512,-4.87342394493079));
#12169=CARTESIAN_POINT('',(153.580248711864,-3.49995991576406,-4.8734259600467));
#12170=CARTESIAN_POINT('',(152.413584850961,-3.49995710987126,-4.87342797516018));
#12171=CARTESIAN_POINT('',(151.246920266654,-3.49995430397672,-4.87342999027124));
#12172=CARTESIAN_POINT('',(147.746920266641,-9.86076131526265E-32,-6.00000000000003));
#12173=CARTESIAN_POINT('',(147.746920266641,-8.90743771197803E-15,-6.00000000000003));
#12174=CARTESIAN_POINT('',(147.746920542901,-0.0290664985079565,-6.00000018367677));
#12175=CARTESIAN_POINT('',(147.747646629335,-0.0872407697398743,-5.99957685228248));
#12176=CARTESIAN_POINT('',(147.75090888476,-0.174441589437238,-5.99767519257659));
#12177=CARTESIAN_POINT('',(147.756356390317,-0.261711934479499,-5.99450171342667));
#12178=CARTESIAN_POINT('',(147.763999574992,-0.348995544297855,-5.99005440245111));
#12179=CARTESIAN_POINT('',(147.77386432685,-0.436380244665555,-5.98432377111366));
#12180=CARTESIAN_POINT('',(147.785967123715,-0.523798171861769,-5.97730757864086));
#12181=CARTESIAN_POINT('',(147.800339109408,-0.611269989424571,-5.9689969269123));
#12182=CARTESIAN_POINT('',(147.816969791917,-0.698582087035671,-5.95940885824104));
#12183=CARTESIAN_POINT('',(147.835866663298,-0.785679864672624,-5.94855184449024));
#12184=CARTESIAN_POINT('',(147.857012942441,-0.872417382467398,-5.9364501252233));
#12185=CARTESIAN_POINT('',(147.880427677087,-0.95880942188402,-5.92310934476221));
#12186=CARTESIAN_POINT('',(147.906082271881,-1.04469580371476,-5.9085642543633));
#12187=CARTESIAN_POINT('',(147.935010714304,-1.13320350170016,-5.89225216640358));
#12188=CARTESIAN_POINT('',(147.968573368976,-1.22718954981299,-5.87344559166828));
#12189=CARTESIAN_POINT('',(148.01587309019,-1.34808530561042,-5.84714393722278));
#12190=CARTESIAN_POINT('',(148.080086648647,-1.49409886143503,-5.81184455730535));
#12191=CARTESIAN_POINT('',(148.165044317213,-1.66263459036414,-5.76594474096644));
#12192=CARTESIAN_POINT('',(148.258905463114,-1.825753436319,-5.71629711119073));
#12193=CARTESIAN_POINT('',(148.357358752791,-1.97741054322651,-5.66545679869483));
#12194=CARTESIAN_POINT('',(148.454936252552,-2.1126525620875,-5.61631392642091));
#12195=CARTESIAN_POINT('',(148.553200578971,-2.23641337103189,-5.56811155170729));
#12196=CARTESIAN_POINT('',(148.653007454688,-2.35137198854292,-5.52050216680678));
#12197=CARTESIAN_POINT('',(148.755691682276,-2.45985386590302,-5.47298606092934));
#12198=CARTESIAN_POINT('',(148.856230894993,-2.55744140379133,-5.42798035276588));
#12199=CARTESIAN_POINT('',(148.951386970039,-2.64290610846349,-5.3867921972267));
#12200=CARTESIAN_POINT('',(149.037736768913,-2.71534327981076,-5.35059086925361));
#12201=CARTESIAN_POINT('',(149.113319683777,-2.77490479744275,-5.31987995464738));
#12202=CARTESIAN_POINT('',(149.179950258769,-2.82474836975638,-5.29354463093626));
#12203=CARTESIAN_POINT('',(149.239804354459,-2.86757904926461,-5.27046025210049));
#12204=CARTESIAN_POINT('',(149.300076625205,-2.90883097170164,-5.24780102595411));
#12205=CARTESIAN_POINT('',(149.36082530737,-2.94858089502019,-5.22556615527212));
#12206=CARTESIAN_POINT('',(149.422187040126,-2.98694033895749,-5.20373086477479));
#12207=CARTESIAN_POINT('',(149.483994493628,-3.02382791495278,-5.18237870954838));
#12208=CARTESIAN_POINT('',(149.546286990862,-3.05929248640003,-5.16151846666408));
#12209=CARTESIAN_POINT('',(149.608964081427,-3.09330014586131,-5.14120587097415));
#12210=CARTESIAN_POINT('',(149.672064439902,-3.12589432110981,-5.12144990504907));
#12211=CARTESIAN_POINT('',(149.735486203063,-3.15704546926716,-5.10230253647652));
#12212=CARTESIAN_POINT('',(149.799347327207,-3.18683086238195,-5.0837488164681));
#12213=CARTESIAN_POINT('',(149.863554821693,-3.21522099915605,-5.06583784834981));
#12214=CARTESIAN_POINT('',(149.928095813991,-3.2422257872597,-5.04859357795828));
#12215=CARTESIAN_POINT('',(149.992723674261,-3.26776561667004,-5.03209694914027));
#12216=CARTESIAN_POINT('',(150.057470692049,-3.29188217050797,-5.0163505243833));
#12217=CARTESIAN_POINT('',(150.1221492958,-3.31453517253772,-5.00140856351746));
#12218=CARTESIAN_POINT('',(150.186783748708,-3.33576571647335,-4.98727076617302));
#12219=CARTESIAN_POINT('',(150.251157713962,-3.35554003168858,-4.9739850594115));
#12220=CARTESIAN_POINT('',(150.315437398633,-3.37394555847508,-4.96151632677482));
#12221=CARTESIAN_POINT('',(150.379435490221,-3.39096034684364,-4.94990088005301));
#12222=CARTESIAN_POINT('',(150.443138889625,-3.40661690160281,-4.93913668413758));
#12223=CARTESIAN_POINT('',(150.506169539355,-3.42086958552725,-4.92927399888102));
#12224=CARTESIAN_POINT('',(150.568705313853,-3.43380983268196,-4.92026672873599));
#12225=CARTESIAN_POINT('',(150.6304819389,-3.44543046535519,-4.91213486650554));
#12226=CARTESIAN_POINT('',(150.691531060029,-3.45578910209083,-4.90485154277515));
#12227=CARTESIAN_POINT('',(150.751277500824,-3.46485374671682,-4.89845119315352));
#12228=CARTESIAN_POINT('',(150.810029107583,-3.47274400638484,-4.89285966777031));
#12229=CARTESIAN_POINT('',(150.867319026352,-3.47946459461826,-4.88808195972238));
#12230=CARTESIAN_POINT('',(150.922856081153,-3.48506187745981,-4.88409217553581));
#12231=CARTESIAN_POINT('',(150.975443142473,-3.48953503447544,-4.880896744085));
#12232=CARTESIAN_POINT('',(151.025541573332,-3.4930595158196,-4.87837472463269));
#12233=CARTESIAN_POINT('',(151.074846271129,-3.49583849786093,-4.8763835166602));
#12234=CARTESIAN_POINT('',(151.126162644939,-3.49800383608699,-4.87483033329673));
#12235=CARTESIAN_POINT('',(151.18379756979,-3.49956377266333,-4.87371053789755));
#12236=CARTESIAN_POINT('',(151.224547242247,-3.49995441260466,-4.87342981362665));
#12237=CARTESIAN_POINT('',(151.246920266343,-3.49995430397628,-4.87342999027248));
#12238=CARTESIAN_POINT('',(151.253071316145,3.50004029096003,-4.87336823579511));
#12239=CARTESIAN_POINT('',(151.253071316145,3.50004029096003,-4.87336823579511));
#12240=CARTESIAN_POINT('',(151.251021038187,3.50004389462979,-4.87336564714114));
#12241=CARTESIAN_POINT('',(151.221015588996,3.50007026133926,-4.8733467124481));
#12242=CARTESIAN_POINT('',(151.167857391716,3.49943357430247,-4.87380407972441));
#12243=CARTESIAN_POINT('',(151.096014357336,3.49699789157831,-4.87555226642268));
#12244=CARTESIAN_POINT('',(151.033034812879,3.49367536318663,-4.87793391447086));
#12245=CARTESIAN_POINT('',(150.974130871844,3.48955651918615,-4.88088161385927));
#12246=CARTESIAN_POINT('',(150.915789824593,3.48451368591634,-4.88448358192154));
#12247=CARTESIAN_POINT('',(150.855211700164,3.47824536577927,-4.88895014596652));
#12248=CARTESIAN_POINT('',(150.791509766085,3.47049916347955,-4.89445318775519));
#12249=CARTESIAN_POINT('',(150.725703052624,3.46123743019779,-4.90100863660576));
#12250=CARTESIAN_POINT('',(150.658429375969,3.4504437192062,-4.90861528670359));
#12251=CARTESIAN_POINT('',(150.590422686491,3.43816092293715,-4.91722832391287));
#12252=CARTESIAN_POINT('',(150.52150210567,3.42428779686712,-4.92690155048161));
#12253=CARTESIAN_POINT('',(150.452215631944,3.4088788446422,-4.93757776234572));
#12254=CARTESIAN_POINT('',(150.382282018414,3.39182188725019,-4.94931312150937));
#12255=CARTESIAN_POINT('',(150.31177196035,3.37307193828375,-4.96211387426412));
#12256=CARTESIAN_POINT('',(150.240362381783,3.35246442536642,-4.97606337253203));
#12257=CARTESIAN_POINT('',(150.168506933997,3.33005176524125,-4.9910938511497));
#12258=CARTESIAN_POINT('',(150.09600740361,3.3057031310279,-5.00725796205026));
#12259=CARTESIAN_POINT('',(150.022959940195,3.27937096657784,-5.02454809738157));
#12260=CARTESIAN_POINT('',(149.948817769232,3.2507501526646,-5.04311819770672));
#12261=CARTESIAN_POINT('',(149.873989071068,3.21987383767112,-5.06289390429696));
#12262=CARTESIAN_POINT('',(149.798235565282,3.1865222380863,-5.08395797765851));
#12263=CARTESIAN_POINT('',(149.721948096634,3.15074139502991,-5.10621809661556));
#12264=CARTESIAN_POINT('',(149.644891652857,3.1122829165982,-5.12975782767167));
#12265=CARTESIAN_POINT('',(149.567764016353,3.07136712648992,-5.15436791909262));
#12266=CARTESIAN_POINT('',(149.490609026821,3.0279172169737,-5.1800199610008));
#12267=CARTESIAN_POINT('',(149.413788468141,2.98204761422232,-5.20657063960007));
#12268=CARTESIAN_POINT('',(149.337052182365,2.93350560877237,-5.23408377979524));
#12269=CARTESIAN_POINT('',(149.26079411916,2.88243137621571,-5.26239295723717));
#12270=CARTESIAN_POINT('',(149.185051102804,2.82875382456906,-5.29144994314956));
#12271=CARTESIAN_POINT('',(149.110172005313,2.77263584327101,-5.32107955581637));
#12272=CARTESIAN_POINT('',(149.036192403643,2.71402277959126,-5.35122221700845));
#12273=CARTESIAN_POINT('',(148.963500397131,2.65315781451746,-5.38166758628302));
#12274=CARTESIAN_POINT('',(148.892409682121,2.59027331883002,-5.41222248443833));
#12275=CARTESIAN_POINT('',(148.823219065625,2.52564457328384,-5.4426881673278));
#12276=CARTESIAN_POINT('',(148.756166339432,2.45953430997444,-5.47288592285105));
#12277=CARTESIAN_POINT('',(148.691291735902,2.39204522091413,-5.50272270765671));
#12278=CARTESIAN_POINT('',(148.617876302572,2.31148131091716,-5.53715431259532));
#12279=CARTESIAN_POINT('',(148.523468334669,2.20067461524564,-5.58246520692444));
#12280=CARTESIAN_POINT('',(148.396570071378,2.03600789327448,-5.64528174143569));
#12281=CARTESIAN_POINT('',(148.251425402083,1.81809256978168,-5.71990023791986));
#12282=CARTESIAN_POINT('',(148.117382374112,1.57530151161391,-5.7914038639906));
#12283=CARTESIAN_POINT('',(148.016430339198,1.35263593603474,-5.84674368186385));
#12284=CARTESIAN_POINT('',(147.948582360874,1.17463182390745,-5.88457977889668));
#12285=CARTESIAN_POINT('',(147.902210812712,1.03383217918817,-5.91072331461527));
#12286=CARTESIAN_POINT('',(147.868270195846,0.916026601865116,-5.93000829029009));
#12287=CARTESIAN_POINT('',(147.844403007007,0.821809922892424,-5.94364898023057));
#12288=CARTESIAN_POINT('',(147.827145984976,0.746053052058274,-5.95354901839297));
#12289=CARTESIAN_POINT('',(147.813604147684,0.681108672411293,-5.96133868762361));
#12290=CARTESIAN_POINT('',(147.800565107422,0.611957020185082,-5.96885843211451));
#12291=CARTESIAN_POINT('',(147.786421860036,0.527220987989585,-5.97703552724021));
#12292=CARTESIAN_POINT('',(147.771404703802,0.419565781531943,-5.98574289254247));
#12293=CARTESIAN_POINT('',(147.757634034679,0.286306668204462,-5.99375182602882));
#12294=CARTESIAN_POINT('',(147.748843954555,0.143332110554614,-5.99887648695616));
#12295=CARTESIAN_POINT('',(147.74691996476,0.0462371362024671,-5.99999982396002));
#12296=CARTESIAN_POINT('',(147.746920266443,1.52315875799093E-5,-6.00000000000009));
#12297=CARTESIAN_POINT('',(147.746920266641,1.65887738237748E-11,-6.00000000000003));
#12298=CARTESIAN_POINT('',(154.746928684022,3.50003727832466,-4.87337039946238));
#12299=CARTESIAN_POINT('',(151.253071316145,3.50004029095969,-4.87336823562977));
#12300=VECTOR('',#12301,1.);
#12301=DIRECTION('',(0.999999999999437,-8.62266177784379E-7,-6.19288507068923E-7));
#12302=CARTESIAN_POINT('',(158.246920266135,9.41628167873997E-16,-6.00000000000003));
#12303=CARTESIAN_POINT('',(158.246920678958,0.0290665090106526,-6.000000183681));
#12304=CARTESIAN_POINT('',(158.246195971171,0.0872408154457189,-5.99957685199839));
#12305=CARTESIAN_POINT('',(158.242935781151,0.17444173357068,-5.99767518896049));
#12306=CARTESIAN_POINT('',(158.237490342538,0.26171221578927,-5.99450170190274));
#12307=CARTESIAN_POINT('',(158.229849225729,0.348996005285677,-5.99005437657413));
#12308=CARTESIAN_POINT('',(158.2199865444,0.436380937300849,-5.9843237218829));
#12309=CARTESIAN_POINT('',(158.207885818035,0.523799155389977,-5.97730749404511));
#12310=CARTESIAN_POINT('',(158.193515902755,0.611271323813796,-5.96899679214361));
#12311=CARTESIAN_POINT('',(158.176887286025,0.698583827111531,-5.95940865641664));
#12312=CARTESIAN_POINT('',(158.157992474747,0.785682063990153,-5.9485515564293));
#12313=CARTESIAN_POINT('',(158.136848246767,0.872420093460303,-5.93644972951943));
#12314=CARTESIAN_POINT('',(158.113435554429,0.958812698523516,-5.92310881733621));
#12315=CARTESIAN_POINT('',(158.087782989744,1.04469969769955,-5.90856356911966));
#12316=CARTESIAN_POINT('',(158.058856639176,1.13320808973745,-5.89225128794964));
#12317=CARTESIAN_POINT('',(158.02529620658,1.22719493848211,-5.87344447094207));
#12318=CARTESIAN_POINT('',(157.977999344144,1.34809181931488,-5.84714244630656));
#12319=CARTESIAN_POINT('',(157.913789244517,1.49410688597939,-5.81184251360511));
#12320=CARTESIAN_POINT('',(157.828835587836,1.66264458075398,-5.76594188351367));
#12321=CARTESIAN_POINT('',(157.734978353732,1.82576556775807,-5.71629326055807));
#12322=CARTESIAN_POINT('',(157.636528738834,1.97742489247802,-5.66545181209235));
#12323=CARTESIAN_POINT('',(157.538954554368,2.1126690913392,-5.61630772884616));
#12324=CARTESIAN_POINT('',(157.44069330139,2.23643208394568,-5.56810405493382));
#12325=CARTESIAN_POINT('',(157.34088932343,2.35139291026623,-5.52049327469452));
#12326=CARTESIAN_POINT('',(157.23820787875,2.45987705286891,-5.4729756586748));
#12327=CARTESIAN_POINT('',(157.137671223777,2.5574668018481,-5.42796840277394));
#12328=CARTESIAN_POINT('',(157.042517438484,2.64293359771668,-5.3867787230394));
#12329=CARTESIAN_POINT('',(156.956169622882,2.71537266729584,-5.35057596614256));
#12330=CARTESIAN_POINT('',(156.880588376256,2.7749358472708,-5.31986376593995));
#12331=CARTESIAN_POINT('',(156.813959225748,2.82478088699223,-5.29352728407854));
#12332=CARTESIAN_POINT('',(156.754106377006,2.86761288648072,-5.27044184669588));
#12333=CARTESIAN_POINT('',(156.693835328532,2.90886614215939,-5.24778153598858));
#12334=CARTESIAN_POINT('',(156.633087849031,2.94861741194465,-5.22554555500697));
#12335=CARTESIAN_POINT('',(156.571727304597,2.98697821831624,-5.20370912673842));
#12336=CARTESIAN_POINT('',(156.509921027199,3.02386716728417,-5.18235581109541));
#12337=CARTESIAN_POINT('',(156.447629691971,3.05933312637001,-5.16149438337877));
#12338=CARTESIAN_POINT('',(156.384953750213,3.09334218576738,-5.14118058129148));
#12339=CARTESIAN_POINT('',(156.321854525985,3.12593777661682,-5.12142338609568));
#12340=CARTESIAN_POINT('',(156.258433885877,3.15709035253803,-5.10227476912269));
#12341=CARTESIAN_POINT('',(156.19457387032,3.18687719220791,-5.08371977787637));
#12342=CARTESIAN_POINT('',(156.130367430301,3.21526881009299,-5.0658075073238));
#12343=CARTESIAN_POINT('',(156.065827391653,3.24227513074241,-5.04856189328363));
#12344=CARTESIAN_POINT('',(156.001200302534,3.2678165633574,-5.0320638689955));
#12345=CARTESIAN_POINT('',(155.936453866909,3.29193478398454,-5.01631600156162));
#12346=CARTESIAN_POINT('',(155.871775573969,3.31458952938358,-5.00137254377383));
#12347=CARTESIAN_POINT('',(155.807141151932,3.33582188187516,-4.98723320312063));
#12348=CARTESIAN_POINT('',(155.742766850603,3.35559807544047,-4.97394590537706));
#12349=CARTESIAN_POINT('',(155.678486535812,3.37400551482342,-4.9614755581565));
#12350=CARTESIAN_POINT('',(155.614487419798,3.39102225698635,-4.94985847095573));
#12351=CARTESIAN_POINT('',(155.550782581772,3.40668079150381,-4.93909262061751));
#12352=CARTESIAN_POINT('',(155.487749870126,3.42093549635443,-4.92922825966813));
#12353=CARTESIAN_POINT('',(155.425211467669,3.43387776668441,-4.92021932015812));
#12354=CARTESIAN_POINT('',(155.363431564867,3.44550040663547,-4.91208581043524));
#12355=CARTESIAN_POINT('',(155.302378719089,3.45586097220769,-4.9048009067444));
#12356=CARTESIAN_POINT('',(155.242628201848,3.46492742316523,-4.89839907984127));
#12357=CARTESIAN_POINT('',(155.183872261171,3.47281935269731,-4.8928061905371));
#12358=CARTESIAN_POINT('',(155.126578124442,3.47954141546665,-4.88802727664558));
#12359=CARTESIAN_POINT('',(155.071037375799,3.48513994741245,-4.88403646810182));
#12360=CARTESIAN_POINT('',(155.018447118893,3.48961415432168,-4.88084017779683));
#12361=CARTESIAN_POINT('',(154.968345007687,3.49313959126021,-4.87831738757593));
#12362=CARTESIAN_POINT('',(154.919034909423,3.49591950213309,-4.87632544459637));
#12363=CARTESIAN_POINT('',(154.867710933803,3.4980857140247,-4.87477157972975));
#12364=CARTESIAN_POINT('',(154.810064969125,3.49964642432644,-4.87365118898838));
#12365=CARTESIAN_POINT('',(154.769306869463,3.50003733322702,-4.87337026130985));
#12366=CARTESIAN_POINT('',(154.746928684021,3.50003727832422,-4.87337039946177));
#12367=CARTESIAN_POINT('',(-145.,5.89358761706315,1.12499999999997));
#12368=CARTESIAN_POINT('',(-145.,5.84032319311182,-1.37500000000003));
#12369=AXIS2_PLACEMENT_3D('',#12370,#12371,#12372);
#12370=CARTESIAN_POINT('',(-145.,0.,2.66453525910038E-14));
#12371=DIRECTION('',(1.,0.,0.));
#12372=DIRECTION('',(0.,0.97338719885197,-0.229166666666675));
#12373=CARTESIAN_POINT('',(-165.,5.84032319311182,-1.37500000000003));
#12374=VECTOR('',#12375,1.);
#12375=DIRECTION('',(1.,4.44089209850063E-17,2.22044604925031E-17));
#12376=CARTESIAN_POINT('',(-145.,-5.84032319311182,-1.37500000000003));
#12377=CARTESIAN_POINT('',(-165.,-5.84032319311182,-1.37500000000003));
#12378=VECTOR('',#12379,1.);
#12379=DIRECTION('',(1.,4.44089209850063E-17,-1.11022302462516E-16));
#12380=CARTESIAN_POINT('',(-145.,-5.89358761706315,1.12499999999997));
#12381=AXIS2_PLACEMENT_3D('',#12382,#12383,#12384);
#12382=CARTESIAN_POINT('',(-145.,0.,2.66453525910038E-14));
#12383=DIRECTION('',(1.,0.,0.));
#12384=DIRECTION('',(0.,-0.982264602843859,0.187499999999991));
#12385=CARTESIAN_POINT('',(-165.,-5.89358761706315,1.12499999999997));
#12386=VECTOR('',#12387,1.);
#12387=DIRECTION('',(1.,0.,3.33066907387547E-17));
#12388=CARTESIAN_POINT('',(-165.,5.89358761706315,1.12499999999997));
#12389=VECTOR('',#12390,1.);
#12390=DIRECTION('',(1.,0.,2.22044604925031E-17));
#12391=CARTESIAN_POINT('',(-147.746920266641,2.66453525910038E-15,-5.99999999999997));
#12392=CARTESIAN_POINT('',(-151.246920266343,-3.4999543039767,-4.87342999053852));
#12393=CARTESIAN_POINT('',(-151.246920266343,-3.4999543039767,-4.87342999040486));
#12394=CARTESIAN_POINT('',(-151.217015417556,-3.49995453336303,-4.87342953157261));
#12395=CARTESIAN_POINT('',(-151.163835592935,-3.49927281571411,-4.87391965335466));
#12396=CARTESIAN_POINT('',(-151.089746990305,-3.49663328641382,-4.87581377908517));
#12397=CARTESIAN_POINT('',(-151.026232636024,-3.4931644944336,-4.8782998338372));
#12398=CARTESIAN_POINT('',(-150.966676055838,-3.48887832894897,-4.88136649357329));
#12399=CARTESIAN_POINT('',(-150.90760713466,-3.48363929057984,-4.88510736615466));
#12400=CARTESIAN_POINT('',(-150.846308885421,-3.47714431673479,-4.88973347816525));
#12401=CARTESIAN_POINT('',(-150.781932408249,-3.46914172901246,-4.89541565449452));
#12402=CARTESIAN_POINT('',(-150.715503949692,-3.45959889142313,-4.90216571027482));
#12403=CARTESIAN_POINT('',(-150.647648839867,-3.44850047358601,-4.90998106339624));
#12404=CARTESIAN_POINT('',(-150.579077929264,-3.43588794421927,-4.9188172745016));
#12405=CARTESIAN_POINT('',(-150.509602132317,-3.42165806707919,-4.92872876169055));
#12406=CARTESIAN_POINT('',(-150.439744595806,-3.40586070336416,-4.93966076647186));
#12407=CARTESIAN_POINT('',(-150.369195593417,-3.38837276401473,-4.95167587273348));
#12408=CARTESIAN_POINT('',(-150.298039394272,-3.36914881762861,-4.96477936119858));
#12409=CARTESIAN_POINT('',(-150.225955717688,-3.34801973671919,-4.9790560807497));
#12410=CARTESIAN_POINT('',(-150.153417848517,-3.32504238271535,-4.99443377866848));
#12411=CARTESIAN_POINT('',(-150.080215882111,-3.30007819034573,-5.0109684289521));
#12412=CARTESIAN_POINT('',(-150.006440954209,-3.27307423788077,-5.0286539523257));
#12413=CARTESIAN_POINT('',(-149.93151676196,-3.24370512645648,-5.04765454230175));
#12414=CARTESIAN_POINT('',(-149.855853369192,-3.2119986694188,-5.0678962581652));
#12415=CARTESIAN_POINT('',(-149.779196755988,-3.17771735167559,-5.08946908930175));
#12416=CARTESIAN_POINT('',(-149.701965667898,-3.14091209858451,-5.11227362660118));
#12417=CARTESIAN_POINT('',(-149.623929782081,-3.10132505817591,-5.13639410703998));
#12418=CARTESIAN_POINT('',(-149.545821271001,-3.05919121452333,-5.16160832070385));
#12419=CARTESIAN_POINT('',(-149.467695444329,-3.01443340968771,-5.1878832303519));
#12420=CARTESIAN_POINT('',(-149.389940821572,-2.96717983925088,-5.215063426553));
#12421=CARTESIAN_POINT('',(-149.312334872892,-2.91718846739884,-5.24320142248531));
#12422=CARTESIAN_POINT('',(-149.235298326585,-2.86462042749022,-5.2721158083893));
#12423=CARTESIAN_POINT('',(-149.158929177155,-2.80945070342435,-5.30173018969716));
#12424=CARTESIAN_POINT('',(-149.083606022043,-2.75187948527608,-5.33184961158179));
#12425=CARTESIAN_POINT('',(-149.009410251138,-2.69190465713645,-5.36238830786547));
#12426=CARTESIAN_POINT('',(-148.936685988091,-2.62975955263238,-5.39314505860749));
#12427=CARTESIAN_POINT('',(-148.865686339835,-2.56564535593546,-5.42394588342244));
#12428=CARTESIAN_POINT('',(-148.796617324679,-2.49976299095786,-5.45462928077986));
#12429=CARTESIAN_POINT('',(-148.729625784677,-2.43228473586217,-5.48505694604856));
#12430=CARTESIAN_POINT('',(-148.664723661403,-2.36326527373998,-5.51515146070324));
#12431=CARTESIAN_POINT('',(-148.590735103761,-2.28019861044215,-5.55012763909391));
#12432=CARTESIAN_POINT('',(-148.498497223749,-2.16923803898762,-5.59474492757983));
#12433=CARTESIAN_POINT('',(-148.390034684306,-2.02512423946359,-5.64877949768703));
#12434=CARTESIAN_POINT('',(-148.286950509476,-1.87067866465259,-5.70169656530528));
#12435=CARTESIAN_POINT('',(-148.206672290176,-1.73574222176759,-5.74388575190213));
#12436=CARTESIAN_POINT('',(-148.148531413207,-1.62890381545338,-5.77491367069727));
#12437=CARTESIAN_POINT('',(-148.104859382381,-1.54274920378745,-5.79847492238923));
#12438=CARTESIAN_POINT('',(-148.066711379581,-1.46237804361037,-5.81924111513166));
#12439=CARTESIAN_POINT('',(-148.03125465287,-1.38273669575575,-5.83869409693549));
#12440=CARTESIAN_POINT('',(-147.996135039651,-1.29818269870167,-5.85810858842763));
#12441=CARTESIAN_POINT('',(-147.957122832655,-1.19656671372547,-5.87983777046813));
#12442=CARTESIAN_POINT('',(-147.913491939348,-1.07041693954035,-5.90434966523625));
#12443=CARTESIAN_POINT('',(-147.870207045112,-0.925273121063093,-5.92890274776057));
#12444=CARTESIAN_POINT('',(-147.83597184059,-0.788032190963386,-5.94848392574403));
#12445=CARTESIAN_POINT('',(-147.813873394751,-0.683064021578257,-5.9611923972411));
#12446=CARTESIAN_POINT('',(-147.799826457663,-0.607274864445056,-5.96929521386936));
#12447=CARTESIAN_POINT('',(-147.789788076099,-0.547160598864166,-5.97509779652692));
#12448=CARTESIAN_POINT('',(-147.781115824867,-0.489127009196277,-5.98011965363721));
#12449=CARTESIAN_POINT('',(-147.772994861281,-0.427961039275244,-5.98482941010426));
#12450=CARTESIAN_POINT('',(-147.765585592838,-0.363175952681347,-5.98913289896146));
#12451=CARTESIAN_POINT('',(-147.759138588794,-0.29475504448627,-5.99288252136761));
#12452=CARTESIAN_POINT('',(-147.754598876299,-0.234015389616937,-5.99552559337811));
#12453=CARTESIAN_POINT('',(-147.751478530689,-0.180569555957775,-5.99734342494805));
#12454=CARTESIAN_POINT('',(-147.74939608638,-0.134224043666012,-5.99855707584736));
#12455=CARTESIAN_POINT('',(-147.747950558689,-0.0887471493428469,-5.99939970902948));
#12456=CARTESIAN_POINT('',(-147.747106064063,-0.0441541376958382,-5.99989194780365));
#12457=CARTESIAN_POINT('',(-147.746920445665,-0.0146423311028793,-6.00000001528578));
#12458=CARTESIAN_POINT('',(-147.746920266641,-1.24127386889463E-11,-5.99999999999997));
#12459=CARTESIAN_POINT('',(-154.746911848645,-3.4999627216551,-4.8734239449326));
#12460=CARTESIAN_POINT('',(-154.746911849594,-3.4999627216551,-4.87342394493075));
#12461=CARTESIAN_POINT('',(-153.580248712795,-3.49995991576404,-4.87342596004665));
#12462=CARTESIAN_POINT('',(-152.413584851893,-3.49995710987124,-4.87342797516014));
#12463=CARTESIAN_POINT('',(-151.246920266887,-3.4999543039767,-4.8734299902712));
#12464=CARTESIAN_POINT('',(-158.246920266135,2.66453525910038E-15,-5.99999999999997));
#12465=CARTESIAN_POINT('',(-158.246920266135,1.903060834712E-15,-5.99999999999997));
#12466=CARTESIAN_POINT('',(-158.246920059782,-0.0290664995770178,-6.00000018367714));
#12467=CARTESIAN_POINT('',(-158.246194113211,-0.0872407743889375,-5.99957685225348));
#12468=CARTESIAN_POINT('',(-158.242932067318,-0.174441604080807,-5.99767519220911));
#12469=CARTESIAN_POINT('',(-158.23748477145,-0.261711963047519,-5.99450171225627));
#12470=CARTESIAN_POINT('',(-158.229841796558,-0.348995591100236,-5.99005439982383));
#12471=CARTESIAN_POINT('',(-158.219977254752,-0.436380314973152,-5.98432376611627));
#12472=CARTESIAN_POINT('',(-158.207874667937,-0.523798271681082,-5.97730757005502));
#12473=CARTESIAN_POINT('',(-158.193502892286,-0.611270124833588,-5.96899691323632));
#12474=CARTESIAN_POINT('',(-158.17687241935,-0.698582263593304,-5.95940883776271));
#12475=CARTESIAN_POINT('',(-158.157975756967,-0.785680087811168,-5.94855181526404));
#12476=CARTESIAN_POINT('',(-158.136829685915,-0.872417657507348,-5.93645008507768));
#12477=CARTESIAN_POINT('',(-158.113415158461,-0.958809754303576,-5.92310929125413));
#12478=CARTESIAN_POINT('',(-158.087760769622,-1.04469619876174,-5.908564184845));
#12479=CARTESIAN_POINT('',(-158.058832539415,-1.13320396716167,-5.89225207728358));
#12480=CARTESIAN_POINT('',(-158.025270110168,-1.22719009650723,-5.87344547796798));
#12481=CARTESIAN_POINT('',(-157.977970678968,-1.34808596645915,-5.84714378596212));
#12482=CARTESIAN_POINT('',(-157.913757471398,-1.49409967557583,-5.81184434995955));
#12483=CARTESIAN_POINT('',(-157.828800209831,-1.66263560394157,-5.76594445106346));
#12484=CARTESIAN_POINT('',(-157.734939460802,-1.82575466706287,-5.71629672054173));
#12485=CARTESIAN_POINT('',(-157.636486543973,-1.97741199890536,-5.66545629282348));
#12486=CARTESIAN_POINT('',(-157.5389093806,-2.1126542388637,-5.61631329772256));
#12487=CARTESIAN_POINT('',(-157.44064536601,-2.2364152693191,-5.56811079121815));
#12488=CARTESIAN_POINT('',(-157.340838784223,-2.35137411098321,-5.52050126473644));
#12489=CARTESIAN_POINT('',(-157.23815483877,-2.45985621835428,-5.47298500556757));
#12490=CARTESIAN_POINT('',(-157.137615885312,-2.55744398075943,-5.42797914028943));
#12491=CARTESIAN_POINT('',(-157.042460042313,-2.64290889777621,-5.38679083002048));
#12492=CARTESIAN_POINT('',(-156.956110444431,-2.71534626183638,-5.3505893570051));
#12493=CARTESIAN_POINT('',(-156.88052769876,-2.77490794811291,-5.31987831196632));
#12494=CARTESIAN_POINT('',(-156.813897268441,-2.82475166914481,-5.29354287083353));
#12495=CARTESIAN_POINT('',(-156.75404329974,-2.86758248220142,-5.27045838480117));
#12496=CARTESIAN_POINT('',(-156.693771153727,-2.90883453939735,-5.24779904890164));
#12497=CARTESIAN_POINT('',(-156.63302259446,-2.94858459876269,-5.2255640658961));
#12498=CARTESIAN_POINT('',(-156.571660983208,-2.98694418038136,-5.20372866029079));
#12499=CARTESIAN_POINT('',(-156.509853649831,-3.02383189526325,-5.18237638759013));
#12500=CARTESIAN_POINT('',(-156.447561271,-3.05929660728952,-5.16151602464061));
#12501=CARTESIAN_POINT('',(-156.384884296844,-3.09330440895216,-5.14120330647573));
#12502=CARTESIAN_POINT('',(-156.321784052529,-3.12589872837271,-5.12144721551888));
#12503=CARTESIAN_POINT('',(-156.258362401209,-3.15705002245557,-5.10229971964258));
#12504=CARTESIAN_POINT('',(-156.194501386409,-3.18683556376431,-5.08374586976829));
#12505=CARTESIAN_POINT('',(-156.130293990943,-3.2152258542124,-5.06583476734982));
#12506=CARTESIAN_POINT('',(-156.065753078602,-3.24223080447457,-5.04859035633241));
#12507=CARTESIAN_POINT('',(-156.001125262899,-3.26777080896146,-5.03209357780536));
#12508=CARTESIAN_POINT('',(-155.936378253726,-3.29188754888184,-5.01634699539023));
#12509=CARTESIAN_POINT('',(-155.871699606692,-3.31454075087731,-5.00140486709989));
#12510=CARTESIAN_POINT('',(-155.807065057862,-3.33577150595639,-4.98726689430195));
#12511=CARTESIAN_POINT('',(-155.742690928444,-3.35554604449593,-4.97398100350966));
#12512=CARTESIAN_POINT('',(-155.678411027744,-3.37395179884208,-4.96151208360152));
#12513=CARTESIAN_POINT('',(-155.614412647871,-3.39096682127128,-4.94989644510272));
#12514=CARTESIAN_POINT('',(-155.550708881378,-3.40662361440924,-4.93913205456151));
#12515=CARTESIAN_POINT('',(-155.487677737789,-3.42087654650821,-4.92926916837755));
#12516=CARTESIAN_POINT('',(-155.425141349753,-3.43381704389278,-4.92026169641522));
#12517=CARTESIAN_POINT('',(-155.363363971023,-3.44543792606436,-4.91212963375141));
#12518=CARTESIAN_POINT('',(-155.30231400123,-3.45579679749102,-4.90484612108716));
#12519=CARTESIAN_POINT('',(-155.242566646313,-3.46486165278713,-4.89844560106707));
#12520=CARTESIAN_POINT('',(-155.183814082977,-3.47275209525041,-4.89285392675859));
#12521=CARTESIAN_POINT('',(-155.126523254481,-3.47947282652279,-4.88807610011043));
#12522=CARTESIAN_POINT('',(-155.070985442789,-3.48507020641229,-4.88408623241037));
#12523=CARTESIAN_POINT('',(-155.018397800174,-3.48954342221064,-4.88089074738856));
#12524=CARTESIAN_POINT('',(-154.968298808663,-3.49306794704932,-4.87836868762733));
#12525=CARTESIAN_POINT('',(-154.918993122943,-3.49584697394787,-4.87637744022552));
#12526=CARTESIAN_POINT('',(-154.8676755711,-3.49801235160369,-4.87482422285962));
#12527=CARTESIAN_POINT('',(-154.810036755099,-3.49957230009715,-4.87370441477334));
#12528=CARTESIAN_POINT('',(-154.769289120571,-3.49996288412409,-4.87342372959712));
#12529=CARTESIAN_POINT('',(-154.74692026628,-3.49996272166522,-4.87342394492348));
#12530=CARTESIAN_POINT('',(-154.746928684022,3.50003727832468,-4.87337039946045));
#12531=CARTESIAN_POINT('',(-154.746928684021,3.50003727832465,-4.87337039946047));
#12532=CARTESIAN_POINT('',(-154.776778870347,3.50003743536057,-4.87336999468424));
#12533=CARTESIAN_POINT('',(-154.829867989473,3.49935800068689,-4.87385849084196));
#12534=CARTESIAN_POINT('',(-154.903835040503,3.49672723142699,-4.87574640331799));
#12535=CARTESIAN_POINT('',(-154.967253992624,3.49326929054541,-4.87822478694212));
#12536=CARTESIAN_POINT('',(-155.02672308894,3.48899625620105,-4.88128219811122));
#12537=CARTESIAN_POINT('',(-155.085705793796,3.48377310867835,-4.88501192555536));
#12538=CARTESIAN_POINT('',(-155.146913413595,3.47729788070988,-4.88962425734299));
#12539=CARTESIAN_POINT('',(-155.211193811107,3.46931972035806,-4.89528949183356));
#12540=CARTESIAN_POINT('',(-155.277521745771,3.45980623937478,-4.90201933932688));
#12541=CARTESIAN_POINT('',(-155.345274572115,3.4487419733352,-4.90981139517736));
#12542=CARTESIAN_POINT('',(-155.413743470176,3.43616811849977,-4.91862150095047));
#12543=CARTESIAN_POINT('',(-155.48311735283,3.42198166209323,-4.92850403004869));
#12544=CARTESIAN_POINT('',(-155.552872385519,3.40623262293422,-4.93940422694642));
#12545=CARTESIAN_POINT('',(-155.623315659555,3.38879894519878,-4.95138411376177));
#12546=CARTESIAN_POINT('',(-155.694363922241,3.36963532927628,-4.96444905169651));
#12547=CARTESIAN_POINT('',(-155.766337349121,3.34857325535304,-4.97868369194633));
#12548=CARTESIAN_POINT('',(-155.838764533964,3.32566921124083,-4.99401623913201));
#12549=CARTESIAN_POINT('',(-155.911853825687,3.30078561997742,-5.01050226342783));
#12550=CARTESIAN_POINT('',(-155.98551329031,3.27387031735737,-5.02813546674476));
#12551=CARTESIAN_POINT('',(-156.060316144949,3.24460022127071,-5.04707894065468));
#12552=CARTESIAN_POINT('',(-156.135853558715,3.21300340926509,-5.06725898285194));
#12553=CARTESIAN_POINT('',(-156.212378097454,3.17884424798537,-5.08876491748199));
#12554=CARTESIAN_POINT('',(-156.289472571701,3.1421738292579,-5.11149775405305));
#12555=CARTESIAN_POINT('',(-156.367365594363,3.10273671129476,-5.13554095018593));
#12556=CARTESIAN_POINT('',(-156.445328887727,3.0607665738099,-5.16067368982635));
#12557=CARTESIAN_POINT('',(-156.523310806406,3.01618531641882,-5.18686420259398));
#12558=CARTESIAN_POINT('',(-156.600928840838,2.96911781628226,-5.21395957122521));
#12559=CARTESIAN_POINT('',(-156.678411111084,2.91931908161808,-5.24201465017439));
#12560=CARTESIAN_POINT('',(-156.755339554438,2.8669475734569,-5.27084986710862));
#12561=CARTESIAN_POINT('',(-156.831622929009,2.81197265137799,-5.30039219641132));
#12562=CARTESIAN_POINT('',(-156.906884402934,2.75459097613468,-5.33044849425035));
#12563=CARTESIAN_POINT('',(-156.981048514587,2.69479346369301,-5.36093642473059));
#12564=CARTESIAN_POINT('',(-157.053765248374,2.63281487480567,-5.39165349203564));
#12565=CARTESIAN_POINT('',(-157.124784465907,2.56885073963825,-5.42242789266203));
#12566=CARTESIAN_POINT('',(-157.193897317886,2.50310112342968,-5.45309773505387));
#12567=CARTESIAN_POINT('',(-157.260963259734,2.43572821568476,-5.48352831807754));
#12568=CARTESIAN_POINT('',(-157.325962777124,2.36679019167999,-5.5136394470642));
#12569=CARTESIAN_POINT('',(-157.400101139911,2.28377798164655,-5.54865563222495));
#12570=CARTESIAN_POINT('',(-157.492567456797,2.17283803419713,-5.59334811514771));
#12571=CARTESIAN_POINT('',(-157.601340469102,2.0286890715555,-5.64750136759518));
#12572=CARTESIAN_POINT('',(-157.704752606789,1.87414827952185,-5.7005585975135));
#12573=CARTESIAN_POINT('',(-157.785312396836,1.7390780315197,-5.74287786343662));
#12574=CARTESIAN_POINT('',(-157.843677785332,1.63209063252621,-5.77401476118024));
#12575=CARTESIAN_POINT('',(-157.887536838115,1.54577473611821,-5.79767001366033));
#12576=CARTESIAN_POINT('',(-157.925858671696,1.4652253375036,-5.81852577826511));
#12577=CARTESIAN_POINT('',(-157.961485356943,1.38538171392122,-5.83806814719833));
#12578=CARTESIAN_POINT('',(-157.996776041357,1.30059780622613,-5.8575742187178));
#12579=CARTESIAN_POINT('',(-158.035977987779,1.19869347206032,-5.87940671012779));
#12580=CARTESIAN_POINT('',(-158.079812856009,1.07218798008601,-5.90403177948058));
#12581=CARTESIAN_POINT('',(-158.123286256233,0.926647482737913,-5.92869176540317));
#12582=CARTESIAN_POINT('',(-158.157655499725,0.789055138295269,-5.94835057332407));
#12583=CARTESIAN_POINT('',(-158.179828304789,0.683851522511976,-5.96110290305445));
#12584=CARTESIAN_POINT('',(-158.193914213354,0.607927450203307,-5.96922909171653));
#12585=CARTESIAN_POINT('',(-158.203975152875,0.5477344579459,-5.9750454611087));
#12586=CARTESIAN_POINT('',(-158.212664992439,0.489635179026658,-5.98007825134773));
#12587=CARTESIAN_POINT('',(-158.220800747839,0.428411301434532,-5.98479739410057));
#12588=CARTESIAN_POINT('',(-158.228223047262,0.363568405114027,-5.98910932354187));
#12589=CARTESIAN_POINT('',(-158.234681413039,0.295085701023064,-5.99286648760283));
#12590=CARTESIAN_POINT('',(-158.239229340686,0.234286794062624,-5.99551517849598));
#12591=CARTESIAN_POINT('',(-158.242355388151,0.180784994929895,-5.99733707016297));
#12592=CARTESIAN_POINT('',(-158.244441605489,0.134386984740342,-5.99855356191154));
#12593=CARTESIAN_POINT('',(-158.245889530617,0.0888569365933379,-5.99939822119099));
#12594=CARTESIAN_POINT('',(-158.246734823472,0.0442206103751782,-5.99989154758641));
#12595=CARTESIAN_POINT('',(-158.246920344362,0.0146752276810615,-5.99999995445023));
#12596=CARTESIAN_POINT('',(-158.246920266267,1.24257838292736E-5,-5.99999999999996));
#12597=CARTESIAN_POINT('',(-158.246920266135,1.39744060357632E-11,-5.99999999999997));
#12598=CARTESIAN_POINT('',(-151.253071316145,3.50004029096005,-4.8733682354634));
#12599=CARTESIAN_POINT('',(-154.746928684022,3.50003727832434,-4.87337039933589));
#12600=VECTOR('',#12601,1.);
#12601=DIRECTION('',(0.999999999999436,8.62266369078474E-7,6.19288781108832E-7));
#12602=CARTESIAN_POINT('',(-147.746920266641,7.89114803523177E-16,-5.99999999999997));
#12603=CARTESIAN_POINT('',(-147.746919783911,0.0290665102513579,-6.0000001836812));
#12604=CARTESIAN_POINT('',(-147.747644351844,0.08724082057372,-5.99957685196466));
#12605=CARTESIAN_POINT('',(-147.750904332364,0.174441749098446,-5.99767518856912));
#12606=CARTESIAN_POINT('',(-147.756349561335,0.261712245554239,-5.99450170068141));
#12607=CARTESIAN_POINT('',(-147.763990468412,0.348996053472914,-5.99005437386663));
#12608=CARTESIAN_POINT('',(-147.77385293971,0.436381008861972,-5.98432371679289));
#12609=CARTESIAN_POINT('',(-147.785953455989,0.523799255976304,-5.9773074853886));
#12610=CARTESIAN_POINT('',(-147.800323161063,0.611271458917034,-5.96899677849235));
#12611=CARTESIAN_POINT('',(-147.816951567892,0.69858400176441,-5.95940863615228));
#12612=CARTESIAN_POINT('',(-147.835846169682,0.785682283300457,-5.94855152769815));
#12613=CARTESIAN_POINT('',(-147.856990188943,0.87242036262133,-5.93644969022693));
#12614=CARTESIAN_POINT('',(-147.880402673418,0.958813023290057,-5.9231087650587));
#12615=CARTESIAN_POINT('',(-147.906055031581,1.04470008398585,-5.90856350114685));
#12616=CARTESIAN_POINT('',(-147.934981170106,1.1332085477789,-5.89225120026847));
#12617=CARTESIAN_POINT('',(-147.968541378677,1.22719548226438,-5.87344435788724));
#12618=CARTESIAN_POINT('',(-148.015837955397,1.34809248821559,-5.84714229330227));
#12619=CARTESIAN_POINT('',(-148.080047708884,1.4941077171928,-5.81184230195101));
#12620=CARTESIAN_POINT('',(-148.165000959045,1.6626456094952,-5.76594158915704));
#12621=CARTESIAN_POINT('',(-148.25885777915,1.82576678264958,-5.71629287459124));
#12622=CARTESIAN_POINT('',(-148.357306990968,1.97742628923984,-5.66545132629202));
#12623=CARTESIAN_POINT('',(-148.454880801654,2.11267066545069,-5.61630713833251));
#12624=CARTESIAN_POINT('',(-148.553141721497,2.23643386406738,-5.5681033418197));
#12625=CARTESIAN_POINT('',(-148.652945434485,2.3513949592317,-5.52049240460475));
#12626=CARTESIAN_POINT('',(-148.7556267202,2.45987946443957,-5.4729745778403));
#12627=CARTESIAN_POINT('',(-148.856163261963,2.55746957035629,-5.42796710111725));
#12628=CARTESIAN_POINT('',(-148.951316977168,2.64293670517678,-5.38677720055031));
#12629=CARTESIAN_POINT('',(-149.037664729169,2.71537605757583,-5.35057424704003));
#12630=CARTESIAN_POINT('',(-149.113245837433,2.77493940557297,-5.31986191047471));
#12631=CARTESIAN_POINT('',(-149.179874736724,2.82478449423916,-5.29352535906474));
#12632=CARTESIAN_POINT('',(-149.23972713657,2.86761638661048,-5.27043994181317));
#12633=CARTESIAN_POINT('',(-149.299997574511,2.90886944728169,-5.24777970318865));
#12634=CARTESIAN_POINT('',(-149.360744342867,2.94862048771431,-5.22554381866614));
#12635=CARTESIAN_POINT('',(-149.422104137725,2.98698107619338,-5.20370748563606));
#12636=CARTESIAN_POINT('',(-149.483909759703,3.02386989837737,-5.18235421730772));
#12637=CARTESIAN_POINT('',(-149.546200633319,3.05933586765208,-5.16149275886315));
#12638=CARTESIAN_POINT('',(-149.608876548807,3.09334518667542,-5.14117877680068));
#12639=CARTESIAN_POINT('',(-149.671976259988,3.12594129132367,-5.12142124276903));
#12640=CARTESIAN_POINT('',(-149.735398171304,3.15709472645827,-5.10227206549136));
#12641=CARTESIAN_POINT('',(-149.799260141673,3.18688266707379,-5.0837163490852));
#12642=CARTESIAN_POINT('',(-149.863471752997,3.2152767014843,-5.0658025065388));
#12643=CARTESIAN_POINT('',(-149.928022844099,3.24228761507534,-5.04855389080889));
#12644=CARTESIAN_POINT('',(-149.992672220841,3.26783747007493,-5.03205031604515));
#12645=CARTESIAN_POINT('',(-150.057452115663,3.29196714815554,-5.01629479224113));
#12646=CARTESIAN_POINT('',(-150.122180095261,3.31463742375938,-5.00134083797877));
#12647=CARTESIAN_POINT('',(-150.186880345601,3.33588834696838,-4.98718878708128));
#12648=CARTESIAN_POINT('',(-150.251341127533,3.35568650681175,-4.97388628845237));
#12649=CARTESIAN_POINT('',(-150.315722600114,3.37411641904096,-4.96140017698385));
#12650=CARTESIAN_POINT('',(-150.379844361961,3.39115717897258,-4.94976607555559));
#12651=CARTESIAN_POINT('',(-150.443696364874,3.40684085164181,-4.93898225707862));
#12652=CARTESIAN_POINT('',(-150.506918595014,3.42112443092357,-4.92909717298209));
#12653=CARTESIAN_POINT('',(-150.56968806989,3.43409678862278,-4.92006649356788));
#12654=CARTESIAN_POINT('',(-150.631748433292,3.44575005631575,-4.9119107214083));
#12655=CARTESIAN_POINT('',(-150.693114513356,3.45613659650534,-4.90460671740123));
#12656=CARTESIAN_POINT('',(-150.753197563282,3.46522119765678,-4.89819127378443));
#12657=CARTESIAN_POINT('',(-150.812295862264,3.47312176740482,-4.8925915312203));
#12658=CARTESIAN_POINT('',(-150.869906596339,3.4798390152016,-4.88781540965384));
#12659=CARTESIAN_POINT('',(-150.925696613173,3.4854172498422,-4.88383856464359));
#12660=CARTESIAN_POINT('',(-150.978447791487,3.48985941961577,-4.88066479816522));
#12661=CARTESIAN_POINT('',(-151.028682730737,3.49334919977235,-4.87816727898694));
#12662=CARTESIAN_POINT('',(-151.078232087126,3.49609640886562,-4.87619860231354));
#12663=CARTESIAN_POINT('',(-151.130039048048,3.49823016251582,-4.87466792318429));
#12664=CARTESIAN_POINT('',(-151.186574831825,3.49969301329463,-4.87361768129507));
#12665=CARTESIAN_POINT('',(-151.228125220451,3.50006401525709,-4.87335119821619));
#12666=CARTESIAN_POINT('',(-151.251021111921,3.50004389442306,-4.87336564739229));
#12667=CARTESIAN_POINT('',(-151.253071316145,3.50004029095952,-4.8733682356296));
#12668=CARTESIAN_POINT('',(-151.253071316145,3.50004029096005,4.87336823546346));
#12669=CARTESIAN_POINT('',(-154.746928684022,3.50003727832468,4.87337039946051));
#12670=CARTESIAN_POINT('',(-154.746928684022,3.50003727832434,4.87337039933595));
#12671=VECTOR('',#12672,1.);
#12672=DIRECTION('',(0.999999999999436,8.6226636920558E-7,-6.19288781871466E-7));
#12673=CARTESIAN_POINT('',(-154.746911848645,-3.4999627216551,4.87342394493169));
#12674=CARTESIAN_POINT('',(-154.746928684022,3.50003727832468,4.87337039946051));
#12675=CARTESIAN_POINT('',(-154.773846323571,3.50003744576905,4.87337008244284));
#12676=CARTESIAN_POINT('',(-154.822026988059,3.49948172364519,4.87376955618424));
#12677=CARTESIAN_POINT('',(-154.888736045693,3.49733293357805,4.8753118116455));
#12678=CARTESIAN_POINT('',(-154.945350455508,3.49454243477724,4.87731256314357));
#12679=CARTESIAN_POINT('',(-154.997409251287,3.49118395600519,4.87971732042601));
#12680=CARTESIAN_POINT('',(-155.048119804133,3.48717708942205,4.88258185167317));
#12681=CARTESIAN_POINT('',(-155.100197773465,3.48229846540726,4.8860630133149));
#12682=CARTESIAN_POINT('',(-155.155149673039,3.47630485688623,4.89032989876041));
#12683=CARTESIAN_POINT('',(-155.213001518421,3.46903802929736,4.89548842065428));
#12684=CARTESIAN_POINT('',(-155.273381767641,3.46040072365732,4.90159870221108));
#12685=CARTESIAN_POINT('',(-155.335435287609,3.45040133614134,4.90864420107259));
#12686=CARTESIAN_POINT('',(-155.399158572217,3.43893515260464,4.91668575953709));
#12687=CARTESIAN_POINT('',(-155.463731767234,3.42606261808099,4.92566606752572));
#12688=CARTESIAN_POINT('',(-155.52893903566,3.41177292777166,4.93557650218484));
#12689=CARTESIAN_POINT('',(-155.594491251914,3.39608803875362,4.94638438110516));
#12690=CARTESIAN_POINT('',(-155.660729890824,3.37887350967229,4.95816210428649));
#12691=CARTESIAN_POINT('',(-155.727305376156,3.36016492027058,4.97086269269953));
#12692=CARTESIAN_POINT('',(-155.794315670453,3.33988900813078,4.98451148382681));
#12693=CARTESIAN_POINT('',(-155.861675104193,3.31802181652554,4.9990978476705));
#12694=CARTESIAN_POINT('',(-155.929824004617,3.29435103199778,5.01473222448099));
#12695=CARTESIAN_POINT('',(-155.998505292908,3.26888369367374,5.031374607533));
#12696=CARTESIAN_POINT('',(-156.06795755679,3.24144838542809,5.04909804485822));
#12697=CARTESIAN_POINT('',(-156.137926241011,3.212055938035,5.06785265107582));
#12698=CARTESIAN_POINT('',(-156.208634198101,3.18051263425328,5.08771377825221));
#12699=CARTESIAN_POINT('',(-156.27951784979,3.14697622227537,5.10853116045601));
#12700=CARTESIAN_POINT('',(-156.350453145592,3.11143464440778,5.13026122165357));
#12701=CARTESIAN_POINT('',(-156.421033580676,3.07403970500911,5.15276095226413));
#12702=CARTESIAN_POINT('',(-156.491280675951,3.03473316876612,5.17601384920585));
#12703=CARTESIAN_POINT('',(-156.56087449401,2.99365658291895,5.1998848149074));
#12704=CARTESIAN_POINT('',(-156.632015237244,2.94941625492122,5.22511875955571));
#12705=CARTESIAN_POINT('',(-156.706678826428,2.90042680308515,5.25249581610702));
#12706=CARTESIAN_POINT('',(-156.795974967809,2.83836422288424,5.28637355954807));
#12707=CARTESIAN_POINT('',(-156.895940154163,2.76374636181285,5.325857398722));
#12708=CARTESIAN_POINT('',(-157.002663160104,2.67731667328753,5.36984097749088));
#12709=CARTESIAN_POINT('',(-157.095862196214,2.59562788318726,5.40974104241256));
#12710=CARTESIAN_POINT('',(-157.176680476597,2.51985790103072,5.44538398009967));
#12711=CARTESIAN_POINT('',(-157.254430877639,2.44274300691783,5.48048408325329));
#12712=CARTESIAN_POINT('',(-157.337738955456,2.35451493263979,5.51906528805481));
#12713=CARTESIAN_POINT('',(-157.426358131256,2.25320925328588,5.56122783329378));
#12714=CARTESIAN_POINT('',(-157.514044919713,2.14473765488122,5.6040080563319));
#12715=CARTESIAN_POINT('',(-157.611479795456,2.01367726494782,5.65269102023854));
#12716=CARTESIAN_POINT('',(-157.725385150423,1.84317995189825,5.71115602104633));
#12717=CARTESIAN_POINT('',(-157.840355983184,1.64331677033045,5.77201998895134));
#12718=CARTESIAN_POINT('',(-157.934783349323,1.44914559689128,5.82331009614676));
#12719=CARTESIAN_POINT('',(-158.00124547387,1.290969047301,5.86002404623528));
#12720=CARTESIAN_POINT('',(-158.050854621736,1.15757318524094,5.88773772228025));
#12721=CARTESIAN_POINT('',(-158.093033924821,1.02949201709822,5.91151688882372));
#12722=CARTESIAN_POINT('',(-158.132516415832,0.891670378421056,5.93395923410984));
#12723=CARTESIAN_POINT('',(-158.167337927757,0.747401550828901,5.95390346922691));
#12724=CARTESIAN_POINT('',(-158.196105052878,0.600287667376245,5.9704851878726));
#12725=CARTESIAN_POINT('',(-158.215318930203,0.474173227001647,5.98161388365523));
#12726=CARTESIAN_POINT('',(-158.227636302709,0.370223321126781,5.98876774154342));
#12727=CARTESIAN_POINT('',(-158.235227580732,0.289355469379814,5.99318427154717));
#12728=CARTESIAN_POINT('',(-158.240647017078,0.213705421760133,5.99634108269851));
#12729=CARTESIAN_POINT('',(-158.244321770641,0.141192162302336,5.99848355745293));
#12730=CARTESIAN_POINT('',(-158.246457039738,0.069989589490987,5.99972933272409));
#12731=CARTESIAN_POINT('',(-158.246925102702,0.022584355542468,6.00000268101198));
#12732=CARTESIAN_POINT('',(-158.246915341067,-0.0239130346879024,5.99999727562577));
#12733=CARTESIAN_POINT('',(-158.24644063634,-0.0701565069367683,5.99972063389274));
#12734=CARTESIAN_POINT('',(-158.243993148768,-0.152062075801174,5.99829373375173));
#12735=CARTESIAN_POINT('',(-158.237887241695,-0.262672142062079,5.99473542128607));
#12736=CARTESIAN_POINT('',(-158.224465792513,-0.406798003833552,5.98692570094303));
#12737=CARTESIAN_POINT('',(-158.202704538316,-0.561935085685902,5.97430670764199));
#12738=CARTESIAN_POINT('',(-158.173792476489,-0.717051320730056,5.95762510305651));
#12739=CARTESIAN_POINT('',(-158.134417683649,-0.887057644142646,5.93504173726628));
#12740=CARTESIAN_POINT('',(-158.073639551641,-1.09703295250169,5.90049522404747));
#12741=CARTESIAN_POINT('',(-157.9904753106,-1.32298213841441,5.85393936185702));
#12742=CARTESIAN_POINT('',(-157.899546131109,-1.52428216499276,5.80408616322272));
#12743=CARTESIAN_POINT('',(-157.82189341362,-1.67361105529321,5.7623334807194));
#12744=CARTESIAN_POINT('',(-157.753240071929,-1.79367598712771,5.72600052782046));
#12745=CARTESIAN_POINT('',(-157.686132099937,-1.90175681690506,5.69103261274851));
#12746=CARTESIAN_POINT('',(-157.617517626332,-2.00351023866565,5.65591417792447));
#12747=CARTESIAN_POINT('',(-157.556293805908,-2.08809485039785,5.62511861338954));
#12748=CARTESIAN_POINT('',(-157.502429077396,-2.15851265187578,5.59842527564379));
#12749=CARTESIAN_POINT('',(-157.450082064219,-2.22377491446578,5.57283626594922));
#12750=CARTESIAN_POINT('',(-157.392326839847,-2.29229207427825,5.545031391959));
#12751=CARTESIAN_POINT('',(-157.319414834009,-2.37421908869162,5.5105533141905));
#12752=CARTESIAN_POINT('',(-157.224600516373,-2.47369226706856,5.4667955664811));
#12753=CARTESIAN_POINT('',(-157.110178361214,-2.58343967077949,5.41581488014173));
#12754=CARTESIAN_POINT('',(-156.996635662621,-2.68237166808057,5.36732842693275));
#12755=CARTESIAN_POINT('',(-156.89863057578,-2.76112483012659,5.32710388638631));
#12756=CARTESIAN_POINT('',(-156.815274773727,-2.82398760932742,5.29400908118621));
#12757=CARTESIAN_POINT('',(-156.735490232991,-2.88072161878371,5.26334280869885));
#12758=CARTESIAN_POINT('',(-156.661288805865,-2.93042686612843,5.23579437865978));
#12759=CARTESIAN_POINT('',(-156.593099212581,-2.97374314889748,5.21128542720944));
#12760=CARTESIAN_POINT('',(-156.531378579016,-3.01118156267962,5.18973858654209));
#12761=CARTESIAN_POINT('',(-156.469180234498,-3.04717971318659,5.16868008823038));
#12762=CARTESIAN_POINT('',(-156.406627060795,-3.08169382810096,5.14817250487999));
#12763=CARTESIAN_POINT('',(-156.343605485841,-3.11481081857625,5.12819975796421));
#12764=CARTESIAN_POINT('',(-156.280153476531,-3.14652761165917,5.10879703089669));
#12765=CARTESIAN_POINT('',(-156.216214301376,-3.17688558406396,5.08997105117725));
#12766=CARTESIAN_POINT('',(-156.144811418785,-3.2090376438396,5.06977213783721));
#12767=CARTESIAN_POINT('',(-156.065614827666,-3.24248824786473,5.04845090779901));
#12768=CARTESIAN_POINT('',(-155.978329327835,-3.27663186869552,5.02635055329307));
#12769=CARTESIAN_POINT('',(-155.897458966742,-3.30579425789115,5.00720168143639));
#12770=CARTESIAN_POINT('',(-155.823268651059,-3.33059734371078,4.99072611792004));
#12771=CARTESIAN_POINT('',(-155.75604139722,-3.35157873207849,4.9766575003798));
#12772=CARTESIAN_POINT('',(-155.688404500206,-3.37120263559017,4.96338263995608));
#12773=CARTESIAN_POINT('',(-155.62051959449,-3.38942691399344,4.95095297716719));
#12774=CARTESIAN_POINT('',(-155.552392276099,-3.4062587414909,4.93938551183284));
#12775=CARTESIAN_POINT('',(-155.484118243312,-3.42168299498743,4.9287110380082));
#12776=CARTESIAN_POINT('',(-155.415687403905,-3.4357117290302,4.91894021096752));
#12777=CARTESIAN_POINT('',(-155.347181662217,-3.44833924474443,4.91009441805106));
#12778=CARTESIAN_POINT('',(-155.278527640593,-3.45958758540589,4.9021739313011));
#12779=CARTESIAN_POINT('',(-155.210083730394,-3.46941005846307,4.89522576670966));
#12780=CARTESIAN_POINT('',(-155.141936853892,-3.477823273972,4.88925095281579));
#12781=CARTESIAN_POINT('',(-155.075166298243,-3.48474797769963,4.88431681777291));
#12782=CARTESIAN_POINT('',(-155.010756279643,-3.49019348103318,4.88042626413933));
#12783=CARTESIAN_POINT('',(-154.948747021803,-3.49431483224904,4.87747577994926));
#12784=CARTESIAN_POINT('',(-154.886873082599,-3.49734943001644,4.87529998601621));
#12785=CARTESIAN_POINT('',(-154.81963908076,-3.49944519576118,4.87379575694862));
#12786=CARTESIAN_POINT('',(-154.772556588325,-3.49996286810755,4.87342366844428));
#12787=CARTESIAN_POINT('',(-154.74692026629,-3.49996272166522,4.87342394492354));
#12788=CARTESIAN_POINT('',(-151.246920266343,-3.4999543039767,4.87342999000393));
#12789=CARTESIAN_POINT('',(-151.246920266422,-3.4999543039767,4.87342999027125));
#12790=CARTESIAN_POINT('',(-152.413584850729,-3.49995710987124,4.87342797516019));
#12791=CARTESIAN_POINT('',(-153.580248711631,-3.49995991576404,4.87342596004671));
#12792=CARTESIAN_POINT('',(-154.746911849128,-3.4999627216551,4.8734239449308));
#12793=CARTESIAN_POINT('',(-151.246920266343,-3.4999543039767,4.87342999013759));
#12794=CARTESIAN_POINT('',(-151.219951980662,-3.49995453713386,4.87342962461738));
#12795=CARTESIAN_POINT('',(-151.171686449465,-3.49939690269439,4.87383045999227));
#12796=CARTESIAN_POINT('',(-151.104865111116,-3.49724077372126,4.87537792367189));
#12797=CARTESIAN_POINT('',(-151.048164258819,-3.49444134444173,4.87738499469567));
#12798=CARTESIAN_POINT('',(-150.996028648982,-3.49107242877198,4.87979711455413));
#12799=CARTESIAN_POINT('',(-150.945243831571,-3.48705325665611,4.88267029759193));
#12800=CARTESIAN_POINT('',(-150.89308905061,-3.4821596799055,4.88616193177176));
#12801=CARTESIAN_POINT('',(-150.838054712234,-3.47614760057146,4.8904416948879));
#12802=CARTESIAN_POINT('',(-150.780115303354,-3.4688582783477,4.89561581069313));
#12803=CARTESIAN_POINT('',(-150.719644372429,-3.46019431061682,4.9017444446485));
#12804=CARTESIAN_POINT('',(-150.657501240117,-3.45016462379773,4.90881061790256));
#12805=CARTESIAN_POINT('',(-150.593693108667,-3.43866503155104,4.9168747246918));
#12806=CARTESIAN_POINT('',(-150.529041419988,-3.425756672349,4.9258789042622));
#12807=CARTESIAN_POINT('',(-150.463764118909,-3.411429533276,4.9358139159867));
#12808=CARTESIAN_POINT('',(-150.398149049242,-3.39570573069953,4.9466469071081));
#12809=CARTESIAN_POINT('',(-150.331857396252,-3.37845173442436,4.95844957671992));
#12810=CARTESIAN_POINT('',(-150.265237008573,-3.35970325507482,4.97117480764922));
#12811=CARTESIAN_POINT('',(-150.198191949098,-3.3393880212541,4.98484721230464));
#12812=CARTESIAN_POINT('',(-150.130807124007,-3.31748239642166,4.99945591021681));
#12813=CARTESIAN_POINT('',(-150.062645077083,-3.29377542212585,5.01511039290222));
#12814=CARTESIAN_POINT('',(-149.993960186463,-3.26827397836062,5.03177076314308));
#12815=CARTESIAN_POINT('',(-149.924514358575,-3.24080731112709,5.04950962207178));
#12816=CARTESIAN_POINT('',(-149.854559343804,-3.21138580003041,5.06827739908057));
#12817=CARTESIAN_POINT('',(-149.783872962776,-3.17981641902569,5.08814900652117));
#12818=CARTESIAN_POINT('',(-149.713015501954,-3.14625616535676,5.10897472336244));
#12819=CARTESIAN_POINT('',(-149.642110519874,-3.11069311696069,5.13071093125939));
#12820=CARTESIAN_POINT('',(-149.571563219397,-3.07327887034689,5.15321482476446));
#12821=CARTESIAN_POINT('',(-149.501353323984,-3.03395611783882,5.17646939988444));
#12822=CARTESIAN_POINT('',(-149.431800067397,-2.99286651353023,5.20033961735656));
#12823=CARTESIAN_POINT('',(-149.36070625749,-2.94861738071513,5.22556962965019));
#12824=CARTESIAN_POINT('',(-149.286097551947,-2.89962397414662,5.25293904223357));
#12825=CARTESIAN_POINT('',(-149.196874917683,-2.83756480995779,5.28680262949019));
#12826=CARTESIAN_POINT('',(-149.096996570573,-2.7629589040039,5.32626579495731));
#12827=CARTESIAN_POINT('',(-148.990368926636,-2.67655083924064,5.37022252749682));
#12828=CARTESIAN_POINT('',(-148.897252455108,-2.59488669947904,5.41009641686927));
#12829=CARTESIAN_POINT('',(-148.81650292662,-2.51914039621601,5.44571582583272));
#12830=CARTESIAN_POINT('',(-148.738809647844,-2.4420431757831,5.48079583454833));
#12831=CARTESIAN_POINT('',(-148.65555392431,-2.35382839034037,5.51935801457338));
#12832=CARTESIAN_POINT('',(-148.566982061575,-2.25253051423903,5.56150271384256));
#12833=CARTESIAN_POINT('',(-148.479332997827,-2.14405734098412,5.60426838631182));
#12834=CARTESIAN_POINT('',(-148.381931471964,-2.012983478167,5.65293826842279));
#12835=CARTESIAN_POINT('',(-148.268060608352,-1.8424591935197,5.71138890183245));
#12836=CARTESIAN_POINT('',(-148.153128755629,-1.64256435525857,5.77223449592431));
#12837=CARTESIAN_POINT('',(-148.058739766046,-1.44836448828705,5.82350461976824));
#12838=CARTESIAN_POINT('',(-147.992309845445,-1.29016705309124,5.86020077352062));
#12839=CARTESIAN_POINT('',(-147.942728466967,-1.15675530795466,5.88789854298579));
#12840=CARTESIAN_POINT('',(-147.900576321374,-1.02866042400849,5.91166172713178));
#12841=CARTESIAN_POINT('',(-147.861123543622,-0.890825702583638,5.93408617731189));
#12842=CARTESIAN_POINT('',(-147.826333623115,-0.746545055711157,5.95401099593678));
#12843=CARTESIAN_POINT('',(-147.797599161799,-0.599421116210794,5.97057230510864));
#12844=CARTESIAN_POINT('',(-147.778413602961,-0.47329972204912,5.98168309181));
#12845=CARTESIAN_POINT('',(-147.766119745341,-0.369345209390456,5.98882197378201));
#12846=CARTESIAN_POINT('',(-147.758546847071,-0.288474452291359,5.99322675108058));
#12847=CARTESIAN_POINT('',(-147.753144663162,-0.212822240484948,5.99637249940303));
#12848=CARTESIAN_POINT('',(-147.749486490394,-0.140307420957607,5.99850432145117));
#12849=CARTESIAN_POINT('',(-147.74737595215,-0.0693866595245911,5.99973469576189));
#12850=CARTESIAN_POINT('',(-147.746913016982,-0.0219812004186819,6.00000439637544));
#12851=CARTESIAN_POINT('',(-147.746927810902,0.0245163870043344,5.9999954124843));
#12852=CARTESIAN_POINT('',(-147.747416102015,0.0710428660626726,5.99971020379559));
#12853=CARTESIAN_POINT('',(-147.74988239615,0.152947923538981,5.99827120868874));
#12854=CARTESIAN_POINT('',(-147.756013684437,0.263556332194946,5.99469660001862));
#12855=CARTESIAN_POINT('',(-147.769468123425,0.407678231362864,5.98686579038855));
#12856=CARTESIAN_POINT('',(-147.791264693331,0.56280872526276,5.97422442030903));
#12857=CARTESIAN_POINT('',(-147.820211780742,0.717916092283298,5.95752089855965));
#12858=CARTESIAN_POINT('',(-147.859624543534,0.887910170436312,5.9349141418663));
#12859=CARTESIAN_POINT('',(-147.92044878171,1.09786656242891,5.9003399355854));
#12860=CARTESIAN_POINT('',(-148.003661385197,1.32379047129753,5.85375632333038));
#12861=CARTESIAN_POINT('',(-148.094632425763,1.52506377132973,5.80388063918108));
#12862=CARTESIAN_POINT('',(-148.172315341852,1.67437023704571,5.76211281598489));
#12863=CARTESIAN_POINT('',(-148.240992290008,1.79441539087728,5.72576875640488));
#12864=CARTESIAN_POINT('',(-148.308120898155,1.90247696998257,5.69079179753635));
#12865=CARTESIAN_POINT('',(-148.376754339204,2.00421110936281,5.65566576602582));
#12866=CARTESIAN_POINT('',(-148.437993561502,2.08877879989733,5.62486461815417));
#12867=CARTESIAN_POINT('',(-148.491870868681,2.15918191833815,5.59816714337144));
#12868=CARTESIAN_POINT('',(-148.544229307244,2.22443004434632,5.57257474721172));
#12869=CARTESIAN_POINT('',(-148.601996309285,2.29293182175619,5.54476681535467));
#12870=CARTESIAN_POINT('',(-148.674922064414,2.37483966400358,5.51028579094469));
#12871=CARTESIAN_POINT('',(-148.769752624325,2.47428840600835,5.46652559235431));
#12872=CARTESIAN_POINT('',(-148.884192138605,2.58400717455844,5.41554392268509));
#12873=CARTESIAN_POINT('',(-148.997749961699,2.68291160556654,5.36705840614785));
#12874=CARTESIAN_POINT('',(-149.095766592704,2.76164142359098,5.32683600721633));
#12875=CARTESIAN_POINT('',(-149.179131154064,2.82448454574068,5.29374389640988));
#12876=CARTESIAN_POINT('',(-149.258923234438,2.88119995008747,5.26308090872979));
#12877=CARTESIAN_POINT('',(-149.333131005787,2.9308881420386,5.23553612538338));
#12878=CARTESIAN_POINT('',(-149.401325909192,2.97418893960619,5.21103097904654));
#12879=CARTESIAN_POINT('',(-149.463050974934,3.01161348835667,5.18948791326809));
#12880=CARTESIAN_POINT('',(-149.525253470656,3.04759784146934,5.16843352218441));
#12881=CARTESIAN_POINT('',(-149.58781052303,3.08209825309337,5.14793035879735));
#12882=CARTESIAN_POINT('',(-149.650835733947,3.11520161131172,5.12796233955772));
#12883=CARTESIAN_POINT('',(-149.714293541338,3.14690604511188,5.10856390422074));
#12884=CARTESIAN_POINT('',(-149.778243275191,3.17725393171646,5.08974111028293));
#12885=CARTESIAN_POINT('',(-149.84258332156,3.20621054354966,5.07154678478277));
#12886=CARTESIAN_POINT('',(-149.907380779954,3.23381808177418,5.05398467834569));
#12887=CARTESIAN_POINT('',(-149.972633537399,3.26008288202074,5.03707947651814));
#12888=CARTESIAN_POINT('',(-150.038406763892,3.28503341182433,5.02084018605606));
#12889=CARTESIAN_POINT('',(-150.104688654484,3.30866456084635,5.00529634742671));
#12890=CARTESIAN_POINT('',(-150.171528152696,3.3309899551025,4.99046411363264));
#12891=CARTESIAN_POINT('',(-150.23887555415,3.3519865040994,4.97638289062801));
#12892=CARTESIAN_POINT('',(-150.306654342853,3.37162669421099,4.96309462111555));
#12893=CARTESIAN_POINT('',(-150.374714807954,3.38987015116629,4.95064954346127));
#12894=CARTESIAN_POINT('',(-150.443048113233,3.40672116182507,4.93906662197464));
#12895=CARTESIAN_POINT('',(-150.51156826741,3.42216493537818,4.92837645159531));
#12896=CARTESIAN_POINT('',(-150.580283106169,3.43621068846763,4.91859168983671));
#12897=CARTESIAN_POINT('',(-150.649120142448,3.44885210193965,4.9097342147455));
#12898=CARTESIAN_POINT('',(-150.718132067926,3.46010505655498,4.90180869809125));
#12899=CARTESIAN_POINT('',(-150.786945465864,3.46991961218262,4.89486457481344));
#12900=CARTESIAN_POINT('',(-150.855453066252,3.47830985471721,4.8889047780717));
#12901=CARTESIAN_POINT('',(-150.922518124817,3.48519251402419,4.88399959698815));
#12902=CARTESIAN_POINT('',(-150.98710629875,3.49057868175067,4.88015073702856));
#12903=CARTESIAN_POINT('',(-151.049243409837,3.49463562818826,4.8772459126261));
#12904=CARTESIAN_POINT('',(-151.111383662842,3.49760865602764,4.87511401644832));
#12905=CARTESIAN_POINT('',(-151.177254560176,3.49957569326759,4.87370196414277));
#12906=CARTESIAN_POINT('',(-151.224956728585,3.50006679588458,4.87334920156233));
#12907=CARTESIAN_POINT('',(-151.251020913196,3.50004389462397,4.87336564715963));
#12908=CARTESIAN_POINT('',(-151.253071316145,3.50004029095979,4.87336823562946));
#12909=CARTESIAN_POINT('',(151.253071316145,3.50004029096003,4.87336823579505));
#12910=CARTESIAN_POINT('',(151.246920266343,-3.49995430397672,4.87342999027227));
#12911=CARTESIAN_POINT('',(151.253071316145,3.50004029096003,4.87336823579505));
#12912=CARTESIAN_POINT('',(151.25102115769,3.50004389451548,4.87336564731234));
#12913=CARTESIAN_POINT('',(151.223929115741,3.50006770348781,4.87334854918401));
#12914=CARTESIAN_POINT('',(151.175621662504,3.49954971310172,4.87372063328463));
#12915=CARTESIAN_POINT('',(151.11095819532,3.49757236736451,4.87514003105229));
#12916=CARTESIAN_POINT('',(151.054690962806,3.49489515268031,4.8770597856444));
#12917=CARTESIAN_POINT('',(151.003113418708,3.49166274698391,4.87937468658422));
#12918=CARTESIAN_POINT('',(150.952965408257,3.48780085501541,4.88213622528585));
#12919=CARTESIAN_POINT('',(150.901476228224,3.48308951707026,4.88549903672216));
#12920=CARTESIAN_POINT('',(150.84710971874,3.47728835076799,4.88963049352639));
#12921=CARTESIAN_POINT('',(150.789783550614,3.47023358190244,4.89464083428384));
#12922=CARTESIAN_POINT('',(150.729849018557,3.4618221852292,4.90059466542061));
#12923=CARTESIAN_POINT('',(150.668171859581,3.45205900024154,4.90747831299438));
#12924=CARTESIAN_POINT('',(150.604764044893,3.4408384335759,4.91535367699849));
#12925=CARTESIAN_POINT('',(150.54045989479,3.42821858858563,4.92416543663857));
#12926=CARTESIAN_POINT('',(150.475480369828,3.41418713887338,4.93390639715552));
#12927=CARTESIAN_POINT('',(150.410131267387,3.39876759295945,4.94454316186021));
#12928=CARTESIAN_POINT('',(150.344049203863,3.38181993600404,4.95615244275597));
#12929=CARTESIAN_POINT('',(150.277587075201,3.36337717567247,4.96868930247924));
#12930=CARTESIAN_POINT('',(150.210635241965,3.34336064679004,4.98218304768532));
#12931=CARTESIAN_POINT('',(150.143284057734,3.32174469211382,4.99662437952959));
#12932=CARTESIAN_POINT('',(150.07507996164,3.29831110930121,5.01212796654335));
#12933=CARTESIAN_POINT('',(150.006294765583,3.27306763660558,5.02865332565429));
#12934=CARTESIAN_POINT('',(149.936691812814,3.24584156185743,5.0462744929799));
#12935=CARTESIAN_POINT('',(149.866547528104,3.21664912838522,5.06493802579013));
#12936=CARTESIAN_POINT('',(149.795637737122,3.18529544686686,5.08472024577079));
#12937=CARTESIAN_POINT('',(149.724528567813,3.15193579018293,5.10547216728564));
#12938=CARTESIAN_POINT('',(149.653328744938,3.11654812111256,5.12715609482118));
#12939=CARTESIAN_POINT('',(149.58245015626,3.07928221827952,5.14962944178813));
#12940=CARTESIAN_POINT('',(149.511879927361,3.04008191621272,5.17287387120594));
#12941=CARTESIAN_POINT('',(149.441957013836,2.99909672759724,5.1967488336959));
#12942=CARTESIAN_POINT('',(149.372941522942,2.95646142967096,5.22112679630227));
#12943=CARTESIAN_POINT('',(149.305129813876,2.91236811736288,5.2458542250894));
#12944=CARTESIAN_POINT('',(149.238741492942,2.86698839175353,5.27079611052224));
#12945=CARTESIAN_POINT('',(149.173822265776,2.82039609722604,5.29587734346709));
#12946=CARTESIAN_POINT('',(149.103848135992,2.76772473275212,5.32362900408121));
#12947=CARTESIAN_POINT('',(149.029463007573,2.70862580267459,5.35398194632605));
#12948=CARTESIAN_POINT('',(148.951443121771,2.64281097699015,5.38677803965707));
#12949=CARTESIAN_POINT('',(148.880690823604,2.57953196131314,5.41734131368589));
#12950=CARTESIAN_POINT('',(148.814662719289,2.51730175374693,5.44652438654475));
#12951=CARTESIAN_POINT('',(148.742774226735,2.44614188968521,5.47895098517287));
#12952=CARTESIAN_POINT('',(148.661095407432,2.36001094751866,5.51671748514859));
#12953=CARTESIAN_POINT('',(148.572139311859,2.25874720983668,5.55898071937327));
#12954=CARTESIAN_POINT('',(148.484162704736,2.15037023001746,5.60184852867107));
#12955=CARTESIAN_POINT('',(148.38644426031,2.01948178898183,5.65061826182238));
#12956=CARTESIAN_POINT('',(148.272217282169,1.84925076782104,5.70919006675234));
#12957=CARTESIAN_POINT('',(148.156874118897,1.64968582736737,5.77019961999618));
#12958=CARTESIAN_POINT('',(148.062079022726,1.45578042773541,5.82165311927518));
#12959=CARTESIAN_POINT('',(147.997270036693,1.30243635657288,5.85743217154547));
#12960=CARTESIAN_POINT('',(147.949823282682,1.17649952294569,5.88390677576066));
#12961=CARTESIAN_POINT('',(147.910833912505,1.06105712764952,5.90584886216132));
#12962=CARTESIAN_POINT('',(147.876670533849,0.946560011448326,5.92522400812688));
#12963=CARTESIAN_POINT('',(147.846448171168,0.831514279977025,5.94247076819705));
#12964=CARTESIAN_POINT('',(147.819828879875,0.714427190655006,5.95774647207599));
#12965=CARTESIAN_POINT('',(147.796200585241,0.589913292184539,5.97137427478296));
#12966=CARTESIAN_POINT('',(147.778936170634,0.476554340662783,5.98137321621786));
#12967=CARTESIAN_POINT('',(147.767012359118,0.377752108930101,5.9882974503397));
#12968=CARTESIAN_POINT('',(147.759247210965,0.296911199701658,5.99281462252675));
#12969=CARTESIAN_POINT('',(147.753664588485,0.221281125082641,5.99606624371983));
#12970=CARTESIAN_POINT('',(147.74983302541,0.14878219550898,5.99830005924425));
#12971=CARTESIAN_POINT('',(147.747527750715,0.0770995815052733,5.99964502968918));
#12972=CARTESIAN_POINT('',(147.746942641361,0.0276555382340721,5.99998673755337));
#12973=CARTESIAN_POINT('',(147.74690195169,-0.0188402121542126,6.00001082722383));
#12974=CARTESIAN_POINT('',(147.747312336879,-0.0645926563068579,5.99977177197088));
#12975=CARTESIAN_POINT('',(147.749525445612,-0.144461897743324,5.99848161214886));
#12976=CARTESIAN_POINT('',(147.755391337353,-0.255087171610127,5.99506309142714));
#12977=CARTESIAN_POINT('',(147.768500729738,-0.399249433126012,5.98743417063328));
#12978=CARTESIAN_POINT('',(147.789927731214,-0.554447099264354,5.97500675288011));
#12979=CARTESIAN_POINT('',(147.818508009637,-0.709644924516276,5.95851240659032));
#12980=CARTESIAN_POINT('',(147.857522736696,-0.879763930953375,5.93612835311403));
#12981=CARTESIAN_POINT('',(147.91786290559,-1.0899134162463,5.90181673978522));
#12982=CARTESIAN_POINT('',(148.000566505293,-1.31609566911659,5.85549426085075));
#12983=CARTESIAN_POINT('',(148.09109557929,-1.5176424694905,5.80582774142885));
#12984=CARTESIAN_POINT('',(148.168458651081,-1.6671785990485,5.76419891213566));
#12985=CARTESIAN_POINT('',(148.236884777177,-1.78742632773699,5.72795544461813));
#12986=CARTESIAN_POINT('',(148.303793354275,-1.89568509398852,5.6930590572123));
#12987=CARTESIAN_POINT('',(148.372223885419,-1.99761692839919,5.65799919863062));
#12988=CARTESIAN_POINT('',(148.433297777616,-2.08235823632473,5.62724533745803));
#12989=CARTESIAN_POINT('',(148.487039670005,-2.15291212262398,5.60058182002835));
#12990=CARTESIAN_POINT('',(148.539274796278,-2.21830555377634,5.57501613819802));
#12991=CARTESIAN_POINT('',(148.596914375976,-2.28696564936239,5.54723093575062));
#12992=CARTESIAN_POINT('',(148.669690920399,-2.36907108492024,5.51276950603166));
#12993=CARTESIAN_POINT('',(148.764344323309,-2.46877190996864,5.46902111137666));
#12994=CARTESIAN_POINT('',(148.878592911571,-2.5787862831428,5.41803420624169));
#12995=CARTESIAN_POINT('',(148.991982786268,-2.67797571443815,5.36952451996709));
#12996=CARTESIAN_POINT('',(149.089869420487,-2.75694684222803,5.32926817621923));
#12997=CARTESIAN_POINT('',(149.173133379293,-2.81999281265627,5.2961387963091));
#12998=CARTESIAN_POINT('',(149.252837097569,-2.8769000586569,5.26543330632945));
#12999=CARTESIAN_POINT('',(149.326968999221,-2.92676413535334,5.23784321549611));
#13000=CARTESIAN_POINT('',(149.395099062238,-2.97022468474489,5.21329198515647));
#13001=CARTESIAN_POINT('',(149.456769136024,-3.00779247179544,5.1917038847854));
#13002=CARTESIAN_POINT('',(149.518919555173,-3.04391971640849,5.17060097954047));
#13003=CARTESIAN_POINT('',(149.581427601169,-3.07856251374878,5.15004596112541));
#13004=CARTESIAN_POINT('',(149.644406677126,-3.11180802790402,5.13002275361877));
#13005=CARTESIAN_POINT('',(149.707821377188,-3.14365443570508,5.1105658514038));
#13006=CARTESIAN_POINT('',(149.771731050309,-3.17414431489984,5.09168131171753));
#13007=CARTESIAN_POINT('',(149.836034614892,-3.20324295055374,5.07342201271193));
#13008=CARTESIAN_POINT('',(149.900799283015,-3.23099274475509,5.05579170499315));
#13009=CARTESIAN_POINT('',(149.966023617014,-3.25740026590512,5.03881502100281));
#13010=CARTESIAN_POINT('',(150.031772891277,-3.28249408641464,5.02250101106924));
#13011=CARTESIAN_POINT('',(150.098035788775,-3.30626913805207,5.00687927851667));
#13012=CARTESIAN_POINT('',(150.164860776207,-3.32873886700489,4.99196620549941));
#13013=CARTESIAN_POINT('',(150.232198884377,-3.3498801987786,4.97780128191481));
#13014=CARTESIAN_POINT('',(150.299974296277,-3.36966550981713,4.96442662677808));
#13015=CARTESIAN_POINT('',(150.368038539177,-3.38805423649189,4.95189271527897));
#13016=CARTESIAN_POINT('',(150.436381824333,-3.40505015654685,4.94021900825073));
#13017=CARTESIAN_POINT('',(150.50491626199,-3.42063769284756,4.92943679499265));
#13018=CARTESIAN_POINT('',(150.573647077877,-3.43482550775727,4.91955929723391));
#13019=CARTESIAN_POINT('',(150.642499375883,-3.44760680729676,4.91060890498813));
#13020=CARTESIAN_POINT('',(150.711525528802,-3.45899778337322,4.90259026294161));
#13021=CARTESIAN_POINT('',(150.780356950828,-3.46894871957815,4.89555281210097));
#13022=CARTESIAN_POINT('',(150.848887341081,-3.4774735132298,4.88949980746353));
#13023=CARTESIAN_POINT('',(150.916001549431,-3.48448886172365,4.88450172673414));
#13024=CARTESIAN_POINT('',(150.9806923931,-3.49000484975381,4.88056118584163));
#13025=CARTESIAN_POINT('',(151.043004919628,-3.49418705678206,4.87756733902786));
#13026=CARTESIAN_POINT('',(151.105298758958,-3.49727700682405,4.87535195183255));
#13027=CARTESIAN_POINT('',(151.17325165751,-3.49942278700641,4.87381185624622));
#13028=CARTESIAN_POINT('',(151.220910504456,-3.49995439299939,4.87342974601834));
#13029=CARTESIAN_POINT('',(151.246920266343,-3.49995430397646,4.87342999027191));
#13030=CARTESIAN_POINT('',(154.746911848645,-3.49996272165512,4.87342394519806));
#13031=CARTESIAN_POINT('',(151.246920265257,-3.49995430397671,4.87342999027118));
#13032=CARTESIAN_POINT('',(152.413584850496,-3.49995710987126,4.87342797516012));
#13033=CARTESIAN_POINT('',(153.580248711398,-3.49995991576406,4.87342596004664));
#13034=CARTESIAN_POINT('',(154.746911847731,-3.49996272165511,4.87342394493073));
#13035=CARTESIAN_POINT('',(154.746928684022,3.50003727832466,4.87337039946135));
#13036=CARTESIAN_POINT('',(154.746920266224,-3.49996272166524,4.87342394492346));
#13037=CARTESIAN_POINT('',(154.773833126085,-3.49996301861255,4.87342353489327));
#13038=CARTESIAN_POINT('',(154.822010707889,-3.49940750295276,4.8738228474902));
#13039=CARTESIAN_POINT('',(154.888721758802,-3.49725896460259,4.87536487279511));
#13040=CARTESIAN_POINT('',(154.945335554672,-3.49446871800691,4.87736537948821));
#13041=CARTESIAN_POINT('',(154.997393664744,-3.49111051401182,4.87976986339383));
#13042=CARTESIAN_POINT('',(155.048103234258,-3.48710395867414,4.88263408121406));
#13043=CARTESIAN_POINT('',(155.100180187676,-3.4822256872585,4.88611488126497));
#13044=CARTESIAN_POINT('',(155.155131107,-3.47623247505611,4.89038135045154));
#13045=CARTESIAN_POINT('',(155.212982166438,-3.46896606865336,4.89553941215312));
#13046=CARTESIAN_POINT('',(155.273361865867,-3.46032919189939,4.90164920048948));
#13047=CARTESIAN_POINT('',(155.335415035922,-3.45033023150844,4.90869418083334));
#13048=CARTESIAN_POINT('',(155.399138142686,-3.43886446962152,4.91673519674597));
#13049=CARTESIAN_POINT('',(155.463711286861,-3.42599234596782,4.92571494404169));
#13050=CARTESIAN_POINT('',(155.528918608722,-3.41170305302952,4.93562480234743));
#13051=CARTESIAN_POINT('',(155.594470936107,-3.39601855275714,4.94643208719689));
#13052=CARTESIAN_POINT('',(155.660709802434,-3.37880438709725,4.95820920810575));
#13053=CARTESIAN_POINT('',(155.727285622315,-3.36009612917472,4.97090919193661));
#13054=CARTESIAN_POINT('',(155.794296388278,-3.33982050136119,4.98455738541133));
#13055=CARTESIAN_POINT('',(155.861656419234,-3.317953541595,4.99914316183312));
#13056=CARTESIAN_POINT('',(155.929806078909,-3.29428291739299,5.01477696985477));
#13057=CARTESIAN_POINT('',(155.998488248374,-3.26881566957324,5.0314188014296));
#13058=CARTESIAN_POINT('',(156.067941519375,-3.2413803723442,5.04914170704656));
#13059=CARTESIAN_POINT('',(156.137911295384,-3.21198786243696,5.06789579700272));
#13060=CARTESIAN_POINT('',(156.208620436358,-3.18044441198261,5.0877564255477));
#13061=CARTESIAN_POINT('',(156.279505317381,-3.14690777940707,5.10857332217444));
#13062=CARTESIAN_POINT('',(156.350441874913,-3.11136590717899,5.13030290932764));
#13063=CARTESIAN_POINT('',(156.421023580059,-3.07397060610254,5.1528021750399));
#13064=CARTESIAN_POINT('',(156.491271960113,-3.03466363399758,5.17605461784266));
#13065=CARTESIAN_POINT('',(156.560867068843,-2.99358653799375,5.19992514105947));
#13066=CARTESIAN_POINT('',(156.63200916058,-2.94934559672858,5.22515864447781));
#13067=CARTESIAN_POINT('',(156.706674195338,-2.90035539416222,5.25253524939949));
#13068=CARTESIAN_POINT('',(156.795972094691,-2.83829177195655,5.28641246320829));
#13069=CARTESIAN_POINT('',(156.895939233255,-2.76367256521933,5.32589569988698));
#13070=CARTESIAN_POINT('',(157.002664267018,-2.67724122797058,5.36987860012715));
#13071=CARTESIAN_POINT('',(157.095864970908,-2.59555084811645,5.4097780097674));
#13072=CARTESIAN_POINT('',(157.176684571112,-2.51977941761672,5.44542030178507));
#13073=CARTESIAN_POINT('',(157.254436011992,-2.44266320538402,5.48051965621699));
#13074=CARTESIAN_POINT('',(157.337744987294,-2.35443376927136,5.51909991857262));
#13075=CARTESIAN_POINT('',(157.426364895423,-2.25312668205246,5.5612612929294));
#13076=CARTESIAN_POINT('',(157.514052157592,-2.14465378595393,5.60404015802472));
#13077=CARTESIAN_POINT('',(157.611487276113,-2.01359209841271,5.65272136332297));
#13078=CARTESIAN_POINT('',(157.725392619749,-1.84309337766725,5.7111839679743));
#13079=CARTESIAN_POINT('',(157.840363192265,-1.64322869944499,5.77204507029787));
#13080=CARTESIAN_POINT('',(157.934790108611,-1.44905620782507,5.82333234520912));
#13081=CARTESIAN_POINT('',(158.001251757773,-1.29087867170373,5.86004395820796));
#13082=CARTESIAN_POINT('',(158.05086043964,-1.15748204160414,5.88775564335544));
#13083=CARTESIAN_POINT('',(158.093039243555,-1.0294001935959,5.91153288153426));
#13084=CARTESIAN_POINT('',(158.132521144266,-0.891577892959481,5.93397313332141));
#13085=CARTESIAN_POINT('',(158.167341984965,-0.747308454061123,5.95391515753919));
#13086=CARTESIAN_POINT('',(158.196108376846,-0.600194038156528,5.97049460290039));
#13087=CARTESIAN_POINT('',(158.215321591762,-0.474079218839551,5.98162133623383));
#13088=CARTESIAN_POINT('',(158.227638400046,-0.370129054334913,5.98877356885443));
#13089=CARTESIAN_POINT('',(158.235229230136,-0.289261034916832,5.99318883054326));
#13090=CARTESIAN_POINT('',(158.240648241256,-0.213610857319294,5.99634445245281));
#13091=CARTESIAN_POINT('',(158.244322582581,-0.141097498678236,5.99848578513774));
#13092=CARTESIAN_POINT('',(158.246456868988,-0.0699140107049256,5.99973010240998));
#13093=CARTESIAN_POINT('',(158.246925047829,-0.0225087538624329,6.00000292916909));
#13094=CARTESIAN_POINT('',(158.246915399464,0.0239886598914966,5.99999701207527));
#13095=CARTESIAN_POINT('',(158.246440230229,0.0702513138682809,5.99971952463499));
#13096=CARTESIAN_POINT('',(158.243992268078,0.152156880928642,5.99829132968775));
#13097=CARTESIAN_POINT('',(158.237885721194,0.262766896534517,5.99473126861925));
#13098=CARTESIAN_POINT('',(158.224463445647,0.406892604466661,5.9869192717838));
#13099=CARTESIAN_POINT('',(158.202701320826,0.562029409742576,5.97429783402151));
#13100=CARTESIAN_POINT('',(158.17378841704,0.717145259316241,5.9576137948392));
#13101=CARTESIAN_POINT('',(158.134412743025,0.887151038277291,5.9350277752811));
#13102=CARTESIAN_POINT('',(158.073633603286,1.09712549542577,5.90047801219664));
#13103=CARTESIAN_POINT('',(157.990468414265,1.32307354905351,5.85391869626553));
#13104=CARTESIAN_POINT('',(157.899538536297,1.52437239784258,5.80406246141227));
#13105=CARTESIAN_POINT('',(157.821885404693,1.67370030981057,5.76230755467032));
#13106=CARTESIAN_POINT('',(157.753231808448,1.79376437928097,5.72597283607463));
#13107=CARTESIAN_POINT('',(157.686123679694,1.90184437146909,5.69100335189747));
#13108=CARTESIAN_POINT('',(157.617509122122,2.00359696768038,5.65588345319532));
#13109=CARTESIAN_POINT('',(157.556285283713,2.0881808651286,5.62508668211585));
#13110=CARTESIAN_POINT('',(157.502420576689,2.1585980543503,5.59839234654991));
#13111=CARTESIAN_POINT('',(157.450073617603,2.2238597319474,5.57280241888131));
#13112=CARTESIAN_POINT('',(157.392318485122,2.2923762646228,5.54499658621836));
#13113=CARTESIAN_POINT('',(157.319406643296,2.37430250705772,5.51051737096302));
#13114=CARTESIAN_POINT('',(157.224592605295,2.47377472565094,5.46675825102653));
#13115=CARTESIAN_POINT('',(157.110170869986,2.58352105606233,5.41577605464172));
#13116=CARTESIAN_POINT('',(156.996628663272,2.6824520785196,5.36728823887189));
#13117=CARTESIAN_POINT('',(156.898624062276,2.76120445259491,5.3270626151777));
#13118=CARTESIAN_POINT('',(156.815268723807,2.82406658857657,5.29396694980933));
#13119=CARTESIAN_POINT('',(156.735484665307,2.88080001045642,5.26329990222289));
#13120=CARTESIAN_POINT('',(156.66128371445,2.93050474244183,5.23575079086693));
#13121=CARTESIAN_POINT('',(156.593094583281,2.97382057481885,5.21124124423644));
#13122=CARTESIAN_POINT('',(156.531374395294,3.01125859393137,5.18969389061035));
#13123=CARTESIAN_POINT('',(156.469176518865,3.04725636517601,5.16863489731939));
#13124=CARTESIAN_POINT('',(156.406623838204,3.08177011561665,5.1481268382715));
#13125=CARTESIAN_POINT('',(156.343602775108,3.11488676008101,5.12815363104859));
#13126=CARTESIAN_POINT('',(156.280151298752,3.14660322479799,5.10875045960512));
#13127=CARTESIAN_POINT('',(156.216212677646,3.17696088693437,5.08992405033381));
#13128=CARTESIAN_POINT('',(156.1448104487,3.20911261637911,5.06972468124351));
#13129=CARTESIAN_POINT('',(156.065614616324,3.24256288162212,5.04840297164971));
#13130=CARTESIAN_POINT('',(155.978329986866,3.27670616869077,5.02630211703516));
#13131=CARTESIAN_POINT('',(155.897460462749,3.30586828679944,5.00715280623387));
#13132=CARTESIAN_POINT('',(155.823270939724,3.33067115544481,4.99067685839241));
#13133=CARTESIAN_POINT('',(155.756044430788,3.35165237000456,4.97660790748891));
#13134=CARTESIAN_POINT('',(155.688408299108,3.37127612586754,4.96333272358441));
#13135=CARTESIAN_POINT('',(155.620524188789,3.38950028093195,4.95090274941317));
#13136=CARTESIAN_POINT('',(155.552397692813,3.40633201155491,4.93933498325764));
#13137=CARTESIAN_POINT('',(155.484124522233,3.42175619294248,4.92866022076914));
#13138=CARTESIAN_POINT('',(155.41569458622,3.43578488143842,4.91888911584183));
#13139=CARTESIAN_POINT('',(155.347189802885,3.44841237783628,4.91004305631182));
#13140=CARTESIAN_POINT('',(155.278536773054,3.45966073208192,4.90212230918513));
#13141=CARTESIAN_POINT('',(155.210093861781,3.46948325622144,4.89517388834782));
#13142=CARTESIAN_POINT('',(155.141947965036,3.47789656222231,4.8891988207231));
#13143=CARTESIAN_POINT('',(155.075178284048,3.48482140083597,4.88426443286289));
#13144=CARTESIAN_POINT('',(155.010768888314,3.49026708016647,4.88037362965364));
#13145=CARTESIAN_POINT('',(154.948760180049,3.49438863095947,4.8774229084169));
#13146=CARTESIAN_POINT('',(154.886886507341,3.49742343433344,4.87524689742709));
#13147=CARTESIAN_POINT('',(154.819655187587,3.49951943022719,4.87374245487479));
#13148=CARTESIAN_POINT('',(154.772569678945,3.50003730142666,4.87337021157306));
#13149=CARTESIAN_POINT('',(154.746928684021,3.50003727832445,4.87337039946106));
#13150=CARTESIAN_POINT('',(151.253071316145,3.50004029095969,4.87336823562971));
#13151=VECTOR('',#13152,1.);
#13152=DIRECTION('',(0.999999999999437,-8.62266177784379E-7,6.192885065605E-7));
#13153=CARTESIAN_POINT('',(145.,7.92050345622044,1.12500000000001));
#13154=CARTESIAN_POINT('',(145.,7.92050345622044,1.125));
#13155=VECTOR('',#13156,1.);
#13156=DIRECTION('',(1.,0.,-9.99200722162641E-17));
#13157=CARTESIAN_POINT('',(145.,7.88095013307406,-1.37499999999999));
#13158=AXIS2_PLACEMENT_3D('',#13159,#13160,#13161);
#13159=CARTESIAN_POINT('',(145.,0.,-2.64233079860787E-14));
#13160=DIRECTION('',(1.,0.,0.));
#13161=DIRECTION('',(0.,0.985118766634258,-0.171874999999996));
#13162=CARTESIAN_POINT('',(145.,7.88095013307406,-1.37499999999999));
#13163=VECTOR('',#13164,1.);
#13164=DIRECTION('',(1.,0.,-9.99200722162641E-17));
#13165=CARTESIAN_POINT('',(145.,-7.88095013307406,-1.375));
#13166=CARTESIAN_POINT('',(145.,-7.88095013307406,-1.37499999999999));
#13167=VECTOR('',#13168,1.);
#13168=DIRECTION('',(1.,0.,-8.88178419700125E-17));
#13169=CARTESIAN_POINT('',(145.,-7.92050345622044,1.125));
#13170=AXIS2_PLACEMENT_3D('',#13171,#13172,#13173);
#13171=CARTESIAN_POINT('',(145.,0.,-2.64233079860787E-14));
#13172=DIRECTION('',(1.,0.,0.));
#13173=DIRECTION('',(0.,-0.990062932027555,0.140625000000004));
#13174=CARTESIAN_POINT('',(145.,-7.92050345622044,1.12500000000001));
#13175=VECTOR('',#13176,1.);
#13176=DIRECTION('',(1.,0.,-9.99200722162641E-17));
#13177=CARTESIAN_POINT('',(158.246920266311,-1.17115777181267E-5,-7.9999999999936));
#13178=CARTESIAN_POINT('',(154.746928684022,3.50003727832466,-7.19372915644566));
#13179=CARTESIAN_POINT('',(158.246920266116,-1.75673665767001E-5,-7.99999999999039));
#13180=CARTESIAN_POINT('',(158.246920266217,-1.17129841383273E-5,-8.00000000000322));
#13181=CARTESIAN_POINT('',(158.246920671718,0.0274714867247861,-8.0000000300558));
#13182=CARTESIAN_POINT('',(158.246273328638,0.0824678712548378,-7.99971655786548));
#13183=CARTESIAN_POINT('',(158.243359275932,0.164917246420174,-7.99844169262479));
#13184=CARTESIAN_POINT('',(158.238498630938,0.24732883482199,-7.99631740480689));
#13185=CARTESIAN_POINT('',(158.23169610117,0.329594446916047,-7.99334860423456));
#13186=CARTESIAN_POINT('',(158.222960768705,0.411630554895305,-7.98954326881025));
#13187=CARTESIAN_POINT('',(158.21230087632,0.493395631044564,-7.98491012039957));
#13188=CARTESIAN_POINT('',(158.199724213239,0.574849211379509,-7.97945880272192));
#13189=CARTESIAN_POINT('',(158.185240559305,0.655944061401368,-7.97320093062739));
#13190=CARTESIAN_POINT('',(158.168261929025,0.739589007664696,-7.96589187525434));
#13191=CARTESIAN_POINT('',(158.147879173389,0.828615447208357,-7.95715534255701));
#13192=CARTESIAN_POINT('',(158.118272351766,0.943390666391379,-7.94453363266025));
#13193=CARTESIAN_POINT('',(158.070416952596,1.10363819303213,-7.92429885029784));
#13194=CARTESIAN_POINT('',(157.991571026316,1.32130646096436,-7.89145159237078));
#13195=CARTESIAN_POINT('',(157.881045280334,1.56666064652186,-7.84653155541441));
#13196=CARTESIAN_POINT('',(157.757713424733,1.78998487248954,-7.7981026938071));
#13197=CARTESIAN_POINT('',(157.648628130974,1.95941537088322,-7.75675521401264));
#13198=CARTESIAN_POINT('',(157.568712416496,2.07162969417422,-7.72729691406727));
#13199=CARTESIAN_POINT('',(157.507613099488,2.15201442547481,-7.70522314877165));
#13200=CARTESIAN_POINT('',(157.454431423401,2.21854879943738,-7.68632572847664));
#13201=CARTESIAN_POINT('',(157.399908018474,2.28346371564598,-7.6672864835158));
#13202=CARTESIAN_POINT('',(157.338166168349,2.35346933660397,-7.64611746186003));
#13203=CARTESIAN_POINT('',(157.268778657249,2.42785444271364,-7.62285029550554));
#13204=CARTESIAN_POINT('',(157.191334252864,2.50579528520431,-7.59757480184051));
#13205=CARTESIAN_POINT('',(157.119027037239,2.57415807554709,-7.5746438131768));
#13206=CARTESIAN_POINT('',(157.05246580839,2.63377516933117,-7.55408880118789));
#13207=CARTESIAN_POINT('',(156.992203703475,2.68532739451055,-7.53591277808895));
#13208=CARTESIAN_POINT('',(156.931238987771,2.73514227343033,-7.51797177173635));
#13209=CARTESIAN_POINT('',(156.862847685735,2.78851708599976,-7.49835541904746));
#13210=CARTESIAN_POINT('',(156.784364290819,2.84655520804006,-7.47653783435352));
#13211=CARTESIAN_POINT('',(156.692982631861,2.90989160789144,-7.45212094374466));
#13212=CARTESIAN_POINT('',(156.587042869418,2.97827823227725,-7.42507896722763));
#13213=CARTESIAN_POINT('',(156.450611606729,3.05914758754882,-7.39220357021775));
#13214=CARTESIAN_POINT('',(156.27095603819,3.15361682267422,-7.35246692589486));
#13215=CARTESIAN_POINT('',(156.059989308001,3.24740013219391,-7.31147169805303));
#13216=CARTESIAN_POINT('',(155.85122633946,3.32341901345957,-7.27712405044619));
#13217=CARTESIAN_POINT('',(155.670828558758,3.37726422671715,-7.25223021031245));
#13218=CARTESIAN_POINT('',(155.526805150092,3.41288989013669,-7.2355038334363));
#13219=CARTESIAN_POINT('',(155.412156974273,3.43672650698772,-7.22419925423697));
#13220=CARTESIAN_POINT('',(155.317660160102,3.453562449827,-7.21616173603176));
#13221=CARTESIAN_POINT('',(155.231196790458,3.46673431804376,-7.20984132834273));
#13222=CARTESIAN_POINT('',(155.145422562419,3.47763217328719,-7.20458975692145));
#13223=CARTESIAN_POINT('',(155.067304886685,3.48561059996477,-7.20073167007972));
#13224=CARTESIAN_POINT('',(154.996771611946,3.49129894288536,-7.19797471513673));
#13225=CARTESIAN_POINT('',(154.933860716293,3.49522976563003,-7.19606652612967));
#13226=CARTESIAN_POINT('',(154.871254650096,3.49801386688356,-7.19471339512339));
#13227=CARTESIAN_POINT('',(154.809001390297,3.49967040310575,-7.19390768687219));
#13228=CARTESIAN_POINT('',(154.767584517159,3.50003726357866,-7.19372910668599));
#13229=CARTESIAN_POINT('',(154.746928684022,3.50003727660245,-7.19372915290622));
#13230=CARTESIAN_POINT('',(151.253071316145,3.50004029096003,-7.19372768192299));
#13231=CARTESIAN_POINT('',(151.253071316145,3.50004029095988,-7.19372768181023));
#13232=VECTOR('',#13233,1.);
#13233=DIRECTION('',(0.99999999999954,-8.62266229770703E-7,-4.19535155947817E-7));
#13234=CARTESIAN_POINT('',(147.746920267143,0.,-8.00000000000003));
#13235=CARTESIAN_POINT('',(151.253071316145,3.50004029095992,-7.19372768192276));
#13236=CARTESIAN_POINT('',(151.251021011124,3.50004389458698,-7.1937259282785));
#13237=CARTESIAN_POINT('',(151.218548154212,3.5000724290948,-7.19371204638084));
#13238=CARTESIAN_POINT('',(151.159637062017,3.49930447614108,-7.19408576489657));
#13239=CARTESIAN_POINT('',(151.078946596209,3.49628433010021,-7.19555427850069));
#13240=CARTESIAN_POINT('',(151.00648604376,3.49200629886728,-7.1976316507723));
#13241=CARTESIAN_POINT('',(150.938186983485,3.48661687766506,-7.20024423114768));
#13242=CARTESIAN_POINT('',(150.870111427195,3.47993235851073,-7.20347785605848));
#13243=CARTESIAN_POINT('',(150.799459513044,3.47158188350032,-7.20750683008419));
#13244=CARTESIAN_POINT('',(150.725545764267,3.46127518445097,-7.212463285932));
#13245=CARTESIAN_POINT('',(150.649581124798,3.44898882976433,-7.21834802048778));
#13246=CARTESIAN_POINT('',(150.572328051234,3.43472304848119,-7.22514858177917));
#13247=CARTESIAN_POINT('',(150.494531458429,3.41853190257686,-7.23282518517747));
#13248=CARTESIAN_POINT('',(150.416110705468,3.4003299190538,-7.24140219635698));
#13249=CARTESIAN_POINT('',(150.33752129889,3.3801656293036,-7.25083872666986));
#13250=CARTESIAN_POINT('',(150.258525296032,3.35792289561926,-7.26116880937351));
#13251=CARTESIAN_POINT('',(150.179284729557,3.33358378011309,-7.27237789185975));
#13252=CARTESIAN_POINT('',(150.099632739939,3.30702406250492,-7.28449717357443));
#13253=CARTESIAN_POINT('',(150.019975828974,3.27831048438129,-7.29746780621668));
#13254=CARTESIAN_POINT('',(149.940402903139,3.24742196729838,-7.31126919525385));
#13255=CARTESIAN_POINT('',(149.86117752519,3.21441815755516,-7.3258431515849));
#13256=CARTESIAN_POINT('',(149.782256336869,3.1792377641067,-7.34118296109035));
#13257=CARTESIAN_POINT('',(149.703893242629,3.14195440323156,-7.357221078198));
#13258=CARTESIAN_POINT('',(149.626218054296,3.10260196890047,-7.37390666585402));
#13259=CARTESIAN_POINT('',(149.549465684819,3.06128467817104,-7.39115922986712));
#13260=CARTESIAN_POINT('',(149.465354946058,3.01326544759595,-7.41088823886004));
#13261=CARTESIAN_POINT('',(149.374666561035,2.95793838778923,-7.43317425813832));
#13262=CARTESIAN_POINT('',(149.27819385539,2.8946147069903,-7.45807026970123));
#13263=CARTESIAN_POINT('',(149.192315247306,2.83411497093082,-7.48125165780455));
#13264=CARTESIAN_POINT('',(149.116405130738,2.77732924891043,-7.50249643718582));
#13265=CARTESIAN_POINT('',(149.047648078468,2.72324712832633,-7.52230640796892));
#13266=CARTESIAN_POINT('',(148.976095822588,2.66397111072546,-7.5435231408883));
#13267=CARTESIAN_POINT('',(148.890997437982,2.58939927453763,-7.56951597524698));
#13268=CARTESIAN_POINT('',(148.796126840637,2.50016349651415,-7.59953771812401));
#13269=CARTESIAN_POINT('',(148.695336307856,2.39718602095675,-7.63266045429306));
#13270=CARTESIAN_POINT('',(148.600153608358,2.29161110057404,-7.66502839270125));
#13271=CARTESIAN_POINT('',(148.503284340379,2.17503814526204,-7.69899774605565));
#13272=CARTESIAN_POINT('',(148.399193645437,2.03777758396692,-7.73665509107605));
#13273=CARTESIAN_POINT('',(148.293514622012,1.88161308720775,-7.77619928755121));
#13274=CARTESIAN_POINT('',(148.196822166252,1.71984775012519,-7.81349802197377));
#13275=CARTESIAN_POINT('',(148.118996483,1.57298930438928,-7.8442605921687));
#13276=CARTESIAN_POINT('',(148.057324782164,1.44299490999123,-7.86909136677206));
#13277=CARTESIAN_POINT('',(148.003078194664,1.31677020061531,-7.89123802630989));
#13278=CARTESIAN_POINT('',(147.944949631617,1.16546346292797,-7.91529094223683));
#13279=CARTESIAN_POINT('',(147.881288220801,0.969865195542023,-7.94205406371897));
#13280=CARTESIAN_POINT('',(147.82715238896,0.756352529735784,-7.96518421037529));
#13281=CARTESIAN_POINT('',(147.791929359058,0.567423481148961,-7.98039750548361));
#13282=CARTESIAN_POINT('',(147.77367591493,0.436009252173371,-7.98832573258435));
#13283=CARTESIAN_POINT('',(147.763946233815,0.347203681302122,-7.99256302944219));
#13284=CARTESIAN_POINT('',(147.758102223651,0.281845627858733,-7.99511220721084));
#13285=CARTESIAN_POINT('',(147.753816635147,0.22210063363491,-7.99698375719224));
#13286=CARTESIAN_POINT('',(147.750690411786,0.165662628659577,-7.99835021542276));
#13287=CARTESIAN_POINT('',(147.748497844604,0.109877780841776,-7.99930926682152));
#13288=CARTESIAN_POINT('',(147.747205134125,0.0547854225100084,-7.99987502358784));
#13289=CARTESIAN_POINT('',(147.746920224046,0.0182132311987712,-7.99999997405666));
#13290=CARTESIAN_POINT('',(147.746920264457,1.52283297984186E-5,-8.00000000002181));
#13291=CARTESIAN_POINT('',(147.74692026459,-7.06112523902025E-14,-8.00000000000003));
#13292=CARTESIAN_POINT('',(151.246920266343,-3.49995430397672,-7.19376952613543));
#13293=CARTESIAN_POINT('',(147.74692026459,-7.15909698295203E-14,-8.00000000000003));
#13294=CARTESIAN_POINT('',(147.746920537074,-0.027482219546338,-8.00000012949535));
#13295=CARTESIAN_POINT('',(147.747569329721,-0.0824758621043825,-7.99971643204951));
#13296=CARTESIAN_POINT('',(147.750485641434,-0.164926416144396,-7.99844150026113));
#13297=CARTESIAN_POINT('',(147.755348081823,-0.247332451408251,-7.99631726866863));
#13298=CARTESIAN_POINT('',(147.762152201478,-0.329593305467577,-7.9933486386764));
#13299=CARTESIAN_POINT('',(147.770889168009,-0.411626935543448,-7.98954345133902));
#13300=CARTESIAN_POINT('',(147.781550892928,-0.49339163478849,-7.98491037002576));
#13301=CARTESIAN_POINT('',(147.794129595917,-0.574846042063204,-7.9794590342484));
#13302=CARTESIAN_POINT('',(147.808615350679,-0.655941739985544,-7.97320112427923));
#13303=CARTESIAN_POINT('',(147.825596146041,-0.739587213539659,-7.96589204291894));
#13304=CARTESIAN_POINT('',(147.845981156672,-0.828613742489906,-7.95715551933478));
#13305=CARTESIAN_POINT('',(147.875590750669,-0.943388340931189,-7.9445339034231));
#13306=CARTESIAN_POINT('',(147.923449943087,-1.10363459329517,-7.92429933752588));
#13307=CARTESIAN_POINT('',(148.002301059505,-1.32130095193544,-7.89145248683313));
#13308=CARTESIAN_POINT('',(148.112832466967,-1.56665209413726,-7.84653322384617));
#13309=CARTESIAN_POINT('',(148.236169487811,-1.78997318505042,-7.79810534974582));
#13310=CARTESIAN_POINT('',(148.345258861699,-1.95940120411766,-7.75675877936044));
#13311=CARTESIAN_POINT('',(148.425177324818,-2.07161374874394,-7.72730118267513));
#13312=CARTESIAN_POINT('',(148.486278600016,-2.15199709016263,-7.70522798643975));
#13313=CARTESIAN_POINT('',(148.539461886327,-2.21853023413242,-7.68633108306425));
#13314=CARTESIAN_POINT('',(148.59398686496,-2.28344388747855,-7.66729238466802));
#13315=CARTESIAN_POINT('',(148.655730418098,-2.35344807961,-7.64612399924));
#13316=CARTESIAN_POINT('',(148.725119751713,-2.42783158635748,-7.62285756809637));
#13317=CARTESIAN_POINT('',(148.802566082678,-2.50577064981515,-7.59758291995657));
#13318=CARTESIAN_POINT('',(148.874875007223,-2.57413178558244,-7.57465274222479));
#13319=CARTESIAN_POINT('',(148.941437742343,-2.63374736000729,-7.55409849328323));
#13320=CARTESIAN_POINT('',(149.001701163832,-2.68529821282272,-7.53592317288777));
#13321=CARTESIAN_POINT('',(149.062667164495,-2.73511170428771,-7.51798288954485));
#13322=CARTESIAN_POINT('',(149.131059858601,-2.78848496117324,-7.4983673608176));
#13323=CARTESIAN_POINT('',(149.209544786084,-2.84652129657025,-7.47655073874246));
#13324=CARTESIAN_POINT('',(149.300928143143,-2.90985561214482,-7.45213499159768));
#13325=CARTESIAN_POINT('',(149.406869781156,-2.9782398195628,-7.42509436475954));
#13326=CARTESIAN_POINT('',(149.543303192918,-3.05910597694728,-7.39222077176279));
#13327=CARTESIAN_POINT('',(149.722960958807,-3.15357079136285,-7.35248663954625));
#13328=CARTESIAN_POINT('',(149.933929044275,-3.24734858494707,-7.31149456166827));
#13329=CARTESIAN_POINT('',(150.142691605832,-3.32336169629321,-7.27715020586531));
#13330=CARTESIAN_POINT('',(150.323086815013,-3.3772016475237,-7.25225934013901));
#13331=CARTESIAN_POINT('',(150.467105988744,-3.41282297609344,-7.23553538902266));
#13332=CARTESIAN_POINT('',(150.58174908109,-3.43665615950516,-7.22423271659995));
#13333=CARTESIAN_POINT('',(150.676240302266,-3.45348932770579,-7.21619672879818));
#13334=CARTESIAN_POINT('',(150.762697592168,-3.46665880918846,-7.20987763346355));
#13335=CARTESIAN_POINT('',(150.848465029293,-3.47755453151993,-7.20462723270568));
#13336=CARTESIAN_POINT('',(150.926575992327,-3.48553128536941,-7.20077006227651));
#13337=CARTESIAN_POINT('',(150.997102778476,-3.49121835440773,-7.19801380286436));
#13338=CARTESIAN_POINT('',(151.060007519423,-3.49514823531392,-7.19610612580806));
#13339=CARTESIAN_POINT('',(151.122607291222,-3.49793161537483,-7.19475338451264));
#13340=CARTESIAN_POINT('',(151.18485410146,-3.49958765556008,-7.19394794103245));
#13341=CARTESIAN_POINT('',(151.226266631284,-3.49995433890108,-7.19376945228071));
#13342=CARTESIAN_POINT('',(151.246920266343,-3.49995430226656,-7.19376952262066));
#13343=CARTESIAN_POINT('',(154.746911848645,-3.49996272165512,-7.19376542175089));
#13344=CARTESIAN_POINT('',(154.746911848895,-3.49996272165512,-7.19376542201822));
#13345=CARTESIAN_POINT('',(153.580248320475,-3.49995991576312,-7.19376678716106));
#13346=CARTESIAN_POINT('',(152.413584459573,-3.49995710987032,-7.19376815230227));
#13347=CARTESIAN_POINT('',(151.246920266887,-3.49995430397672,-7.19376951744183));
#13348=CARTESIAN_POINT('',(154.746920266232,-3.49996272166524,-7.19376542201329));
#13349=CARTESIAN_POINT('',(154.779302267849,-3.49996302276525,-7.19376504028701));
#13350=CARTESIAN_POINT('',(154.838132673286,-3.4991463560198,-7.19416279670198));
#13351=CARTESIAN_POINT('',(154.920867416096,-3.49591017866131,-7.19573607418972));
#13352=CARTESIAN_POINT('',(154.993526397535,-3.49149483901065,-7.19787981232984));
#13353=CARTESIAN_POINT('',(155.062132015963,-3.48595650339488,-7.20056402282261));
#13354=CARTESIAN_POINT('',(155.130551276009,-3.47910625036275,-7.20387695693577));
#13355=CARTESIAN_POINT('',(155.20151520653,-3.47057413723926,-7.20799223806798));
#13356=CARTESIAN_POINT('',(155.275695050627,-3.46007131443983,-7.21304103205832));
#13357=CARTESIAN_POINT('',(155.351886089055,-3.44757809108704,-7.21902207375577));
#13358=CARTESIAN_POINT('',(155.429341029837,-3.43309506561172,-7.2259224668874));
#13359=CARTESIAN_POINT('',(155.50733266742,-3.41667492694182,-7.23370280334872));
#13360=CARTESIAN_POINT('',(155.585946962466,-3.39823066708272,-7.24238783361709));
#13361=CARTESIAN_POINT('',(155.664739084069,-3.37780830055419,-7.25193750519406));
#13362=CARTESIAN_POINT('',(155.743952917426,-3.35528775242772,-7.26238721846611));
#13363=CARTESIAN_POINT('',(155.8234202806,-3.33065140558895,-7.27372177782305));
#13364=CARTESIAN_POINT('',(155.903308338881,-3.30377264425637,-7.28597287755311));
#13365=CARTESIAN_POINT('',(155.983202086001,-3.27472066532775,-7.29907999707329));
#13366=CARTESIAN_POINT('',(156.063006622002,-3.24347574383304,-7.3130213252174));
#13367=CARTESIAN_POINT('',(156.142448505555,-3.21010193571266,-7.32773618198051));
#13368=CARTESIAN_POINT('',(156.221562267285,-3.17454180709778,-7.34321558474995));
#13369=CARTESIAN_POINT('',(156.300091494442,-3.13687197564898,-7.35939026827584));
#13370=CARTESIAN_POINT('',(156.377893731145,-3.09713444384511,-7.37620556652533));
#13371=CARTESIAN_POINT('',(156.454733223786,-3.05543728018453,-7.39357921388718));
#13372=CARTESIAN_POINT('',(156.538874473932,-3.00701822288813,-7.41342635962878));
#13373=CARTESIAN_POINT('',(156.629532486633,-2.95127564413883,-7.43582349697444));
#13374=CARTESIAN_POINT('',(156.725901975433,-2.88753154104512,-7.46081677381473));
#13375=CARTESIAN_POINT('',(156.811618803823,-2.82668738602865,-7.4840620857777));
#13376=CARTESIAN_POINT('',(156.887324667167,-2.76963151499244,-7.50534205861888));
#13377=CARTESIAN_POINT('',(156.953472709383,-2.71721929271606,-7.52447861362554));
#13378=CARTESIAN_POINT('',(157.017854653892,-2.66363935685699,-7.54361465304076));
#13379=CARTESIAN_POINT('',(157.087251139349,-2.60303178545724,-7.56477178291326));
#13380=CARTESIAN_POINT('',(157.1611284768,-2.53483502185837,-7.58793224256058));
#13381=CARTESIAN_POINT('',(157.238748048844,-2.4585620191395,-7.61299315652815));
#13382=CARTESIAN_POINT('',(157.307054477829,-2.3871512013944,-7.63565691402087));
#13383=CARTESIAN_POINT('',(157.36680673943,-2.3212339050115,-7.6559232617099));
#13384=CARTESIAN_POINT('',(157.427854808651,-2.25073482345274,-7.67700010342724));
#13385=CARTESIAN_POINT('',(157.504339265696,-2.15713246232982,-7.70397646242241));
#13386=CARTESIAN_POINT('',(157.601976734382,-2.02725246933064,-7.7393917900145));
#13387=CARTESIAN_POINT('',(157.705095289709,-1.87399284393581,-7.77803545169834));
#13388=CARTESIAN_POINT('',(157.800998422603,-1.71266227281149,-7.81507305586661));
#13389=CARTESIAN_POINT('',(157.878223520055,-1.56615169329577,-7.84562667017468));
#13390=CARTESIAN_POINT('',(157.939451846593,-1.43639511218982,-7.87029779333113));
#13391=CARTESIAN_POINT('',(157.993334997772,-1.3103228784609,-7.89231036433043));
#13392=CARTESIAN_POINT('',(158.051055632212,-1.15920917814741,-7.91620741849133));
#13393=CARTESIAN_POINT('',(158.114203580136,-0.963981546380956,-7.94276536964569));
#13394=CARTESIAN_POINT('',(158.167817046126,-0.751065903624208,-7.96567760359923));
#13395=CARTESIAN_POINT('',(158.202630494588,-0.562866891185705,-7.98071509960582));
#13396=CARTESIAN_POINT('',(158.220632077348,-0.432134905338802,-7.98853357406361));
#13397=CARTESIAN_POINT('',(158.230207786928,-0.34392450962129,-7.99270326077162));
#13398=CARTESIAN_POINT('',(158.235949712493,-0.279094476239254,-7.99520738584821));
#13399=CARTESIAN_POINT('',(158.240156712563,-0.219873245228639,-7.9970440737259));
#13400=CARTESIAN_POINT('',(158.243223245372,-0.163967188010007,-7.99838389631202));
#13401=CARTESIAN_POINT('',(158.245372885163,-0.108733864521581,-7.99932360412014));
#13402=CARTESIAN_POINT('',(158.246640258561,-0.0541997405561012,-7.99987773540716));
#13403=CARTESIAN_POINT('',(158.246920005232,-0.0180177478713517,-7.99999998686867));
#13404=CARTESIAN_POINT('',(158.246920266116,-1.75673665776799E-5,-7.99999999999039));
#13405=CARTESIAN_POINT('',(-145.,7.92050345622046,1.12499999999997));
#13406=CARTESIAN_POINT('',(-165.,7.92050345622045,1.12499999999997));
#13407=VECTOR('',#13408,1.);
#13408=DIRECTION('',(1.,4.44089209850063E-17,2.22044604925031E-17));
#13409=CARTESIAN_POINT('',(-145.,-7.92050345622045,1.12499999999997));
#13410=CARTESIAN_POINT('',(-165.,-7.92050345622045,1.12499999999997));
#13411=VECTOR('',#13412,1.);
#13412=DIRECTION('',(1.,0.,2.22044604925031E-17));
#13413=CARTESIAN_POINT('',(-145.,-7.88095013307405,-1.37500000000003));
#13414=AXIS2_PLACEMENT_3D('',#13415,#13416,#13417);
#13415=CARTESIAN_POINT('',(-145.,0.,2.66453525910038E-14));
#13416=DIRECTION('',(1.,0.,0.));
#13417=DIRECTION('',(0.,-0.990062932027557,0.140624999999993));
#13418=CARTESIAN_POINT('',(-165.,-7.88095013307405,-1.37500000000003));
#13419=VECTOR('',#13420,1.);
#13420=DIRECTION('',(1.,0.,2.22044604925031E-17));
#13421=CARTESIAN_POINT('',(-145.,7.88095013307405,-1.37500000000003));
#13422=CARTESIAN_POINT('',(-165.,7.88095013307405,-1.37500000000003));
#13423=VECTOR('',#13424,1.);
#13424=DIRECTION('',(1.,0.,2.22044604925031E-17));
#13425=AXIS2_PLACEMENT_3D('',#13426,#13427,#13428);
#13426=CARTESIAN_POINT('',(-145.,0.,2.66453525910038E-14));
#13427=DIRECTION('',(1.,0.,0.));
#13428=DIRECTION('',(0.,0.985118766634256,-0.171875000000006));
#13429=CARTESIAN_POINT('',(-147.746920265911,-3.5527136788005E-15,-7.99999999999997));
#13430=CARTESIAN_POINT('',(-151.253071316145,3.50004029096005,-7.19372768169768));
#13431=CARTESIAN_POINT('',(-147.746920264695,-6.32038001886649E-14,-8.));
#13432=CARTESIAN_POINT('',(-147.746919819486,0.0274826503372156,-8.00000012950323));
#13433=CARTESIAN_POINT('',(-147.747567192884,0.0824768737473597,-7.99971642469317));
#13434=CARTESIAN_POINT('',(-147.750481403776,0.164927982693081,-7.99844146855931));
#13435=CARTESIAN_POINT('',(-147.755341720101,0.247333987618077,-7.99631722018559));
#13436=CARTESIAN_POINT('',(-147.762143681823,0.329594574689723,-7.99334858518585));
#13437=CARTESIAN_POINT('',(-147.770878476961,0.411628025421696,-7.98954339501645));
#13438=CARTESIAN_POINT('',(-147.78153804381,0.493392773872701,-7.98491030029883));
#13439=CARTESIAN_POINT('',(-147.794114610838,0.574847423983648,-7.97945893570903));
#13440=CARTESIAN_POINT('',(-147.808598242493,0.655943453241025,-7.9732009846065));
#13441=CARTESIAN_POINT('',(-147.825576851259,0.739589347282048,-7.9658918464654));
#13442=CARTESIAN_POINT('',(-147.84595953645,0.828616396797693,-7.95715524524978));
#13443=CARTESIAN_POINT('',(-147.875566136894,0.943391772645658,-7.94453350098769));
#13444=CARTESIAN_POINT('',(-147.923421154314,1.10363929267448,-7.9242986965868));
#13445=CARTESIAN_POINT('',(-148.002266601173,1.32130772784971,-7.89145138023826));
#13446=CARTESIAN_POINT('',(-148.112791604709,1.56666173818799,-7.84653133613608));
#13447=CARTESIAN_POINT('',(-148.236122765661,1.78998598563773,-7.7981024410469));
#13448=CARTESIAN_POINT('',(-148.345207664642,1.95941677587448,-7.75675486101708));
#13449=CARTESIAN_POINT('',(-148.425123145211,2.07163134108969,-7.72729647327142));
#13450=CARTESIAN_POINT('',(-148.48622227481,2.15201622546292,-7.70522264642114));
#13451=CARTESIAN_POINT('',(-148.539403782279,2.21855071573523,-7.68632517573874));
#13452=CARTESIAN_POINT('',(-148.593927021903,2.28346575194599,-7.66728587745201));
#13453=CARTESIAN_POINT('',(-148.655668701367,2.35347151911729,-7.64611679066112));
#13454=CARTESIAN_POINT('',(-148.725056038203,2.4278567972087,-7.62284954636909));
#13455=CARTESIAN_POINT('',(-148.8025002619,2.50579783251038,-7.59757396246837));
#13456=CARTESIAN_POINT('',(-148.874807321121,2.57416080363768,-7.57464288664639));
#13457=CARTESIAN_POINT('',(-148.941368412285,2.63377806154752,-7.55408779319139));
#13458=CARTESIAN_POINT('',(-149.001630381841,2.68533042104547,-7.53591169996519));
#13459=CARTESIAN_POINT('',(-149.062594946434,2.73514542085684,-7.51797062695792));
#13460=CARTESIAN_POINT('',(-149.130986037207,2.78852033496324,-7.49835421107146));
#13461=CARTESIAN_POINT('',(-149.209469167593,2.8465585596179,-7.47653655882217));
#13462=CARTESIAN_POINT('',(-149.300850528613,2.90989509414909,-7.4521195824335));
#13463=CARTESIAN_POINT('',(-149.406790078294,2.97828195778551,-7.42507747625104));
#13464=CARTESIAN_POINT('',(-149.54323203967,3.05915816380878,-7.39219923074383));
#13465=CARTESIAN_POINT('',(-149.711691671777,3.14773934524171,-7.35493915060307));
#13466=CARTESIAN_POINT('',(-149.892269457685,3.22918524932419,-7.319461531223));
#13467=CARTESIAN_POINT('',(-150.054792699506,3.2919742866592,-7.2913638126498));
#13468=CARTESIAN_POINT('',(-150.197833511513,3.34010913457704,-7.26941486465525));
#13469=CARTESIAN_POINT('',(-150.329032521315,3.37846089578195,-7.25165575405529));
#13470=CARTESIAN_POINT('',(-150.4464730923,3.40787706750604,-7.23786012363156));
#13471=CARTESIAN_POINT('',(-150.539606625828,3.42813374589006,-7.2282777794001));
#13472=CARTESIAN_POINT('',(-150.61293384794,3.44236346823673,-7.22150909757138));
#13473=CARTESIAN_POINT('',(-150.685651385422,3.45503847163293,-7.21545386252245));
#13474=CARTESIAN_POINT('',(-150.765185461737,3.46710127884158,-7.20966487517504));
#13475=CARTESIAN_POINT('',(-150.851510746891,3.47799827019039,-7.20441302485355));
#13476=CARTESIAN_POINT('',(-150.930167612563,3.48595474857755,-7.20056505734836));
#13477=CARTESIAN_POINT('',(-151.001218449185,3.49160474324487,-7.19782637168354));
#13478=CARTESIAN_POINT('',(-151.06461852806,3.49548614963763,-7.19594197839114));
#13479=CARTESIAN_POINT('',(-151.127723034966,3.49820409704077,-7.19462090015045));
#13480=CARTESIAN_POINT('',(-151.188436474049,3.49972611126032,-7.19388055435931));
#13481=CARTESIAN_POINT('',(-151.230193089114,3.50006219942216,-7.19371702321821));
#13482=CARTESIAN_POINT('',(-151.251020940812,3.50004389362292,-7.19372592886452));
#13483=CARTESIAN_POINT('',(-151.253071316145,3.50004028955346,-7.19372768249438));
#13484=CARTESIAN_POINT('',(-154.746928684022,3.50003727832468,-7.19372914769087));
#13485=CARTESIAN_POINT('',(-154.746928684022,3.50003727832452,-7.19372914760631));
#13486=VECTOR('',#13487,1.);
#13487=DIRECTION('',(0.99999999999954,8.62266317346541E-7,4.19535241108644E-7));
#13488=CARTESIAN_POINT('',(-158.246920266093,-3.5527136788005E-15,-7.99999999999997));
#13489=CARTESIAN_POINT('',(-154.746928684022,3.50003727832456,-7.19372914769092));
#13490=CARTESIAN_POINT('',(-154.779315764989,3.50003742362531,-7.19372884176941));
#13491=CARTESIAN_POINT('',(-154.838149728631,3.49922049062296,-7.19412673818576));
#13492=CARTESIAN_POINT('',(-154.920882707797,3.4959839623751,-7.19570022739847));
#13493=CARTESIAN_POINT('',(-154.993542204775,3.49156828648907,-7.19784418460553));
#13494=CARTESIAN_POINT('',(-155.062148268854,3.48602959337205,-7.20052863798689));
#13495=CARTESIAN_POINT('',(-155.130568170019,3.47917894892512,-7.20384184696583));
#13496=CARTESIAN_POINT('',(-155.201532621953,3.47064641627906,-7.2079574362677));
#13497=CARTESIAN_POINT('',(-155.275712855217,3.4601431528329,-7.21300657131236));
#13498=CARTESIAN_POINT('',(-155.351904161776,3.44764947860611,-7.21898798128218));
#13499=CARTESIAN_POINT('',(-155.429359296825,3.43316599331948,-7.22588876859566));
#13500=CARTESIAN_POINT('',(-155.507351107039,3.41674538163877,-7.23366952580337));
#13501=CARTESIAN_POINT('',(-155.5859655686,3.39830063217793,-7.24235500523443));
#13502=CARTESIAN_POINT('',(-155.664757882734,3.37787775204426,-7.25190515641662));
#13503=CARTESIAN_POINT('',(-155.743971949901,3.35535665682944,-7.26235538449338));
#13504=CARTESIAN_POINT('',(-155.823439572015,3.33071973081676,-7.27369049219166));
#13505=CARTESIAN_POINT('',(-155.903327915116,3.30384035299764,-7.28594217628539));
#13506=CARTESIAN_POINT('',(-155.983221951519,3.27478772676447,-7.29904991100223));
#13507=CARTESIAN_POINT('',(-156.063026767536,3.24354213064447,-7.31299188237148));
#13508=CARTESIAN_POINT('',(-156.142468897741,3.21016763168315,-7.32770740339033));
#13509=CARTESIAN_POINT('',(-156.221582852226,3.1746068057014,-7.34318748655098));
#13510=CARTESIAN_POINT('',(-156.300112212048,3.13693627802005,-7.35936286138676));
#13511=CARTESIAN_POINT('',(-156.377914490812,3.09719807129368,-7.37617885195402));
#13512=CARTESIAN_POINT('',(-156.454753934096,3.05550026302051,-7.39355318730414));
#13513=CARTESIAN_POINT('',(-156.538894974888,3.00708056351897,-7.4134010750866));
#13514=CARTESIAN_POINT('',(-156.629552613076,2.95133736127668,-7.43579900386423));
#13515=CARTESIAN_POINT('',(-156.725921537161,2.88759268798772,-7.46079311047105));
#13516=CARTESIAN_POINT('',(-156.811637701626,2.82674813468363,-7.48403914257062));
#13517=CARTESIAN_POINT('',(-156.887342837603,2.76969202436319,-7.50531972985474));
#13518=CARTESIAN_POINT('',(-156.95349011512,2.71727970895998,-7.52445679655234));
#13519=CARTESIAN_POINT('',(-157.017871244552,2.6636997620259,-7.54359332410626));
#13520=CARTESIAN_POINT('',(-157.087266759237,2.60309228781021,-7.56475096391953));
#13521=CARTESIAN_POINT('',(-157.161142994531,2.53489573626903,-7.58791195962202));
#13522=CARTESIAN_POINT('',(-157.238761355739,2.45862307245316,-7.61297343881959));
#13523=CARTESIAN_POINT('',(-157.307066675145,2.38721266331869,-7.63563769789866));
#13524=CARTESIAN_POINT('',(-157.366817928213,2.32129582264074,-7.6559044874726));
#13525=CARTESIAN_POINT('',(-157.427864887541,2.25079735501394,-7.67698176827888));
#13526=CARTESIAN_POINT('',(-157.504347889502,2.15719595108352,-7.70395868011202));
#13527=CARTESIAN_POINT('',(-157.601983455851,2.02731747800311,-7.73937475101898));
#13528=CARTESIAN_POINT('',(-157.705100041497,1.87405979984313,-7.77801930573772));
#13529=CARTESIAN_POINT('',(-157.801001468203,1.71273131293489,-7.81505791368041));
#13530=CARTESIAN_POINT('',(-157.878225413281,1.56622240898334,-7.84561254618034));
#13531=CARTESIAN_POINT('',(-157.93945307614,1.43646691130908,-7.87028468638193));
#13532=CARTESIAN_POINT('',(-157.993336101462,1.31039471682133,-7.89229844059996));
#13533=CARTESIAN_POINT('',(-158.051057292356,1.15927917323891,-7.91619719321895));
#13534=CARTESIAN_POINT('',(-158.114206322814,0.964046996548055,-7.94275748336019));
#13535=CARTESIAN_POINT('',(-158.167820468255,0.751125582218419,-7.96567204421705));
#13536=CARTESIAN_POINT('',(-158.202634135823,0.562919753404251,-7.98071141838971));
#13537=CARTESIAN_POINT('',(-158.220635569563,0.432181770625525,-7.98853105959293));
#13538=CARTESIAN_POINT('',(-158.230210978436,0.343966976340843,-7.99270144348306));
#13539=CARTESIAN_POINT('',(-158.235952586373,0.279133369656391,-7.99520603719425));
#13540=CARTESIAN_POINT('',(-158.240159207553,0.219908468818335,-7.99704311395652));
#13541=CARTESIAN_POINT('',(-158.243225352763,0.16399750762438,-7.9983832877402));
#13542=CARTESIAN_POINT('',(-158.245374615479,0.108754481072007,-7.99932335200405));
#13543=CARTESIAN_POINT('',(-158.246641209745,0.0542165043723313,-7.99987762930565));
#13544=CARTESIAN_POINT('',(-158.246920288075,0.0180205203487368,-7.9999999790507));
#13545=CARTESIAN_POINT('',(-158.246920266217,1.24232877484371E-5,-8.0000000000145));
#13546=CARTESIAN_POINT('',(-158.246920266136,8.72934452252382E-16,-8.));
#13547=CARTESIAN_POINT('',(-154.746911848645,-3.4999627216551,-7.1937654307248));
#13548=CARTESIAN_POINT('',(-158.246920266136,-1.067829870655E-16,-8.));
#13549=CARTESIAN_POINT('',(-158.246920061008,-0.0274825925944731,-8.00000012950071));
#13550=CARTESIAN_POINT('',(-158.246271387229,-0.0824767240634518,-7.99971642568406));
#13551=CARTESIAN_POINT('',(-158.243355228358,-0.164927696813016,-7.99844147408937));
#13552=CARTESIAN_POINT('',(-158.238492962694,-0.247333602780959,-7.99631723179417));
#13553=CARTESIAN_POINT('',(-158.231689050193,-0.329594082592585,-7.99334860507223));
#13554=CARTESIAN_POINT('',(-158.22295230738,-0.411627375214418,-7.98954342784809));
#13555=CARTESIAN_POINT('',(-158.212290800288,-0.493391896315852,-7.98491035361303));
#13556=CARTESIAN_POINT('',(-158.199712302467,-0.574846254657616,-7.97945901885897));
#13557=CARTESIAN_POINT('',(-158.185226749142,-0.655941942278133,-7.97320110766074));
#13558=CARTESIAN_POINT('',(-158.168246158944,-0.739587432220422,-7.96589202270318));
#13559=CARTESIAN_POINT('',(-158.14786136539,-0.828613995036985,-7.95715549321431));
#13560=CARTESIAN_POINT('',(-158.118252048554,-0.943388659073743,-7.94453386609668));
#13561=CARTESIAN_POINT('',(-158.070393241295,-1.10363502611023,-7.92429927849371));
#13562=CARTESIAN_POINT('',(-157.991542647128,-1.32130157589052,-7.89145238493335));
#13563=CARTESIAN_POINT('',(-157.881011829311,-1.56665298273086,-7.84653304992145));
#13564=CARTESIAN_POINT('',(-157.757675347676,-1.78997436519458,-7.79810508158307));
#13565=CARTESIAN_POINT('',(-157.648586385588,-1.95940263990434,-7.75675841807522));
#13566=CARTESIAN_POINT('',(-157.568668196702,-2.07161537115787,-7.72730074836442));
#13567=CARTESIAN_POINT('',(-157.507567118732,-2.15199885506911,-7.70522749391579));
#13568=CARTESIAN_POINT('',(-157.454383996263,-2.21853212291695,-7.6863305383001));
#13569=CARTESIAN_POINT('',(-157.399859178183,-2.28344590307141,-7.66729178479518));
#13570=CARTESIAN_POINT('',(-157.338115798996,-2.35345023864224,-7.64612333524768));
#13571=CARTESIAN_POINT('',(-157.268726651447,-2.42783390628224,-7.6228568299245));
#13572=CARTESIAN_POINT('',(-157.191280517121,-2.50577314900309,-7.59758209639805));
#13573=CARTESIAN_POINT('',(-157.118971766656,-2.57413445198943,-7.57465183661763));
#13574=CARTESIAN_POINT('',(-157.052409184605,-2.63375018037111,-7.55409751033654));
#13575=CARTESIAN_POINT('',(-156.992145896583,-2.68530117253892,-7.5359221186146));
#13576=CARTESIAN_POINT('',(-156.931180026071,-2.73511480496322,-7.51798176185533));
#13577=CARTESIAN_POINT('',(-156.862787472905,-2.78848821992003,-7.49836614945065));
#13578=CARTESIAN_POINT('',(-156.784302700622,-2.846524736791,-7.47654942963814));
#13579=CARTESIAN_POINT('',(-156.69291951556,-2.90985926400658,-7.4521335664161));
#13580=CARTESIAN_POINT('',(-156.586978067698,-2.97824371669609,-7.42509280262485));
#13581=CARTESIAN_POINT('',(-156.450544857879,-3.05911020802127,-7.39221902274259));
#13582=CARTESIAN_POINT('',(-156.270887247747,-3.15357550438616,-7.35248462136751));
#13583=CARTESIAN_POINT('',(-156.059919123569,-3.24735392573139,-7.31149219313483));
#13584=CARTESIAN_POINT('',(-155.851156191282,-3.32336771568731,-7.27714745935389));
#13585=CARTESIAN_POINT('',(-155.670760215754,-3.37720830543123,-7.25225624119428));
#13586=CARTESIAN_POINT('',(-155.526739981519,-3.41283016769067,-7.23553199771538));
#13587=CARTESIAN_POINT('',(-155.412095690161,-3.43666376908074,-7.22422909701344));
#13588=CARTESIAN_POINT('',(-155.317603188245,-3.45349726795104,-7.21619292903543));
#13589=CARTESIAN_POINT('',(-155.231144525199,-3.46666701778848,-7.20987368676375));
#13590=CARTESIAN_POINT('',(-155.145375575032,-3.47756295442121,-7.20462316720589));
#13591=CARTESIAN_POINT('',(-155.067263108334,-3.48553984422746,-7.20076591939962));
#13592=CARTESIAN_POINT('',(-154.996734931272,-3.49122698427988,-7.1980096171483));
#13593=CARTESIAN_POINT('',(-154.933828696857,-3.49515688605119,-7.19610192419593));
#13594=CARTESIAN_POINT('',(-154.871228066166,-3.49794023989864,-7.19474919123278));
#13595=CARTESIAN_POINT('',(-154.808977921807,-3.49959620534703,-7.19394378265149));
#13596=CARTESIAN_POINT('',(-154.767569210333,-3.49996280692062,-7.19376533068244));
#13597=CARTESIAN_POINT('',(-154.746920266326,-3.49996272166522,-7.19376542201324));
#13598=CARTESIAN_POINT('',(-151.246920266343,-3.4999543039767,-7.19376951770911));
#13599=CARTESIAN_POINT('',(-154.746911850059,-3.4999627216551,-7.19376542201817));
#13600=CARTESIAN_POINT('',(-153.580248321174,-3.4999599157631,-7.19376678716101));
#13601=CARTESIAN_POINT('',(-152.413584460272,-3.4999571098703,-7.19376815230222));
#13602=CARTESIAN_POINT('',(-151.246920267353,-3.4999543039767,-7.19376951744178));
#13603=CARTESIAN_POINT('',(-151.246920266343,-3.49995430397659,-7.1937695175755));
#13604=CARTESIAN_POINT('',(-151.214460117082,-3.49995452799132,-7.19376917126499));
#13605=CARTESIAN_POINT('',(-151.155502943074,-3.49913417489142,-7.19416872357263));
#13606=CARTESIAN_POINT('',(-151.072603776892,-3.49588436773112,-7.195748617022));
#13607=CARTESIAN_POINT('',(-150.999811744925,-3.49145173865992,-7.1979007243331));
#13608=CARTESIAN_POINT('',(-150.931084177253,-3.48589234263067,-7.20059509198449));
#13609=CARTESIAN_POINT('',(-150.862544005837,-3.47901640749458,-7.20392035797522));
#13610=CARTESIAN_POINT('',(-150.791453032899,-3.47045230764321,-7.20805091576867));
#13611=CARTESIAN_POINT('',(-150.717139004572,-3.45990999004517,-7.21311844503479));
#13612=CARTESIAN_POINT('',(-150.640808809225,-3.4473695606945,-7.21912169646875));
#13613=CARTESIAN_POINT('',(-150.563213387244,-3.43283190528512,-7.22604754137877));
#13614=CARTESIAN_POINT('',(-150.485081503854,-3.41634992779814,-7.23385636430262));
#13615=CARTESIAN_POINT('',(-150.406326585131,-3.39783620640585,-7.24257298634685));
#13616=CARTESIAN_POINT('',(-150.327392336383,-3.37733632076208,-7.25215742307115));
#13617=CARTESIAN_POINT('',(-150.248032480642,-3.3547289009531,-7.26264550570003));
#13618=CARTESIAN_POINT('',(-150.168416748868,-3.3299962365825,-7.27402188880131));
#13619=CARTESIAN_POINT('',(-150.088377417611,-3.30301077369657,-7.28631846491754));
#13620=CARTESIAN_POINT('',(-150.0083323185,-3.27384232445783,-7.29947419887006));
#13621=CARTESIAN_POINT('',(-149.928379207104,-3.24247185116046,-7.3134667149551));
#13622=CARTESIAN_POINT('',(-149.848796057069,-3.20896535209362,-7.32823423652673));
#13623=CARTESIAN_POINT('',(-149.769553211469,-3.17326769113827,-7.34376653651234));
#13624=CARTESIAN_POINT('',(-149.690908198964,-3.13545685962874,-7.35999357561376));
#13625=CARTESIAN_POINT('',(-149.613009840364,-3.09557898427144,-7.37685877898974));
#13626=CARTESIAN_POINT('',(-149.536094105708,-3.05374388319545,-7.39427908712634));
#13627=CARTESIAN_POINT('',(-149.451901431671,-3.00518265215287,-7.41417101610315));
#13628=CARTESIAN_POINT('',(-149.361218168885,-2.94929512387663,-7.43660972706243));
#13629=CARTESIAN_POINT('',(-149.26485495607,-2.8854081470343,-7.46163866333934));
#13630=CARTESIAN_POINT('',(-149.179176250364,-2.82445214044043,-7.48490621459785));
#13631=CARTESIAN_POINT('',(-149.103532723604,-2.76731492729401,-7.5061966614445));
#13632=CARTESIAN_POINT('',(-149.037465884052,-2.71485136739517,-7.52533339438082));
#13633=CARTESIAN_POINT('',(-148.973177865749,-2.66123378752187,-7.54446368738841));
#13634=CARTESIAN_POINT('',(-148.903901944145,-2.60060355924575,-7.56560692466989));
#13635=CARTESIAN_POINT('',(-148.83016766632,-2.53239920785266,-7.58874548432499));
#13636=CARTESIAN_POINT('',(-148.752710622305,-2.45613533045075,-7.61377631789679));
#13637=CARTESIAN_POINT('',(-148.684557938751,-2.38474936903012,-7.63640726095191));
#13638=CARTESIAN_POINT('',(-148.624949644904,-2.31886971936816,-7.65663953366352));
#13639=CARTESIAN_POINT('',(-148.564067946153,-2.24843739866469,-7.67767296165897));
#13640=CARTESIAN_POINT('',(-148.487809633886,-2.15495354368583,-7.70458536284136));
#13641=CARTESIAN_POINT('',(-148.390475628422,-2.02527561074024,-7.73990755905266));
#13642=CARTESIAN_POINT('',(-148.287673859064,-1.87227756882672,-7.77844623524866));
#13643=CARTESIAN_POINT('',(-148.192047759092,-1.71122456608174,-7.81538611634238));
#13644=CARTESIAN_POINT('',(-148.115017085963,-1.56493538575867,-7.84586818960593));
#13645=CARTESIAN_POINT('',(-148.05391634027,-1.43533224761326,-7.87049111788991));
#13646=CARTESIAN_POINT('',(-148.000117676363,-1.30935007137359,-7.89247143485112));
#13647=CARTESIAN_POINT('',(-147.942471774031,-1.15830360201436,-7.91633950965416));
#13648=CARTESIAN_POINT('',(-147.879403872726,-0.963149971351594,-7.94286539394357));
#13649=CARTESIAN_POINT('',(-147.825866564395,-0.750330427975749,-7.96574589674062));
#13650=CARTESIAN_POINT('',(-147.79111085169,-0.562238540384573,-7.98075867606899));
#13651=CARTESIAN_POINT('',(-147.773144284817,-0.431603151223437,-7.98856194043697));
#13652=CARTESIAN_POINT('',(-147.763590011197,-0.343477817703892,-7.99272224829893));
#13653=CARTESIAN_POINT('',(-147.757862277943,-0.278723559152669,-7.99522013516116));
#13654=CARTESIAN_POINT('',(-147.75366613632,-0.219577311578097,-7.99705202919275));
#13655=CARTESIAN_POINT('',(-147.750607714203,-0.163746036176421,-7.99838825291424));
#13656=CARTESIAN_POINT('',(-147.74846364873,-0.108584877374863,-7.99932546676218));
#13657=CARTESIAN_POINT('',(-147.747199481148,-0.0541186314977334,-7.99987813914508));
#13658=CARTESIAN_POINT('',(-147.746920479529,-0.0179794296388013,-8.00000002623558));
#13659=CARTESIAN_POINT('',(-147.746920264695,-6.41835176279828E-14,-8.));
#13660=CARTESIAN_POINT('',(-154.746928684022,3.50003727832468,7.19372914769093));
#13661=CARTESIAN_POINT('',(-151.253071316145,3.50004029096005,7.19372768169774));
#13662=CARTESIAN_POINT('',(-154.746928684022,3.50003727832452,7.19372914760637));
#13663=VECTOR('',#13664,1.);
#13664=DIRECTION('',(0.99999999999954,8.62266318109176E-7,-4.19535241871278E-7));
#13665=CARTESIAN_POINT('',(-151.246920266343,-3.4999543039767,7.19376951717452));
#13666=CARTESIAN_POINT('',(-151.246920266343,-3.49995430397659,7.19376951730823));
#13667=CARTESIAN_POINT('',(-151.23240436462,-3.49995431428649,7.19376950057247));
#13668=CARTESIAN_POINT('',(-151.2037533839,-3.49977604956045,7.19385625236791));
#13669=CARTESIAN_POINT('',(-151.160812056203,-3.49898155488838,7.19424273228249));
#13670=CARTESIAN_POINT('',(-151.117693488157,-3.49765803585892,7.19488633010513));
#13671=CARTESIAN_POINT('',(-151.07390129183,-3.49576875072898,7.19580452695644));
#13672=CARTESIAN_POINT('',(-151.029236083231,-3.49327506193922,7.19701552973571));
#13673=CARTESIAN_POINT('',(-150.983872859903,-3.49015633780698,7.19852857269532));
#13674=CARTESIAN_POINT('',(-150.937579649892,-3.48636230372811,7.20036699740228));
#13675=CARTESIAN_POINT('',(-150.890621206307,-3.48187993288373,7.20253578612764));
#13676=CARTESIAN_POINT('',(-150.841901884119,-3.47656002204089,7.20510540512641));
#13677=CARTESIAN_POINT('',(-150.790582565584,-3.47021606483385,7.20816345437935));
#13678=CARTESIAN_POINT('',(-150.726886797003,-3.46134842226163,7.2124274838236));
#13679=CARTESIAN_POINT('',(-150.640935555123,-3.44761103172829,7.2190097228326));
#13680=CARTESIAN_POINT('',(-150.522593368762,-3.42511458729165,7.22972382647813));
#13681=CARTESIAN_POINT('',(-150.378448608,-3.39178180755686,7.24544405499334));
#13682=CARTESIAN_POINT('',(-150.218837362747,-3.34700755605543,7.26626090858366));
#13683=CARTESIAN_POINT('',(-150.064505564897,-3.29547422803925,7.28979059552981));
#13684=CARTESIAN_POINT('',(-149.928610535465,-3.243080931836,7.31323670576796));
#13685=CARTESIAN_POINT('',(-149.822129509267,-3.19735497673246,7.33332152829682));
#13686=CARTESIAN_POINT('',(-149.736441023668,-3.15760566150737,7.35051266264925));
#13687=CARTESIAN_POINT('',(-149.66306014144,-3.12142098562459,7.36595243440612));
#13688=CARTESIAN_POINT('',(-149.592523857853,-3.08459559948292,7.38145009329294));
#13689=CARTESIAN_POINT('',(-149.524560639991,-3.04715770056022,7.39698509332155));
#13690=CARTESIAN_POINT('',(-149.458103362165,-3.00862259933057,7.41274465763106));
#13691=CARTESIAN_POINT('',(-149.385171980021,-2.96417584595651,7.43064883520731));
#13692=CARTESIAN_POINT('',(-149.298625030203,-2.90833205400433,7.45273102430282));
#13693=CARTESIAN_POINT('',(-149.192887412827,-2.83502546389912,7.48099167558588));
#13694=CARTESIAN_POINT('',(-149.077447080583,-2.74788578644116,7.51348764725956));
#13695=CARTESIAN_POINT('',(-148.967374860994,-2.65701567251079,7.54607820441095));
#13696=CARTESIAN_POINT('',(-148.875060954527,-2.57451205218736,7.57456167253367));
#13697=CARTESIAN_POINT('',(-148.804763523384,-2.50758953556814,7.59692566266058));
#13698=CARTESIAN_POINT('',(-148.748589857987,-2.45148618643673,7.61519210835615));
#13699=CARTESIAN_POINT('',(-148.690974562208,-2.39157220053257,7.63426134848292));
#13700=CARTESIAN_POINT('',(-148.62200950608,-2.31609515259298,7.65758144404568));
#13701=CARTESIAN_POINT('',(-148.538739866928,-2.21854615048838,7.68649330546821));
#13702=CARTESIAN_POINT('',(-148.440219509375,-2.09344116850217,7.7216909975039));
#13703=CARTESIAN_POINT('',(-148.317849023584,-1.92099988837744,7.76687301209281));
#13704=CARTESIAN_POINT('',(-148.17318857713,-1.68388202641076,7.82248444577305));
#13705=CARTESIAN_POINT('',(-148.03950733077,-1.41238307133067,7.87613317747947));
#13706=CARTESIAN_POINT('',(-147.942141576241,-1.160321225331,7.91644862444427));
#13707=CARTESIAN_POINT('',(-147.885271983892,-0.978151263111355,7.94042328128126));
#13708=CARTESIAN_POINT('',(-147.851391082925,-0.850824594756059,7.95484286991204));
#13709=CARTESIAN_POINT('',(-147.829073171817,-0.755678705160555,7.96439849309056));
#13710=CARTESIAN_POINT('',(-147.810888293552,-0.667884273563315,7.97222079279436));
#13711=CARTESIAN_POINT('',(-147.795512855968,-0.583277920101414,7.97886023027459));
#13712=CARTESIAN_POINT('',(-147.782142181213,-0.497777943761252,7.98465350122665));
#13713=CARTESIAN_POINT('',(-147.770823663011,-0.411409134109608,7.98957175977465));
#13714=CARTESIAN_POINT('',(-147.761628199772,-0.324449854322463,7.99357697210581));
#13715=CARTESIAN_POINT('',(-147.753827980521,-0.227549466706588,7.99698076977201));
#13716=CARTESIAN_POINT('',(-147.748372623999,-0.121037481133769,7.99936516454274));
#13717=CARTESIAN_POINT('',(-147.746949618262,-0.0419457496838826,7.99998740402763));
#13718=CARTESIAN_POINT('',(-147.746893525648,0.0350812602609811,8.00001149279563));
#13719=CARTESIAN_POINT('',(-147.748193977695,0.117703513568058,7.99944197938076));
#13720=CARTESIAN_POINT('',(-147.75528831351,0.258258881530887,7.99633929750671));
#13721=CARTESIAN_POINT('',(-147.772297174375,0.436787311578274,7.98891838721239));
#13722=CARTESIAN_POINT('',(-147.802468519455,0.63259953895152,7.97582558470918));
#13723=CARTESIAN_POINT('',(-147.842232718518,0.817245877716798,7.95872940046511));
#13724=CARTESIAN_POINT('',(-147.884730048587,0.97649884799582,7.94063847276068));
#13725=CARTESIAN_POINT('',(-147.934517519451,1.13495756981917,7.91966348106788));
#13726=CARTESIAN_POINT('',(-147.995686869661,1.30052121933864,7.89424148659372));
#13727=CARTESIAN_POINT('',(-148.063159449763,1.456811862843,7.86669774859898));
#13728=CARTESIAN_POINT('',(-148.122342876427,1.57840402391833,7.84296512955523));
#13729=CARTESIAN_POINT('',(-148.170581637254,1.66998661492906,7.82388739304127));
#13730=CARTESIAN_POINT('',(-148.218341295664,1.75540062630328,7.80521502262777));
#13731=CARTESIAN_POINT('',(-148.279069803875,1.85687872719529,7.78180920074636));
#13732=CARTESIAN_POINT('',(-148.354902757051,1.97328146743252,7.75316431409332));
#13733=CARTESIAN_POINT('',(-148.436088045426,2.08699080920807,7.7232557410254));
#13734=CARTESIAN_POINT('',(-148.509952005229,2.18242625237284,7.69671996522744));
#13735=CARTESIAN_POINT('',(-148.574429545722,2.26070966458991,7.67404528383912));
#13736=CARTESIAN_POINT('',(-148.637099757547,2.332857500796,7.65243158689362));
#13737=CARTESIAN_POINT('',(-148.706779049922,2.40869907131106,7.6289219159986));
#13738=CARTESIAN_POINT('',(-148.796208112801,2.50017602628594,7.59952472223176));
#13739=CARTESIAN_POINT('',(-148.904770071532,2.60266485878706,7.56510330113119));
#13740=CARTESIAN_POINT('',(-149.031723213173,2.71154967646655,7.52673424678337));
#13741=CARTESIAN_POINT('',(-149.150397476517,2.8038608254007,7.49273576920383));
#13742=CARTESIAN_POINT('',(-149.25604717496,2.87937279144513,7.46396207403298));
#13743=CARTESIAN_POINT('',(-149.352847501445,2.94402852071114,7.43869943229218));
#13744=CARTESIAN_POINT('',(-149.457813334056,3.00918968668743,7.41259502457406));
#13745=CARTESIAN_POINT('',(-149.577231793848,3.07720360868731,7.38462124611373));
#13746=CARTESIAN_POINT('',(-149.710327034499,3.14599618627041,7.35558124584898));
#13747=CARTESIAN_POINT('',(-149.85405205056,3.21234371399837,7.32683633890426));
#13748=CARTESIAN_POINT('',(-150.004908947629,3.27359745096054,7.29964898985526));
#13749=CARTESIAN_POINT('',(-150.140366243121,3.32143205049205,7.27796594595945));
#13750=CARTESIAN_POINT('',(-150.255926991188,3.35732649846961,7.26145203227377));
#13751=CARTESIAN_POINT('',(-150.346943543701,3.38274316249621,7.24963825233204));
#13752=CARTESIAN_POINT('',(-150.429930891314,3.40367758553665,7.23982897746633));
#13753=CARTESIAN_POINT('',(-150.507528222658,3.42135532864077,7.23148944122177));
#13754=CARTESIAN_POINT('',(-150.583356006961,3.43684728469947,7.22413767154284));
#13755=CARTESIAN_POINT('',(-150.664542194294,3.45160666489929,7.21709754327367));
#13756=CARTESIAN_POINT('',(-150.751514860222,3.4652376377336,7.21056175855135));
#13757=CARTESIAN_POINT('',(-150.844218547879,3.47721057328581,7.20479370824748));
#13758=CARTESIAN_POINT('',(-150.927203985612,3.48570889326559,7.20068419867523));
#13759=CARTESIAN_POINT('',(-151.000813597632,3.49158479748718,7.1978360728887));
#13760=CARTESIAN_POINT('',(-151.065199077608,3.49552039491175,7.19592534586466));
#13761=CARTESIAN_POINT('',(-151.128612509279,3.49823363672593,7.19460653420603));
#13762=CARTESIAN_POINT('',(-151.189024548363,3.49973285634427,7.19387727204712));
#13763=CARTESIAN_POINT('',(-151.230421469158,3.50006199479979,7.19371712276211));
#13764=CARTESIAN_POINT('',(-151.251020936373,3.5000438944847,7.1937259284483));
#13765=CARTESIAN_POINT('',(-151.253071316145,3.50004029096005,7.19372768181007));
#13766=CARTESIAN_POINT('',(-154.746911848645,-3.4999627216551,7.19376542201823));
#13767=CARTESIAN_POINT('',(-151.246920266654,-3.4999543039767,7.19376951744184));
#13768=CARTESIAN_POINT('',(-152.413584459573,-3.4999571098703,7.19376815230227));
#13769=CARTESIAN_POINT('',(-153.580248320242,-3.4999599157631,7.19376678716107));
#13770=CARTESIAN_POINT('',(-154.746911849361,-3.4999627216551,7.19376542201823));
#13771=CARTESIAN_POINT('',(-154.746928684022,3.50003727832456,7.19372914769098));
#13772=CARTESIAN_POINT('',(-154.76141330246,3.5000372537233,7.19372914795769));
#13773=CARTESIAN_POINT('',(-154.79000408476,3.4998596782811,7.19381556667776));
#13774=CARTESIAN_POINT('',(-154.832855955443,3.49906841611242,7.19420048570934));
#13775=CARTESIAN_POINT('',(-154.875885748023,3.49775028162692,7.1948414852483));
#13776=CARTESIAN_POINT('',(-154.919587245655,3.49586873857162,7.19575595024188));
#13777=CARTESIAN_POINT('',(-154.964159528149,3.493385329172,7.19696200554724));
#13778=CARTESIAN_POINT('',(-155.009428540258,3.49027948291503,7.19846886256231));
#13779=CARTESIAN_POINT('',(-155.055625881321,3.48650112476159,7.20029977566826));
#13780=CARTESIAN_POINT('',(-155.102487410266,3.48203727425004,7.20245971589558));
#13781=CARTESIAN_POINT('',(-155.151106186862,3.47673937869448,7.20501885267032));
#13782=CARTESIAN_POINT('',(-155.202319311561,3.47042175940384,7.20806441207608));
#13783=CARTESIAN_POINT('',(-155.265881955995,3.46159120833701,7.21231093731271));
#13784=CARTESIAN_POINT('',(-155.351656342082,3.44791107420878,7.21886635203573));
#13785=CARTESIAN_POINT('',(-155.469766422356,3.42550665578188,7.22953789326345));
#13786=CARTESIAN_POINT('',(-155.613657737317,3.39230374701553,7.24519936380334));
#13787=CARTESIAN_POINT('',(-155.773031812901,3.34769105534945,7.26594556327298));
#13788=CARTESIAN_POINT('',(-155.927184245259,3.29632489091136,7.28940548643982));
#13789=CARTESIAN_POINT('',(-156.062963774085,3.24408248320793,7.31279212391118));
#13790=CARTESIAN_POINT('',(-156.169392269393,3.19846953760346,7.33283527146052));
#13791=CARTESIAN_POINT('',(-156.255067978257,3.15880268318233,7.34999821423424));
#13792=CARTESIAN_POINT('',(-156.328466483657,3.12267697013364,7.36541996763775));
#13793=CARTESIAN_POINT('',(-156.399038283015,3.08589965150508,7.38090493973603));
#13794=CARTESIAN_POINT('',(-156.467055087636,3.04849743962728,7.39643299621451));
#13795=CARTESIAN_POINT('',(-156.533575827716,3.00998995527449,7.41218949782899));
#13796=CARTESIAN_POINT('',(-156.606587573881,2.96556545070992,7.43009431172091));
#13797=CARTESIAN_POINT('',(-156.693240914331,2.90973811441422,7.45218214861817));
#13798=CARTESIAN_POINT('',(-156.79912612681,2.83643357436689,7.48045795895349));
#13799=CARTESIAN_POINT('',(-156.914747821993,2.74927050607799,7.51298129096902));
#13800=CARTESIAN_POINT('',(-157.025010210923,2.65834981547437,7.54560862401842));
#13801=CARTESIAN_POINT('',(-157.117495293625,2.57577990964391,7.57413089493027));
#13802=CARTESIAN_POINT('',(-157.187927997936,2.50879242324016,7.59652869328662));
#13803=CARTESIAN_POINT('',(-157.244210241928,2.452630014876,7.61482392934784));
#13804=CARTESIAN_POINT('',(-157.301928370922,2.39265825840199,7.63392123318294));
#13805=CARTESIAN_POINT('',(-157.370999902053,2.31712177716011,7.65727113732952));
#13806=CARTESIAN_POINT('',(-157.454377492822,2.21951383438704,7.68621423171609));
#13807=CARTESIAN_POINT('',(-157.552994786395,2.09436575561289,7.72144052253299));
#13808=CARTESIAN_POINT('',(-157.675458668676,1.92189772067309,7.76665107798022));
#13809=CARTESIAN_POINT('',(-157.823417844772,1.67951919767404,7.82352550418478));
#13810=CARTESIAN_POINT('',(-157.970699680576,1.37860378059611,7.88271514314743));
#13811=CARTESIAN_POINT('',(-158.084026182838,1.07043875522663,7.9299409052261));
#13812=CARTESIAN_POINT('',(-158.153292827398,0.814342543283406,7.95943881845172));
#13813=CARTESIAN_POINT('',(-158.191670367348,0.62603628681816,7.97596763698586));
#13814=CARTESIAN_POINT('',(-158.214427140637,0.481756866219833,7.98583017742382));
#13815=CARTESIAN_POINT('',(-158.229393722754,0.356819308100816,7.992343541434));
#13816=CARTESIAN_POINT('',(-158.238692144425,0.247093425750846,7.99640170914715));
#13817=CARTESIAN_POINT('',(-158.244068309624,0.150031627981814,7.99875175729059));
#13818=CARTESIAN_POINT('',(-158.246472370221,0.0709209687929765,7.99980370714248));
#13819=CARTESIAN_POINT('',(-158.246991473282,0.0130069649163058,8.0000310924553));
#13820=CARTESIAN_POINT('',(-158.246795165175,-0.0446508963103583,7.99994547766175));
#13821=CARTESIAN_POINT('',(-158.245544400976,-0.109947903067188,7.9993985568616));
#13822=CARTESIAN_POINT('',(-158.241794252813,-0.195641367675891,7.99775923538407));
#13823=CARTESIAN_POINT('',(-158.235992846936,-0.280636589280047,7.99522582871989));
#13824=CARTESIAN_POINT('',(-158.228166744459,-0.365075530802912,7.9918135225803));
#13825=CARTESIAN_POINT('',(-158.216501870782,-0.464677808357014,7.98673778422597));
#13826=CARTESIAN_POINT('',(-158.196158486251,-0.601626752275283,7.9779128289128));
#13827=CARTESIAN_POINT('',(-158.157596737132,-0.797148623023129,7.96128609828326));
#13828=CARTESIAN_POINT('',(-158.094348991343,-1.03368181558849,7.93433494144594));
#13829=CARTESIAN_POINT('',(-158.012977488055,-1.26542071549941,7.90032470613947));
#13830=CARTESIAN_POINT('',(-157.933593298865,-1.45071750128568,7.86788169324084));
#13831=CARTESIAN_POINT('',(-157.871724685441,-1.57786963748303,7.84307237178254));
#13832=CARTESIAN_POINT('',(-157.823534346589,-1.66939502109803,7.82401347511834));
#13833=CARTESIAN_POINT('',(-157.775821386548,-1.75476041473044,7.80535877919178));
#13834=CARTESIAN_POINT('',(-157.715147956668,-1.85619093145798,7.7819730321224));
#13835=CARTESIAN_POINT('',(-157.639377286696,-1.97255247978441,7.75334958973799));
#13836=CARTESIAN_POINT('',(-157.558251503664,-2.08623451791151,7.72345995837093));
#13837=CARTESIAN_POINT('',(-157.484433276814,-2.1816595221564,7.69693731437912));
#13838=CARTESIAN_POINT('',(-157.419987906992,-2.2599443406472,7.6742707147926));
#13839=CARTESIAN_POINT('',(-157.357341789231,-2.33210188585931,7.65266193152882));
#13840=CARTESIAN_POINT('',(-157.287684604341,-2.40795877987525,7.62915567305455));
#13841=CARTESIAN_POINT('',(-157.198277799091,-2.49946035069372,7.59976026145483));
#13842=CARTESIAN_POINT('',(-157.089738601036,-2.6019805999727,7.5653388570025));
#13843=CARTESIAN_POINT('',(-156.962808519628,-2.7109019998504,7.52696772354341));
#13844=CARTESIAN_POINT('',(-156.84415356394,-2.80324651852669,7.49296574715613));
#13845=CARTESIAN_POINT('',(-156.738519713577,-2.87878749171179,7.46418791208096));
#13846=CARTESIAN_POINT('',(-156.650567365879,-2.93756542937522,7.44122708235548));
#13847=CARTESIAN_POINT('',(-156.566669675725,-2.99020747638716,7.42021683512797));
#13848=CARTESIAN_POINT('',(-156.481434083399,-3.04049574786659,7.39975402992715));
#13849=CARTESIAN_POINT('',(-156.389027993957,-3.09149149851251,7.37859998151636));
#13850=CARTESIAN_POINT('',(-156.274652268632,-3.14998322509685,7.35385148828807));
#13851=CARTESIAN_POINT('',(-156.140721819002,-3.21185423635088,7.32705093051706));
#13852=CARTESIAN_POINT('',(-155.989983920166,-3.27311299759131,7.29986624067706));
#13853=CARTESIAN_POINT('',(-155.852076056028,-3.32186552209566,7.27777099383383));
#13854=CARTESIAN_POINT('',(-155.728721596635,-3.36007294644722,7.26018705482122));
#13855=CARTESIAN_POINT('',(-155.611163234607,-3.39235699307663,7.24515807883014));
#13856=CARTESIAN_POINT('',(-155.475712247967,-3.42438949848427,7.23007502235773));
#13857=CARTESIAN_POINT('',(-155.325289997588,-3.45308152486835,7.21640519935659));
#13858=CARTESIAN_POINT('',(-155.184242241719,-3.47335570749556,7.20665646644429));
#13859=CARTESIAN_POINT('',(-155.076290102364,-3.48479370515631,7.20112747713998));
#13860=CARTESIAN_POINT('',(-154.997523724664,-3.49118021959288,7.19803233136024));
#13861=CARTESIAN_POINT('',(-154.933461587439,-3.49518145211007,7.19608999720548));
#13862=CARTESIAN_POINT('',(-154.87040243305,-3.49796953210169,7.19473494760925));
#13863=CARTESIAN_POINT('',(-154.808395761624,-3.4996035056847,7.19394022933126));
#13864=CARTESIAN_POINT('',(-154.767321514055,-3.49996279963476,7.1937653360834));
#13865=CARTESIAN_POINT('',(-154.746920266325,-3.49996272166522,7.1937654220133));
#13866=CARTESIAN_POINT('',(151.246920266343,-3.49995430397672,7.19376951744178));
#13867=CARTESIAN_POINT('',(151.253071316145,3.50004029096003,7.19372768192294));
#13868=CARTESIAN_POINT('',(151.253071316145,3.50004029095991,7.1937276819227));
#13869=CARTESIAN_POINT('',(151.251018618668,3.5000438982511,7.19372592682575));
#13870=CARTESIAN_POINT('',(151.248073836599,3.50004648027086,7.19372467056891));
#13871=CARTESIAN_POINT('',(151.242160847493,3.50004421494704,7.19372577274177));
#13872=CARTESIAN_POINT('',(151.235299320008,3.50003021107432,7.19373258620936));
#13873=CARTESIAN_POINT('',(151.226279736864,3.49998875980892,7.19375275376795));
#13874=CARTESIAN_POINT('',(151.217147806268,3.49992310182544,7.19378469818156));
#13875=CARTESIAN_POINT('',(151.207836610747,3.49983166049358,7.19382918567388));
#13876=CARTESIAN_POINT('',(151.198366927043,3.49971328120935,7.19388677673967));
#13877=CARTESIAN_POINT('',(151.188656993607,3.49956529864116,7.19395876631373));
#13878=CARTESIAN_POINT('',(151.178760384991,3.49938673463349,7.1940456279541));
#13879=CARTESIAN_POINT('',(151.168442926812,3.49917102696963,7.19415055072997));
#13880=CARTESIAN_POINT('',(151.157557770717,3.49891077798452,7.19427712849602));
#13881=CARTESIAN_POINT('',(151.14573916041,3.49859005943099,7.19443310117289));
#13882=CARTESIAN_POINT('',(151.133082740556,3.49820217924458,7.19462171265106));
#13883=CARTESIAN_POINT('',(151.119404086144,3.49773147834211,7.19485056222461));
#13884=CARTESIAN_POINT('',(151.104851873711,3.49717206976002,7.19512249157485));
#13885=CARTESIAN_POINT('',(151.089276737925,3.49650591616645,7.19544623988083));
#13886=CARTESIAN_POINT('',(151.073038778189,3.49573696282641,7.19581985372389));
#13887=CARTESIAN_POINT('',(151.055953731616,3.49484651114413,7.19625237411202));
#13888=CARTESIAN_POINT('',(151.037997971152,3.49382114551885,7.19675026022034));
#13889=CARTESIAN_POINT('',(151.018603865633,3.49261017478174,7.19733804055218));
#13890=CARTESIAN_POINT('',(150.997934213016,3.49120023234792,7.19802208223213));
#13891=CARTESIAN_POINT('',(150.975614915766,3.48953997315646,7.19882713198345));
#13892=CARTESIAN_POINT('',(150.951819054206,3.48761235822498,7.1997612346293));
#13893=CARTESIAN_POINT('',(150.926162206571,3.48535048567283,7.20085650548109));
#13894=CARTESIAN_POINT('',(150.89920137541,3.48276732305496,7.20210628297621));
#13895=CARTESIAN_POINT('',(150.870562391516,3.47979329375364,7.2035437609907));
#13896=CARTESIAN_POINT('',(150.840242549782,3.47638693084635,7.20518837037483));
#13897=CARTESIAN_POINT('',(150.807308157544,3.47238443103884,7.20711828517206));
#13898=CARTESIAN_POINT('',(150.772157152013,3.46776139832212,7.2093440124658));
#13899=CARTESIAN_POINT('',(150.73425424557,3.46237012788528,7.21193501329031));
#13900=CARTESIAN_POINT('',(150.694013698217,3.45618384875035,7.21490203811261));
#13901=CARTESIAN_POINT('',(150.650912029879,3.44902347952359,7.21832812265959));
#13902=CARTESIAN_POINT('',(150.605903213381,3.44095109689103,7.22218011735087));
#13903=CARTESIAN_POINT('',(150.558694420259,3.43182977309936,7.22651935342075));
#13904=CARTESIAN_POINT('',(150.509562328105,3.42162305105149,7.23135836258042));
#13905=CARTESIAN_POINT('',(150.457549038196,3.41001505501257,7.23684040292789));
#13906=CARTESIAN_POINT('',(150.40323683378,3.39699961774157,7.24296011522978));
#13907=CARTESIAN_POINT('',(150.339081945442,3.38050874505865,7.25067556263294));
#13908=CARTESIAN_POINT('',(150.265595650898,3.36002039534459,7.26019929344648));
#13909=CARTESIAN_POINT('',(150.182617023272,3.33468958577007,7.27187282407981));
#13910=CARTESIAN_POINT('',(150.09116071716,3.30423232365926,7.28577318513716));
#13911=CARTESIAN_POINT('',(149.977428512733,3.26266649761239,7.30451691095072));
#13912=CARTESIAN_POINT('',(149.827654081199,3.20119139923476,7.33175133613112));
#13913=CARTESIAN_POINT('',(149.660405384649,3.12189580740872,7.3659320152306));
#13914=CARTESIAN_POINT('',(149.501115079225,3.03507576753753,7.40209695338861));
#13915=CARTESIAN_POINT('',(149.358038659043,2.94803945531772,7.43719809740171));
#13916=CARTESIAN_POINT('',(149.207873915888,2.84701403993248,7.47659253788374));
#13917=CARTESIAN_POINT('',(149.045127241119,2.72372431428982,7.52254137708156));
#13918=CARTESIAN_POINT('',(148.892746745228,2.59234929095449,7.56874979457621));
#13919=CARTESIAN_POINT('',(148.778530030221,2.48250913917052,7.60527884826014));
#13920=CARTESIAN_POINT('',(148.699647571495,2.40089696644711,7.63133410193578));
#13921=CARTESIAN_POINT('',(148.642413852678,2.33856245689438,7.65064759606919));
#13922=CARTESIAN_POINT('',(148.591108237016,2.28006875668461,7.66827498088343));
#13923=CARTESIAN_POINT('',(148.540675178871,2.22004450635689,7.68588290429044));
#13924=CARTESIAN_POINT('',(148.486515389149,2.15249476776398,7.70510786407599));
#13925=CARTESIAN_POINT('',(148.413762286113,2.05665853334213,7.73140429730441));
#13926=CARTESIAN_POINT('',(148.310160086824,1.90846726062211,7.76981193454312));
#13927=CARTESIAN_POINT('',(148.171434579979,1.68057247562772,7.82315823791138));
#13928=CARTESIAN_POINT('',(148.026507636171,1.38628590505925,7.88133375974326));
#13929=CARTESIAN_POINT('',(147.912378033245,1.07879427371423,7.92885548932594));
#13930=CARTESIAN_POINT('',(147.841815727029,0.819831529389463,7.95889402920538));
#13931=CARTESIAN_POINT('',(147.80287177163,0.629978680063218,7.97566364925614));
#13932=CARTESIAN_POINT('',(147.779835116204,0.484849333755603,7.98564642343878));
#13933=CARTESIAN_POINT('',(147.764694744564,0.359306794605315,7.99223506352978));
#13934=CARTESIAN_POINT('',(147.755283276218,0.249066451965275,7.9963425180047));
#13935=CARTESIAN_POINT('',(147.749835689066,0.151580941105564,7.99872383583103));
#13936=CARTESIAN_POINT('',(147.74738134048,0.0718368430236363,7.99979786204191));
#13937=CARTESIAN_POINT('',(147.746850458457,0.013715124934094,8.00003046085211));
#13938=CARTESIAN_POINT('',(147.74703992904,-0.0441308729354394,7.99994790228025));
#13939=CARTESIAN_POINT('',(147.748273667838,-0.109285357236938,7.99940849400576));
#13940=CARTESIAN_POINT('',(147.752019912617,-0.19518666826736,7.99777096109583));
#13941=CARTESIAN_POINT('',(147.757821825498,-0.28031680034164,7.99523740733529));
#13942=CARTESIAN_POINT('',(147.765649001704,-0.364834171447759,7.99182470305771));
#13943=CARTESIAN_POINT('',(147.777306434051,-0.464424511249282,7.9867522785511));
#13944=CARTESIAN_POINT('',(147.797615405575,-0.601211151602739,7.97794232538624));
#13945=CARTESIAN_POINT('',(147.836065430847,-0.796319756941429,7.96136364136214));
#13946=CARTESIAN_POINT('',(147.899053826378,-1.0321794583356,7.93452168083503));
#13947=CARTESIAN_POINT('',(147.980006414433,-1.26314151617159,7.90068173806216));
#13948=CARTESIAN_POINT('',(148.058908033307,-1.44773421481039,7.86842692919549));
#13949=CARTESIAN_POINT('',(148.120362311718,-1.57437102220416,7.84377351043139));
#13950=CARTESIAN_POINT('',(148.168214176424,-1.66551824865121,7.82483856514764));
#13951=CARTESIAN_POINT('',(148.215606638438,-1.75057273367814,7.8062977846128));
#13952=CARTESIAN_POINT('',(148.275903424284,-1.85170366499944,7.78304038767089));
#13953=CARTESIAN_POINT('',(148.351248652793,-1.9678111319387,7.75455294045459));
#13954=CARTESIAN_POINT('',(148.431968465271,-2.08133165523279,7.7247820052973));
#13955=CARTESIAN_POINT('',(148.50547291234,-2.17670267730704,7.69834051222236));
#13956=CARTESIAN_POINT('',(148.569694346874,-2.2550073478308,7.6757229750777));
#13957=CARTESIAN_POINT('',(148.632168371289,-2.32723668491862,7.65414313835018));
#13958=CARTESIAN_POINT('',(148.701663867654,-2.4032015846317,7.63065597473295));
#13959=CARTESIAN_POINT('',(148.790901191726,-2.49487192658289,7.60126866156973));
#13960=CARTESIAN_POINT('',(148.899262998845,-2.59760773066309,7.56684267968101));
#13961=CARTESIAN_POINT('',(149.026011733729,-2.70678285772847,7.52845125030418));
#13962=CARTESIAN_POINT('',(149.144514511134,-2.79936132604199,7.49441901357903));
#13963=CARTESIAN_POINT('',(149.250025490169,-2.87510873300154,7.46560623239167));
#13964=CARTESIAN_POINT('',(149.346708946406,-2.93997899675693,7.44030151415903));
#13965=CARTESIAN_POINT('',(149.451559302566,-3.00537149450388,7.4141447380515));
#13966=CARTESIAN_POINT('',(149.570860346285,-3.07364692839626,7.38610326288607));
#13967=CARTESIAN_POINT('',(149.7038430453,-3.14273011317272,7.35697837502567));
#13968=CARTESIAN_POINT('',(149.847467435597,-3.20938993122422,7.32813178526046));
#13969=CARTESIAN_POINT('',(149.998241651735,-3.27096945866895,7.30082796885625));
#13970=CARTESIAN_POINT('',(150.133645015175,-3.31909447826581,7.279032906797));
#13971=CARTESIAN_POINT('',(150.249175998222,-3.35523540355767,7.26241880579096));
#13972=CARTESIAN_POINT('',(150.340182789093,-3.38084619336,7.25052331929429));
#13973=CARTESIAN_POINT('',(150.423171805762,-3.40195704437938,7.24063778565518));
#13974=CARTESIAN_POINT('',(150.500781210992,-3.41979923261601,7.23222560583079));
#13975=CARTESIAN_POINT('',(150.576629506023,-3.43545073764421,7.22480203311471));
#13976=CARTESIAN_POINT('',(150.657849438361,-3.4503799100612,7.21768425980452));
#13977=CARTESIAN_POINT('',(150.744869815622,-3.46419049647929,7.21106504406606));
#13978=CARTESIAN_POINT('',(150.837636732434,-3.4763513966417,7.20520841664713));
#13979=CARTESIAN_POINT('',(150.92069002382,-3.4850145074593,7.20102035719929));
#13980=CARTESIAN_POINT('',(150.994369223501,-3.49103365569844,7.19810343185376));
#13981=CARTESIAN_POINT('',(151.0588251347,-3.4950922949657,7.19613331064329));
#13982=CARTESIAN_POINT('',(151.122304418829,-3.49792362503669,7.19475727089949));
#13983=CARTESIAN_POINT('',(151.184840126707,-3.49958771958868,7.19394791074483));
#13984=CARTESIAN_POINT('',(151.226288057892,-3.49995433660548,7.19376945158245));
#13985=CARTESIAN_POINT('',(151.246920266343,-3.49995430397672,7.19376951744178));
#13986=CARTESIAN_POINT('',(154.746928684022,3.50003727832466,7.19372914769088));
#13987=CARTESIAN_POINT('',(151.253071316145,3.50004029095987,7.19372768181018));
#13988=VECTOR('',#13989,1.);
#13989=DIRECTION('',(0.99999999999954,-8.62266229897808E-7,4.19535155439394E-7));
#13990=CARTESIAN_POINT('',(154.746911848645,-3.49996272165512,7.19376542228548));
#13991=CARTESIAN_POINT('',(154.746920266315,-3.49996272166524,7.19376542201324));
#13992=CARTESIAN_POINT('',(154.761399734058,-3.49996276673039,7.19376538838491));
#13993=CARTESIAN_POINT('',(154.789986080145,-3.49978532673118,7.19385173893243));
#13994=CARTESIAN_POINT('',(154.832840169153,-3.49899425859666,7.19423655347517));
#13995=CARTESIAN_POINT('',(154.875869920381,-3.49767630631708,7.19487744763267));
#13996=CARTESIAN_POINT('',(154.91957197887,-3.49579493901018,7.19579180332651));
#13997=CARTESIAN_POINT('',(154.964144622958,-3.49331170053996,7.19699774418604));
#13998=CARTESIAN_POINT('',(155.009414053496,-3.49020601772405,7.1985044827018));
#13999=CARTESIAN_POINT('',(155.055611814664,-3.48642781538283,7.20033527274898));
#14000=CARTESIAN_POINT('',(155.102473779507,-3.48196411141991,7.20249508604421));
#14001=CARTESIAN_POINT('',(155.151093016305,-3.47666635530239,7.2050540891682));
#14002=CARTESIAN_POINT('',(155.202306636627,-3.4703488685442,7.20809950586435));
#14003=CARTESIAN_POINT('',(155.265869917233,-3.46151846117869,7.21234585217376));
#14004=CARTESIAN_POINT('',(155.351645177049,-3.44783848577313,7.21890102139383));
#14005=CARTESIAN_POINT('',(155.46975645948,-3.42543421915279,7.22957221439058));
#14006=CARTESIAN_POINT('',(155.613649192607,-3.392231396789,7.24523323825209));
#14007=CARTESIAN_POINT('',(155.773024753868,-3.34761868647889,7.26597890542191));
#14008=CARTESIAN_POINT('',(155.927178513335,-3.29625240628095,7.28943826384869));
#14009=CARTESIAN_POINT('',(156.062959112637,-3.2440098298002,7.31282435366684));
#14010=CARTESIAN_POINT('',(156.169388345679,-3.19839673216782,7.33286702753452));
#14011=CARTESIAN_POINT('',(156.255064564356,-3.15872975992387,7.35002955385044));
#14012=CARTESIAN_POINT('',(156.328463421368,-3.1226039671798,7.3654509177217));
#14013=CARTESIAN_POINT('',(156.399035505399,-3.08582658393796,7.38093548809979));
#14014=CARTESIAN_POINT('',(156.467052528291,-3.04842432866101,7.3964631288088));
#14015=CARTESIAN_POINT('',(156.533573452722,-3.0099168097107,7.4122192005729));
#14016=CARTESIAN_POINT('',(156.606585371383,-2.96549227687069,7.43012351670286));
#14017=CARTESIAN_POINT('',(156.693238881484,-2.90966491955562,7.45221072669705));
#14018=CARTESIAN_POINT('',(156.799124235057,-2.83636038780776,7.48048570794829));
#14019=CARTESIAN_POINT('',(156.914745998406,-2.74919738654857,7.51300804553977));
#14020=CARTESIAN_POINT('',(157.02500837947,-2.65827682585302,7.54563433607905));
#14021=CARTESIAN_POINT('',(157.117493408064,-2.57570708574194,7.57415565861972));
#14022=CARTESIAN_POINT('',(157.187926041346,-2.50871976846071,7.59655268651251));
#14023=CARTESIAN_POINT('',(157.24420822403,-2.45255751162528,7.6148472805571));
#14024=CARTESIAN_POINT('',(157.301926352192,-2.39258585700051,7.63394392433736));
#14025=CARTESIAN_POINT('',(157.370997964235,-2.31704941637039,7.6572930323739));
#14026=CARTESIAN_POINT('',(157.454375718597,-2.21944144585552,7.68623513423656));
#14027=CARTESIAN_POINT('',(157.552992991651,-2.094293591536,7.72146008747518));
#14028=CARTESIAN_POINT('',(157.675456519993,-1.92182640326062,7.76666873410811));
#14029=CARTESIAN_POINT('',(157.820213670771,-1.68469383536273,7.82230975752261));
#14030=CARTESIAN_POINT('',(157.959963359481,-1.40105249308015,7.87838884043605));
#14031=CARTESIAN_POINT('',(158.064168847424,-1.12677225176425,7.92163953151908));
#14032=CARTESIAN_POINT('',(158.127476221846,-0.912373636015013,7.94843910167414));
#14033=CARTESIAN_POINT('',(158.16186176852,-0.76966499839847,7.96314799024574));
#14034=CARTESIAN_POINT('',(158.182845628822,-0.668443474932678,7.97217412578349));
#14035=CARTESIAN_POINT('',(158.198244944308,-0.583778731744357,7.97882381951914));
#14036=CARTESIAN_POINT('',(158.211636813713,-0.498218180145445,7.98462626737514));
#14037=CARTESIAN_POINT('',(158.222973513168,-0.411788107048653,7.98955245827193));
#14038=CARTESIAN_POINT('',(158.232183995312,-0.324768030044999,7.99356427525445));
#14039=CARTESIAN_POINT('',(158.239221372443,-0.237431513608939,7.99663525547233));
#14040=CARTESIAN_POINT('',(158.244062941581,-0.15008631666687,7.99875081063668));
#14041=CARTESIAN_POINT('',(158.246470846829,-0.070939797341074,7.99980370110273));
#14042=CARTESIAN_POINT('',(158.246991378104,-0.0129948332507119,8.00003117227236));
#14043=CARTESIAN_POINT('',(158.246795773153,0.0446613433904551,7.99994532713926));
#14044=CARTESIAN_POINT('',(158.245487505403,0.113038976334498,7.99937262829668));
#14045=CARTESIAN_POINT('',(158.241206528616,0.208035478609219,7.99750037279673));
#14046=CARTESIAN_POINT('',(158.232190086626,0.330570343364425,7.99356270237012));
#14047=CARTESIAN_POINT('',(158.212724082469,0.502816267294826,7.98508335149496));
#14048=CARTESIAN_POINT('',(158.17160802658,0.73955679003959,7.96728317691146));
#14049=CARTESIAN_POINT('',(158.102326339518,1.01017792782604,7.93767483260351));
#14050=CARTESIAN_POINT('',(158.015419078163,1.25979283523315,7.9013107963523));
#14051=CARTESIAN_POINT('',(157.933609008214,1.45075764027274,7.86787430247102));
#14052=CARTESIAN_POINT('',(157.871740208379,1.57791355272549,7.84306355772722));
#14053=CARTESIAN_POINT('',(157.823548698555,1.66944320955402,7.82400320834154));
#14054=CARTESIAN_POINT('',(157.775833874729,1.75481352489456,7.80534686060892));
#14055=CARTESIAN_POINT('',(157.715158122358,1.85624938200236,7.78195912022544));
#14056=CARTESIAN_POINT('',(157.63938483172,1.972616120666,7.75333342890749));
#14057=CARTESIAN_POINT('',(157.558256483494,2.08630245515553,7.72344162617066));
#14058=CARTESIAN_POINT('',(157.484436531997,2.1817300253622,7.69691733717829));
#14059=CARTESIAN_POINT('',(157.419990344056,2.26001602415581,7.67424960742358));
#14060=CARTESIAN_POINT('',(157.357344009572,2.33217396030508,7.65263996840052));
#14061=CARTESIAN_POINT('',(157.287686872175,2.40803094018043,7.62913289753031));
#14062=CARTESIAN_POINT('',(157.198280432736,2.49953231370037,7.59973659342267));
#14063=CARTESIAN_POINT('',(157.089741785687,2.60205227278042,7.5653142059009));
#14064=CARTESIAN_POINT('',(156.962812421738,2.71097335278505,7.52694202539628));
#14065=CARTESIAN_POINT('',(156.844158072497,2.80331769367657,7.49293911976897));
#14066=CARTESIAN_POINT('',(156.738524713071,2.87885858508484,7.46416049301141));
#14067=CARTESIAN_POINT('',(156.650572759874,2.93763648677399,7.44119903122168));
#14068=CARTESIAN_POINT('',(156.566675452241,2.99027851416982,7.42018820830982));
#14069=CARTESIAN_POINT('',(156.481440266835,3.04056677297196,7.39972484641486));
#14070=CARTESIAN_POINT('',(156.389034641357,3.09156251899559,7.37857022547236));
#14071=CARTESIAN_POINT('',(156.274659532,3.15005424989741,7.35382106568693));
#14072=CARTESIAN_POINT('',(156.140729823404,3.21192530695124,7.32701977717357));
#14073=CARTESIAN_POINT('',(155.989992768803,3.27318418153327,7.29983432406727));
#14074=CARTESIAN_POINT('',(155.852085684385,3.32193686641467,7.2777384299083));
#14075=CARTESIAN_POINT('',(155.728731935267,3.36014447585112,7.26015395057731));
#14076=CARTESIAN_POINT('',(155.611174285869,3.39242872609862,7.24512449192949));
#14077=CARTESIAN_POINT('',(155.47572415023,3.42446150906321,7.23004091635458));
#14078=CARTESIAN_POINT('',(155.325302866286,3.45315391213205,7.21637056212823));
#14079=CARTESIAN_POINT('',(155.184256013995,3.47342851933715,7.20662137368254));
#14080=CARTESIAN_POINT('',(155.076304610341,3.4848668872686,7.20109206230342));
#14081=CARTESIAN_POINT('',(154.997538730287,3.49125369412752,7.19799669444607));
#14082=CARTESIAN_POINT('',(154.93347719754,3.49525517916487,7.19605418714615));
#14083=CARTESIAN_POINT('',(154.870417958996,3.49804352323428,7.19469897382297));
#14084=CARTESIAN_POINT('',(154.808413688821,3.49967777175582,7.19390410099532));
#14085=CARTESIAN_POINT('',(154.767334940825,3.50003725814312,7.19372910951515));
#14086=CARTESIAN_POINT('',(154.746928684021,3.50003727832466,7.19372914769088));
#14087=CARTESIAN_POINT('',(151.246920266189,-3.49995430397672,7.19376951744177));
#14088=CARTESIAN_POINT('',(152.413584459107,-3.49995710987031,7.19376815230221));
#14089=CARTESIAN_POINT('',(153.580248319777,-3.49995991576311,7.193766787161));
#14090=CARTESIAN_POINT('',(154.746911848662,-3.49996272165511,7.19376542201816));
#14091=CARTESIAN_POINT('',(-145.,-7.88095013307405,-1.37500000000003));
#14092=VECTOR('',#14093,1.);
#14093=DIRECTION('',(0.,1.,2.17623908198665E-16));
#14094=CARTESIAN_POINT('',(-145.,5.84032319311182,-1.37500000000003));
#14095=VECTOR('',#14096,1.);
#14096=DIRECTION('',(0.,1.,0.));
#14097=CARTESIAN_POINT('',(-145.,5.89358761706315,1.12499999999997));
#14098=VECTOR('',#14099,1.);
#14099=DIRECTION('',(0.,1.,1.09548014098773E-16));
#14100=CARTESIAN_POINT('',(-145.,-7.92050345622045,1.12499999999997));
#14101=VECTOR('',#14102,1.);
#14102=DIRECTION('',(0.,1.,1.09548014098774E-16));
#14103=CARTESIAN_POINT('',(145.,5.89358761706314,1.125));
#14104=VECTOR('',#14105,1.);
#14105=DIRECTION('',(0.,1.,2.19096028197547E-16));
#14106=CARTESIAN_POINT('',(145.,-7.92050345622044,1.125));
#14107=VECTOR('',#14108,1.);
#14108=DIRECTION('',(0.,1.,0.));
#14109=CARTESIAN_POINT('',(145.,5.84032319311184,-1.375));
#14110=VECTOR('',#14111,1.);
#14111=DIRECTION('',(0.,1.,1.08811954099333E-16));
#14112=CARTESIAN_POINT('',(145.,-7.88095013307406,-1.375));
#14113=VECTOR('',#14114,1.);
#14114=DIRECTION('',(0.,1.,1.08811954099333E-16));
#14115=CARTESIAN_POINT('',(154.746928684022,3.50003727832466,-7.19372915644566));
#14116=VECTOR('',#14117,1.);
#14117=DIRECTION('',(0.,0.,1.));
#14118=CARTESIAN_POINT('',(154.746911848645,-3.49996272165512,-7.19376542175089));
#14119=VECTOR('',#14120,1.);
#14120=DIRECTION('',(0.,0.,1.));
#14121=CARTESIAN_POINT('',(151.246920266343,-3.49995430397672,-7.19376952613543));
#14122=VECTOR('',#14123,1.);
#14123=DIRECTION('',(0.,0.,1.));
#14124=CARTESIAN_POINT('',(151.253071316145,3.50004029096003,-7.19372768192299));
#14125=VECTOR('',#14126,1.);
#14126=DIRECTION('',(0.,0.,1.));
#14127=CARTESIAN_POINT('',(-151.253071316145,3.50004029096005,-7.19372768169768));
#14128=VECTOR('',#14129,1.);
#14129=DIRECTION('',(0.,0.,1.));
#14130=CARTESIAN_POINT('',(-151.246920266343,-3.4999543039767,-7.19376951770911));
#14131=VECTOR('',#14132,1.);
#14132=DIRECTION('',(0.,0.,1.));
#14133=CARTESIAN_POINT('',(-154.746911848645,-3.4999627216551,-7.1937654307248));
#14134=VECTOR('',#14135,1.);
#14135=DIRECTION('',(0.,0.,1.));
#14136=CARTESIAN_POINT('',(-154.746928684022,3.50003727832468,-7.19372914769087));
#14137=VECTOR('',#14138,1.);
#14138=DIRECTION('',(0.,0.,1.));
#14139=CARTESIAN_POINT('',(-154.746928684022,3.50003727832468,4.87337039946051));
#14140=VECTOR('',#14141,1.);
#14141=DIRECTION('',(0.,0.,1.));
#14142=CARTESIAN_POINT('',(-154.746911848645,-3.4999627216551,4.87342394493169));
#14143=VECTOR('',#14144,1.);
#14144=DIRECTION('',(0.,0.,1.));
#14145=CARTESIAN_POINT('',(-151.246920266343,-3.4999543039767,4.87342999000393));
#14146=VECTOR('',#14147,1.);
#14147=DIRECTION('',(0.,0.,1.));
#14148=CARTESIAN_POINT('',(-151.253071316145,3.50004029096005,4.87336823546346));
#14149=VECTOR('',#14150,1.);
#14150=DIRECTION('',(0.,0.,1.));
#14151=CARTESIAN_POINT('',(151.253071316145,3.50004029096003,4.87336823579505));
#14152=VECTOR('',#14153,1.);
#14153=DIRECTION('',(0.,0.,1.));
#14154=CARTESIAN_POINT('',(151.246920266343,-3.49995430397672,4.87342999027227));
#14155=VECTOR('',#14156,1.);
#14156=DIRECTION('',(0.,0.,1.));
#14157=CARTESIAN_POINT('',(154.746911848645,-3.49996272165512,4.87342394519806));
#14158=VECTOR('',#14159,1.);
#14159=DIRECTION('',(0.,0.,1.));
#14160=CARTESIAN_POINT('',(154.746928684022,3.50003727832466,4.87337039946135));
#14161=VECTOR('',#14162,1.);
#14162=DIRECTION('',(0.,0.,1.));
#14163=CARTESIAN_POINT('',(191.,0.,-6.00000000000004));
#14164=AXIS2_PLACEMENT_3D('',#14165,#14166,#14167);
#14165=CARTESIAN_POINT('',(191.,0.,-3.50861307955717E-14));
#14166=DIRECTION('',(1.,0.,-1.83697019872103E-16));
#14167=DIRECTION('',(-1.83697019872103E-16,1.22464679914735E-16,-1.));
#14168=CARTESIAN_POINT('',(-191.,0.,-5.99999999999996));
#14169=AXIS2_PLACEMENT_3D('',#14170,#14171,#14172);
#14170=CARTESIAN_POINT('',(-191.,0.,3.50861307955717E-14));
#14171=DIRECTION('',(1.,0.,-1.83697019872103E-16));
#14172=DIRECTION('',(-1.83697019872103E-16,1.22464679914735E-16,-1.));
ENDSEC;
END-ISO-10303-21;
