ISO-10303-21;
HEADER;
FILE_DESCRIPTION(('STEP AP203'),
    '1');
FILE_NAME('stand_horizont',
    '',
    ('UNSPECIFIED'),
    ('UNSPECIFIED'),
    'C3D Converter',
    'C3D Toolkit',
    '');
FILE_SCHEMA(('CONFIG_CONTROL_DESIGN'));
ENDSEC;

DATA;
#1=PRODUCT_DEFINITION('','UNSPECIFIED',#28,#31);
#2=SHAPE_DEFINITION_REPRESENTATION(#26,#3);
#3=SHAPE_REPRESENTATION('NONE',(#4),#8);
#4=AXIS2_PLACEMENT_3D('',#5,#6,#7);
#5=CARTESIAN_POINT('',(0.,0.,0.));
#6=DIRECTION('',(0.,0.,1.));
#7=DIRECTION('',(1.,0.,0.));
#8=(GEOMETRIC_REPRESENTATION_CONTEXT(3)GLOBAL_UNCERTAINTY_ASSIGNED_CONTEXT((#10))
GLOBAL_UNIT_ASSIGNED_CONTEXT((#9,#11,#12))REPRESENTATION_CONTEXT('NONE','NONE'));
#9=(LENGTH_UNIT()NAMED_UNIT(*)SI_UNIT(.MILLI.,.METRE.));
#10=UNCERTAINTY_MEASURE_WITH_UNIT(LENGTH_MEASURE(1.E-5),#9,'NONE','NONE');
#11=(NAMED_UNIT(*)PLANE_ANGLE_UNIT()SI_UNIT($,.RADIAN.));
#12=(NAMED_UNIT(*)SI_UNIT($,.STERADIAN.)SOLID_ANGLE_UNIT());
#13=MANIFOLD_SOLID_BREP('',#14);
#14=CLOSED_SHELL('',(#53,#54,#55,#56,#57,#58,#59,#60,#61,#62,#63,#64,#65,#66,#67,
#68,#69,#70,#71,#72));
#15=COLOUR_RGB('',0.564705882352941,0.564705882352941,0.564705882352941);
#16=FILL_AREA_STYLE_COLOUR('',#15);
#17=FILL_AREA_STYLE($,(#16));
#18=SURFACE_STYLE_FILL_AREA(#17);
#19=SURFACE_SIDE_STYLE('',(#18));
#20=SURFACE_STYLE_USAGE(.BOTH.,#19);
#21=PRESENTATION_STYLE_ASSIGNMENT((#20));
#22=MECHANICAL_DESIGN_GEOMETRIC_PRESENTATION_REPRESENTATION('NONE',(#23),#8);
#23=STYLED_ITEM('',(#21),#13);
#24=ADVANCED_BREP_SHAPE_REPRESENTATION('NONE',(#13),#8);
#25=SHAPE_REPRESENTATION_RELATIONSHIP('','',#3,#24);
#26=PRODUCT_DEFINITION_SHAPE('NONE','NONE',#1);
#27=MECHANICAL_CONTEXT('NONE',#32,'mechanical');
#28=PRODUCT_DEFINITION_FORMATION_WITH_SPECIFIED_SOURCE('ANY','UNSPECIFIED',#29,.NOT_KNOWN.);
#29=PRODUCT('','\X2\0414043504420430043B044C\X0\','NONE',(#27));
#30=PRODUCT_RELATED_PRODUCT_CATEGORY('detail','',(#29));
#31=DESIGN_CONTEXT('detailed design',#32,'design');
#32=APPLICATION_CONTEXT('configuration controlled 3d designs of mechanical parts and assemblies');
#33=APPLICATION_PROTOCOL_DEFINITION('international standard','config_control_design',
1994,#32);
#34=CC_DESIGN_DATE_AND_TIME_ASSIGNMENT(#35,#39,(#1));
#35=DATE_AND_TIME(#36,#37);
#36=CALENDAR_DATE(0,1,1);
#37=LOCAL_TIME(0,0,0.,#38);
#38=COORDINATED_UNIVERSAL_TIME_OFFSET(0,0,.AHEAD.);
#39=DATE_TIME_ROLE('creation_date');
#40=CC_DESIGN_APPROVAL(#41,(#1));
#41=APPROVAL(#42,'UNSPECIFIED');
#42=APPROVAL_STATUS('not_yet_approved');
#43=APPROVAL_DATE_TIME(#44,#41);
#44=DATE_AND_TIME(#45,#46);
#45=CALENDAR_DATE(0,1,1);
#46=LOCAL_TIME(0,0,0.,#47);
#47=COORDINATED_UNIVERSAL_TIME_OFFSET(0,0,.AHEAD.);
#48=PERSON('UNSPECIFIED','gnomy','UNSPECIFIED',('UNSPECIFIED'),('UNSPECIFIED'),(
'UNSPECIFIED'));
#49=ORGANIZATION('UNSPECIFIED','UNSPECIFIED','UNSPECIFIED');
#50=PERSON_AND_ORGANIZATION(#48,#49);
#51=PERSON_AND_ORGANIZATION_ROLE('creator');
#52=CC_DESIGN_PERSON_AND_ORGANIZATION_ASSIGNMENT(#50,#51,(#28,#1));
#53=ADVANCED_FACE('',(#73,#75,#77,#79,#81,#83),#85,.T.);
#54=ADVANCED_FACE('',(#90,#92,#94,#96,#98,#100),#102,.F.);
#55=ADVANCED_FACE('',(#107),#109,.F.);
#56=ADVANCED_FACE('',(#114),#116,.F.);
#57=ADVANCED_FACE('',(#121),#123,.F.);
#58=ADVANCED_FACE('',(#128),#130,.F.);
#59=ADVANCED_FACE('',(#135),#137,.F.);
#60=ADVANCED_FACE('',(#142),#144,.F.);
#61=ADVANCED_FACE('',(#149),#151,.F.);
#62=ADVANCED_FACE('',(#156),#158,.F.);
#63=ADVANCED_FACE('',(#163),#165,.F.);
#64=ADVANCED_FACE('',(#170),#172,.F.);
#65=ADVANCED_FACE('',(#177),#179,.F.);
#66=ADVANCED_FACE('',(#184),#186,.F.);
#67=ADVANCED_FACE('',(#191),#193,.F.);
#68=ADVANCED_FACE('',(#198),#200,.F.);
#69=ADVANCED_FACE('',(#205),#207,.F.);
#70=ADVANCED_FACE('',(#212),#214,.F.);
#71=ADVANCED_FACE('',(#219,#221),#223,.F.);
#72=ADVANCED_FACE('',(#228,#230),#232,.T.);
#73=FACE_OUTER_BOUND('',#74,.T.);
#74=EDGE_LOOP('',(#237));
#75=FACE_BOUND('',#76,.T.);
#76=EDGE_LOOP('',(#238,#239,#240,#241,#242,#243));
#77=FACE_BOUND('',#78,.T.);
#78=EDGE_LOOP('',(#244,#245,#246,#247,#248,#249));
#79=FACE_OUTER_BOUND('',#80,.T.);
#80=EDGE_LOOP('',(#250));
#81=FACE_BOUND('',#82,.T.);
#82=EDGE_LOOP('',(#251,#252,#253,#254));
#83=FACE_BOUND('',#84,.T.);
#84=EDGE_LOOP('',(#255,#256,#257,#258));
#85=CYLINDRICAL_SURFACE('',#86,8.);
#86=AXIS2_PLACEMENT_3D('',#87,#88,#89);
#87=CARTESIAN_POINT('',(-117.5,0.,2.15843998349721E-14));
#88=DIRECTION('',(1.,0.,-1.83697019872103E-16));
#89=DIRECTION('',(-1.83697019872103E-16,1.22464679914735E-16,-1.));
#90=FACE_OUTER_BOUND('',#91,.T.);
#91=EDGE_LOOP('',(#259));
#92=FACE_BOUND('',#93,.T.);
#93=EDGE_LOOP('',(#260,#261,#262,#263,#264,#265));
#94=FACE_BOUND('',#95,.T.);
#95=EDGE_LOOP('',(#266,#267,#268,#269,#270,#271));
#96=FACE_OUTER_BOUND('',#97,.T.);
#97=EDGE_LOOP('',(#272));
#98=FACE_BOUND('',#99,.T.);
#99=EDGE_LOOP('',(#273,#274,#275,#276));
#100=FACE_BOUND('',#101,.T.);
#101=EDGE_LOOP('',(#277,#278,#279,#280));
#102=CYLINDRICAL_SURFACE('',#103,6.);
#103=AXIS2_PLACEMENT_3D('',#104,#105,#106);
#104=CARTESIAN_POINT('',(-117.5,0.,2.15843998349721E-14));
#105=DIRECTION('',(1.,0.,-1.83697019872103E-16));
#106=DIRECTION('',(-1.83697019872103E-16,1.22464679914735E-16,-1.));
#107=FACE_BOUND('',#108,.T.);
#108=EDGE_LOOP('',(#281,#282,#283,#284));
#109=CYLINDRICAL_SURFACE('',#110,3.50000000000001);
#110=AXIS2_PLACEMENT_3D('',#111,#112,#113);
#111=CARTESIAN_POINT('',(-103.746920266343,4.5696023327859E-5,-8.00000000000002));
#112=DIRECTION('',(0.,0.,1.));
#113=DIRECTION('',(0.,-1.,0.));
#114=FACE_BOUND('',#115,.T.);
#115=EDGE_LOOP('',(#285,#286,#287,#288,#289,#290));
#116=CYLINDRICAL_SURFACE('',#117,3.50000000000001);
#117=AXIS2_PLACEMENT_3D('',#118,#119,#120);
#118=CARTESIAN_POINT('',(-103.746920266343,4.5696023327859E-5,-8.00000000000002));
#119=DIRECTION('',(0.,0.,1.));
#120=DIRECTION('',(0.,-1.,0.));
#121=FACE_BOUND('',#122,.T.);
#122=EDGE_LOOP('',(#291,#292,#293,#294));
#123=PLANE('',#124);
#124=AXIS2_PLACEMENT_3D('',#125,#126,#127);
#125=CARTESIAN_POINT('',(-107.246911848645,-3.49996272165508,-8.00000000000002));
#126=DIRECTION('',(2.40505675473216E-6,-0.999999999997108,0.));
#127=DIRECTION('',(0.999999999997108,2.40505675473216E-6,0.));
#128=FACE_BOUND('',#129,.T.);
#129=EDGE_LOOP('',(#295,#296,#297,#298));
#130=PLANE('',#131);
#131=AXIS2_PLACEMENT_3D('',#132,#133,#134);
#132=CARTESIAN_POINT('',(-107.246911848645,-3.49996272165508,-8.00000000000002));
#133=DIRECTION('',(2.40505675473216E-6,-0.999999999997108,0.));
#134=DIRECTION('',(0.999999999997108,2.40505675473216E-6,0.));
#135=FACE_BOUND('',#136,.T.);
#136=EDGE_LOOP('',(#299,#300,#301,#302,#303,#304));
#137=CYLINDRICAL_SURFACE('',#138,3.50000000000001);
#138=AXIS2_PLACEMENT_3D('',#139,#140,#141);
#139=CARTESIAN_POINT('',(-107.246920266333,3.72783348095874E-5,-8.00000000000002));
#140=DIRECTION('',(0.,0.,1.));
#141=DIRECTION('',(-2.40505385461022E-6,0.999999999997108,0.));
#142=FACE_BOUND('',#143,.T.);
#143=EDGE_LOOP('',(#305,#306,#307,#308));
#144=CYLINDRICAL_SURFACE('',#145,3.50000000000001);
#145=AXIS2_PLACEMENT_3D('',#146,#147,#148);
#146=CARTESIAN_POINT('',(-107.246920266333,3.72783348095874E-5,-8.00000000000002));
#147=DIRECTION('',(0.,0.,1.));
#148=DIRECTION('',(-2.40505385461022E-6,0.999999999997108,0.));
#149=FACE_BOUND('',#150,.T.);
#150=EDGE_LOOP('',(#309,#310,#311,#312));
#151=PLANE('',#152);
#152=AXIS2_PLACEMENT_3D('',#153,#154,#155);
#153=CARTESIAN_POINT('',(-103.753071316145,3.50004029096007,-8.00000000000002));
#154=DIRECTION('',(-8.62266273240937E-7,0.999999999999628,0.));
#155=DIRECTION('',(-0.999999999999628,-8.62266273240937E-7,0.));
#156=FACE_BOUND('',#157,.T.);
#157=EDGE_LOOP('',(#313,#314,#315,#316));
#158=PLANE('',#159);
#159=AXIS2_PLACEMENT_3D('',#160,#161,#162);
#160=CARTESIAN_POINT('',(-103.753071316145,3.50004029096007,-8.00000000000002));
#161=DIRECTION('',(-8.62266273240937E-7,0.999999999999628,0.));
#162=DIRECTION('',(-0.999999999999628,-8.62266273240937E-7,0.));
#163=FACE_BOUND('',#164,.T.);
#164=EDGE_LOOP('',(#317,#318,#319,#320));
#165=PLANE('',#166);
#166=AXIS2_PLACEMENT_3D('',#167,#168,#169);
#167=CARTESIAN_POINT('',(107.246928684022,3.50003727832466,-8.00000000000002));
#168=DIRECTION('',(8.62266273622254E-7,0.999999999999628,0.));
#169=DIRECTION('',(-0.999999999999628,8.62266273622254E-7,0.));
#170=FACE_BOUND('',#171,.T.);
#171=EDGE_LOOP('',(#321,#322,#323,#324));
#172=PLANE('',#173);
#173=AXIS2_PLACEMENT_3D('',#174,#175,#176);
#174=CARTESIAN_POINT('',(107.246928684022,3.50003727832466,-8.00000000000002));
#175=DIRECTION('',(8.62266273622254E-7,0.999999999999628,0.));
#176=DIRECTION('',(-0.999999999999628,8.62266273622254E-7,0.));
#177=FACE_BOUND('',#178,.T.);
#178=EDGE_LOOP('',(#325,#326,#327,#328));
#179=CYLINDRICAL_SURFACE('',#180,3.50000000000001);
#180=AXIS2_PLACEMENT_3D('',#181,#182,#183);
#181=CARTESIAN_POINT('',(107.246920266333,3.72783347701855E-5,-8.00000000000002));
#182=DIRECTION('',(0.,0.,1.));
#183=DIRECTION('',(-2.40505386273071E-6,-0.999999999997108,0.));
#184=FACE_BOUND('',#185,.T.);
#185=EDGE_LOOP('',(#329,#330,#331,#332,#333,#334));
#186=CYLINDRICAL_SURFACE('',#187,3.50000000000001);
#187=AXIS2_PLACEMENT_3D('',#188,#189,#190);
#188=CARTESIAN_POINT('',(107.246920266333,3.72783347701855E-5,-8.00000000000002));
#189=DIRECTION('',(0.,0.,1.));
#190=DIRECTION('',(-2.40505386273071E-6,-0.999999999997108,0.));
#191=FACE_BOUND('',#192,.T.);
#192=EDGE_LOOP('',(#335,#336,#337,#338));
#193=PLANE('',#194);
#194=AXIS2_PLACEMENT_3D('',#195,#196,#197);
#195=CARTESIAN_POINT('',(103.746920266343,-3.49995430397672,-8.00000000000002));
#196=DIRECTION('',(-2.40505675511281E-6,-0.999999999997108,0.));
#197=DIRECTION('',(0.999999999997108,-2.40505675511281E-6,0.));
#198=FACE_BOUND('',#199,.T.);
#199=EDGE_LOOP('',(#339,#340,#341,#342));
#200=PLANE('',#201);
#201=AXIS2_PLACEMENT_3D('',#202,#203,#204);
#202=CARTESIAN_POINT('',(103.746920266343,-3.49995430397672,-8.00000000000002));
#203=DIRECTION('',(-2.40505675511281E-6,-0.999999999997108,0.));
#204=DIRECTION('',(0.999999999997108,-2.40505675511281E-6,0.));
#205=FACE_BOUND('',#206,.T.);
#206=EDGE_LOOP('',(#343,#344,#345,#346,#347,#348));
#207=CYLINDRICAL_SURFACE('',#208,3.50000000000001);
#208=AXIS2_PLACEMENT_3D('',#209,#210,#211);
#209=CARTESIAN_POINT('',(103.746920266343,4.5696023289743E-5,-8.00000000000002));
#210=DIRECTION('',(0.,0.,1.));
#211=DIRECTION('',(0.00175744280060793,0.999998455696209,0.));
#212=FACE_BOUND('',#213,.T.);
#213=EDGE_LOOP('',(#349,#350,#351,#352));
#214=CYLINDRICAL_SURFACE('',#215,3.50000000000001);
#215=AXIS2_PLACEMENT_3D('',#216,#217,#218);
#216=CARTESIAN_POINT('',(103.746920266343,4.5696023289743E-5,-8.00000000000002));
#217=DIRECTION('',(0.,0.,1.));
#218=DIRECTION('',(0.00175744280060793,0.999998455696209,0.));
#219=FACE_BOUND('',#220,.T.);
#220=EDGE_LOOP('',(#353));
#221=FACE_BOUND('',#222,.T.);
#222=EDGE_LOOP('',(#354));
#223=PLANE('',#224);
#224=AXIS2_PLACEMENT_3D('',#225,#226,#227);
#225=CARTESIAN_POINT('',(-117.5,0.,2.15843998349721E-14));
#226=DIRECTION('',(1.,0.,-1.83697019872103E-16));
#227=DIRECTION('',(-1.83697019872103E-16,1.22464679914735E-16,-1.));
#228=FACE_BOUND('',#229,.T.);
#229=EDGE_LOOP('',(#355));
#230=FACE_BOUND('',#231,.T.);
#231=EDGE_LOOP('',(#356));
#232=PLANE('',#233);
#233=AXIS2_PLACEMENT_3D('',#234,#235,#236);
#234=CARTESIAN_POINT('',(117.5,0.,-2.15843998349721E-14));
#235=DIRECTION('',(1.,0.,-1.83697019872103E-16));
#236=DIRECTION('',(-1.83697019872103E-16,1.22464679914735E-16,-1.));
#237=ORIENTED_EDGE('',*,*,#357,.F.);
#238=ORIENTED_EDGE('',*,*,#358,.T.);
#239=ORIENTED_EDGE('',*,*,#359,.T.);
#240=ORIENTED_EDGE('',*,*,#360,.T.);
#241=ORIENTED_EDGE('',*,*,#361,.T.);
#242=ORIENTED_EDGE('',*,*,#362,.T.);
#243=ORIENTED_EDGE('',*,*,#363,.T.);
#244=ORIENTED_EDGE('',*,*,#364,.T.);
#245=ORIENTED_EDGE('',*,*,#365,.T.);
#246=ORIENTED_EDGE('',*,*,#366,.T.);
#247=ORIENTED_EDGE('',*,*,#367,.T.);
#248=ORIENTED_EDGE('',*,*,#368,.T.);
#249=ORIENTED_EDGE('',*,*,#369,.T.);
#250=ORIENTED_EDGE('',*,*,#370,.T.);
#251=ORIENTED_EDGE('',*,*,#371,.T.);
#252=ORIENTED_EDGE('',*,*,#372,.T.);
#253=ORIENTED_EDGE('',*,*,#373,.T.);
#254=ORIENTED_EDGE('',*,*,#374,.T.);
#255=ORIENTED_EDGE('',*,*,#375,.T.);
#256=ORIENTED_EDGE('',*,*,#376,.T.);
#257=ORIENTED_EDGE('',*,*,#377,.T.);
#258=ORIENTED_EDGE('',*,*,#378,.T.);
#259=ORIENTED_EDGE('',*,*,#379,.F.);
#260=ORIENTED_EDGE('',*,*,#380,.T.);
#261=ORIENTED_EDGE('',*,*,#381,.T.);
#262=ORIENTED_EDGE('',*,*,#382,.T.);
#263=ORIENTED_EDGE('',*,*,#383,.T.);
#264=ORIENTED_EDGE('',*,*,#384,.T.);
#265=ORIENTED_EDGE('',*,*,#385,.T.);
#266=ORIENTED_EDGE('',*,*,#386,.T.);
#267=ORIENTED_EDGE('',*,*,#387,.T.);
#268=ORIENTED_EDGE('',*,*,#388,.T.);
#269=ORIENTED_EDGE('',*,*,#389,.T.);
#270=ORIENTED_EDGE('',*,*,#390,.T.);
#271=ORIENTED_EDGE('',*,*,#391,.T.);
#272=ORIENTED_EDGE('',*,*,#392,.F.);
#273=ORIENTED_EDGE('',*,*,#393,.T.);
#274=ORIENTED_EDGE('',*,*,#394,.T.);
#275=ORIENTED_EDGE('',*,*,#395,.T.);
#276=ORIENTED_EDGE('',*,*,#396,.T.);
#277=ORIENTED_EDGE('',*,*,#397,.T.);
#278=ORIENTED_EDGE('',*,*,#398,.T.);
#279=ORIENTED_EDGE('',*,*,#399,.T.);
#280=ORIENTED_EDGE('',*,*,#400,.T.);
#281=ORIENTED_EDGE('',*,*,#400,.F.);
#282=ORIENTED_EDGE('',*,*,#401,.T.);
#283=ORIENTED_EDGE('',*,*,#376,.F.);
#284=ORIENTED_EDGE('',*,*,#402,.F.);
#285=ORIENTED_EDGE('',*,*,#386,.F.);
#286=ORIENTED_EDGE('',*,*,#391,.F.);
#287=ORIENTED_EDGE('',*,*,#403,.F.);
#288=ORIENTED_EDGE('',*,*,#364,.F.);
#289=ORIENTED_EDGE('',*,*,#369,.F.);
#290=ORIENTED_EDGE('',*,*,#404,.T.);
#291=ORIENTED_EDGE('',*,*,#399,.F.);
#292=ORIENTED_EDGE('',*,*,#405,.T.);
#293=ORIENTED_EDGE('',*,*,#377,.F.);
#294=ORIENTED_EDGE('',*,*,#401,.F.);
#295=ORIENTED_EDGE('',*,*,#387,.F.);
#296=ORIENTED_EDGE('',*,*,#404,.F.);
#297=ORIENTED_EDGE('',*,*,#368,.F.);
#298=ORIENTED_EDGE('',*,*,#406,.T.);
#299=ORIENTED_EDGE('',*,*,#389,.F.);
#300=ORIENTED_EDGE('',*,*,#388,.F.);
#301=ORIENTED_EDGE('',*,*,#406,.F.);
#302=ORIENTED_EDGE('',*,*,#367,.F.);
#303=ORIENTED_EDGE('',*,*,#366,.F.);
#304=ORIENTED_EDGE('',*,*,#407,.T.);
#305=ORIENTED_EDGE('',*,*,#398,.F.);
#306=ORIENTED_EDGE('',*,*,#408,.T.);
#307=ORIENTED_EDGE('',*,*,#378,.F.);
#308=ORIENTED_EDGE('',*,*,#405,.F.);
#309=ORIENTED_EDGE('',*,*,#390,.F.);
#310=ORIENTED_EDGE('',*,*,#407,.F.);
#311=ORIENTED_EDGE('',*,*,#365,.F.);
#312=ORIENTED_EDGE('',*,*,#403,.T.);
#313=ORIENTED_EDGE('',*,*,#397,.F.);
#314=ORIENTED_EDGE('',*,*,#402,.T.);
#315=ORIENTED_EDGE('',*,*,#375,.F.);
#316=ORIENTED_EDGE('',*,*,#408,.F.);
#317=ORIENTED_EDGE('',*,*,#384,.F.);
#318=ORIENTED_EDGE('',*,*,#409,.F.);
#319=ORIENTED_EDGE('',*,*,#359,.F.);
#320=ORIENTED_EDGE('',*,*,#410,.T.);
#321=ORIENTED_EDGE('',*,*,#396,.F.);
#322=ORIENTED_EDGE('',*,*,#411,.T.);
#323=ORIENTED_EDGE('',*,*,#372,.F.);
#324=ORIENTED_EDGE('',*,*,#412,.F.);
#325=ORIENTED_EDGE('',*,*,#395,.F.);
#326=ORIENTED_EDGE('',*,*,#413,.T.);
#327=ORIENTED_EDGE('',*,*,#373,.F.);
#328=ORIENTED_EDGE('',*,*,#411,.F.);
#329=ORIENTED_EDGE('',*,*,#380,.F.);
#330=ORIENTED_EDGE('',*,*,#385,.F.);
#331=ORIENTED_EDGE('',*,*,#410,.F.);
#332=ORIENTED_EDGE('',*,*,#358,.F.);
#333=ORIENTED_EDGE('',*,*,#363,.F.);
#334=ORIENTED_EDGE('',*,*,#414,.T.);
#335=ORIENTED_EDGE('',*,*,#394,.F.);
#336=ORIENTED_EDGE('',*,*,#415,.T.);
#337=ORIENTED_EDGE('',*,*,#374,.F.);
#338=ORIENTED_EDGE('',*,*,#413,.F.);
#339=ORIENTED_EDGE('',*,*,#381,.F.);
#340=ORIENTED_EDGE('',*,*,#414,.F.);
#341=ORIENTED_EDGE('',*,*,#362,.F.);
#342=ORIENTED_EDGE('',*,*,#416,.T.);
#343=ORIENTED_EDGE('',*,*,#383,.F.);
#344=ORIENTED_EDGE('',*,*,#382,.F.);
#345=ORIENTED_EDGE('',*,*,#416,.F.);
#346=ORIENTED_EDGE('',*,*,#361,.F.);
#347=ORIENTED_EDGE('',*,*,#360,.F.);
#348=ORIENTED_EDGE('',*,*,#409,.T.);
#349=ORIENTED_EDGE('',*,*,#393,.F.);
#350=ORIENTED_EDGE('',*,*,#412,.T.);
#351=ORIENTED_EDGE('',*,*,#371,.F.);
#352=ORIENTED_EDGE('',*,*,#415,.F.);
#353=ORIENTED_EDGE('',*,*,#370,.F.);
#354=ORIENTED_EDGE('',*,*,#392,.T.);
#355=ORIENTED_EDGE('',*,*,#357,.T.);
#356=ORIENTED_EDGE('',*,*,#379,.T.);
#357=EDGE_CURVE('',#417,#417,#418,.T.);
#358=EDGE_CURVE('',#419,#420,#421,.T.);
#359=EDGE_CURVE('',#420,#422,#423,.F.);
#360=EDGE_CURVE('',#422,#424,#425,.T.);
#361=EDGE_CURVE('',#424,#426,#427,.T.);
#362=EDGE_CURVE('',#426,#428,#429,.F.);
#363=EDGE_CURVE('',#428,#419,#430,.T.);
#364=EDGE_CURVE('',#431,#432,#433,.T.);
#365=EDGE_CURVE('',#432,#434,#435,.F.);
#366=EDGE_CURVE('',#434,#436,#437,.T.);
#367=EDGE_CURVE('',#436,#438,#439,.T.);
#368=EDGE_CURVE('',#438,#440,#441,.T.);
#369=EDGE_CURVE('',#440,#431,#442,.T.);
#370=EDGE_CURVE('',#443,#443,#444,.T.);
#371=EDGE_CURVE('',#445,#446,#447,.F.);
#372=EDGE_CURVE('',#446,#448,#449,.T.);
#373=EDGE_CURVE('',#448,#450,#451,.F.);
#374=EDGE_CURVE('',#450,#445,#452,.F.);
#375=EDGE_CURVE('',#453,#454,#455,.T.);
#376=EDGE_CURVE('',#454,#456,#457,.F.);
#377=EDGE_CURVE('',#456,#458,#459,.T.);
#378=EDGE_CURVE('',#458,#453,#460,.F.);
#379=EDGE_CURVE('',#461,#461,#462,.F.);
#380=EDGE_CURVE('',#463,#464,#465,.F.);
#381=EDGE_CURVE('',#464,#466,#467,.T.);
#382=EDGE_CURVE('',#466,#468,#469,.F.);
#383=EDGE_CURVE('',#468,#470,#471,.F.);
#384=EDGE_CURVE('',#470,#472,#473,.T.);
#385=EDGE_CURVE('',#472,#463,#474,.F.);
#386=EDGE_CURVE('',#475,#476,#477,.F.);
#387=EDGE_CURVE('',#476,#478,#479,.F.);
#388=EDGE_CURVE('',#478,#480,#481,.F.);
#389=EDGE_CURVE('',#480,#482,#483,.F.);
#390=EDGE_CURVE('',#482,#484,#485,.T.);
#391=EDGE_CURVE('',#484,#475,#486,.F.);
#392=EDGE_CURVE('',#487,#487,#488,.T.);
#393=EDGE_CURVE('',#489,#490,#491,.T.);
#394=EDGE_CURVE('',#490,#492,#493,.T.);
#395=EDGE_CURVE('',#492,#494,#495,.T.);
#396=EDGE_CURVE('',#494,#489,#496,.F.);
#397=EDGE_CURVE('',#497,#498,#499,.F.);
#398=EDGE_CURVE('',#498,#500,#501,.T.);
#399=EDGE_CURVE('',#500,#502,#503,.F.);
#400=EDGE_CURVE('',#502,#497,#504,.T.);
#401=EDGE_CURVE('',#502,#456,#505,.T.);
#402=EDGE_CURVE('',#497,#454,#506,.T.);
#403=EDGE_CURVE('',#432,#484,#507,.T.);
#404=EDGE_CURVE('',#440,#476,#508,.T.);
#405=EDGE_CURVE('',#500,#458,#509,.T.);
#406=EDGE_CURVE('',#438,#478,#510,.T.);
#407=EDGE_CURVE('',#434,#482,#511,.T.);
#408=EDGE_CURVE('',#498,#453,#512,.T.);
#409=EDGE_CURVE('',#422,#470,#513,.T.);
#410=EDGE_CURVE('',#420,#472,#514,.T.);
#411=EDGE_CURVE('',#494,#448,#515,.T.);
#412=EDGE_CURVE('',#489,#446,#516,.T.);
#413=EDGE_CURVE('',#492,#450,#517,.T.);
#414=EDGE_CURVE('',#428,#464,#518,.T.);
#415=EDGE_CURVE('',#490,#445,#519,.T.);
#416=EDGE_CURVE('',#426,#466,#520,.T.);
#417=VERTEX_POINT('',#521);
#418=CIRCLE('',#522,8.);
#419=VERTEX_POINT('',#526);
#420=VERTEX_POINT('',#527);
#421=B_SPLINE_CURVE_WITH_KNOTS('',3,
(#528,#529,#530,#531,#532,#533,#534,#535,#536,#537,#538,#539,#540,#541,#542,#543,
#544,#545,#546,#547,#548,#549,#550,#551,#552,#553,#554,#555,#556,#557,#558,#559,
#560,#561,#562,#563,#564,#565,#566,#567,#568,#569,#570,#571,#572,#573,#574,#575),
.UNSPECIFIED.,.F.,.F.,
(4,1,1,1,1,1,1,1,1,1,1,1,1,1,1,1,1,1,1,1,1,1,1,1,1,1,1,1,1,1,1,1,1,1,1,1,1,1,1,1,
1,1,1,1,1,4),
(0.,0.0155898616487441,0.0312340354610699,0.0469194474516397,0.0626900202190254,
0.0784973684814873,0.0944027245523394,0.110373816817552,0.126430692917113,0.142519107405333,
0.158744154752601,0.175078890103951,0.191615458998732,0.208237644834372,0.227036404204382,
0.247922071169924,0.272937251020585,0.300000510879053,0.338878468107193,0.383605873115617,
0.427355492108949,0.460340960668827,0.489308286787749,0.521113979886754,0.568059876958104,
0.62223265203343,0.672806923480153,0.707467816727503,0.730610962567778,0.753039819364266,
0.780575956105398,0.805588303206207,0.82807559513735,0.842126377624105,0.856062450716956,
0.869750975845807,0.883290594616401,0.896644445185253,0.909964561716872,0.923124100774242,
0.936181536149111,0.949094400705529,0.961957005387279,0.974706548446144,0.987387788098133,
1.),
.UNSPECIFIED.);
#422=VERTEX_POINT('',#576);
#423=LINE('',#577,#578);
#424=VERTEX_POINT('',#580);
#425=B_SPLINE_CURVE_WITH_KNOTS('',3,
(#581,#582,#583,#584,#585,#586,#587,#588,#589,#590,#591,#592,#593,#594,#595,#596,
#597,#598,#599,#600,#601,#602,#603,#604,#605,#606,#607,#608,#609,#610,#611,#612,
#613,#614,#615,#616,#617,#618,#619,#620,#621,#622,#623,#624,#625,#626,#627,#628,
#629,#630,#631,#632,#633,#634,#635,#636),
.UNSPECIFIED.,.F.,.F.,
(4,1,1,1,1,1,1,1,1,1,1,1,1,1,1,1,1,1,1,1,1,1,1,1,1,1,1,1,1,1,1,1,1,1,1,1,1,1,1,1,
1,1,1,1,1,1,1,1,1,1,1,1,1,4),
(0.,0.0011045186005471,0.010720358753266,0.0212340338259764,0.031583909012203,0.0418726473279681,
0.0521407516426093,0.0638089545332198,0.0769137681726107,0.0968673485693469,0.117368545948063,
0.138345081329022,0.153376590180968,0.167410538649097,0.180515574185195,0.193714340835517,
0.207306447795547,0.221193061748122,0.23559321269048,0.25019784961042,0.270592138069804,
0.291423834612663,0.312698416722528,0.329054740882242,0.34564467714134,0.362573655545953,
0.379614586126708,0.396880029017082,0.41425733805174,0.431746191499259,0.449226484296692,
0.472331868358175,0.500843950240727,0.530663100708922,0.556186690200528,0.587458985407869,
0.631077424216531,0.685941995969508,0.738677996724284,0.783393341107143,0.813920835361569,
0.833808944317302,0.846421261260944,0.859012998025942,0.875799834752937,0.89686909583167,
0.918039506769632,0.935100456625691,0.948013631899988,0.960962555464378,0.973962367842368,
0.986972915338486,0.999991812262251,1.),
.UNSPECIFIED.);
#426=VERTEX_POINT('',#637);
#427=B_SPLINE_CURVE_WITH_KNOTS('',3,
(#638,#639,#640,#641,#642,#643,#644,#645,#646,#647,#648,#649,#650,#651,#652,#653,
#654,#655,#656,#657,#658,#659,#660,#661,#662,#663,#664,#665,#666,#667,#668,#669,
#670,#671,#672,#673,#674,#675,#676,#677,#678,#679,#680,#681,#682,#683,#684,#685,
#686),
.UNSPECIFIED.,.F.,.F.,
(4,1,1,1,1,1,1,1,1,1,1,1,1,1,1,1,1,1,1,1,1,1,1,1,1,1,1,1,1,1,1,1,1,1,1,1,1,1,1,1,
1,1,1,1,1,1,4),
(0.,0.0155907424455062,0.0312355312883221,0.0469214125052309,0.0626922506563364,
0.0784996990342955,0.0944049655676014,0.110375925746881,0.126432749258312,0.14252124512951,
0.15871954723397,0.175000606705949,0.191429585416521,0.207917112569903,0.22644628582049,
0.246954570779913,0.280861024231698,0.326269894624621,0.379403919061792,0.422292067211247,
0.454847749655747,0.495303624917426,0.539150765470694,0.58636817870036,0.629532712168796,
0.667110217374751,0.69910120839234,0.71780098341859,0.735847907092758,0.752497437721807,
0.768414468476335,0.788482565453758,0.808266593591845,0.827761814001057,0.841947283856756,
0.85599083443598,0.86973270807397,0.883298680242796,0.896651894066081,0.909971448135234,
0.923130417745185,0.936187207459491,0.949099267840034,0.961960948205155,0.974709344978204,
0.987389280297175,1.),
.UNSPECIFIED.);
#428=VERTEX_POINT('',#687);
#429=(BOUNDED_CURVE()B_SPLINE_CURVE(3,
(#688,#689,#690,#691),
.UNSPECIFIED.,.F.,.F.)B_SPLINE_CURVE_WITH_KNOTS((4,4),
(0.,1.),
.UNSPECIFIED.)CURVE()GEOMETRIC_REPRESENTATION_ITEM()RATIONAL_B_SPLINE_CURVE((1.,
0.999999999999886,0.999999999999886,1.))REPRESENTATION_ITEM(''));
#430=B_SPLINE_CURVE_WITH_KNOTS('',3,
(#692,#693,#694,#695,#696,#697,#698,#699,#700,#701,#702,#703,#704,#705,#706,#707,
#708,#709,#710,#711,#712,#713,#714,#715,#716,#717,#718,#719,#720,#721,#722,#723,
#724,#725,#726,#727,#728,#729,#730,#731,#732,#733,#734,#735,#736,#737,#738,#739,
#740,#741,#742,#743,#744,#745,#746,#747,#748),
.UNSPECIFIED.,.F.,.F.,
(4,1,1,1,1,1,1,1,1,1,1,1,1,1,1,1,1,1,1,1,1,1,1,1,1,1,1,1,1,1,1,1,1,1,1,1,1,1,1,1,
1,1,1,1,1,1,1,1,1,1,1,1,1,1,4),
(0.,0.0108169789781106,0.0213461764906524,0.0316688796491867,0.0419042244109665,
0.0521108706648575,0.0624708341301391,0.0730120408873324,0.083854316000701,0.0948371115337012,
0.106195558009503,0.117811172854895,0.129818298838164,0.141952693039831,0.154479394464478,
0.167269823647728,0.180397789328271,0.193620230016236,0.207239855862673,0.221156472746879,
0.23559066945396,0.250231395234654,0.270679851274703,0.291568661860187,0.3129026741553,
0.329304476856254,0.345939809431772,0.36291381343127,0.379999093693542,0.397306827502005,
0.414724763779658,0.432251631134435,0.44976885422882,0.472917354451345,0.501477386196773,
0.531341740998816,0.556900454699116,0.588210388978028,0.631875017206978,0.686780370283491,
0.739530466568306,0.784226222273023,0.81472012873185,0.834567984530756,0.847144358588544,
0.859698076803362,0.876421472099296,0.897402250728661,0.918475356458873,0.935453082094827,
0.948298410673262,0.961178158413748,0.974107262565424,0.987046303052352,1.),
.UNSPECIFIED.);
#431=VERTEX_POINT('',#749);
#432=VERTEX_POINT('',#750);
#433=B_SPLINE_CURVE_WITH_KNOTS('',3,
(#751,#752,#753,#754,#755,#756,#757,#758,#759,#760,#761,#762,#763,#764,#765,#766,
#767,#768,#769,#770,#771,#772,#773,#774,#775,#776,#777,#778,#779,#780,#781,#782,
#783,#784,#785,#786,#787,#788,#789,#790,#791,#792,#793,#794,#795,#796,#797,#798),
.UNSPECIFIED.,.F.,.F.,
(4,1,1,1,1,1,1,1,1,1,1,1,1,1,1,1,1,1,1,1,1,1,1,1,1,1,1,1,1,1,1,1,1,1,1,1,1,1,1,1,
1,1,1,1,1,4),
(0.,0.0155726173407993,0.0311994875110293,0.0468675372034753,0.0626206400207387,
0.0784104778626,0.0942982221650415,0.110251633851927,0.126290735527893,0.142361340527123,
0.158568427794606,0.174885082170115,0.191403347411141,0.208007135023915,0.226785087591816,
0.247647638183949,0.272635131422003,0.299668437855036,0.338503365835225,0.383181269794779,
0.426882472007572,0.459831436633788,0.488766699677352,0.52053718199384,0.567431093098643,
0.62154391833632,0.672065717855236,0.706695185035965,0.737064158676528,0.772551403019705,
0.804812179206253,0.827322013080707,0.841401270446311,0.85536940989416,0.869099137787638,
0.882685212751609,0.896093450671262,0.909468924281538,0.922688682342201,0.935811468311653,
0.948794929329479,0.961729391427023,0.974553444650055,0.987310145593863,0.998898414754781,
1.),
.UNSPECIFIED.);
#434=VERTEX_POINT('',#799);
#435=LINE('',#800,#801);
#436=VERTEX_POINT('',#803);
#437=B_SPLINE_CURVE_WITH_KNOTS('',3,
(#804,#805,#806,#807,#808,#809,#810,#811,#812,#813,#814,#815,#816,#817,#818,#819,
#820,#821,#822,#823,#824,#825,#826,#827,#828,#829,#830,#831,#832,#833,#834,#835,
#836,#837,#838,#839,#840,#841,#842,#843,#844,#845,#846,#847,#848,#849,#850,#851,
#852,#853,#854,#855,#856,#857,#858,#859,#860,#861),
.UNSPECIFIED.,.F.,.F.,
(4,1,1,1,1,1,1,1,1,1,1,1,1,1,1,1,1,1,1,1,1,1,1,1,1,1,1,1,1,1,1,1,1,1,1,1,1,1,1,1,
1,1,1,1,1,1,1,1,1,1,1,1,1,1,1,4),
(0.,0.0108170363611155,0.0213460737181228,0.0316685034280874,0.0419035023460799,
0.0521097791539176,0.0624693701147382,0.0730102292829849,0.0838522014500036,0.0948347216618531,
0.10619293359758,0.117808335036801,0.129815266939193,0.141949465783175,0.15447596962975,
0.167266206668043,0.180393986786632,0.193616242336179,0.207235686654704,0.221152123493555,
0.235586142135395,0.250226691760511,0.270674913134056,0.291563489287456,0.312897265571371,
0.329298887930452,0.345934037151518,0.36290785325089,0.379992942814984,0.397300480229386,
0.414718216229018,0.432244878351116,0.449761894697174,0.472910114328069,0.501469794337605,
0.531333777455832,0.55689217120507,0.588201720712748,0.631865827021269,0.686770626050738,
0.73952037606223,0.784216133426283,0.814710280476886,0.834558492819588,0.847135260798403,
0.859689412545628,0.876413566124999,0.897395426760779,0.918469742042149,0.935448516791793,
0.948294713744903,0.961175350917372,0.974105373278032,0.987045345370539,0.999993312295795,
1.),
.UNSPECIFIED.);
#438=VERTEX_POINT('',#862);
#439=B_SPLINE_CURVE_WITH_KNOTS('',3,
(#863,#864,#865,#866,#867,#868,#869,#870,#871,#872,#873,#874,#875,#876,#877,#878,
#879,#880,#881,#882,#883,#884,#885,#886,#887,#888,#889,#890,#891,#892,#893,#894,
#895,#896,#897,#898,#899,#900,#901,#902,#903,#904,#905,#906,#907,#908,#909,#910),
.UNSPECIFIED.,.F.,.F.,
(4,1,1,1,1,1,1,1,1,1,1,1,1,1,1,1,1,1,1,1,1,1,1,1,1,1,1,1,1,1,1,1,1,1,1,1,1,1,1,1,
1,1,1,1,1,4),
(0.,0.0155900369621844,0.0312343866599488,0.0469199760350867,0.0626907280560544,
0.0784982558739107,0.0944037916877854,0.11037506390267,0.126432120674742,0.142520716162019,
0.15874594557506,0.175080863727263,0.191617616863781,0.208239987568079,0.227038954862849,
0.247924852164438,0.272940306485774,0.300003862541366,0.338882243920145,0.383610135401962,
0.427360228915994,0.460346053702802,0.489313693758193,0.52111973371614,0.568066146779285,
0.622239522951911,0.672814326044103,0.707475545261026,0.730618821491393,0.753047767253057,
0.780583884055723,0.805596111803737,0.828083185891662,0.842133684851373,0.856069435991695,
0.869757544199788,0.883296692730419,0.896649994122107,0.909969553149581,0.923128486666412,
0.936185262558519,0.949097413462163,0.961959292016326,0.974708084099631,0.987388565857567,
1.),
.UNSPECIFIED.);
#440=VERTEX_POINT('',#911);
#441=(BOUNDED_CURVE()B_SPLINE_CURVE(3,
(#912,#913,#914,#915),
.UNSPECIFIED.,.F.,.F.)B_SPLINE_CURVE_WITH_KNOTS((4,4),
(0.,1.),
.UNSPECIFIED.)CURVE()GEOMETRIC_REPRESENTATION_ITEM()RATIONAL_B_SPLINE_CURVE((1.,
0.999999999999886,0.999999999999886,1.))REPRESENTATION_ITEM(''));
#442=B_SPLINE_CURVE_WITH_KNOTS('',3,
(#916,#917,#918,#919,#920,#921,#922,#923,#924,#925,#926,#927,#928,#929,#930,#931,
#932,#933,#934,#935,#936,#937,#938,#939,#940,#941,#942,#943,#944,#945,#946,#947,
#948,#949,#950,#951,#952,#953,#954,#955,#956,#957,#958,#959,#960,#961,#962,#963,
#964,#965,#966,#967,#968,#969,#970,#971,#972),
.UNSPECIFIED.,.F.,.F.,
(4,1,1,1,1,1,1,1,1,1,1,1,1,1,1,1,1,1,1,1,1,1,1,1,1,1,1,1,1,1,1,1,1,1,1,1,1,1,1,1,
1,1,1,1,1,1,1,1,1,1,1,1,1,1,4),
(0.,0.0108406664789645,0.0213914182737125,0.0317342309337954,0.0419881066152342,
0.0522126918553392,0.0625889264928924,0.0731453303587116,0.0840014166876676,0.0949976806410342,
0.106367863502046,0.117993877613472,0.130009189936842,0.142150858293105,0.154683078794905,
0.167477877492296,0.1806088076621,0.193834043010696,0.207455391038203,0.221372977298554,
0.235806882686892,0.250446751721906,0.270892073244224,0.291776762836753,0.313105760024323,
0.329503297880175,0.346134224118979,0.363103688887924,0.380184511471617,0.397488138693756,
0.414902298326188,0.432425950762402,0.449940230641966,0.473086193954713,0.501644353154571,
0.531507920669972,0.557066775985692,0.588377474198828,0.632043095936442,0.686948505727439,
0.739696344213551,0.784386375648134,0.814873224838512,0.834713838642946,0.847283399517466,
0.859829785150423,0.876541042541232,0.89750488911653,0.918559390201125,0.93552116208913,
0.948353458409105,0.961219897658012,0.974135316188265,0.987060498806988,1.),
.UNSPECIFIED.);
#443=VERTEX_POINT('',#973);
#444=CIRCLE('',#974,8.);
#445=VERTEX_POINT('',#978);
#446=VERTEX_POINT('',#979);
#447=B_SPLINE_CURVE_WITH_KNOTS('',3,
(#980,#981,#982,#983,#984,#985,#986,#987,#988,#989,#990,#991,#992,#993,#994,#995,
#996,#997,#998,#999,#1000,#1001,#1002,#1003,#1004,#1005,#1006,#1007,#1008,#1009,
#1010,#1011,#1012,#1013,#1014,#1015,#1016,#1017,#1018,#1019,#1020,#1021,#1022,#1023,
#1024,#1025,#1026,#1027,#1028,#1029,#1030,#1031,#1032,#1033,#1034,#1035,#1036,#1037,
#1038,#1039,#1040,#1041,#1042,#1043,#1044,#1045,#1046,#1047,#1048,#1049,#1050,#1051,
#1052,#1053,#1054,#1055,#1056,#1057,#1058,#1059,#1060,#1061,#1062,#1063,#1064,#1065,
#1066,#1067,#1068,#1069,#1070,#1071,#1072,#1073,#1074,#1075,#1076,#1077,#1078,#1079,
#1080,#1081,#1082,#1083,#1084,#1085,#1086,#1087,#1088,#1089),
.UNSPECIFIED.,.F.,.F.,
(4,1,1,1,1,1,1,1,1,1,1,1,1,1,1,1,1,1,1,1,1,1,1,1,1,1,1,1,1,1,1,1,1,1,1,1,1,1,1,1,
1,1,1,1,1,1,1,1,1,1,1,1,1,1,1,1,1,1,1,1,1,1,1,1,1,1,1,1,1,1,1,1,1,1,1,1,1,1,1,1,
1,1,1,1,1,1,1,1,1,1,1,1,1,1,1,1,1,1,1,1,1,1,1,1,1,1,1,4),
(0.,0.000551829625331506,0.00517951702735225,0.0103774123895998,0.0156126362122185,
0.0209083856795088,0.0262379480789867,0.0334991040641491,0.0408451005092016,0.0482910458523482,
0.0540298758720872,0.0598704436927054,0.0658793637600229,0.0719508717652648,0.0782115638597915,
0.0845934553901997,0.0911335958989774,0.0977210021090198,0.104497954446727,0.111416401087147,
0.118582852943709,0.125847618452361,0.135984694803858,0.146335753005866,0.156904940455643,
0.165016288615094,0.173229938312374,0.181584995422109,0.189983042224019,0.199391373086495,
0.209767275649555,0.224737503089064,0.239560806105452,0.25422467304546,0.264041293120307,
0.272804465613413,0.28297819444584,0.292993916341796,0.30284978374046,0.310022549632891,
0.317136588179473,0.327936705388798,0.343922200553358,0.366501887427192,0.390442387393406,
0.409858505286059,0.423339866491265,0.434082600004852,0.446624747019438,0.458608619741179,
0.468330918775562,0.475694714815584,0.483063701846396,0.490388823124306,0.497663087032602,
0.500286004444369,0.50485649137076,0.512015288296395,0.519033018254254,0.525946181978977,
0.5326940390491,0.539385514641818,0.549488531344136,0.56085044081126,0.573471592464445,
0.588556533096967,0.608198635610716,0.6311103344098,0.651392751537212,0.665840735209492,
0.675740077634826,0.682404433046062,0.68915004050407,0.696115747778571,0.703218904763103,
0.710511527841753,0.717858726993861,0.726307985884991,0.735807204147132,0.750066047225984,
0.768229343052078,0.785734319104049,0.798873799408899,0.807483723331076,0.816132992876528,
0.824879570067683,0.833687959186624,0.842573264993084,0.851477610397931,0.860343269479826,
0.86915214532527,0.877829709005195,0.886430727319935,0.895612561635096,0.905446390711239,
0.918858925501308,0.931702111848119,0.943973345105518,0.951639946854791,0.958198798624923,
0.965294691044802,0.972114223421186,0.978651968646557,0.983167118752269,0.987576227876846,
0.991771707220108,0.99589081691928,1.),
.UNSPECIFIED.);
#448=VERTEX_POINT('',#1090);
#449=LINE('',#1091,#1092);
#450=VERTEX_POINT('',#1094);
#451=B_SPLINE_CURVE_WITH_KNOTS('',3,
(#1095,#1096,#1097,#1098,#1099,#1100,#1101,#1102,#1103,#1104,#1105,#1106,#1107,#1108,
#1109,#1110,#1111,#1112,#1113,#1114,#1115,#1116,#1117,#1118,#1119,#1120,#1121,#1122,
#1123,#1124,#1125,#1126,#1127,#1128,#1129,#1130,#1131,#1132,#1133,#1134,#1135,#1136,
#1137,#1138,#1139,#1140,#1141,#1142,#1143,#1144,#1145,#1146,#1147,#1148,#1149,#1150,
#1151,#1152,#1153,#1154,#1155,#1156,#1157,#1158,#1159,#1160,#1161,#1162,#1163,#1164,
#1165,#1166,#1167,#1168,#1169,#1170,#1171,#1172,#1173,#1174,#1175,#1176,#1177,#1178,
#1179,#1180,#1181,#1182,#1183,#1184,#1185,#1186,#1187,#1188,#1189,#1190,#1191,#1192,
#1193,#1194,#1195,#1196,#1197,#1198,#1199,#1200),
.UNSPECIFIED.,.F.,.F.,
(4,1,1,1,1,1,1,1,1,1,1,1,1,1,1,1,1,1,1,1,1,1,1,1,1,1,1,1,1,1,1,1,1,1,1,1,1,1,1,1,
1,1,1,1,1,1,1,1,1,1,1,1,1,1,1,1,1,1,1,1,1,1,1,1,1,1,1,1,1,1,1,1,1,1,1,1,1,1,1,1,
1,1,1,1,1,1,1,1,1,1,1,1,1,1,1,1,1,1,1,1,1,1,1,4),
(0.,0.00518826865700959,0.0103832577927109,0.0156214946982702,0.020920352613954,
0.0262530790063717,0.033518713918694,0.0408693247349711,0.0483200131917372,0.054062597844329,
0.059907055554885,0.0659200930502526,0.0719958114335878,0.0782609324001684,0.0846473843029232,
0.0911922745148992,0.0977844723227596,0.104566412773358,0.111490003116266,0.11866184147115,
0.125932102937673,0.136076947768514,0.146435991162337,0.157013365384859,0.165131024691857,
0.173351059586183,0.181712616370668,0.190117184713031,0.199532759635409,0.20991658882521,
0.224898085633889,0.239732435467762,0.254407178266182,0.264231055871004,0.273000709992386,
0.283182001787887,0.293205165878941,0.303068310833075,0.31024618835387,0.317365178921707,
0.328172078422532,0.344162856148011,0.361536088374438,0.376549403807809,0.389930900982051,
0.401809614018819,0.412185333375788,0.418924398082794,0.425698635864691,0.434931551276433,
0.444288516363346,0.453767130898045,0.463924459206497,0.474620614718063,0.485860848513919,
0.49585580583024,0.499997160248937,0.507045708222916,0.523347771359448,0.543334180982848,
0.565702456711795,0.587298286194699,0.609097223190834,0.631047964737332,0.65108827318691,
0.665912854431873,0.676880586421637,0.688288378329196,0.699879395373112,0.711653235831751,
0.719970195137403,0.727633387871041,0.734680882507487,0.741768048474042,0.749719767245971,
0.758497169881709,0.771344609979582,0.784244697332531,0.797194841925073,0.806209990631745,
0.814490610779392,0.822072995431543,0.829690111002693,0.83738875161143,0.845128927248947,
0.85292417741553,0.860727360342233,0.871105203487267,0.883991348334646,0.896764146748468,
0.906855457018925,0.91428518980854,0.921673118005986,0.928974666040067,0.936222004305237,
0.9434111047117,0.950586824589588,0.957723118808757,0.964844809840961,0.971930706035431,
0.978997591000757,0.986021767407079,0.992987594919987,1.),
.UNSPECIFIED.);
#452=(BOUNDED_CURVE()B_SPLINE_CURVE(3,
(#1201,#1202,#1203,#1204),
.UNSPECIFIED.,.F.,.F.)B_SPLINE_CURVE_WITH_KNOTS((4,4),
(0.,1.),
.UNSPECIFIED.)CURVE()GEOMETRIC_REPRESENTATION_ITEM()RATIONAL_B_SPLINE_CURVE((1.,
0.999999999999886,0.999999999999886,1.))REPRESENTATION_ITEM(''));
#453=VERTEX_POINT('',#1205);
#454=VERTEX_POINT('',#1206);
#455=LINE('',#1207,#1208);
#456=VERTEX_POINT('',#1210);
#457=B_SPLINE_CURVE_WITH_KNOTS('',3,
(#1211,#1212,#1213,#1214,#1215,#1216,#1217,#1218,#1219,#1220,#1221,#1222,#1223,#1224,
#1225,#1226,#1227,#1228,#1229,#1230,#1231,#1232,#1233,#1234,#1235,#1236,#1237,#1238,
#1239,#1240,#1241,#1242,#1243,#1244,#1245,#1246,#1247,#1248,#1249,#1250,#1251,#1252,
#1253,#1254,#1255,#1256,#1257,#1258,#1259,#1260,#1261,#1262,#1263,#1264,#1265,#1266,
#1267,#1268,#1269,#1270,#1271,#1272,#1273,#1274,#1275,#1276,#1277,#1278,#1279,#1280,
#1281,#1282,#1283,#1284,#1285,#1286,#1287,#1288,#1289,#1290,#1291,#1292,#1293,#1294,
#1295,#1296,#1297,#1298,#1299,#1300,#1301,#1302,#1303,#1304,#1305,#1306,#1307,#1308,
#1309,#1310,#1311,#1312,#1313,#1314,#1315,#1316,#1317),
.UNSPECIFIED.,.F.,.F.,
(4,1,1,1,1,1,1,1,1,1,1,1,1,1,1,1,1,1,1,1,1,1,1,1,1,1,1,1,1,1,1,1,1,1,1,1,1,1,1,1,
1,1,1,1,1,1,1,1,1,1,1,1,1,1,1,1,1,1,1,1,1,1,1,1,1,1,1,1,1,1,1,1,1,1,1,1,1,1,1,1,
1,1,1,1,1,1,1,1,1,1,1,1,1,1,1,1,1,1,1,1,1,1,1,1,4),
(0.,0.00519651171524328,0.0103992948532851,0.0156451140441896,0.0209509549912144,
0.0262903840992306,0.033563333156218,0.040920306334048,0.0483764573766261,0.0541219077575348,
0.0599684411046747,0.0659822868070417,0.0720583363055048,0.0783227288374541,0.0847077712134448,
0.0912504334580607,0.0978402701446525,0.104619174070859,0.1115392687054,0.118706811405064,
0.125972434861671,0.136109792364735,0.146460707579665,0.157029352620567,0.165140098564658,
0.173353090230225,0.181707469043294,0.190104886199303,0.199512843852629,0.20988860206986,
0.224859381885953,0.239683667027708,0.254348981204153,0.264167073512235,0.27293174063414,
0.283107465961921,0.293125109901292,0.302982817308762,0.310156814942029,0.317272026561603,
0.328073621656511,0.344056516242467,0.365155614595448,0.386060537243874,0.401664597521411,
0.412030976050431,0.418762899058406,0.425529683685312,0.432406910290658,0.439362154834717,
0.446440604554585,0.453561812814626,0.46321655662243,0.472921652551977,0.482681072273448,
0.493915976686484,0.499719545433493,0.506508390973516,0.520465934726609,0.53685787544665,
0.557860140685346,0.583252708060798,0.607875897902169,0.630753449290594,0.650798053147524,
0.665623435850952,0.676589304823946,0.687992277251389,0.699577816040862,0.711345521912915,
0.719657743137226,0.727316553467949,0.734359993143426,0.741443074872298,0.749390186048084,
0.758162486518528,0.771002420450806,0.783894954663989,0.79683750020067,0.805847336846237,
0.814123067881719,0.821700962084809,0.829313564482972,0.837008378176112,0.844745435930396,
0.852539011529973,0.860341246138517,0.870721780832722,0.883614989503611,0.896399306132032,
0.906503790781156,0.913948230778271,0.921352485785114,0.928674108928314,0.935943775852147,
0.943158397925393,0.950360045086762,0.957525041501488,0.964677090939913,0.971795170834413,
0.978894389111962,0.985951743553197,0.992959423768216,0.999449287632719,1.),
.UNSPECIFIED.);
#458=VERTEX_POINT('',#1318);
#459=(BOUNDED_CURVE()B_SPLINE_CURVE(3,
(#1319,#1320,#1321,#1322),
.UNSPECIFIED.,.F.,.F.)B_SPLINE_CURVE_WITH_KNOTS((4,4),
(0.,1.),
.UNSPECIFIED.)CURVE()GEOMETRIC_REPRESENTATION_ITEM()RATIONAL_B_SPLINE_CURVE((1.,
0.999999999999886,0.999999999999886,1.))REPRESENTATION_ITEM(''));
#460=B_SPLINE_CURVE_WITH_KNOTS('',3,
(#1323,#1324,#1325,#1326,#1327,#1328,#1329,#1330,#1331,#1332,#1333,#1334,#1335,#1336,
#1337,#1338,#1339,#1340,#1341,#1342,#1343,#1344,#1345,#1346,#1347,#1348,#1349,#1350,
#1351,#1352,#1353,#1354,#1355,#1356,#1357,#1358,#1359,#1360,#1361,#1362,#1363,#1364,
#1365,#1366,#1367,#1368,#1369,#1370,#1371,#1372,#1373,#1374,#1375,#1376,#1377,#1378,
#1379,#1380,#1381,#1382,#1383,#1384,#1385,#1386,#1387,#1388,#1389,#1390,#1391,#1392,
#1393,#1394,#1395,#1396,#1397,#1398,#1399,#1400,#1401,#1402,#1403,#1404,#1405,#1406,
#1407,#1408,#1409,#1410,#1411,#1412,#1413,#1414,#1415,#1416,#1417,#1418,#1419,#1420,
#1421,#1422,#1423,#1424,#1425,#1426,#1427,#1428,#1429,#1430),
.UNSPECIFIED.,.F.,.F.,
(4,1,1,1,1,1,1,1,1,1,1,1,1,1,1,1,1,1,1,1,1,1,1,1,1,1,1,1,1,1,1,1,1,1,1,1,1,1,1,1,
1,1,1,1,1,1,1,1,1,1,1,1,1,1,1,1,1,1,1,1,1,1,1,1,1,1,1,1,1,1,1,1,1,1,1,1,1,1,1,1,
1,1,1,1,1,1,1,1,1,1,1,1,1,1,1,1,1,1,1,1,1,1,1,1,1,4),
(0.,0.00518825821874535,0.0103832053496444,0.0156214161935521,0.0209202481435913,
0.026252948682357,0.0335185492134078,0.0408691255932881,0.0483197797091348,0.054062338615238,
0.0599067705224798,0.0659197820608091,0.0719954743590745,0.0782605691244551,0.0846469947924857,
0.0911918586604021,0.0977840301602965,0.104565943995354,0.111489507403175,0.118661318193347,
0.125931551723799,0.136076357472614,0.146435360401937,0.15701269263372,0.165130320064879,
0.173350323473291,0.181711850294171,0.190116389897357,0.199531939124677,0.209915745553756,
0.224897221968599,0.239731555329751,0.254406279870575,0.264230135677148,0.27299976134467,
0.283180998730391,0.293204100111916,0.303067178429349,0.310245016377577,0.317363976328591,
0.328170961820929,0.345126822248839,0.368738507645447,0.394266622793304,0.414383224961439,
0.428580647732758,0.441014214052757,0.453281335298681,0.465387200113326,0.473923375461861,
0.482223926038082,0.490002478930689,0.497491499338554,0.500007591301593,0.504662554866468,
0.511800545545583,0.518804044517938,0.525708015361267,0.532454213017843,0.539146370620746,
0.549266718024959,0.560658449160929,0.5733228716005,0.588482663666004,0.608178377997643,
0.631049657322875,0.651088640665955,0.665912325852102,0.676879668595204,0.68828737716334,
0.699878367003482,0.71165222159806,0.719969207364742,0.727632414809564,0.734679913650177,
0.741767081200688,0.749718800553136,0.758496204729722,0.771343655332939,0.784243761533994,
0.797193931710179,0.806209103107886,0.814489745810458,0.822072152919068,0.829689290882742,
0.83738795481016,0.845128154533545,0.852923430305907,0.860726639430186,0.871104520541133,
0.883990715267971,0.896763566245612,0.90685492057969,0.914284688627015,0.921672652840432,
0.928974238551204,0.936221615534479,0.943410756084907,0.95058651631528,0.957722852309179,
0.964844585844577,0.971930525608019,0.97899745448222,0.986021675694098,0.992987577440084,
1.),
.UNSPECIFIED.);
#461=VERTEX_POINT('',#1431);
#462=CIRCLE('',#1432,6.);
#463=VERTEX_POINT('',#1436);
#464=VERTEX_POINT('',#1437);
#465=B_SPLINE_CURVE_WITH_KNOTS('',3,
(#1438,#1439,#1440,#1441,#1442,#1443,#1444,#1445,#1446,#1447,#1448,#1449,#1450,#1451,
#1452,#1453,#1454,#1455,#1456,#1457,#1458,#1459,#1460,#1461,#1462,#1463,#1464,#1465,
#1466,#1467,#1468,#1469,#1470,#1471,#1472,#1473,#1474,#1475,#1476,#1477,#1478,#1479,
#1480,#1481,#1482,#1483,#1484,#1485,#1486,#1487,#1488,#1489,#1490,#1491,#1492,#1493,
#1494,#1495,#1496,#1497,#1498,#1499),
.UNSPECIFIED.,.F.,.F.,
(4,1,1,1,1,1,1,1,1,1,1,1,1,1,1,1,1,1,1,1,1,1,1,1,1,1,1,1,1,1,1,1,1,1,1,1,1,1,1,1,
1,1,1,1,1,1,1,1,1,1,1,1,1,1,1,1,1,1,1,4),
(0.,0.0145111193674653,0.0264734747035309,0.0370966570019936,0.0467998378449163,
0.0564130107026376,0.0662698653768644,0.0766735049347326,0.0875739840668578,0.0985694153738852,
0.109827166956947,0.121233071552674,0.13273910239382,0.144232151100484,0.155837638755861,
0.1675475174604,0.179406911972079,0.191319701355898,0.20346903403333,0.215812484047769,
0.228487123797089,0.241311420575081,0.254530738205972,0.267997270120372,0.281817304568362,
0.2957347568636,0.309980522817705,0.324453126853602,0.339279155191657,0.354231617170324,
0.371196564874612,0.390052805698942,0.417787717055502,0.445607313531403,0.473494914737888,
0.498003471917255,0.526038518830956,0.552292644467745,0.573243293248082,0.588872086470636,
0.604474475843399,0.625122396616626,0.650794010664203,0.67793711311317,0.701483330476255,
0.731233151307564,0.770493228330361,0.809479848527264,0.838453285990997,0.855999016401334,
0.871913301992879,0.886185082448064,0.90045565437674,0.914721730707407,0.928972905192795,
0.943204455464288,0.957425971958303,0.971626403856268,0.985818973309839,1.),
.UNSPECIFIED.);
#466=VERTEX_POINT('',#1500);
#467=(BOUNDED_CURVE()B_SPLINE_CURVE(3,
(#1501,#1502,#1503,#1504),
.UNSPECIFIED.,.F.,.F.)B_SPLINE_CURVE_WITH_KNOTS((4,4),
(0.,1.),
.UNSPECIFIED.)CURVE()GEOMETRIC_REPRESENTATION_ITEM()RATIONAL_B_SPLINE_CURVE((1.,
0.999999999999751,0.999999999999751,1.))REPRESENTATION_ITEM(''));
#468=VERTEX_POINT('',#1505);
#469=B_SPLINE_CURVE_WITH_KNOTS('',3,
(#1506,#1507,#1508,#1509,#1510,#1511,#1512,#1513,#1514,#1515,#1516,#1517,#1518,#1519,
#1520,#1521,#1522,#1523,#1524,#1525,#1526,#1527,#1528,#1529,#1530,#1531,#1532,#1533,
#1534,#1535,#1536,#1537,#1538,#1539,#1540,#1541,#1542,#1543,#1544,#1545,#1546,#1547,
#1548,#1549,#1550,#1551,#1552,#1553,#1554,#1555,#1556,#1557,#1558,#1559,#1560,#1561,
#1562,#1563,#1564,#1565,#1566,#1567,#1568,#1569,#1570),
.UNSPECIFIED.,.F.,.F.,
(4,1,1,1,1,1,1,1,1,1,1,1,1,1,1,1,1,1,1,1,1,1,1,1,1,1,1,1,1,1,1,1,1,1,1,1,1,1,1,1,
1,1,1,1,1,1,1,1,1,1,1,1,1,1,1,1,1,1,1,1,1,1,4),
(0.,0.0154197058536755,0.0308808748102026,0.0463763837809743,0.0619494876494405,
0.0775645779439055,0.0932923359861275,0.109092710532771,0.124979033636344,0.140894838514292,
0.156886018992137,0.172924688790739,0.189043476086135,0.205191096094777,0.223205574405658,
0.243055785976769,0.275640151734916,0.310093340316342,0.346392029455089,0.37916632754904,
0.410000197705868,0.438890789668997,0.467075005045845,0.494873966342481,0.522292296595996,
0.545380119756372,0.566379499193496,0.585292342213358,0.599138595057597,0.612830009441003,
0.62634316785492,0.639833385722088,0.6532302283501,0.666561253747009,0.679780882274701,
0.692954053389462,0.706017293502919,0.719013286820312,0.731918494575582,0.744804642431339,
0.757583863753247,0.770280649139815,0.782830153197802,0.795310681681063,0.807619438180952,
0.819812700870172,0.831834557619445,0.843796812757006,0.855552161466506,0.867155481662461,
0.878511226178261,0.889780179181165,0.900774074594734,0.911574098351529,0.922024563102211,
0.932405168287055,0.94238975920094,0.951915721627975,0.960808751085162,0.969565858899971,
0.978691150266053,0.988592950340523,1.),
.UNSPECIFIED.);
#470=VERTEX_POINT('',#1571);
#471=B_SPLINE_CURVE_WITH_KNOTS('',3,
(#1572,#1573,#1574,#1575,#1576,#1577,#1578,#1579,#1580,#1581,#1582,#1583,#1584,#1585,
#1586,#1587,#1588,#1589,#1590,#1591,#1592,#1593,#1594,#1595,#1596,#1597,#1598,#1599,
#1600,#1601,#1602,#1603,#1604,#1605,#1606,#1607,#1608,#1609,#1610,#1611,#1612,#1613,
#1614,#1615,#1616,#1617,#1618,#1619,#1620,#1621,#1622,#1623,#1624,#1625,#1626,#1627,
#1628,#1629,#1630,#1631,#1632,#1633),
.UNSPECIFIED.,.F.,.F.,
(4,1,1,1,1,1,1,1,1,1,1,1,1,1,1,1,1,1,1,1,1,1,1,1,1,1,1,1,1,1,1,1,1,1,1,1,1,1,1,1,
1,1,1,1,1,1,1,1,1,1,1,1,1,1,1,1,1,1,1,4),
(0.,0.00109392880484804,0.0156259896793789,0.0284318718420265,0.0399841055732093,
0.0507647822379183,0.0615876188009117,0.0730819423205258,0.0851772956791835,0.0976771728299027,
0.110300184714407,0.123186240657057,0.136135452999626,0.149264770252388,0.162468308893738,
0.175901686361243,0.189480377064046,0.203263312433969,0.217115893253429,0.231197347973062,
0.245454711518052,0.259993635363753,0.27464641486659,0.28959078076468,0.304712439427083,
0.320077192824022,0.335502573743498,0.351038574889318,0.366615888024599,0.38221976923253,
0.397802892238397,0.413274527403329,0.428655432754599,0.44386232375761,0.458986644315356,
0.476174667234472,0.495517881672408,0.528201022243439,0.572205757634073,0.623233073029247,
0.662897870884349,0.691051682964674,0.722648550022889,0.768531662201067,0.815643767211928,
0.853331297010481,0.875528320508909,0.895288326854163,0.910072186026241,0.922303239121707,
0.931859678212738,0.941297215086937,0.950372401166421,0.959204646087373,0.967673281118277,
0.976023541528978,0.984135433051978,0.992128154307465,0.999991910177069,1.),
.UNSPECIFIED.);
#472=VERTEX_POINT('',#1634);
#473=LINE('',#1635,#1636);
#474=B_SPLINE_CURVE_WITH_KNOTS('',3,
(#1638,#1639,#1640,#1641,#1642,#1643,#1644,#1645,#1646,#1647,#1648,#1649,#1650,#1651,
#1652,#1653,#1654,#1655,#1656,#1657,#1658,#1659,#1660,#1661,#1662,#1663,#1664,#1665,
#1666,#1667,#1668,#1669,#1670,#1671,#1672,#1673,#1674,#1675,#1676,#1677,#1678,#1679,
#1680,#1681,#1682,#1683,#1684,#1685,#1686,#1687,#1688,#1689,#1690,#1691,#1692,#1693,
#1694,#1695,#1696,#1697,#1698,#1699,#1700,#1701,#1702),
.UNSPECIFIED.,.F.,.F.,
(4,1,1,1,1,1,1,1,1,1,1,1,1,1,1,1,1,1,1,1,1,1,1,1,1,1,1,1,1,1,1,1,1,1,1,1,1,1,1,1,
1,1,1,1,1,1,1,1,1,1,1,1,1,1,1,1,1,1,1,1,1,1,4),
(0.,0.0154194733164281,0.0308804072815433,0.0463756781365242,0.0619485400443852,
0.0775633880273478,0.0932909044153946,0.10909103753652,0.124977118526991,0.140892680898292,
0.156883618563179,0.172922045615236,0.189040590178933,0.205187967566553,0.223202176727927,
0.243052092545496,0.275635976677053,0.310088658299251,0.346386814595477,0.379160636343694,
0.409994061264872,0.4388842392498,0.46706805458887,0.494866621740087,0.522284564319518,
0.545372062303537,0.566371144686857,0.585283718596557,0.599129772766307,0.612820990065321,
0.626333952626643,0.639823974057041,0.653220618622427,0.666551444182077,0.679770870567863,
0.692943839370238,0.706006874792426,0.71900266212677,0.731907661793804,0.744793601155204,
0.757572636036664,0.770269257271579,0.782818640579768,0.795299069049718,0.807607790196207,
0.819801060223349,0.831822988089815,0.843785331275692,0.855540863312283,0.867144443706921,
0.878500586793329,0.889770004293876,0.900764494767357,0.911565147968152,0.922016265761751,
0.932397592361641,0.942382754694866,0.951909098528149,0.960802591289882,0.969560475015434,
0.978687023821089,0.988590445808433,1.),
.UNSPECIFIED.);
#475=VERTEX_POINT('',#1703);
#476=VERTEX_POINT('',#1704);
#477=B_SPLINE_CURVE_WITH_KNOTS('',3,
(#1705,#1706,#1707,#1708,#1709,#1710,#1711,#1712,#1713,#1714,#1715,#1716,#1717,#1718,
#1719,#1720,#1721,#1722,#1723,#1724,#1725,#1726,#1727,#1728,#1729,#1730,#1731,#1732,
#1733,#1734,#1735,#1736,#1737,#1738,#1739,#1740,#1741,#1742,#1743,#1744,#1745,#1746,
#1747,#1748,#1749,#1750,#1751,#1752,#1753,#1754,#1755,#1756,#1757,#1758,#1759,#1760,
#1761,#1762,#1763,#1764,#1765,#1766),
.UNSPECIFIED.,.F.,.F.,
(4,1,1,1,1,1,1,1,1,1,1,1,1,1,1,1,1,1,1,1,1,1,1,1,1,1,1,1,1,1,1,1,1,1,1,1,1,1,1,1,
1,1,1,1,1,1,1,1,1,1,1,1,1,1,1,1,1,1,1,4),
(0.,0.0145377062130679,0.0265186870422205,0.0371573724735616,0.0468742891134864,
0.0565010740193286,0.0663718947846237,0.0767909650077777,0.0877080255830259,0.0987200941894585,
0.109995420779562,0.121418819694497,0.13294241243924,0.14445344955619,0.156077867673275,
0.167807326430249,0.179687009450392,0.191620251537204,0.203791616639022,0.216158267427273,
0.228858309501856,0.241709144639315,0.254957682920913,0.268455316640712,0.282308890434468,
0.296260438764513,0.310540691068995,0.325047205121093,0.339905481786641,0.354888821567717,
0.371880821791532,0.390761377443383,0.418516124003151,0.446346338548826,0.474235202304462,
0.498728923744785,0.526738386611384,0.552960766775778,0.573883156141564,0.589486610286677,
0.60506227509142,0.625668058427532,0.651281791884706,0.678359814027145,0.701847636136046,
0.731530893599923,0.770715157670648,0.809636533366524,0.838571823420272,0.856102499904243,
0.8720050823635,0.886268342670265,0.900530117168492,0.914786763671636,0.929028119552768,
0.943249131105011,0.957459926309179,0.971649239516266,0.985830478263018,1.),
.UNSPECIFIED.);
#478=VERTEX_POINT('',#1767);
#479=(BOUNDED_CURVE()B_SPLINE_CURVE(3,
(#1768,#1769,#1770,#1771),
.UNSPECIFIED.,.F.,.F.)B_SPLINE_CURVE_WITH_KNOTS((4,4),
(0.,1.),
.UNSPECIFIED.)CURVE()GEOMETRIC_REPRESENTATION_ITEM()RATIONAL_B_SPLINE_CURVE((1.,
0.999999999999751,0.999999999999751,1.))REPRESENTATION_ITEM(''));
#480=VERTEX_POINT('',#1772);
#481=B_SPLINE_CURVE_WITH_KNOTS('',3,
(#1773,#1774,#1775,#1776,#1777,#1778,#1779,#1780,#1781,#1782,#1783,#1784,#1785,#1786,
#1787,#1788,#1789,#1790,#1791,#1792,#1793,#1794,#1795,#1796,#1797,#1798,#1799,#1800,
#1801,#1802,#1803,#1804,#1805,#1806,#1807,#1808,#1809,#1810,#1811,#1812,#1813,#1814,
#1815,#1816,#1817,#1818,#1819,#1820,#1821,#1822,#1823,#1824,#1825,#1826,#1827,#1828,
#1829,#1830,#1831,#1832,#1833,#1834,#1835,#1836,#1837),
.UNSPECIFIED.,.F.,.F.,
(4,1,1,1,1,1,1,1,1,1,1,1,1,1,1,1,1,1,1,1,1,1,1,1,1,1,1,1,1,1,1,1,1,1,1,1,1,1,1,1,
1,1,1,1,1,1,1,1,1,1,1,1,1,1,1,1,1,1,1,1,1,1,4),
(0.,0.0154196569131162,0.0308807766131035,0.0463762359522485,0.061949289672297,0.0775643297144051,
0.0932920373843118,0.109092361461819,0.124978633884817,0.140894387993612,0.156885517547743,
0.172924136351929,0.189042872523461,0.205190441372469,0.223204862764836,0.243055011702044,
0.275639275039131,0.310092355556,0.346390930966302,0.379165126839222,0.409998901112194,
0.438889403554582,0.46707353201215,0.494872407656797,0.522290653589112,0.545378405907065,
0.566377720760558,0.585290505420503,0.599136715303365,0.612828087089736,0.626341203242327,
0.639831378770663,0.653228179024599,0.66655916199613,0.679778748137116,0.692951877016024,
0.706015075055878,0.719011026475094,0.73191619258286,0.744802298995007,0.757581483905695,
0.770278237731667,0.782827719592145,0.795308230280362,0.807616982515838,0.819810249673668,
0.831832123659521,0.843794399090844,0.855549787509729,0.867153163372998,0.878508992654458,
0.889778044650998,0.900772066687014,0.911572224122209,0.922022826400262,0.932403583988648,
0.942388293776309,0.951914329944104,0.96080744125728,0.969564686625176,0.978690229769433,
0.988592404032616,1.),
.UNSPECIFIED.);
#482=VERTEX_POINT('',#1838);
#483=B_SPLINE_CURVE_WITH_KNOTS('',3,
(#1839,#1840,#1841,#1842,#1843,#1844,#1845,#1846,#1847,#1848,#1849,#1850,#1851,#1852,
#1853,#1854,#1855,#1856,#1857,#1858,#1859,#1860,#1861,#1862,#1863,#1864,#1865,#1866,
#1867,#1868,#1869,#1870,#1871,#1872,#1873,#1874,#1875,#1876,#1877,#1878,#1879,#1880,
#1881,#1882,#1883,#1884,#1885,#1886,#1887,#1888,#1889,#1890,#1891,#1892,#1893,#1894,
#1895,#1896,#1897,#1898,#1899,#1900,#1901),
.UNSPECIFIED.,.F.,.F.,
(4,1,1,1,1,1,1,1,1,1,1,1,1,1,1,1,1,1,1,1,1,1,1,1,1,1,1,1,1,1,1,1,1,1,1,1,1,1,1,1,
1,1,1,1,1,1,1,1,1,1,1,1,1,1,1,1,1,1,1,1,4),
(0.,0.0145106551139967,0.0264727223422911,0.0370957254770075,0.0467988290909156,
0.056411921748369,0.066268700806711,0.0766722384404971,0.0875725801544133,0.0985678591966628,
0.109825452330145,0.121231188353781,0.132737050938905,0.144229941223693,0.155835280914426,
0.167545015675818,0.179404269772977,0.191316918331014,0.203466116865636,0.215809437259766,
0.228483957158724,0.241308139412001,0.25452735426303,0.267993792040831,0.281813743031838,
0.295731114239952,0.309976799246926,0.3244493176226,0.339275248887646,0.354227605320102,
0.371192394128798,0.390048429211495,0.417782956253988,0.445602118740114,0.473489236592364,
0.497997288309617,0.52603171390262,0.552285220582021,0.573235362645679,0.588863758551978,
0.604465744545375,0.625113100043874,0.650783985725952,0.677926358884097,0.701472000821639,
0.73122144755835,0.770481459186636,0.809468355765213,0.83844237238676,0.855988787446376,
0.871903830515723,0.886176460922752,0.900447914801488,0.914714947466252,0.92896712417738,
0.94319976298857,0.957422391669044,0.971623988751544,0.985817753216621,0.999993401857229,
1.),
.UNSPECIFIED.);
#484=VERTEX_POINT('',#1902);
#485=LINE('',#1903,#1904);
#486=B_SPLINE_CURVE_WITH_KNOTS('',3,
(#1906,#1907,#1908,#1909,#1910,#1911,#1912,#1913,#1914,#1915,#1916,#1917,#1918,#1919,
#1920,#1921,#1922,#1923,#1924,#1925,#1926,#1927,#1928,#1929,#1930,#1931,#1932,#1933,
#1934,#1935,#1936,#1937,#1938,#1939,#1940,#1941,#1942,#1943,#1944,#1945,#1946,#1947,
#1948,#1949,#1950,#1951,#1952,#1953,#1954,#1955,#1956,#1957,#1958,#1959,#1960,#1961,
#1962,#1963,#1964,#1965,#1966,#1967,#1968,#1969,#1970,#1971),
.UNSPECIFIED.,.F.,.F.,
(4,1,1,1,1,1,1,1,1,1,1,1,1,1,1,1,1,1,1,1,1,1,1,1,1,1,1,1,1,1,1,1,1,1,1,1,1,1,1,1,
1,1,1,1,1,1,1,1,1,1,1,1,1,1,1,1,1,1,1,1,1,1,1,4),
(0.,0.0154026266379286,0.0308466684386995,0.0463250093436058,0.0618808562356031,
0.077478643338938,0.0931889759101269,0.108971845927994,0.124840569824587,0.140738742786402,
0.156712208706211,0.172733112221381,0.188834045964121,0.204963781228838,0.222958309517959,
0.242786539764549,0.275334828506499,0.309749872578943,0.34600837265426,0.378746377478784,
0.409546099946338,0.438404697139371,0.466557720636769,0.494325940315356,0.521713982821404,
0.544776324308602,0.565752513799435,0.584644447379526,0.598475346689216,0.612151544841161,
0.625649629533573,0.639124761796458,0.652506603482919,0.665822711112733,0.679027598784666,
0.692186139009933,0.70523501010228,0.718216833464548,0.731108172421663,0.743980610562073,
0.756748000431597,0.76943469889595,0.781977461016728,0.794452801109167,0.806761079345258,
0.818956842698728,0.830985468953432,0.842955418532521,0.85472505079406,0.866348155771378,
0.877733824439713,0.889037782585766,0.90007629837492,0.910923260192937,0.921421666521238,
0.93185517254278,0.941880006541261,0.951428654934906,0.960345509152731,0.969142222977653,
0.978352526853627,0.988397943262108,0.998903155010278,1.),
.UNSPECIFIED.);
#487=VERTEX_POINT('',#1972);
#488=CIRCLE('',#1973,6.);
#489=VERTEX_POINT('',#1977);
#490=VERTEX_POINT('',#1978);
#491=B_SPLINE_CURVE_WITH_KNOTS('',3,
(#1979,#1980,#1981,#1982,#1983,#1984,#1985,#1986,#1987,#1988,#1989,#1990,#1991,#1992,
#1993,#1994,#1995,#1996,#1997,#1998,#1999,#2000,#2001,#2002,#2003,#2004,#2005,#2006,
#2007,#2008,#2009,#2010,#2011,#2012,#2013,#2014,#2015,#2016,#2017,#2018,#2019,#2020,
#2021,#2022,#2023,#2024,#2025,#2026,#2027,#2028,#2029,#2030,#2031,#2032,#2033,#2034,
#2035,#2036,#2037,#2038,#2039,#2040,#2041,#2042,#2043,#2044,#2045,#2046,#2047,#2048,
#2049,#2050,#2051,#2052,#2053,#2054,#2055,#2056,#2057,#2058,#2059,#2060,#2061,#2062,
#2063,#2064,#2065,#2066,#2067,#2068,#2069,#2070,#2071,#2072,#2073,#2074,#2075,#2076,
#2077,#2078,#2079,#2080,#2081,#2082,#2083,#2084,#2085,#2086,#2087,#2088,#2089,#2090,
#2091,#2092,#2093,#2094,#2095,#2096,#2097,#2098,#2099,#2100,#2101,#2102,#2103,#2104,
#2105,#2106,#2107),
.UNSPECIFIED.,.F.,.F.,
(4,1,1,1,1,1,1,1,1,1,1,1,1,1,1,1,1,1,1,1,1,1,1,1,1,1,1,1,1,1,1,1,1,1,1,1,1,1,1,1,
1,1,1,1,1,1,1,1,1,1,1,1,1,1,1,1,1,1,1,1,1,1,1,1,1,1,1,1,1,1,1,1,1,1,1,1,1,1,1,1,
1,1,1,1,1,1,1,1,1,1,1,1,1,1,1,1,1,1,1,1,1,1,1,1,1,1,1,1,1,1,1,1,1,1,1,1,1,1,1,1,
1,1,1,1,1,1,4),
(0.,0.000550190515727295,0.00704311206373606,0.0128676944517366,0.0180025062733768,
0.0226723381370084,0.0272941906407242,0.0320165823926066,0.0370195199729455,0.0423307011818228,
0.0477356006317732,0.053316002794208,0.0590217288527973,0.0648458653198937,0.0706779314903088,
0.0766167873120133,0.0826393946492403,0.0887819279899161,0.0949637070961279,0.10128816447372,
0.107723041275948,0.114338044597766,0.121029935802675,0.127912121037477,0.13490839074076,
0.142063420533503,0.149259804932815,0.15655912336799,0.163916222979407,0.17134763570568,
0.17879402415301,0.186243727232577,0.19368317354168,0.201086227277207,0.208466131480301,
0.21813742713281,0.227696282751752,0.237139499803315,0.244848727735789,0.253250966023336,
0.265606440419966,0.27819067024971,0.291009236300892,0.304566024364879,0.323591558412724,
0.3477122143121,0.36793538624187,0.382554565437147,0.392975169632463,0.404400909600434,
0.415469540220034,0.425152469030935,0.436352516083775,0.447646295380581,0.459037759682801,
0.466948495389028,0.474166050134881,0.480660433854479,0.487127184247747,0.493475402536649,
0.499730233908454,0.500273133027748,0.505837229000435,0.51189450250302,0.521517869056542,
0.53530039019164,0.550422200554844,0.56328517835399,0.577473671971903,0.597191403753261,
0.62209206745054,0.64262086576928,0.657376286314971,0.66819731935586,0.680646365285944,
0.692461065928553,0.702147993232315,0.709602422185108,0.717088982987438,0.72460726816208,
0.732124065495771,0.742075252490212,0.751915547586799,0.761641931393308,0.771113075591945,
0.782772293988912,0.79432384108458,0.803463096926221,0.810265378454256,0.817034400662308,
0.823749001764014,0.830441851620572,0.837079174292621,0.843681791206997,0.850235994286041,
0.856779540920097,0.863267904039666,0.86971411586264,0.876088874736561,0.88243156276293,
0.888698516798616,0.894915822892648,0.90106331806667,0.9071881992882,0.913202319039022,
0.919126256780999,0.924900852834518,0.930618197414874,0.936166970401622,0.941617564534679,
0.946935548792419,0.952250338390216,0.957317761231468,0.962147759047961,0.966580522506016,
0.970841833050884,0.974577615844311,0.977937090229954,0.980801191838057,0.983510273059088,
0.985968015242409,0.988295910154892,0.990515934582784,0.992743179193858,0.995049160639345,
0.997489783153303,1.),
.UNSPECIFIED.);
#492=VERTEX_POINT('',#2108);
#493=(BOUNDED_CURVE()B_SPLINE_CURVE(3,
(#2109,#2110,#2111,#2112),
.UNSPECIFIED.,.F.,.F.)B_SPLINE_CURVE_WITH_KNOTS((4,4),
(0.,1.),
.UNSPECIFIED.)CURVE()GEOMETRIC_REPRESENTATION_ITEM()RATIONAL_B_SPLINE_CURVE((1.,
0.999999999999751,0.999999999999751,1.))REPRESENTATION_ITEM(''));
#494=VERTEX_POINT('',#2113);
#495=B_SPLINE_CURVE_WITH_KNOTS('',3,
(#2114,#2115,#2116,#2117,#2118,#2119,#2120,#2121,#2122,#2123,#2124,#2125,#2126,#2127,
#2128,#2129,#2130,#2131,#2132,#2133,#2134,#2135,#2136,#2137,#2138,#2139,#2140,#2141,
#2142,#2143,#2144,#2145,#2146,#2147,#2148,#2149,#2150,#2151,#2152,#2153,#2154,#2155,
#2156,#2157,#2158,#2159,#2160,#2161,#2162,#2163,#2164,#2165,#2166,#2167,#2168,#2169,
#2170,#2171,#2172,#2173,#2174,#2175,#2176,#2177,#2178,#2179,#2180,#2181,#2182,#2183,
#2184,#2185,#2186,#2187,#2188,#2189,#2190,#2191,#2192,#2193,#2194,#2195,#2196,#2197,
#2198,#2199,#2200,#2201,#2202,#2203,#2204,#2205,#2206,#2207,#2208,#2209,#2210,#2211,
#2212,#2213,#2214,#2215,#2216,#2217,#2218,#2219,#2220,#2221,#2222,#2223,#2224,#2225,
#2226),
.UNSPECIFIED.,.F.,.F.,
(4,1,1,1,1,1,1,1,1,1,1,1,1,1,1,1,1,1,1,1,1,1,1,1,1,1,1,1,1,1,1,1,1,1,1,1,1,1,1,1,
1,1,1,1,1,1,1,1,1,1,1,1,1,1,1,1,1,1,1,1,1,1,1,1,1,1,1,1,1,1,1,1,1,1,1,1,1,1,1,1,
1,1,1,1,1,1,1,1,1,1,1,1,1,1,1,1,1,1,1,1,1,1,1,1,1,1,1,1,1,1,4),
(0.,0.0070237114901185,0.0128466253945487,0.0179924275183496,0.0226894110026206,
0.0273381970254529,0.0320894538561861,0.0371197380405084,0.042454030135314,0.0478786198805484,
0.0534780935527501,0.0592006445730354,0.0650395596298043,0.0708869727509215,0.0768402030236462,
0.0828761696029529,0.0890299012181494,0.0952217681224366,0.101553980989225,0.107995011888558,
0.114614003073589,0.121309093140057,0.128194002316243,0.135194464210299,0.142353342771204,
0.149550718890765,0.156847208000078,0.164200750815246,0.171628917756519,0.179073096760735,
0.187331003136176,0.196387800221413,0.209388805329505,0.222255158429006,0.234979812918584,
0.244301325076601,0.253509497722224,0.265865135139878,0.278451593638653,0.291274476966402,
0.304839742793382,0.323878499167837,0.348016660899101,0.368254178890871,0.38288352086919,
0.394681624020667,0.406822635672174,0.419304708932151,0.43327496555609,0.446645808009187,
0.459415391110392,0.467330969564887,0.474552898465052,0.48105115580501,0.487521745725184,
0.493873689338165,0.499996754186604,0.500132162995415,0.506242678051359,0.512303434873823,
0.521932264214811,0.535722518232697,0.550852728094326,0.563722770691427,0.577918828310679,
0.597646644004119,0.622559452145548,0.643097721158867,0.657859520321599,0.66868471571824,
0.681138350390683,0.692957161167997,0.702647335658332,0.710103999875164,0.717592674078422,
0.725924778016361,0.735066642179471,0.748178498254002,0.764291066981487,0.779370760343308,
0.79026877495279,0.799413653932424,0.808511903233389,0.817564336201015,0.824281405251116,
0.830975518160058,0.837611228615899,0.844209712005831,0.850755756615719,0.857288437820795,
0.865926301928143,0.876662328087701,0.887350323831191,0.895870537960015,0.902244464430905,
0.908619526664049,0.914973443959602,0.921306000127909,0.927605298656395,0.933891907499981,
0.940136580469595,0.946357977703633,0.952550171064231,0.958734372125665,0.964821470165039,
0.970873065723053,0.976672684711237,0.982163918224195,0.987619359022624,0.99340393277911,
1.),
.UNSPECIFIED.);
#496=LINE('',#2227,#2228);
#497=VERTEX_POINT('',#2230);
#498=VERTEX_POINT('',#2231);
#499=LINE('',#2232,#2233);
#500=VERTEX_POINT('',#2235);
#501=B_SPLINE_CURVE_WITH_KNOTS('',3,
(#2236,#2237,#2238,#2239,#2240,#2241,#2242,#2243,#2244,#2245,#2246,#2247,#2248,#2249,
#2250,#2251,#2252,#2253,#2254,#2255,#2256,#2257,#2258,#2259,#2260,#2261,#2262,#2263,
#2264,#2265,#2266,#2267,#2268,#2269,#2270,#2271,#2272,#2273,#2274,#2275,#2276,#2277,
#2278,#2279,#2280,#2281,#2282,#2283,#2284,#2285,#2286,#2287,#2288,#2289,#2290,#2291,
#2292,#2293,#2294,#2295,#2296,#2297,#2298,#2299,#2300,#2301,#2302,#2303,#2304,#2305,
#2306,#2307,#2308,#2309,#2310,#2311,#2312,#2313,#2314,#2315,#2316,#2317,#2318,#2319,
#2320,#2321,#2322,#2323,#2324,#2325,#2326,#2327,#2328,#2329,#2330,#2331,#2332,#2333,
#2334,#2335,#2336,#2337,#2338,#2339,#2340,#2341,#2342,#2343,#2344,#2345,#2346,#2347,
#2348),
.UNSPECIFIED.,.F.,.F.,
(4,1,1,1,1,1,1,1,1,1,1,1,1,1,1,1,1,1,1,1,1,1,1,1,1,1,1,1,1,1,1,1,1,1,1,1,1,1,1,1,
1,1,1,1,1,1,1,1,1,1,1,1,1,1,1,1,1,1,1,1,1,1,1,1,1,1,1,1,1,1,1,1,1,1,1,1,1,1,1,1,
1,1,1,1,1,1,1,1,1,1,1,1,1,1,1,1,1,1,1,1,1,1,1,1,1,1,1,1,1,1,4),
(0.,0.00702356946191752,0.0128464109266911,0.0179921837119331,0.0226891848139203,
0.0273379883626998,0.0320892668999725,0.0371195655718446,0.0424538568166462,0.0478784349481669,
0.0534778936103815,0.0592004222986824,0.0650393088733582,0.0708866955936331,0.0768398971916844,
0.082875832544373,0.0890295275422392,0.0952213552957845,0.101553522821053,0.107994503784879,
0.114613438469834,0.121308469945087,0.128193315389177,0.135193711139919,0.142352520348237,
0.14954982682177,0.156846245661246,0.164199717744611,0.171627813421975,0.179071920897043,
0.187329747917933,0.196386457651804,0.209387340226455,0.222253574862798,0.234978115439992,
0.244299553233551,0.253507658789603,0.265863225084186,0.278449620925846,0.291272449671472,
0.304837679730018,0.323876399347364,0.348014525349931,0.368252016436711,0.382881340630529,
0.394679430675214,0.40682042945055,0.419302489999915,0.433272734246955,0.446643565465376,
0.459413138263131,0.467328711008195,0.474550634906678,0.481048888092587,0.487519474016813,
0.493871414080128,0.4999995745505,0.500129884488782,0.506240396702097,0.512301150786491,
0.521929976416004,0.535720225865559,0.550850431396973,0.563720470916727,0.577916526917826,
0.597644343705854,0.622557157746334,0.643095435675871,0.657857244809299,0.66868245285071,
0.681136105111227,0.692954935816011,0.702645128281182,0.710101808387393,0.717590499066626,
0.725922623545914,0.735064511561926,0.748176405978148,0.764289026098214,0.779368771026489,
0.790266827014855,0.799411745793691,0.808510036550971,0.817562512662001,0.824279617064243,
0.830973766211931,0.837609515291036,0.84420803869165,0.850754125177333,0.857286848782077,
0.86592477375542,0.876660881428907,0.887348963730046,0.895869251586634,0.90224323736479,
0.908618359711485,0.914972339960134,0.921304961087376,0.927604328224771,0.93389100734522,
0.940135754789365,0.946357229353567,0.952549504047965,0.958733786031282,0.964820964450411,
0.970872640868522,0.976672325968245,0.982163609808998,0.987619108395263,0.993403796790025,
1.),
.UNSPECIFIED.);
#502=VERTEX_POINT('',#2349);
#503=(BOUNDED_CURVE()B_SPLINE_CURVE(3,
(#2350,#2351,#2352,#2353),
.UNSPECIFIED.,.F.,.F.)B_SPLINE_CURVE_WITH_KNOTS((4,4),
(0.,1.),
.UNSPECIFIED.)CURVE()GEOMETRIC_REPRESENTATION_ITEM()RATIONAL_B_SPLINE_CURVE((1.,
0.999999999999751,0.999999999999751,1.))REPRESENTATION_ITEM(''));
#504=B_SPLINE_CURVE_WITH_KNOTS('',3,
(#2354,#2355,#2356,#2357,#2358,#2359,#2360,#2361,#2362,#2363,#2364,#2365,#2366,#2367,
#2368,#2369,#2370,#2371,#2372,#2373,#2374,#2375,#2376,#2377,#2378,#2379,#2380,#2381,
#2382,#2383,#2384,#2385,#2386,#2387,#2388,#2389,#2390,#2391,#2392,#2393,#2394,#2395,
#2396,#2397,#2398,#2399,#2400,#2401,#2402,#2403,#2404,#2405,#2406,#2407,#2408,#2409,
#2410,#2411,#2412,#2413,#2414,#2415,#2416,#2417,#2418,#2419,#2420,#2421,#2422,#2423,
#2424,#2425,#2426,#2427,#2428,#2429,#2430,#2431,#2432,#2433,#2434,#2435,#2436,#2437,
#2438,#2439,#2440,#2441,#2442,#2443,#2444,#2445,#2446,#2447,#2448,#2449,#2450,#2451,
#2452,#2453,#2454,#2455,#2456,#2457,#2458,#2459,#2460,#2461,#2462,#2463,#2464,#2465,
#2466,#2467,#2468,#2469,#2470,#2471,#2472,#2473,#2474,#2475,#2476,#2477,#2478,#2479),
.UNSPECIFIED.,.F.,.F.,
(4,1,1,1,1,1,1,1,1,1,1,1,1,1,1,1,1,1,1,1,1,1,1,1,1,1,1,1,1,1,1,1,1,1,1,1,1,1,1,1,
1,1,1,1,1,1,1,1,1,1,1,1,1,1,1,1,1,1,1,1,1,1,1,1,1,1,1,1,1,1,1,1,1,1,1,1,1,1,1,1,
1,1,1,1,1,1,1,1,1,1,1,1,1,1,1,1,1,1,1,1,1,1,1,1,1,1,1,1,1,1,1,1,1,1,1,1,1,1,1,1,
1,1,1,4),
(0.,0.00703298275526662,0.0128619703733575,0.0180125359271821,0.0227136826074666,
0.0273665806959382,0.0321220419051773,0.0371570643404445,0.0424966383397252,0.0479264871263908,
0.0535313100691957,0.0592587658736592,0.0651016871917226,0.0709528671418906,0.0769089662254245,
0.082947229162906,0.0891022324520585,0.0952949830510925,0.101626937960035,0.108066864654663,
0.114683451711493,0.121375699317941,0.128256683698966,0.135252673465012,0.142406347153058,
0.149598390053097,0.156889114439202,0.164236549468189,0.17165806236752,0.179095342704296,
0.187344794412711,0.196391767266253,0.209377902809976,0.222229375986503,0.234939145876072,
0.244250265154542,0.253448774424701,0.265793320076118,0.278369504008025,0.291182925043656,
0.304740184049629,0.323768496011646,0.347893949644045,0.368120777103981,0.382742365858373,
0.394534184204124,0.406668713391896,0.419144108009796,0.43310686673391,0.446470525514971,
0.459233242953269,0.46714455720768,0.474362592992056,0.480857343043969,0.487324438866252,
0.493672947982277,0.499722556924735,0.499928034748579,0.50603523913958,0.512092711299207,
0.521716314608216,0.535499074596335,0.550621054327554,0.5634840901148,0.57767239101679,
0.597389379793028,0.622288477753138,0.642815439168182,0.657569063623852,0.668388115048851,
0.680834511103296,0.692646311441344,0.702330688563054,0.709782949792243,0.717267276072869,
0.724783147917161,0.732297431131527,0.74224508769314,0.752081746613227,0.761804393184205,
0.771271573924469,0.782925637207392,0.794471883574708,0.803606733498296,0.810405620735782,
0.817171211988288,0.823882348662196,0.83057173941529,0.837205623212532,0.843804811845668,
0.850355598266449,0.856895746743117,0.863380730026828,0.869823577183013,0.876194950182867,
0.882534199054044,0.88879762229407,0.895011334168812,0.90115515442656,0.907276323360981,
0.913286649925258,0.919206745447711,0.92497750920893,0.930691081776285,0.936236256726668,
0.941683425969971,0.94699829278669,0.952310230433011,0.95737497787645,0.962202251359533,
0.966632237610091,0.970890947253121,0.97462343856188,0.977978777001212,0.980837324717756,
0.983539559047146,0.985989399299891,0.988309652731331,0.990528201245333,0.992759549749446,
0.995066317431842,0.997500672178253,0.999471421620265,1.),
.UNSPECIFIED.);
#505=LINE('',#2480,#2481);
#506=LINE('',#2483,#2484);
#507=LINE('',#2486,#2487);
#508=LINE('',#2489,#2490);
#509=LINE('',#2492,#2493);
#510=LINE('',#2495,#2496);
#511=LINE('',#2498,#2499);
#512=LINE('',#2501,#2502);
#513=LINE('',#2504,#2505);
#514=LINE('',#2507,#2508);
#515=LINE('',#2510,#2511);
#516=LINE('',#2513,#2514);
#517=LINE('',#2516,#2517);
#518=LINE('',#2519,#2520);
#519=LINE('',#2522,#2523);
#520=LINE('',#2525,#2526);
#521=CARTESIAN_POINT('',(117.5,0.,-8.00000000000002));
#522=AXIS2_PLACEMENT_3D('',#523,#524,#525);
#523=CARTESIAN_POINT('',(117.5,0.,-2.15843998349721E-14));
#524=DIRECTION('',(1.,0.,-1.83697019872103E-16));
#525=DIRECTION('',(-1.83697019872103E-16,1.22464679914735E-16,-1.));
#526=CARTESIAN_POINT('',(110.7469202658,0.,-8.00000000000002));
#527=CARTESIAN_POINT('',(107.246928684022,3.50003727832466,-7.19372915644565));
#528=CARTESIAN_POINT('',(110.746920265968,1.83631826031627E-12,-7.99999999995661));
#529=CARTESIAN_POINT('',(110.746920669289,0.0290021758600694,-8.0000001543622));
#530=CARTESIAN_POINT('',(110.746198896362,0.087084147096862,-7.9996839029109));
#531=CARTESIAN_POINT('',(110.7429470535,0.174211651484983,-7.99826141524078));
#532=CARTESIAN_POINT('',(110.737506812757,0.261498707429121,-7.99588416435487));
#533=CARTESIAN_POINT('',(110.729864018411,0.348857089630323,-7.99254970080024));
#534=CARTESIAN_POINT('',(110.719993108476,0.436334850378669,-7.98825200211165));
#535=CARTESIAN_POINT('',(110.707880364244,0.52383944550489,-7.9829918247038));
#536=CARTESIAN_POINT('',(110.693493584015,0.61140214039634,-7.97676356401809));
#537=CARTESIAN_POINT('',(110.676835879983,0.698842883993955,-7.9695786080316));
#538=CARTESIAN_POINT('',(110.657869336808,0.786231166915354,-7.96143235352955));
#539=CARTESIAN_POINT('',(110.636567898823,0.873535770468918,-7.95232721467117));
#540=CARTESIAN_POINT('',(110.612829110271,0.960982217521316,-7.9422352412075));
#541=CARTESIAN_POINT('',(110.586642767768,1.04839475454204,-7.93117027446096));
#542=CARTESIAN_POINT('',(110.556794020015,1.1393033450395,-7.9186427774459));
#543=CARTESIAN_POINT('',(110.521752556204,1.23675333505076,-7.90405121095869));
#544=CARTESIAN_POINT('',(110.478075939911,1.34724448810619,-7.88603958889458));
#545=CARTESIAN_POINT('',(110.424453552927,1.46976685681456,-7.86419800331963));
#546=CARTESIAN_POINT('',(110.351583605502,1.619318158192,-7.83497952249038));
#547=CARTESIAN_POINT('',(110.253867202616,1.79606350306442,-7.79665065175424));
#548=CARTESIAN_POINT('',(110.128710160748,1.99118677934024,-7.7491393273775));
#549=CARTESIAN_POINT('',(109.997174308654,2.16814931682135,-7.70121699040717));
#550=CARTESIAN_POINT('',(109.873971516489,2.31478405702948,-7.65816910327657));
#551=CARTESIAN_POINT('',(109.758671500695,2.43933720062697,-7.61937039539353));
#552=CARTESIAN_POINT('',(109.619654532953,2.57599340763274,-7.57445266987284));
#553=CARTESIAN_POINT('',(109.43805992107,2.73391641564886,-7.51910901673364));
#554=CARTESIAN_POINT('',(109.217027393719,2.89758607399217,-7.45746489219467));
#555=CARTESIAN_POINT('',(109.001776929899,3.0313311729025,-7.40379425634654));
#556=CARTESIAN_POINT('',(108.827471221944,3.12418684537604,-7.36487749555937));
#557=CARTESIAN_POINT('',(108.695198958525,3.1871504944381,-7.3377876204361));
#558=CARTESIAN_POINT('',(108.572482787732,3.24028119407,-7.31448406579626));
#559=CARTESIAN_POINT('',(108.444309203636,3.28990674270095,-7.2922894035828));
#560=CARTESIAN_POINT('',(108.313792012216,3.33433101489175,-7.27206104714417));
#561=CARTESIAN_POINT('',(108.205229743657,3.36680175778347,-7.25706184690526));
#562=CARTESIAN_POINT('',(108.115353020593,3.39088125614832,-7.24583149470278));
#563=CARTESIAN_POINT('',(108.040646256787,3.40913537631377,-7.23725902476723));
#564=CARTESIAN_POINT('',(107.966411473811,3.42556363657328,-7.22949595343557));
#565=CARTESIAN_POINT('',(107.892834463131,3.44018985727478,-7.2225460173806));
#566=CARTESIAN_POINT('',(107.819580491517,3.45313551148898,-7.21636439473081));
#567=CARTESIAN_POINT('',(107.746718195987,3.46442826385965,-7.21094874615027));
#568=CARTESIAN_POINT('',(107.674133201573,3.47412112741615,-7.20628300085436));
#569=CARTESIAN_POINT('',(107.602066856656,3.48222185172719,-7.20237133629728));
#570=CARTESIAN_POINT('',(107.530352617081,3.48878787237259,-7.19919251704068));
#571=CARTESIAN_POINT('',(107.459044880942,3.49384582221266,-7.19673877102782));
#572=CARTESIAN_POINT('',(107.38803586779,3.49743051725319,-7.19499707045554));
#573=CARTESIAN_POINT('',(107.317392540874,3.49956445069001,-7.19395926361124));
#574=CARTESIAN_POINT('',(107.270378304453,3.50003726934358,-7.19372907121295));
#575=CARTESIAN_POINT('',(107.246928684022,3.50003727660245,-7.19372915290621));
#576=CARTESIAN_POINT('',(103.753071316145,3.50004029096003,-7.19372768192298));
#577=CARTESIAN_POINT('',(103.753071316145,3.50004029095988,-7.19372768184397));
#578=VECTOR('',#579,1.);
#579=DIRECTION('',(0.99999999999954,-8.622662296436E-7,-4.195327010282E-7));
#580=CARTESIAN_POINT('',(100.246920267158,0.,-8.00000000000002));
#581=CARTESIAN_POINT('',(103.753071316145,3.50004029095992,-7.19372768192275));
#582=CARTESIAN_POINT('',(103.751020980728,3.50004389443733,-7.19372592855112));
#583=CARTESIAN_POINT('',(103.731120455704,3.50006138126542,-7.1937174209209));
#584=CARTESIAN_POINT('',(103.691700829115,3.49975982353816,-7.19386415006381));
#585=CARTESIAN_POINT('',(103.635127972463,3.49842072796365,-7.19451553458441));
#586=CARTESIAN_POINT('',(103.577335647103,3.49609235974851,-7.19564738938217));
#587=CARTESIAN_POINT('',(103.52004631314,3.49284122200996,-7.19722625854512));
#588=CARTESIAN_POINT('',(103.460381471354,3.48847527067551,-7.19934373636137));
#589=CARTESIAN_POINT('',(103.395601935137,3.48259690657088,-7.2021898051833));
#590=CARTESIAN_POINT('',(103.313093933347,3.47346735319379,-7.20659932412457));
#591=CARTESIAN_POINT('',(103.214636625716,3.4599442709167,-7.2131064209025));
#592=CARTESIAN_POINT('',(103.102334640621,3.44082208101919,-7.22225215521114));
#593=CARTESIAN_POINT('',(102.999780209397,3.41986191404248,-7.23220155714352));
#594=CARTESIAN_POINT('',(102.909650690009,3.39874337416227,-7.24214716415135));
#595=CARTESIAN_POINT('',(102.834218967006,3.37922611901979,-7.25127488499));
#596=CARTESIAN_POINT('',(102.762573512932,3.35903751991532,-7.26064984603334));
#597=CARTESIAN_POINT('',(102.692237565288,3.33763018382741,-7.27051751740472));
#598=CARTESIAN_POINT('',(102.621094545082,3.31432271431534,-7.28117461493338));
#599=CARTESIAN_POINT('',(102.548481200479,3.28877931082819,-7.29275089217876));
#600=CARTESIAN_POINT('',(102.474807520696,3.26100454091103,-7.30521631299279));
#601=CARTESIAN_POINT('',(102.390813416749,3.22713213409494,-7.32025713170294));
#602=CARTESIAN_POINT('',(102.297104880477,3.18631317606495,-7.33813847394388));
#603=CARTESIAN_POINT('',(102.193904596752,3.13733381305511,-7.35922320987627));
#604=CARTESIAN_POINT('',(102.099089336997,3.08844385678314,-7.37986798034858));
#605=CARTESIAN_POINT('',(102.012644269332,3.04060268861882,-7.39969657999998));
#606=CARTESIAN_POINT('',(101.934367721403,2.99461451737352,-7.41843331467475));
#607=CARTESIAN_POINT('',(101.856337589237,2.94598467109282,-7.43788538372344));
#608=CARTESIAN_POINT('',(101.77866460948,2.89467539540119,-7.45800999020315));
#609=CARTESIAN_POINT('',(101.701781962766,2.8408860101213,-7.4786712944845));
#610=CARTESIAN_POINT('',(101.625775287361,2.78460003238217,-7.49981702429721));
#611=CARTESIAN_POINT('',(101.551059300107,2.7260698809585,-7.52129540688052));
#612=CARTESIAN_POINT('',(101.470002265912,2.65894134258395,-7.54532666214016));
#613=CARTESIAN_POINT('',(101.376154339979,2.57609874131586,-7.57410421721239));
#614=CARTESIAN_POINT('',(101.269557857321,2.47412129285245,-7.60811096547426));
#615=CARTESIAN_POINT('',(101.164635407306,2.36422934137962,-7.6429673843049));
#616=CARTESIAN_POINT('',(101.061176257352,2.24610073359375,-7.67854798001271));
#617=CARTESIAN_POINT('',(100.947264611934,2.10383437115569,-7.7190268384856));
#618=CARTESIAN_POINT('',(100.81073391161,1.91133452898575,-7.76947059003982));
#619=CARTESIAN_POINT('',(100.668829045744,1.67467237758676,-7.82425372312938));
#620=CARTESIAN_POINT('',(100.54596086039,1.42409233431598,-7.87355097861662));
#621=CARTESIAN_POINT('',(100.458844184914,1.20550306198055,-7.90948786064558));
#622=CARTESIAN_POINT('',(100.40369870281,1.03901610652614,-7.93262784855852));
#623=CARTESIAN_POINT('',(100.371535764475,0.927154096643089,-7.94625599676615));
#624=CARTESIAN_POINT('',(100.350571764574,0.84647713174401,-7.9551887430906));
#625=CARTESIAN_POINT('',(100.332540016825,0.770915017753206,-7.96290344033186));
#626=CARTESIAN_POINT('',(100.312980556336,0.679576129877802,-7.97130871733695));
#627=CARTESIAN_POINT('',(100.293297337385,0.571962417699215,-7.97980951690667));
#628=CARTESIAN_POINT('',(100.2771486479,0.463158774205934,-7.98681551334017));
#629=CARTESIAN_POINT('',(100.266072730834,0.368878883127267,-7.99163601899798));
#630=CARTESIAN_POINT('',(100.258663298647,0.289517315820646,-7.99486714825482));
#631=CARTESIAN_POINT('',(100.2534331086,0.217510752942723,-7.99715119756663));
#632=CARTESIAN_POINT('',(100.249680918838,0.145201441745444,-7.99879162831992));
#633=CARTESIAN_POINT('',(100.247422800764,0.072672181439102,-7.99977969145273));
#634=CARTESIAN_POINT('',(100.246920106205,0.0242472421963559,-7.9999999654292));
#635=CARTESIAN_POINT('',(100.24692026439,1.52302211008268E-5,-8.0000000000218));
#636=CARTESIAN_POINT('',(100.246920264589,-7.06112523902025E-14,-8.00000000000002));
#637=CARTESIAN_POINT('',(103.746920266343,-3.49995430397672,-7.19376952613542));
#638=CARTESIAN_POINT('',(100.246920264589,-7.15909698295203E-14,-8.00000000000002));
#639=CARTESIAN_POINT('',(100.246920549027,-0.0290026064963823,-8.00000015490309));
#640=CARTESIAN_POINT('',(100.247643717494,-0.0870852488969268,-7.99968389582101));
#641=CARTESIAN_POINT('',(100.250897722804,-0.174214020017542,-7.99826136726259));
#642=CARTESIAN_POINT('',(100.256340163938,-0.261501828908351,-7.99588406431794));
#643=CARTESIAN_POINT('',(100.263985167613,-0.348860527674482,-7.99254955081383));
#644=CARTESIAN_POINT('',(100.273858245197,-0.436337979973079,-7.98825182876376));
#645=CARTESIAN_POINT('',(100.285973078474,-0.523841713579282,-7.98299167132814));
#646=CARTESIAN_POINT('',(100.300361866184,-0.611403212574838,-7.97676347707259));
#647=CARTESIAN_POINT('',(100.317021545076,-0.698842784876022,-7.96957861245368));
#648=CARTESIAN_POINT('',(100.335979483789,-0.786181290715497,-7.96143700596438));
#649=CARTESIAN_POINT('',(100.357245645616,-0.873340354301622,-7.95234787506228));
#650=CARTESIAN_POINT('',(100.380887838462,-0.960452163892738,-7.94229776467525));
#651=CARTESIAN_POINT('',(100.406900927814,-1.04734621687699,-7.93130644632543));
#652=CARTESIAN_POINT('',(100.436421437865,-1.13737074917082,-7.91891643951103));
#653=CARTESIAN_POINT('',(100.470909864143,-1.23349384109348,-7.90455331685997));
#654=CARTESIAN_POINT('',(100.520003924721,-1.35813014688927,-7.88430122782719));
#655=CARTESIAN_POINT('',(100.59427586156,-1.52532258701651,-7.85409929063503));
#656=CARTESIAN_POINT('',(100.706087125743,-1.73995974580825,-7.80972907148192));
#657=CARTESIAN_POINT('',(100.842336689225,-1.95860838113203,-7.75760771559709));
#658=CARTESIAN_POINT('',(100.980253811738,-2.14697014911466,-7.70713407345269));
#659=CARTESIAN_POINT('',(101.114044269552,-2.30887815654247,-7.66010954546098));
#660=CARTESIAN_POINT('',(101.257842798995,-2.46408925472413,-7.6117053981123));
#661=CARTESIAN_POINT('',(101.430691531311,-2.62777962315016,-7.55677308594811));
#662=CARTESIAN_POINT('',(101.61854542956,-2.78206561636923,-7.50123317115837));
#663=CARTESIAN_POINT('',(101.807759716088,-2.91642353666636,-7.44983950450349));
#664=CARTESIAN_POINT('',(101.981921347451,-3.02432509978449,-7.40654948142178));
#665=CARTESIAN_POINT('',(102.122968532033,-3.10145942892324,-7.37445238003536));
#666=CARTESIAN_POINT('',(102.235284362527,-3.15722086094017,-7.35069386692367));
#667=CARTESIAN_POINT('',(102.323864999135,-3.19806822925556,-7.33300419032966));
#668=CARTESIAN_POINT('',(102.408967751494,-3.23454066864588,-7.31698099571152));
#669=CARTESIAN_POINT('',(102.498530373482,-3.27024481832177,-7.30109630894555));
#670=CARTESIAN_POINT('',(102.594613811212,-3.30543564277027,-7.2852329395316));
#671=CARTESIAN_POINT('',(102.698171209612,-3.33972095675345,-7.26957278531665));
#672=CARTESIAN_POINT('',(102.792528711719,-3.36775016314905,-7.25661864409428));
#673=CARTESIAN_POINT('',(102.877496894242,-3.39054952626133,-7.24598692663089));
#674=CARTESIAN_POINT('',(102.952728350908,-3.40894722577361,-7.23734775615206));
#675=CARTESIAN_POINT('',(103.02729867274,-3.42545489306032,-7.22954751899285));
#676=CARTESIAN_POINT('',(103.101018111608,-3.44010965435081,-7.22258422715786));
#677=CARTESIAN_POINT('',(103.174317062485,-3.45306196039518,-7.21639958816098));
#678=CARTESIAN_POINT('',(103.247174932445,-3.46435284411246,-7.21098497924352));
#679=CARTESIAN_POINT('',(103.319755275329,-3.47404401391726,-7.20632017563142));
#680=CARTESIAN_POINT('',(103.391816467027,-3.4821432030838,-7.20240936040544));
#681=CARTESIAN_POINT('',(103.463525000277,-3.48870786897563,-7.19923128637208));
#682=CARTESIAN_POINT('',(103.534826363235,-3.49376466682038,-7.19677816921904));
#683=CARTESIAN_POINT('',(103.605828403066,-3.49734845078011,-7.19503696161035));
#684=CARTESIAN_POINT('',(103.676464099205,-3.49948174803472,-7.19399949440429));
#685=CARTESIAN_POINT('',(103.723473261374,-3.49995435081594,-7.19376941383677));
#686=CARTESIAN_POINT('',(103.746920266265,-3.49995430226656,-7.19376952262066));
#687=CARTESIAN_POINT('',(107.246911848645,-3.49996272165512,-7.19376542175088));
#688=CARTESIAN_POINT('',(107.246911848895,-3.49996272165512,-7.19376542201821));
#689=CARTESIAN_POINT('',(106.080248319777,-3.49995991576311,-7.19376678716105));
#690=CARTESIAN_POINT('',(104.913584459107,-3.49995710987031,-7.19376815230226));
#691=CARTESIAN_POINT('',(103.746920266189,-3.49995430397672,-7.19376951744182));
#692=CARTESIAN_POINT('',(107.24692026628,-3.49996272166524,-7.19376542201328));
#693=CARTESIAN_POINT('',(107.266967494356,-3.49996281067657,-7.19376533609109));
#694=CARTESIAN_POINT('',(107.306537459962,-3.49962275898965,-7.19393085764992));
#695=CARTESIAN_POINT('',(107.365240734692,-3.49812247236962,-7.19466056415152));
#696=CARTESIAN_POINT('',(107.422834352552,-3.49569499050567,-7.19584045856943));
#697=CARTESIAN_POINT('',(107.479784201398,-3.49236189326512,-7.19745887384831));
#698=CARTESIAN_POINT('',(107.536738338867,-3.48809920181446,-7.19952589460773));
#699=CARTESIAN_POINT('',(107.594175348973,-3.48285521050666,-7.20206450671491));
#700=CARTESIAN_POINT('',(107.652682069688,-3.47653227122537,-7.20511920412447));
#701=CARTESIAN_POINT('',(107.712209356712,-3.46907402514866,-7.20871361625901));
#702=CARTESIAN_POINT('',(107.77308599175,-3.46037237941459,-7.21289529336235));
#703=CARTESIAN_POINT('',(107.83519329993,-3.45036746529413,-7.21768739200876));
#704=CARTESIAN_POINT('',(107.898945555674,-3.43890113011927,-7.22315857411979));
#705=CARTESIAN_POINT('',(107.963840641952,-3.42596928587155,-7.22930225767383));
#706=CARTESIAN_POINT('',(108.030071594092,-3.41144808415664,-7.23616728486574));
#707=CARTESIAN_POINT('',(108.097353477137,-3.39531284049541,-7.24375375328992));
#708=CARTESIAN_POINT('',(108.166001903878,-3.37738821567242,-7.25213018840349));
#709=CARTESIAN_POINT('',(108.235419950761,-3.35773508612814,-7.26125236827182));
#710=CARTESIAN_POINT('',(108.305779465919,-3.33622496663585,-7.27116256497635));
#711=CARTESIAN_POINT('',(108.376952063783,-3.31280853162397,-7.28186381664021));
#712=CARTESIAN_POINT('',(108.449605338886,-3.28714661405718,-7.29348713909449));
#713=CARTESIAN_POINT('',(108.52332633982,-3.2592442552212,-7.30600204624292));
#714=CARTESIAN_POINT('',(108.607385003358,-3.22521572046672,-7.32110201852543));
#715=CARTESIAN_POINT('',(108.701170952299,-3.18421030971803,-7.33905173125496));
#716=CARTESIAN_POINT('',(108.804458159799,-3.13501039736218,-7.36021388760588));
#717=CARTESIAN_POINT('',(108.899350049893,-3.08590456809964,-7.38093068629145));
#718=CARTESIAN_POINT('',(108.985858891191,-3.03785689248553,-7.40082468805579));
#719=CARTESIAN_POINT('',(109.064184228662,-2.99167616153751,-7.41961923513414));
#720=CARTESIAN_POINT('',(109.14225274382,-2.94284947491076,-7.43912689710102));
#721=CARTESIAN_POINT('',(109.2199504907,-2.89134147255422,-7.4593036418875));
#722=CARTESIAN_POINT('',(109.296843144404,-2.83735375810242,-7.48001264643281));
#723=CARTESIAN_POINT('',(109.372842410363,-2.78087274257847,-7.50120040414654));
#724=CARTESIAN_POINT('',(109.447536138744,-2.72215100619932,-7.52271516814381));
#725=CARTESIAN_POINT('',(109.52854737643,-2.65481981098549,-7.54677850344173));
#726=CARTESIAN_POINT('',(109.622315061859,-2.57174971294923,-7.57558307784264));
#727=CARTESIAN_POINT('',(109.728786012837,-2.4695224290083,-7.6096062459431));
#728=CARTESIAN_POINT('',(109.833551762198,-2.3593911190423,-7.64446342545757));
#729=CARTESIAN_POINT('',(109.936820893564,-2.24103878224757,-7.68002790925639));
#730=CARTESIAN_POINT('',(110.050481141296,-2.09854473996546,-7.72046817821649));
#731=CARTESIAN_POINT('',(110.18664113089,-1.90580861108278,-7.77082996959829));
#732=CARTESIAN_POINT('',(110.328056411289,-1.66897143723643,-7.82547272325911));
#733=CARTESIAN_POINT('',(110.450374511186,-1.4183699905644,-7.87458269603565));
#734=CARTESIAN_POINT('',(110.536998607657,-1.19992359659717,-7.91033415376422));
#735=CARTESIAN_POINT('',(110.591763482895,-1.03368470727109,-7.93332271310868));
#736=CARTESIAN_POINT('',(110.623667217252,-0.922086385677895,-7.94684465404064));
#737=CARTESIAN_POINT('',(110.644440939358,-0.841669092690567,-7.95569815393411));
#738=CARTESIAN_POINT('',(110.662292892208,-0.766410134230123,-7.96333713596641));
#739=CARTESIAN_POINT('',(110.681644573663,-0.675488346223561,-7.97165395835729));
#740=CARTESIAN_POINT('',(110.701106492718,-0.568423229957736,-7.98005939835172));
#741=CARTESIAN_POINT('',(110.717066043452,-0.460216197589121,-7.98698294235601));
#742=CARTESIAN_POINT('',(110.728007410235,-0.366488638657612,-7.99174423476911));
#743=CARTESIAN_POINT('',(110.735324430397,-0.287616725034978,-7.99493438374773));
#744=CARTESIAN_POINT('',(110.740488336355,-0.216071800978886,-7.99718880148095));
#745=CARTESIAN_POINT('',(110.744192955271,-0.144233494077664,-7.99880771371481));
#746=CARTESIAN_POINT('',(110.746423197683,-0.0721698116929236,-7.99978282533091));
#747=CARTESIAN_POINT('',(110.746920070043,-0.0240683854802549,-8.00000007997988));
#748=CARTESIAN_POINT('',(110.746920265968,1.83533854287695E-12,-7.99999999995661));
#749=CARTESIAN_POINT('',(-100.246920267177,0.,-7.99999999999998));
#750=CARTESIAN_POINT('',(-103.753071316145,3.50004029096007,-7.19372768176517));
#751=CARTESIAN_POINT('',(-100.246920266909,2.78593287075941E-12,-7.99999999993477));
#752=CARTESIAN_POINT('',(-100.246919793773,0.0290021983214442,-8.00000015435439));
#753=CARTESIAN_POINT('',(-100.247641428089,0.0870842176399702,-7.99968390241733));
#754=CARTESIAN_POINT('',(-100.250893065709,0.174211775648496,-7.99826141270052));
#755=CARTESIAN_POINT('',(-100.256333099854,0.261498842654025,-7.99588415984922));
#756=CARTESIAN_POINT('',(-100.263975682195,0.348857192742024,-7.99254969610303));
#757=CARTESIAN_POINT('',(-100.273846375448,0.436334915895594,-7.9882519984317));
#758=CARTESIAN_POINT('',(-100.285958902901,0.523839499933936,-7.98299182116334));
#759=CARTESIAN_POINT('',(-100.300345468238,0.611402211650714,-7.976763558659));
#760=CARTESIAN_POINT('',(-100.317002958632,0.698842986424623,-7.96957859918153));
#761=CARTESIAN_POINT('',(-100.335969288448,0.78623130885483,-7.96143233966968));
#762=CARTESIAN_POINT('',(-100.357270513322,0.873535959181467,-7.95232719413214));
#763=CARTESIAN_POINT('',(-100.381009089027,0.96098246201701,-7.94223521184957));
#764=CARTESIAN_POINT('',(-100.407195219352,1.04839506293798,-7.93117023395172));
#765=CARTESIAN_POINT('',(-100.437043747216,1.13930372843218,-7.91864272260608));
#766=CARTESIAN_POINT('',(-100.472084975983,1.23675380755983,-7.90405113746544));
#767=CARTESIAN_POINT('',(-100.515761326735,1.34724507272302,-7.88603948965758));
#768=CARTESIAN_POINT('',(-100.569383419987,1.46976757860797,-7.86419786930496));
#769=CARTESIAN_POINT('',(-100.642253010019,1.61931906587968,-7.83497933642298));
#770=CARTESIAN_POINT('',(-100.739968993194,1.79606466067111,-7.7966503877812));
#771=CARTESIAN_POINT('',(-100.865125574828,1.99118825473534,-7.74913895147057));
#772=CARTESIAN_POINT('',(-100.996661003334,2.16815111204329,-7.70121648749005));
#773=CARTESIAN_POINT('',(-101.119863435305,2.31478614050089,-7.65816847512505));
#774=CARTESIAN_POINT('',(-101.235163130196,2.43933954020575,-7.61936964785846));
#775=CARTESIAN_POINT('',(-101.374179709497,2.5759960284751,-7.57445178084956));
#776=CARTESIAN_POINT('',(-101.55577393861,2.73391948869067,-7.51910790530712));
#777=CARTESIAN_POINT('',(-101.776811285241,2.89759354280392,-7.45746203811801));
#778=CARTESIAN_POINT('',(-101.992077677942,3.03134843080746,-7.40378727408894));
#779=CARTESIAN_POINT('',(-102.178076316967,3.13043119366013,-7.36226029173053));
#780=CARTESIAN_POINT('',(-102.344430867341,3.20846347098105,-7.32856634152434));
#781=CARTESIAN_POINT('',(-102.511040802066,3.27635753185625,-7.2984377573795));
#782=CARTESIAN_POINT('',(-102.667882150162,3.33071949185997,-7.27373024612132));
#783=CARTESIAN_POINT('',(-102.789464390413,3.36705558254114,-7.25694415389611));
#784=CARTESIAN_POINT('',(-102.879597927523,3.39117581792888,-7.2456936804209));
#785=CARTESIAN_POINT('',(-102.95457863072,3.40946798242711,-7.23710237562268));
#786=CARTESIAN_POINT('',(-103.029121116606,3.42592943408516,-7.22932264307268));
#787=CARTESIAN_POINT('',(-103.103047282778,3.44058354151591,-7.22235850617428));
#788=CARTESIAN_POINT('',(-103.176677368911,3.45354673253136,-7.21616761346362));
#789=CARTESIAN_POINT('',(-103.249941640832,3.46484511078532,-7.2107484603161));
#790=CARTESIAN_POINT('',(-103.322949232174,3.47452969315484,-7.20608601093959));
#791=CARTESIAN_POINT('',(-103.395466101715,3.48260806512963,-7.20218458318754));
#792=CARTESIAN_POINT('',(-103.467652041179,3.48913536721115,-7.19902409272327));
#793=CARTESIAN_POINT('',(-103.539447577903,3.49413689790653,-7.1965974342799));
#794=CARTESIAN_POINT('',(-103.610952155156,3.49764619589128,-7.19489222298884));
#795=CARTESIAN_POINT('',(-103.680051974537,3.4996268407284,-7.19392886206757));
#796=CARTESIAN_POINT('',(-103.727401634003,3.50006465243661,-7.19371582982036));
#797=CARTESIAN_POINT('',(-103.751020918288,3.50004389365749,-7.19372592882662));
#798=CARTESIAN_POINT('',(-103.753071316145,3.50004028955347,-7.19372768252812));
#799=CARTESIAN_POINT('',(-107.246928684022,3.5000372783247,-7.19372914769087));
#800=CARTESIAN_POINT('',(-107.246928684022,3.50003727832454,-7.19372914763148));
#801=VECTOR('',#802,1.);
#802=DIRECTION('',(0.99999999999954,8.6226631709233E-7,4.19532785934813E-7));
#803=CARTESIAN_POINT('',(-110.74692026579,0.,-7.99999999999998));
#804=CARTESIAN_POINT('',(-107.246928684022,3.50003727832458,-7.19372914769092));
#805=CARTESIAN_POINT('',(-107.266981452119,3.50003727089255,-7.19372910868887));
#806=CARTESIAN_POINT('',(-107.306556295013,3.49969702139125,-7.19389473085501));
#807=CARTESIAN_POINT('',(-107.365257683526,3.49819643989983,-7.1946245998931));
#808=CARTESIAN_POINT('',(-107.422850948814,3.49576871096311,-7.19580464519682));
#809=CARTESIAN_POINT('',(-107.479799454776,3.49243542371178,-7.19742319486836));
#810=CARTESIAN_POINT('',(-107.536752227448,3.48817259728557,-7.19949033480089));
#811=CARTESIAN_POINT('',(-107.594187836807,3.48292851435586,-7.20202905718962));
#812=CARTESIAN_POINT('',(-107.65269330798,3.47660550977735,-7.20508386546718));
#813=CARTESIAN_POINT('',(-107.712219537958,3.4691472108536,-7.20867839643554));
#814=CARTESIAN_POINT('',(-107.773095344746,3.46044550965212,-7.2128602088723));
#815=CARTESIAN_POINT('',(-107.835202006566,3.45044053430412,-7.2176524614742));
#816=CARTESIAN_POINT('',(-107.898953785706,3.43897412388587,-7.22312382188284));
#817=CARTESIAN_POINT('',(-107.963848481173,3.42604219999451,-7.22926770330654));
#818=CARTESIAN_POINT('',(-108.030079086582,3.41152091867474,-7.23613294714343));
#819=CARTESIAN_POINT('',(-108.097360637913,3.39538560156041,-7.24371964821581));
#820=CARTESIAN_POINT('',(-108.166008764301,3.37746090367166,-7.25209633661625));
#821=CARTESIAN_POINT('',(-108.23542653902,3.35780770162824,-7.26121878929665));
#822=CARTESIAN_POINT('',(-108.305785807144,3.33629750918011,-7.27112928008333));
#823=CARTESIAN_POINT('',(-108.37695817354,3.31288100281667,-7.28183084643552));
#824=CARTESIAN_POINT('',(-108.449611242882,3.28721900937803,-7.29345451065996));
#825=CARTESIAN_POINT('',(-108.523332057273,3.25931657172069,-7.30596978539539));
#826=CARTESIAN_POINT('',(-108.607390543045,3.22528793918896,-7.32107020363161));
#827=CARTESIAN_POINT('',(-108.701176314995,3.18428241586852,-7.3390204468104));
#828=CARTESIAN_POINT('',(-108.804463341266,3.13508237853632,-7.36018322845302));
#829=CARTESIAN_POINT('',(-108.899355067207,3.08597643715898,-7.38090063883111));
#830=CARTESIAN_POINT('',(-108.985863755727,3.03792866383283,-7.40079522789582));
#831=CARTESIAN_POINT('',(-109.064188947566,2.99174785088468,-7.41959032941233));
#832=CARTESIAN_POINT('',(-109.142257305993,2.94292109230232,-7.43909856619883));
#833=CARTESIAN_POINT('',(-109.21995488136,2.89141303181543,-7.45927590468469));
#834=CARTESIAN_POINT('',(-109.29684734764,2.83742527650116,-7.47998551799743));
#835=CARTESIAN_POINT('',(-109.372846408256,2.7809442411096,-7.50117389818038));
#836=CARTESIAN_POINT('',(-109.447539917823,2.72222250572001,-7.52268929570066));
#837=CARTESIAN_POINT('',(-109.528550893798,2.65489134136693,-7.54675334066581));
#838=CARTESIAN_POINT('',(-109.622318249837,2.57182131867739,-7.57555876976862));
#839=CARTESIAN_POINT('',(-109.72878880166,2.46959417379602,-7.60958296336891));
#840=CARTESIAN_POINT('',(-109.833554144421,2.35946305504085,-7.64444122330793));
#841=CARTESIAN_POINT('',(-109.936822878425,2.24111094677373,-7.68000685172837));
#842=CARTESIAN_POINT('',(-110.050482717738,2.09861717436928,-7.72044848995407));
#843=CARTESIAN_POINT('',(-110.186642359578,1.90588125729977,-7.77081215615583));
#844=CARTESIAN_POINT('',(-110.328057547843,1.66904392042064,-7.82545727519968));
#845=CARTESIAN_POINT('',(-110.450375957608,1.4184413879508,-7.87456985761122));
#846=CARTESIAN_POINT('',(-110.537000594958,1.19999286414488,-7.91032367131872));
#847=CARTESIAN_POINT('',(-110.591766047264,1.03375110539314,-7.93331407966112));
#848=CARTESIAN_POINT('',(-110.623670295851,0.922149767041168,-7.94683731091108));
#849=CARTESIAN_POINT('',(-110.644444482744,0.841729430055488,-7.9556917791224));
#850=CARTESIAN_POINT('',(-110.662296954737,0.766466736633074,-7.96333170247339));
#851=CARTESIAN_POINT('',(-110.681649191796,0.675539745550325,-7.97164963023683));
#852=CARTESIAN_POINT('',(-110.701111519827,0.568467762792695,-7.98005626365919));
#853=CARTESIAN_POINT('',(-110.71707109148,0.460253263864277,-7.9869808397606));
#854=CARTESIAN_POINT('',(-110.728012136654,0.366518779337389,-7.99174287457771));
#855=CARTESIAN_POINT('',(-110.73532863916,0.28764070295675,-7.99493353807516));
#856=CARTESIAN_POINT('',(-110.740491867557,0.216089945278858,-7.99718832968274));
#857=CARTESIAN_POINT('',(-110.744195560825,0.144245687249661,-7.99880750894292));
#858=CARTESIAN_POINT('',(-110.746424294912,0.072188348999136,-7.99978263150113));
#859=CARTESIAN_POINT('',(-110.746920394231,0.0240828639915382,-8.00000000006639));
#860=CARTESIAN_POINT('',(-110.746920266095,1.24261096346266E-5,-7.99999999998548));
#861=CARTESIAN_POINT('',(-110.746920265962,-1.84824765364189E-12,-7.99999999995646));
#862=CARTESIAN_POINT('',(-107.246911848645,-3.49996272165508,-7.19376543072482));
#863=CARTESIAN_POINT('',(-110.746920265962,-1.84922737108121E-12,-7.99999999995646));
#864=CARTESIAN_POINT('',(-110.746920051484,-0.0290021726225961,-8.00000015436031));
#865=CARTESIAN_POINT('',(-110.746197041469,-0.0870841216987058,-7.99968390298325));
#866=CARTESIAN_POINT('',(-110.742943343325,-0.174211548155912,-7.99826141712621));
#867=CARTESIAN_POINT('',(-110.737501244108,-0.261498482958966,-7.99588417117919));
#868=CARTESIAN_POINT('',(-110.729856589657,-0.348856700630531,-7.99254971709743));
#869=CARTESIAN_POINT('',(-110.719983817106,-0.436334249560157,-7.98825203406322));
#870=CARTESIAN_POINT('',(-110.707869210098,-0.523838582896972,-7.98299188024891));
#871=CARTESIAN_POINT('',(-110.693480566463,-0.61140096539202,-7.97676365283499));
#872=CARTESIAN_POINT('',(-110.67682100201,-0.698841347956127,-7.9695787413007));
#873=CARTESIAN_POINT('',(-110.657852599852,-0.786229220763216,-7.96143254411185));
#874=CARTESIAN_POINT('',(-110.636549304963,-0.873533364649263,-7.95232747713318));
#875=CARTESIAN_POINT('',(-110.612808657031,-0.96097929944044,-7.94223559226445));
#876=CARTESIAN_POINT('',(-110.586620456227,-1.04839127225599,-7.93117073254288));
#877=CARTESIAN_POINT('',(-110.556769776382,-1.13929921997278,-7.91864336820463));
#878=CARTESIAN_POINT('',(-110.521726241596,-1.23674845716716,-7.9040519705023));
#879=CARTESIAN_POINT('',(-110.478047277261,-1.34723867397574,-7.88604057684417));
#880=CARTESIAN_POINT('',(-110.424422284928,-1.46975989921897,-7.86419929626752));
#881=CARTESIAN_POINT('',(-110.351549153192,-1.61930965605016,-7.83498126692725));
#882=CARTESIAN_POINT('',(-110.253828975677,-1.79605294730113,-7.79665306128195));
#883=CARTESIAN_POINT('',(-110.128667740434,-1.99117362029065,-7.74914268200359));
#884=CARTESIAN_POINT('',(-109.997128045803,-2.16813344775172,-7.70122143674363));
#885=CARTESIAN_POINT('',(-109.873922031373,-2.31476566410049,-7.65817464851067));
#886=CARTESIAN_POINT('',(-109.75861924452,-2.43931645486125,-7.61937702315117));
#887=CARTESIAN_POINT('',(-109.619599186223,-2.57596983767838,-7.57446066167753));
#888=CARTESIAN_POINT('',(-109.438000916874,-2.73388916276203,-7.51911888603881));
#889=CARTESIAN_POINT('',(-109.216964519972,-2.89755427969381,-7.45747720320124));
#890=CARTESIAN_POINT('',(-109.001710888018,-3.0312948528706,-7.40380909888175));
#891=CARTESIAN_POINT('',(-108.827403180245,-3.12414670755713,-7.36489450916915));
#892=CARTESIAN_POINT('',(-108.695129880808,-3.18710731955712,-7.33780636528672));
#893=CARTESIAN_POINT('',(-108.572413380961,-3.24023501457528,-7.31450451343909));
#894=CARTESIAN_POINT('',(-108.444240048834,-3.28985732896276,-7.29231168650705));
#895=CARTESIAN_POINT('',(-108.313723826218,-3.33427824586029,-7.27208523475933));
#896=CARTESIAN_POINT('',(-108.20516307575,-3.36674615261572,-7.25708763973156));
#897=CARTESIAN_POINT('',(-108.115288255332,-3.3908232672052,-7.24585862962327));
#898=CARTESIAN_POINT('',(-108.040583742953,-3.40907535271377,-7.23728729675521));
#899=CARTESIAN_POINT('',(-107.966351610322,-3.42550162918433,-7.2295253324017));
#900=CARTESIAN_POINT('',(-107.892777720686,-3.44012592785439,-7.22257646591694));
#901=CARTESIAN_POINT('',(-107.81952718497,-3.4530697672177,-7.21639585271147));
#902=CARTESIAN_POINT('',(-107.746668625484,-3.46436082973827,-7.21098114282086));
#903=CARTESIAN_POINT('',(-107.674087624086,-3.47405214538739,-7.20631625565017));
#904=CARTESIAN_POINT('',(-107.602025591342,-3.48215147078751,-7.20240536327501));
#905=CARTESIAN_POINT('',(-107.530315977383,-3.48871626177464,-7.19922721930047));
#906=CARTESIAN_POINT('',(-107.459012893137,-3.49377316738996,-7.19677404252923));
#907=CARTESIAN_POINT('',(-107.388009309695,-3.49735701488385,-7.19503279878535));
#908=CARTESIAN_POINT('',(-107.317369080634,-3.4994903016439,-7.19399533354217));
#909=CARTESIAN_POINT('',(-107.270363012437,-3.49996282546087,-7.19376529068183));
#910=CARTESIAN_POINT('',(-107.246920292291,-3.49996271995254,-7.19376542719983));
#911=CARTESIAN_POINT('',(-103.746920266343,-3.49995430397668,-7.19376951770913));
#912=CARTESIAN_POINT('',(-107.246911850525,-3.49996272165508,-7.19376542201819));
#913=CARTESIAN_POINT('',(-106.080248321639,-3.49995991576308,-7.19376678716103));
#914=CARTESIAN_POINT('',(-104.913584460272,-3.49995710987028,-7.19376815230224));
#915=CARTESIAN_POINT('',(-103.746920267353,-3.49995430397668,-7.1937695174418));
#916=CARTESIAN_POINT('',(-103.746920266343,-3.49995430397657,-7.19376951757552));
#917=CARTESIAN_POINT('',(-103.726823819949,-3.49995434505133,-7.19376945452712));
#918=CARTESIAN_POINT('',(-103.687165199705,-3.49961272764805,-7.19393573794423));
#919=CARTESIAN_POINT('',(-103.628342593491,-3.49810597436346,-7.1946685865049));
#920=CARTESIAN_POINT('',(-103.570637209379,-3.49566857696739,-7.19585329192245));
#921=CARTESIAN_POINT('',(-103.513583265376,-3.492322448935,-7.19747801605741));
#922=CARTESIAN_POINT('',(-103.456532430276,-3.4880439170112,-7.19955268392721));
#923=CARTESIAN_POINT('',(-103.399005457022,-3.48278143776195,-7.20210018853992));
#924=CARTESIAN_POINT('',(-103.340416992229,-3.47643769118371,-7.20516484763066));
#925=CARTESIAN_POINT('',(-103.280813811333,-3.46895632052786,-7.20877026954328));
#926=CARTESIAN_POINT('',(-103.219868411105,-3.46022952165887,-7.21296384118788));
#927=CARTESIAN_POINT('',(-103.157699436678,-3.45019769416098,-7.21776856419012));
#928=CARTESIAN_POINT('',(-103.093896092032,-3.43870349449299,-7.2232526833113));
#929=CARTESIAN_POINT('',(-103.028958970855,-3.4257431543167,-7.22940943912565));
#930=CARTESIAN_POINT('',(-102.962695788461,-3.41119336158562,-7.23628739131974));
#931=CARTESIAN_POINT('',(-102.895389498891,-3.39502950847376,-7.24388657755205));
#932=CARTESIAN_POINT('',(-102.826725349182,-3.37707678299571,-7.25227524642323));
#933=CARTESIAN_POINT('',(-102.757297304492,-3.35739588498846,-7.26140924237397));
#934=CARTESIAN_POINT('',(-102.686933342433,-3.33585850374843,-7.27133073102125));
#935=CARTESIAN_POINT('',(-102.615760639889,-3.31241523446051,-7.2820427651585));
#936=CARTESIAN_POINT('',(-102.54311352977,-3.28672759645045,-7.2936760102607));
#937=CARTESIAN_POINT('',(-102.469403937944,-3.2588007795688,-7.30619990321154));
#938=CARTESIAN_POINT('',(-102.38536588767,-3.22474732440093,-7.32130839540427));
#939=CARTESIAN_POINT('',(-102.291609248324,-3.18371716047931,-7.33926573583265));
#940=CARTESIAN_POINT('',(-102.188360522535,-3.1344937676305,-7.36043397500934));
#941=CARTESIAN_POINT('',(-102.093507888085,-3.08536949548283,-7.38115441059236));
#942=CARTESIAN_POINT('',(-102.00703740871,-3.03730753746587,-7.40105018567389));
#943=CARTESIAN_POINT('',(-101.928748196629,-2.99111567801139,-7.41984522619286));
#944=CARTESIAN_POINT('',(-101.850716109456,-2.94227920839663,-7.43935248375745));
#945=CARTESIAN_POINT('',(-101.773054285788,-2.89076230712777,-7.45952812833991));
#946=CARTESIAN_POINT('',(-101.696196277389,-2.83676614225117,-7.48023553636959));
#947=CARTESIAN_POINT('',(-101.6202297059,-2.78027649884744,-7.50142143937308));
#948=CARTESIAN_POINT('',(-101.54556683054,-2.72154597372642,-7.52293409811635));
#949=CARTESIAN_POINT('',(-101.464586336863,-2.65420356262821,-7.54699529705256));
#950=CARTESIAN_POINT('',(-101.37085101885,-2.5711179562031,-7.57579759133021));
#951=CARTESIAN_POINT('',(-101.264413780366,-2.46886975199419,-7.60981813814459));
#952=CARTESIAN_POINT('',(-101.159679678912,-2.3587147470638,-7.6446722643098));
#953=CARTESIAN_POINT('',(-101.05644076528,-2.24033544253546,-7.68023324757974));
#954=CARTESIAN_POINT('',(-100.942814817835,-2.09780879956387,-7.72066842720066));
#955=CARTESIAN_POINT('',(-100.806702262903,-1.90503337141275,-7.77102043884532));
#956=CARTESIAN_POINT('',(-100.665348889539,-1.66815910373629,-7.82564625504037));
#957=CARTESIAN_POINT('',(-100.54310129805,-1.41753636561256,-7.8747328650724));
#958=CARTESIAN_POINT('',(-100.456542321104,-1.19909148484405,-7.91046019025583));
#959=CARTESIAN_POINT('',(-100.401829384669,-1.03287284320376,-7.93342828955943));
#960=CARTESIAN_POINT('',(-100.369962323978,-0.921303736672211,-7.94693530645841));
#961=CARTESIAN_POINT('',(-100.349216343292,-0.840919575669619,-7.95577731365285));
#962=CARTESIAN_POINT('',(-100.331391505804,-0.765703715178135,-7.96340492515482));
#963=CARTESIAN_POINT('',(-100.312071693238,-0.674843613505753,-7.97170823548897));
#964=CARTESIAN_POINT('',(-100.292644163075,-0.567861665803343,-7.98009892072543));
#965=CARTESIAN_POINT('',(-100.276714320452,-0.459746523396196,-7.98700957863318));
#966=CARTESIAN_POINT('',(-100.265794306848,-0.366105265752254,-7.99176153100132));
#967=CARTESIAN_POINT('',(-100.258492084722,-0.287310806274087,-7.99494516677745));
#968=CARTESIAN_POINT('',(-100.253338880975,-0.215839675757571,-7.99719484580303));
#969=CARTESIAN_POINT('',(-100.249642002765,-0.1440770699479,-7.99881030258568));
#970=CARTESIAN_POINT('',(-100.247416422128,-0.0720910219961031,-7.99978330042662));
#971=CARTESIAN_POINT('',(-100.246920520542,-0.0240419026208084,-8.00000007963739));
#972=CARTESIAN_POINT('',(-100.246920266909,2.78495315332009E-12,-7.99999999993477));
#973=CARTESIAN_POINT('',(-117.5,0.,-7.99999999999998));
#974=AXIS2_PLACEMENT_3D('',#975,#976,#977);
#975=CARTESIAN_POINT('',(-117.5,0.,2.15843998349721E-14));
#976=DIRECTION('',(1.,0.,-1.83697019872103E-16));
#977=DIRECTION('',(-1.83697019872103E-16,1.22464679914735E-16,-1.));
#978=CARTESIAN_POINT('',(103.746920266343,-3.49995430397672,7.19376951744178));
#979=CARTESIAN_POINT('',(103.753071316145,3.50004029096003,7.19372768192294));
#980=CARTESIAN_POINT('',(103.753071316145,3.50004029095991,7.19372768192271));
#981=CARTESIAN_POINT('',(103.751020952534,3.50004389446082,7.1937259285474));
#982=CARTESIAN_POINT('',(103.731776193066,3.50006080466951,7.19371770143772));
#983=CARTESIAN_POINT('',(103.693221212393,3.49977666949536,7.19385595248016));
#984=CARTESIAN_POINT('',(103.637288124382,3.49848922648437,7.19448222111712));
#985=CARTESIAN_POINT('',(103.578916052209,3.49617522262871,7.19560713195269));
#986=CARTESIAN_POINT('',(103.520116520251,3.49285648066378,7.19721887923934));
#987=CARTESIAN_POINT('',(103.45389691302,3.4879946854382,7.19957680777199));
#988=CARTESIAN_POINT('',(103.380233428883,3.48110064588062,7.20291384038658));
#989=CARTESIAN_POINT('',(103.298985373785,3.47158875248113,7.20750419393226));
#990=CARTESIAN_POINT('',(103.223610830351,3.46096294959834,7.2126130220124));
#991=CARTESIAN_POINT('',(103.154024507568,3.44966228860603,7.21802456188938));
#992=CARTESIAN_POINT('',(103.089934075273,3.43804112240185,7.22356804826236));
#993=CARTESIAN_POINT('',(103.024910092535,3.42498353261583,7.22976940689218));
#994=CARTESIAN_POINT('',(102.958683038405,3.41035953983107,7.23668045822353));
#995=CARTESIAN_POINT('',(102.891473732255,3.39413554645986,7.24430553529695));
#996=CARTESIAN_POINT('',(102.822996420007,3.37614832105257,7.2527075375526));
#997=CARTESIAN_POINT('',(102.753817709136,3.35645775707985,7.26184291762978));
#998=CARTESIAN_POINT('',(102.683755022656,3.33493607691655,7.27175380967804));
#999=CARTESIAN_POINT('',(102.612924376095,3.31153385580018,7.28244353495829));
#1000=CARTESIAN_POINT('',(102.540695277825,3.2859286387371,7.29403583541293));
#1001=CARTESIAN_POINT('',(102.467465223487,3.25812713867679,7.3065000899012));
#1002=CARTESIAN_POINT('',(102.38404441156,3.22427327617925,7.32151669662289));
#1003=CARTESIAN_POINT('',(102.291020118788,3.18352857554063,7.33934664500293));
#1004=CARTESIAN_POINT('',(102.188608597391,3.13469682474863,7.36034631844685));
#1005=CARTESIAN_POINT('',(102.094581364433,3.08602540252343,7.38087895931267));
#1006=CARTESIAN_POINT('',(102.008950674843,3.03848437315907,7.40056586118104));
#1007=CARTESIAN_POINT('',(101.9315883165,2.9929192290835,7.41911619480859));
#1008=CARTESIAN_POINT('',(101.854617165108,2.94486603778008,7.43832661741265));
#1009=CARTESIAN_POINT('',(101.775370742022,2.89247185914648,7.45887030847836));
#1010=CARTESIAN_POINT('',(101.691662738491,2.83373264573675,7.48140875766424));
#1011=CARTESIAN_POINT('',(101.590780602379,2.75820853536953,7.50966015040747));
#1012=CARTESIAN_POINT('',(101.47777180736,2.66644805294023,7.54282342726852));
#1013=CARTESIAN_POINT('',(101.357585544485,2.55927066840326,7.57987952895413));
#1014=CARTESIAN_POINT('',(101.255783753988,2.45976359567804,7.61268331166818));
#1015=CARTESIAN_POINT('',(101.172927741336,2.3723787691031,7.64027755442533));
#1016=CARTESIAN_POINT('',(101.103449441347,2.29473548895758,7.66396641190094));
#1017=CARTESIAN_POINT('',(101.03578259418,2.21448770316792,7.68756511058502));
#1018=CARTESIAN_POINT('',(100.968160903699,2.12898857186449,7.71168298858685));
#1019=CARTESIAN_POINT('',(100.909651509823,2.0501188476267,7.73298508196337));
#1020=CARTESIAN_POINT('',(100.859265038633,1.97829501974659,7.75163309176613));
#1021=CARTESIAN_POINT('',(100.808542555629,1.90245654559969,7.77065357362068));
#1022=CARTESIAN_POINT('',(100.742813887246,1.79798226503299,7.79569252990239));
#1023=CARTESIAN_POINT('',(100.653361700311,1.64166623877067,7.83052114704));
#1024=CARTESIAN_POINT('',(100.551905704735,1.43660375006966,7.87114382880401));
#1025=CARTESIAN_POINT('',(100.460624918047,1.21224318275977,7.9087174987276));
#1026=CARTESIAN_POINT('',(100.395126719774,1.01328410346831,7.9362276389679));
#1027=CARTESIAN_POINT('',(100.352762186283,0.857791834287084,7.95424070511173));
#1028=CARTESIAN_POINT('',(100.322076898632,0.725323320757403,7.96738891761871));
#1029=CARTESIAN_POINT('',(100.297316276926,0.597063746480736,7.9780680244469));
#1030=CARTESIAN_POINT('',(100.278115117057,0.471504966098914,7.98639460241736));
#1031=CARTESIAN_POINT('',(100.265494245328,0.364340322493585,7.9918877194366));
#1032=CARTESIAN_POINT('',(100.257327718332,0.27388836799297,7.99544996475346));
#1033=CARTESIAN_POINT('',(100.251874974929,0.192123653534546,7.99783212926033));
#1034=CARTESIAN_POINT('',(100.248350155123,0.110566374653759,7.99937379541476));
#1035=CARTESIAN_POINT('',(100.247073914697,0.0465734676927862,7.99993251495927));
#1036=CARTESIAN_POINT('',(100.246849308631,-0.00719199324699344,8.00003108368852));
#1037=CARTESIAN_POINT('',(100.247237569357,-0.0605279494521766,7.99986152384793));
#1038=CARTESIAN_POINT('',(100.249045975041,-0.130172392275443,7.99907083656925));
#1039=CARTESIAN_POINT('',(100.252847779534,-0.208440137253338,7.99740932576863));
#1040=CARTESIAN_POINT('',(100.258275150967,-0.285061229034748,7.99503974271705));
#1041=CARTESIAN_POINT('',(100.265252827917,-0.360313682432464,7.9919975664931));
#1042=CARTESIAN_POINT('',(100.275179253708,-0.447131821054635,7.98767743927616));
#1043=CARTESIAN_POINT('',(100.289811898659,-0.550552387835566,7.98132546212493));
#1044=CARTESIAN_POINT('',(100.311763718931,-0.674952082331444,7.97183715287774));
#1045=CARTESIAN_POINT('',(100.342290139848,-0.816279955801782,7.95872121516352));
#1046=CARTESIAN_POINT('',(100.386694425721,-0.985488137710946,7.93980134643734));
#1047=CARTESIAN_POINT('',(100.451834651567,-1.18774553390672,7.91239571028624));
#1048=CARTESIAN_POINT('',(100.537204076487,-1.40229602415668,7.87717259286725));
#1049=CARTESIAN_POINT('',(100.628362500038,-1.59268610117976,7.84049414518231));
#1050=CARTESIAN_POINT('',(100.706618111928,-1.73562231815131,7.80975779866903));
#1051=CARTESIAN_POINT('',(100.764625192325,-1.83262439276491,7.7873996958712));
#1052=CARTESIAN_POINT('',(100.810043614103,-1.90430234292189,7.77013292219317));
#1053=CARTESIAN_POINT('',(100.851014907329,-1.96606634027158,7.75473674206527));
#1054=CARTESIAN_POINT('',(100.894174620265,-2.02820531822475,7.73871920083028));
#1055=CARTESIAN_POINT('',(100.939822546312,-2.09094729373719,7.72200457429391));
#1056=CARTESIAN_POINT('',(100.987672943242,-2.15371165890387,7.70473518677858));
#1057=CARTESIAN_POINT('',(101.03995816336,-2.21914822235119,7.68615525322277));
#1058=CARTESIAN_POINT('',(101.098951570982,-2.28937343123623,7.66555641778345));
#1059=CARTESIAN_POINT('',(101.176490867925,-2.37661684158798,7.63904853253472));
#1060=CARTESIAN_POINT('',(101.281502404838,-2.48633892787001,7.60420183377394));
#1061=CARTESIAN_POINT('',(101.412973028762,-2.61055042691961,7.56248901854406));
#1062=CARTESIAN_POINT('',(101.548057460192,-2.7247143264121,7.52196946332475));
#1063=CARTESIAN_POINT('',(101.661011003241,-2.8113093822583,7.48988815480672));
#1064=CARTESIAN_POINT('',(101.750757181787,-2.87541524132444,7.46545954907701));
#1065=CARTESIAN_POINT('',(101.829036067947,-2.92821564652586,7.44490372455792));
#1066=CARTESIAN_POINT('',(101.909394581971,-2.97930901487657,7.42460069461215));
#1067=CARTESIAN_POINT('',(101.991941488977,-3.02867679970764,7.40459517994956));
#1068=CARTESIAN_POINT('',(102.076419933685,-3.07608515341529,7.38502150308213));
#1069=CARTESIAN_POINT('',(102.162483215192,-3.12128627216388,7.36602565382078));
#1070=CARTESIAN_POINT('',(102.249636672888,-3.16401348567556,7.34776815279068));
#1071=CARTESIAN_POINT('',(102.337304482357,-3.20402268015248,7.33040456319345));
#1072=CARTESIAN_POINT('',(102.425263923757,-3.24128594019754,7.31399874968966));
#1073=CARTESIAN_POINT('',(102.515595115467,-3.27669543068896,7.29820141620845));
#1074=CARTESIAN_POINT('',(102.611008768284,-3.31105209614017,7.2826782131649));
#1075=CARTESIAN_POINT('',(102.724386489619,-3.34808195939836,7.26573735017373));
#1076=CARTESIAN_POINT('',(102.852258809512,-3.3847173862768,7.24874076038838));
#1077=CARTESIAN_POINT('',(102.990578003919,-3.41820154350384,7.23299818660658));
#1078=CARTESIAN_POINT('',(103.109521605389,-3.44202989059864,7.22167474072035));
#1079=CARTESIAN_POINT('',(103.206328613378,-3.45825581693086,7.21391201096545));
#1080=CARTESIAN_POINT('',(103.284558171088,-3.46955733207357,7.20848206006827));
#1081=CARTESIAN_POINT('',(103.359941723823,-3.4787827017205,7.20403363557285));
#1082=CARTESIAN_POINT('',(103.435468188317,-3.48633373352699,7.20038157075213));
#1083=CARTESIAN_POINT('',(103.501619837389,-3.49153064141733,7.1978622360216));
#1084=CARTESIAN_POINT('',(103.558939208833,-3.49502044180736,7.1961680777466));
#1085=CARTESIAN_POINT('',(103.607626780774,-3.49729101552192,7.19506476724786));
#1086=CARTESIAN_POINT('',(103.654882743152,-3.49884630967356,7.19430851825643));
#1087=CARTESIAN_POINT('',(103.701051885905,-3.49975397514311,7.19386699469395));
#1088=CARTESIAN_POINT('',(103.731642009418,-3.49995431443366,7.19376949738574));
#1089=CARTESIAN_POINT('',(103.746920266343,-3.49995430397672,7.19376951744178));
#1090=CARTESIAN_POINT('',(107.246928684022,3.50003727832466,7.19372914769089));
#1091=CARTESIAN_POINT('',(103.753071316145,3.50004029095987,7.19372768184393));
#1092=VECTOR('',#1093,1.);
#1093=DIRECTION('',(0.99999999999954,-8.62266229389392E-7,4.19532701282413E-7));
#1094=CARTESIAN_POINT('',(107.246911848645,-3.49996272165512,7.19376542228549));
#1095=CARTESIAN_POINT('',(107.246920266278,-3.49996272166524,7.19376542201324));
#1096=CARTESIAN_POINT('',(107.266181890434,-3.4999627974941,7.19376534744129));
#1097=CARTESIAN_POINT('',(107.304732757979,-3.49964445116325,7.1939202998231));
#1098=CARTESIAN_POINT('',(107.362714897811,-3.49820754045405,7.19461919698204));
#1099=CARTESIAN_POINT('',(107.421060869598,-3.49579196529101,7.19579335312386));
#1100=CARTESIAN_POINT('',(107.479854986377,-3.49236999540547,7.19745497600966));
#1101=CARTESIAN_POINT('',(107.546066879,-3.48739188858287,7.19986885542703));
#1102=CARTESIAN_POINT('',(107.619719644088,-3.48036837772513,7.20326776217101));
#1103=CARTESIAN_POINT('',(107.700952815824,-3.4707135650821,7.20792576024526));
#1104=CARTESIAN_POINT('',(107.77631061798,-3.45995505697317,7.21309665269193));
#1105=CARTESIAN_POINT('',(107.845879267689,-3.4485317350476,7.21856484001662));
#1106=CARTESIAN_POINT('',(107.9099520749,-3.43679736595139,7.22415995949618));
#1107=CARTESIAN_POINT('',(107.974956465248,-3.42362470045655,7.23041306488988));
#1108=CARTESIAN_POINT('',(108.041161835578,-3.40888322173378,7.23737610571708));
#1109=CARTESIAN_POINT('',(108.10834706688,-3.39253973474117,7.24505311278926));
#1110=CARTESIAN_POINT('',(108.176797750166,-3.37443043391411,7.25350709761584));
#1111=CARTESIAN_POINT('',(108.24594708038,-3.35461625432647,7.26269392585384));
#1112=CARTESIAN_POINT('',(108.315977491374,-3.33296904376309,7.27265575240265));
#1113=CARTESIAN_POINT('',(108.386772826569,-3.30943956800866,7.28339567346398));
#1114=CARTESIAN_POINT('',(108.458963276385,-3.28370411962568,7.29503775092607));
#1115=CARTESIAN_POINT('',(108.532151284309,-3.25577008081544,7.30755090386539));
#1116=CARTESIAN_POINT('',(108.615520982831,-3.22176452444356,7.32262131027788));
#1117=CARTESIAN_POINT('',(108.708483576713,-3.1808497358462,7.34050849752067));
#1118=CARTESIAN_POINT('',(108.810820777944,-3.13182946245819,7.36156733384118));
#1119=CARTESIAN_POINT('',(108.904773543975,-3.08298365529473,7.38215042251954));
#1120=CARTESIAN_POINT('',(108.990331142982,-3.03528266909118,7.40187991024551));
#1121=CARTESIAN_POINT('',(109.067623161401,-2.98957203858849,7.42046593169245));
#1122=CARTESIAN_POINT('',(109.144519727407,-2.9413731040561,7.43970888702148));
#1123=CARTESIAN_POINT('',(109.223684263934,-2.88882785338377,7.46028279382194));
#1124=CARTESIAN_POINT('',(109.307299729838,-2.82992791272211,7.4828492723883));
#1125=CARTESIAN_POINT('',(109.408061642744,-2.75420864306046,7.5111288944452));
#1126=CARTESIAN_POINT('',(109.520923079925,-2.66222690934601,7.54431546934646));
#1127=CARTESIAN_POINT('',(109.640935839558,-2.55481019093335,7.58138524729358));
#1128=CARTESIAN_POINT('',(109.742574991676,-2.45509676912149,7.61419044693119));
#1129=CARTESIAN_POINT('',(109.825286907696,-2.36754136123777,7.64177838891531));
#1130=CARTESIAN_POINT('',(109.894636355934,-2.28975316908812,7.66545691570029));
#1131=CARTESIAN_POINT('',(109.962169084041,-2.20936230858031,7.68904021314572));
#1132=CARTESIAN_POINT('',(110.029646613539,-2.12371817335661,7.71313656988238));
#1133=CARTESIAN_POINT('',(110.088021669571,-2.04472140019992,7.73441436828706));
#1134=CARTESIAN_POINT('',(110.13828451731,-1.97278727941824,7.75303688884951));
#1135=CARTESIAN_POINT('',(110.188873742237,-1.89683948303021,7.7720269992888));
#1136=CARTESIAN_POINT('',(110.254407671664,-1.7922379477324,7.7970158691012));
#1137=CARTESIAN_POINT('',(110.334148877266,-1.65228031303072,7.82809015396318));
#1138=CARTESIAN_POINT('',(110.413579942178,-1.49422792650924,7.85978768147672));
#1139=CARTESIAN_POINT('',(110.481194593909,-1.34071569538983,7.8873094603404));
#1140=CARTESIAN_POINT('',(110.534716779754,-1.20282177326165,7.90942935090311));
#1141=CARTESIAN_POINT('',(110.577263903777,-1.07878477343161,7.92722404984705));
#1142=CARTESIAN_POINT('',(110.608364278193,-0.976552524693765,7.94035217535431));
#1143=CARTESIAN_POINT('',(110.631727125946,-0.891561651990536,7.9502757703268));
#1144=CARTESIAN_POINT('',(110.65225607081,-0.81010573848481,7.95903593767553));
#1145=CARTESIAN_POINT('',(110.672861402531,-0.71862395340457,7.96787327787375));
#1146=CARTESIAN_POINT('',(110.692694030363,-0.616641481833865,7.97642218523231));
#1147=CARTESIAN_POINT('',(110.710042103248,-0.510612829646589,7.98393272226777));
#1148=CARTESIAN_POINT('',(110.72473733522,-0.399062370539225,7.99031876239045));
#1149=CARTESIAN_POINT('',(110.736373132223,-0.280490602714644,7.99539096093747));
#1150=CARTESIAN_POINT('',(110.743829720738,-0.162124030908324,7.99864870957132));
#1151=CARTESIAN_POINT('',(110.746573390514,-0.0678913135952329,7.99984856171682));
#1152=CARTESIAN_POINT('',(110.747092976375,0.0107989466784929,8.00007550840067));
#1153=CARTESIAN_POINT('',(110.745948311152,0.112911304501075,7.99957425864429));
#1154=CARTESIAN_POINT('',(110.738162659319,0.273697075432275,7.99616792093788));
#1155=CARTESIAN_POINT('',(110.715102795291,0.490171830827984,7.98611209097576));
#1156=CARTESIAN_POINT('',(110.674214304903,0.723573440045569,7.96841293056416));
#1157=CARTESIAN_POINT('',(110.615701857236,0.959486728801368,7.94339016962671));
#1158=CARTESIAN_POINT('',(110.541846673155,1.18868350541646,7.91230787118583));
#1159=CARTESIAN_POINT('',(110.454813777007,1.40616441196005,7.87642436696257));
#1160=CARTESIAN_POINT('',(110.365005848995,1.59371154334204,7.84028919068029));
#1161=CARTESIAN_POINT('',(110.284651148168,1.74040148508999,7.80872902129155));
#1162=CARTESIAN_POINT('',(110.214825413665,1.85651608380889,7.78184619892352));
#1163=CARTESIAN_POINT('',(110.147502964719,1.96010381048755,7.75640525472855));
#1164=CARTESIAN_POINT('',(110.074921504732,2.06348217158252,7.7295417299507));
#1165=CARTESIAN_POINT('',(110.005492179781,2.15510125904036,7.70442800749491));
#1166=CARTESIAN_POINT('',(109.942251413049,2.23335470377591,7.68204027524228));
#1167=CARTESIAN_POINT('',(109.888214394781,2.29692564678288,7.66325342299592));
#1168=CARTESIAN_POINT('',(109.835723337745,2.35589455206622,7.64532130475202));
#1169=CARTESIAN_POINT('',(109.781255027668,2.41444673168224,7.62703963704636));
#1170=CARTESIAN_POINT('',(109.721074843162,2.47618581251591,7.6072352514022));
#1171=CARTESIAN_POINT('',(109.644382304618,2.55088520747938,7.58257484042651));
#1172=CARTESIAN_POINT('',(109.551972813626,2.63504195355498,7.55378869393418));
#1173=CARTESIAN_POINT('',(109.44467621017,2.72518752356798,7.52172087300021));
#1174=CARTESIAN_POINT('',(109.344764956356,2.80250994952514,7.49318863778159));
#1175=CARTESIAN_POINT('',(109.255794963964,2.86663385574748,7.46883679010214));
#1176=CARTESIAN_POINT('',(109.181169213792,2.91742812368642,7.44912658075783));
#1177=CARTESIAN_POINT('',(109.109519652527,2.96365166855231,7.43084916896812));
#1178=CARTESIAN_POINT('',(109.038537420565,3.00710129747912,7.41336979257214));
#1179=CARTESIAN_POINT('',(108.965975228378,3.04917127242778,7.39616271293715));
#1180=CARTESIAN_POINT('',(108.891779605766,3.08983346186326,7.37926506377134));
#1181=CARTESIAN_POINT('',(108.816202008944,3.12890005512141,7.36278211099354));
#1182=CARTESIAN_POINT('',(108.730952816529,3.17036448509631,7.34503301156024));
#1183=CARTESIAN_POINT('',(108.627477264483,3.21710319194998,7.32470309851543));
#1184=CARTESIAN_POINT('',(108.505307052429,3.26700833159939,7.30258061347292));
#1185=CARTESIAN_POINT('',(108.381917777057,3.31169847748555,7.28239734427543));
#1186=CARTESIAN_POINT('',(108.275865218241,3.3458429523594,7.26674997298395));
#1187=CARTESIAN_POINT('',(108.187802499932,3.37153197548949,7.25485825728627));
#1188=CARTESIAN_POINT('',(108.109001119526,3.39253175343047,7.24505975207132));
#1189=CARTESIAN_POINT('',(108.030306329687,3.41155756456146,7.23611824205635));
#1190=CARTESIAN_POINT('',(107.951839087609,3.42862653001239,7.22804440347022));
#1191=CARTESIAN_POINT('',(107.873393885366,3.44382119907656,7.22081564443913));
#1192=CARTESIAN_POINT('',(107.794970644862,3.45716689639228,7.21443415936468));
#1193=CARTESIAN_POINT('',(107.71645297484,3.46870139398209,7.20889428231616));
#1194=CARTESIAN_POINT('',(107.637964705109,3.47842259123709,7.20420766353693));
#1195=CARTESIAN_POINT('',(107.559472521965,3.48635028980269,7.20037372426425));
#1196=CARTESIAN_POINT('',(107.481121254128,3.49248662287693,7.19739872258575));
#1197=CARTESIAN_POINT('',(107.403036340114,3.49684356059319,7.1952824579314));
#1198=CARTESIAN_POINT('',(107.325015766603,3.4994553650883,7.19401237305943));
#1199=CARTESIAN_POINT('',(107.273022374546,3.5000372795922,7.19372902251537));
#1200=CARTESIAN_POINT('',(107.246928684022,3.50003727832466,7.19372914769089));
#1201=CARTESIAN_POINT('',(103.746920266189,-3.49995430397672,7.19376951744178));
#1202=CARTESIAN_POINT('',(104.913584459107,-3.49995710987031,7.19376815230222));
#1203=CARTESIAN_POINT('',(106.080248319777,-3.49995991576311,7.19376678716101));
#1204=CARTESIAN_POINT('',(107.246911848662,-3.49996272165511,7.19376542201817));
#1205=CARTESIAN_POINT('',(-107.246928684022,3.5000372783247,7.19372914769091));
#1206=CARTESIAN_POINT('',(-103.753071316145,3.50004029096007,7.19372768176521));
#1207=CARTESIAN_POINT('',(-107.246928684022,3.50003727832454,7.19372914763151));
#1208=VECTOR('',#1209,1.);
#1209=DIRECTION('',(0.99999999999954,8.62266317600753E-7,-4.19532786443236E-7));
#1210=CARTESIAN_POINT('',(-103.746920266343,-3.49995430397668,7.19376951717451));
#1211=CARTESIAN_POINT('',(-103.746920266343,-3.49995430397657,7.19376951730823));
#1212=CARTESIAN_POINT('',(-103.727612070555,-3.4999543336875,7.19376946493674));
#1213=CARTESIAN_POINT('',(-103.688975349412,-3.49963453870013,7.1939251223206));
#1214=CARTESIAN_POINT('',(-103.630875214781,-3.49819146488261,7.19462701412182));
#1215=CARTESIAN_POINT('',(-103.572413584759,-3.49576593438175,7.19580600110827));
#1216=CARTESIAN_POINT('',(-103.513508652901,-3.49233035108074,7.19747421563613));
#1217=CARTESIAN_POINT('',(-103.447183214007,-3.48733355998393,7.19989711470681));
#1218=CARTESIAN_POINT('',(-103.373415981298,-3.48028532277072,7.20330790523343));
#1219=CARTESIAN_POINT('',(-103.292069932254,-3.47059894550472,7.20798097036261));
#1220=CARTESIAN_POINT('',(-103.216619780203,-3.45980787851933,7.2131672699938));
#1221=CARTESIAN_POINT('',(-103.146978388749,-3.44835285223588,7.21865031306146));
#1222=CARTESIAN_POINT('',(-103.082853314481,-3.43658941724533,7.22425890521203));
#1223=CARTESIAN_POINT('',(-103.017806142102,-3.42338716426165,7.23052555738238));
#1224=CARTESIAN_POINT('',(-102.951568266749,-3.40861612691824,7.2375019299176));
#1225=CARTESIAN_POINT('',(-102.884358726394,-3.39224316540637,7.2451920036142));
#1226=CARTESIAN_POINT('',(-102.815892931328,-3.37410507851222,7.25365847827615));
#1227=CARTESIAN_POINT('',(-102.74673453452,-3.35426258709189,7.26285730489757));
#1228=CARTESIAN_POINT('',(-102.676700912355,-3.33258772322666,7.27283052856787));
#1229=CARTESIAN_POINT('',(-102.60590691958,-3.30903115734087,7.28358126904193));
#1230=CARTESIAN_POINT('',(-102.533724310484,-3.28326990387936,7.29523322430941));
#1231=CARTESIAN_POINT('',(-102.46054950482,-3.25531146476271,7.3077552522351));
#1232=CARTESIAN_POINT('',(-102.377202704147,-3.22128129371582,7.32283394831155));
#1233=CARTESIAN_POINT('',(-102.284272150091,-3.18034234683034,7.34072840084152));
#1234=CARTESIAN_POINT('',(-102.181976639007,-3.13129957428713,7.36179279352707));
#1235=CARTESIAN_POINT('',(-102.088066131255,-3.08243649505456,7.38237894163624));
#1236=CARTESIAN_POINT('',(-102.002549638654,-3.03472252006601,7.40210960680895));
#1237=CARTESIAN_POINT('',(-101.925296122199,-2.98900208936398,7.42069554705917));
#1238=CARTESIAN_POINT('',(-101.848438202368,-2.94079480954183,7.4399375120232));
#1239=CARTESIAN_POINT('',(-101.769312468231,-2.88824155963136,7.46050981408185));
#1240=CARTESIAN_POINT('',(-101.685736064187,-2.82933308726493,7.48307422513721));
#1241=CARTESIAN_POINT('',(-101.585016814661,-2.75360164058919,7.5113514941574));
#1242=CARTESIAN_POINT('',(-101.472199656201,-2.66160472344101,7.54453507207438));
#1243=CARTESIAN_POINT('',(-101.35223099192,-2.55416994942539,7.58160105263333));
#1244=CARTESIAN_POINT('',(-101.250626975031,-2.45443891457008,7.61440260190424));
#1245=CARTESIAN_POINT('',(-101.167941825625,-2.36686647336121,7.64198749711612));
#1246=CARTESIAN_POINT('',(-101.098612902017,-2.28906088444091,7.66566373289456));
#1247=CARTESIAN_POINT('',(-101.0311001392,-2.20865163140104,7.68924445286017));
#1248=CARTESIAN_POINT('',(-100.96364325738,-2.12298807897962,7.71333762214684));
#1249=CARTESIAN_POINT('',(-100.905287245854,-2.04397415780057,7.73461192507737));
#1250=CARTESIAN_POINT('',(-100.855041654746,-1.97202483984353,7.75323088929733));
#1251=CARTESIAN_POINT('',(-100.804469654896,-1.89605992041692,7.77221728406738));
#1252=CARTESIAN_POINT('',(-100.738959334553,-1.79143491878433,7.79720053608661));
#1253=CARTESIAN_POINT('',(-100.652509010274,-1.63960831255911,7.83089351601086));
#1254=CARTESIAN_POINT('',(-100.55836426048,-1.4493981136649,7.8685760805248));
#1255=CARTESIAN_POINT('',(-100.477237005194,-1.25406068345758,7.90187097405868));
#1256=CARTESIAN_POINT('',(-100.420325315339,-1.09115975150665,7.92564226662125));
#1257=CARTESIAN_POINT('',(-100.385254040056,-0.975777663345639,7.9404473054181));
#1258=CARTESIAN_POINT('',(-100.361920316527,-0.890818815790096,7.95035893809662));
#1259=CARTESIAN_POINT('',(-100.343535540532,-0.81780543899371,7.95820439572037));
#1260=CARTESIAN_POINT('',(-100.326533762832,-0.743540738829569,7.96549053755364));
#1261=CARTESIAN_POINT('',(-100.310918563438,-0.667725255084422,7.97220852127145));
#1262=CARTESIAN_POINT('',(-100.296821020795,-0.590625681127419,7.97829497808213));
#1263=CARTESIAN_POINT('',(-100.282877529183,-0.503277484600275,7.98433381660103));
#1264=CARTESIAN_POINT('',(-100.269978074066,-0.405845809023912,7.98993881963895));
#1265=CARTESIAN_POINT('',(-100.259092015829,-0.298242432944792,7.99468263911516));
#1266=CARTESIAN_POINT('',(-100.251131632693,-0.18444131668173,7.99815882414984));
#1267=CARTESIAN_POINT('',(-100.247506718551,-0.0848941468039839,7.99974391327798));
#1268=CARTESIAN_POINT('',(-100.246686989904,0.00366270718100978,8.00010203617104));
#1269=CARTESIAN_POINT('',(-100.247752665783,0.10233043579392,7.99963524310437));
#1270=CARTESIAN_POINT('',(-100.25380189078,0.240208210319371,7.99698846825718));
#1271=CARTESIAN_POINT('',(-100.271352370217,0.430104327262818,7.98932925111661));
#1272=CARTESIAN_POINT('',(-100.30653598478,0.6603423760765,7.97405812973085));
#1273=CARTESIAN_POINT('',(-100.365263355418,0.916565866357563,7.94884215352763));
#1274=CARTESIAN_POINT('',(-100.445880442077,1.17310691128681,7.91483498274201));
#1275=CARTESIAN_POINT('',(-100.537799443981,1.40366550313203,7.87691517342912));
#1276=CARTESIAN_POINT('',(-100.629166813446,1.5943749538481,7.84015507142133));
#1277=CARTESIAN_POINT('',(-100.709604658617,1.7411364920539,7.80856542750546));
#1278=CARTESIAN_POINT('',(-100.779486376839,1.8572783301338,7.7816643617973));
#1279=CARTESIAN_POINT('',(-100.846848170119,1.96086788336825,7.75621210045228));
#1280=CARTESIAN_POINT('',(-100.919462016399,2.06423468948824,7.72934074057443));
#1281=CARTESIAN_POINT('',(-100.988917641796,2.15583820557104,7.70422176832178));
#1282=CARTESIAN_POINT('',(-101.052178962346,2.23407477019411,7.68183085279962));
#1283=CARTESIAN_POINT('',(-101.106231478587,2.29762996493774,7.66304224171808));
#1284=CARTESIAN_POINT('',(-101.158736757981,2.3565835936974,7.64510890707989));
#1285=CARTESIAN_POINT('',(-101.213219008546,2.41511992018719,7.62682645520515));
#1286=CARTESIAN_POINT('',(-101.273413727352,2.47684154577163,7.60702172399373));
#1287=CARTESIAN_POINT('',(-101.350123572364,2.55151874472223,7.58236159084437));
#1288=CARTESIAN_POINT('',(-101.442552296464,2.63564899873872,7.55357678176195));
#1289=CARTESIAN_POINT('',(-101.549869226745,2.72576420883836,7.5215117846408));
#1290=CARTESIAN_POINT('',(-101.649797670172,2.80305871242922,7.49298328322473));
#1291=CARTESIAN_POINT('',(-101.738781694969,2.86715797146909,7.46863555186311));
#1292=CARTESIAN_POINT('',(-101.813418345716,2.91793166296061,7.44892930582821));
#1293=CARTESIAN_POINT('',(-101.885077679516,2.9641355694637,7.43065611479241));
#1294=CARTESIAN_POINT('',(-101.956071255818,3.00756725993026,7.41318072964121));
#1295=CARTESIAN_POINT('',(-102.028649130894,3.04962155657855,7.39597703265672));
#1296=CARTESIAN_POINT('',(-102.102869719724,3.09027250685354,7.3790811949169));
#1297=CARTESIAN_POINT('',(-102.178481910265,3.12933164106945,7.3625986798575));
#1298=CARTESIAN_POINT('',(-102.263791136107,3.17079634414764,7.34484660244429));
#1299=CARTESIAN_POINT('',(-102.367368715954,3.21754458403161,7.32450926240692));
#1300=CARTESIAN_POINT('',(-102.489697532654,3.26746752684299,7.30237522087141));
#1301=CARTESIAN_POINT('',(-102.61328477979,3.3121760401038,7.28218019325285));
#1302=CARTESIAN_POINT('',(-102.719551950725,3.34633785871879,7.26652210941429));
#1303=CARTESIAN_POINT('',(-102.807835191811,3.37204318784356,7.25462068258212));
#1304=CARTESIAN_POINT('',(-102.886876599491,3.39305918876889,7.24481277131076));
#1305=CARTESIAN_POINT('',(-102.965840285558,3.41209693091418,7.23586393722843));
#1306=CARTESIAN_POINT('',(-103.044610948804,3.42917286010984,7.22778522952708));
#1307=CARTESIAN_POINT('',(-103.123382118202,3.44436489445892,7.2205563088421));
#1308=CARTESIAN_POINT('',(-103.202155503485,3.4576972579498,7.21417997139179));
#1309=CARTESIAN_POINT('',(-103.281041763257,3.469205354958,7.20865175012871));
#1310=CARTESIAN_POINT('',(-103.359921936124,3.47888648147019,7.20398363966671));
#1311=CARTESIAN_POINT('',(-103.438819341598,3.48675796411039,7.20017629319258));
#1312=CARTESIAN_POINT('',(-103.517585587106,3.49282104820179,7.19723640657294));
#1313=CARTESIAN_POINT('',(-103.596120053348,3.49708870230608,7.1951633120022));
#1314=CARTESIAN_POINT('',(-103.672526027195,3.4995253329027,7.193978261335));
#1315=CARTESIAN_POINT('',(-103.72480821533,3.5000669263397,7.19371472367341));
#1316=CARTESIAN_POINT('',(-103.751020904742,3.50004389456286,7.19372592834356));
#1317=CARTESIAN_POINT('',(-103.753071316145,3.50004029096007,7.1937276818438));
#1318=CARTESIAN_POINT('',(-107.246911848645,-3.49996272165508,7.19376542201823));
#1319=CARTESIAN_POINT('',(-103.746920266654,-3.49995430397668,7.19376951744184));
#1320=CARTESIAN_POINT('',(-104.913584459573,-3.49995710987028,7.19376815230228));
#1321=CARTESIAN_POINT('',(-106.080248320242,-3.49995991576308,7.19376678716107));
#1322=CARTESIAN_POINT('',(-107.24691184843,-3.49996272165507,7.19376542201823));
#1323=CARTESIAN_POINT('',(-107.246928684022,3.50003727832458,7.19372914769096));
#1324=CARTESIAN_POINT('',(-107.26619544364,3.50003726148426,7.19372911820532));
#1325=CARTESIAN_POINT('',(-107.304750866691,3.499718731931,7.19388416381251));
#1326=CARTESIAN_POINT('',(-107.362730792875,3.49828155534902,7.19458320860912));
#1327=CARTESIAN_POINT('',(-107.421076920634,3.49586572624465,7.19575751885547));
#1328=CARTESIAN_POINT('',(-107.479870588127,3.49244350779675,7.19741930570955));
#1329=CARTESIAN_POINT('',(-107.546082173381,3.4874651319338,7.19983337827504));
#1330=CARTESIAN_POINT('',(-107.619734532517,3.48044133614597,7.20323251091564));
#1331=CARTESIAN_POINT('',(-107.700967271906,3.47078622758016,7.20789077202689));
#1332=CARTESIAN_POINT('',(-107.776324663322,3.46002746208496,7.2130619213822));
#1333=CARTESIAN_POINT('',(-107.845892933251,3.44860391631107,7.21853035650783));
#1334=CARTESIAN_POINT('',(-107.90996539077,3.4368693517199,7.22412571296763));
#1335=CARTESIAN_POINT('',(-107.974969423748,3.42369649943655,7.23037906759234));
#1336=CARTESIAN_POINT('',(-108.041174428248,3.40895484227758,7.23734237143981));
#1337=CARTESIAN_POINT('',(-108.108359285764,3.39261118658373,7.2450196548401));
#1338=CARTESIAN_POINT('',(-108.17680958668,3.37450172651678,7.25347393115409));
#1339=CARTESIAN_POINT('',(-108.24595852708,3.35468739967902,7.26266106387984));
#1340=CARTESIAN_POINT('',(-108.31598853939,3.33304005423779,7.27262320903836));
#1341=CARTESIAN_POINT('',(-108.386783466936,3.30951045720999,7.28336346261626));
#1342=CARTESIAN_POINT('',(-108.458973497098,3.28377490090075,7.29500589016833));
#1343=CARTESIAN_POINT('',(-108.53216107439,3.25584076978067,7.30751940937842));
#1344=CARTESIAN_POINT('',(-108.615530275793,3.22183512894388,7.32259024619354));
#1345=CARTESIAN_POINT('',(-108.708492304599,3.18092027573738,7.34047793081693));
#1346=CARTESIAN_POINT('',(-108.810828871074,3.1318999708653,7.36153733767317));
#1347=CARTESIAN_POINT('',(-108.904781047001,3.08305417161196,7.38212097305401));
#1348=CARTESIAN_POINT('',(-108.990338105666,3.0353532222064,7.40185097849859));
#1349=CARTESIAN_POINT('',(-109.067629641595,2.98964264429585,7.42043748582444));
#1350=CARTESIAN_POINT('',(-109.144525735088,2.94144378047565,7.43968094418655));
#1351=CARTESIAN_POINT('',(-109.223689809323,2.88889861071626,7.46025539456088));
#1352=CARTESIAN_POINT('',(-109.307304815413,2.82999876133338,7.4828224782937));
#1353=CARTESIAN_POINT('',(-109.408066227889,2.75427959388908,7.51110287834915));
#1354=CARTESIAN_POINT('',(-109.520927123505,2.66229800080056,7.54429038323121));
#1355=CARTESIAN_POINT('',(-109.640939301773,2.55488149169243,7.58136122033263));
#1356=CARTESIAN_POINT('',(-109.742577966108,2.45516829391881,7.61416738464609));
#1357=CARTESIAN_POINT('',(-109.825289477288,2.36761311371054,7.64175615847786));
#1358=CARTESIAN_POINT('',(-109.894638516634,2.2898252192249,7.66543539274146));
#1359=CARTESIAN_POINT('',(-109.962170809211,2.20943473471267,7.68901940111659));
#1360=CARTESIAN_POINT('',(-110.029647896717,2.12379103790784,7.71311650615378));
#1361=CARTESIAN_POINT('',(-110.08802258684,2.04479467453871,7.73439499598001));
#1362=CARTESIAN_POINT('',(-110.138285160774,1.97286088871429,7.75301815781702));
#1363=CARTESIAN_POINT('',(-110.188874458426,1.89691293842843,7.77200907488933));
#1364=CARTESIAN_POINT('',(-110.256272995445,1.78933509803879,7.7977100305216));
#1365=CARTESIAN_POINT('',(-110.348783299601,1.62639744156244,7.83379192645238));
#1366=CARTESIAN_POINT('',(-110.454642111512,1.40889083557663,7.87629736019267));
#1367=CARTESIAN_POINT('',(-110.548028173267,1.17219391418755,7.9148826518329));
#1368=CARTESIAN_POINT('',(-110.614008120742,0.961736459327251,7.94270166279493));
#1369=CARTESIAN_POINT('',(-110.656646288585,0.794422362316399,7.96089662149954));
#1370=CARTESIAN_POINT('',(-110.686270630303,0.653597476568115,7.97363818892241));
#1371=CARTESIAN_POINT('',(-110.709092452562,0.519157661038744,7.98351363159783));
#1372=CARTESIAN_POINT('',(-110.724846919259,0.39811971996953,7.99036311117228));
#1373=CARTESIAN_POINT('',(-110.735207842944,0.291206621251575,7.9948803908177));
#1374=CARTESIAN_POINT('',(-110.741584196624,0.200034407691584,7.99766556306644));
#1375=CARTESIAN_POINT('',(-110.745454851611,0.112588756322781,7.99935835509909));
#1376=CARTESIAN_POINT('',(-110.746771428959,0.0465445294470766,7.99993466803481));
#1377=CARTESIAN_POINT('',(-110.746989515122,-0.00790713065048631,8.00003033326636));
#1378=CARTESIAN_POINT('',(-110.746595689725,-0.0610544171412314,7.99985827917524));
#1379=CARTESIAN_POINT('',(-110.744768004823,-0.130844146052123,7.99905909115614));
#1380=CARTESIAN_POINT('',(-110.740964265001,-0.208903960168095,7.99739666206751));
#1381=CARTESIAN_POINT('',(-110.735538537817,-0.285388750966896,7.9950277312332));
#1382=CARTESIAN_POINT('',(-110.728562650974,-0.360560788955302,7.99198627359577));
#1383=CARTESIAN_POINT('',(-110.718629611052,-0.447389734440872,7.98766320094252));
#1384=CARTESIAN_POINT('',(-110.703972615148,-0.550926607223252,7.98130059343068));
#1385=CARTESIAN_POINT('',(-110.681958686895,-0.675583243131032,7.97178546881479));
#1386=CARTESIAN_POINT('',(-110.65130203326,-0.817359492671467,7.95861390913815));
#1387=CARTESIAN_POINT('',(-110.606696241848,-0.98706780103981,7.93960946317696));
#1388=CARTESIAN_POINT('',(-110.541381035638,-1.18948069772516,7.91213391656428));
#1389=CARTESIAN_POINT('',(-110.456259536621,-1.40307244006161,7.8770193734942));
#1390=CARTESIAN_POINT('',(-110.364997619805,-1.59365264789051,7.84030107166434));
#1391=CARTESIAN_POINT('',(-110.284646409382,-1.74033502501937,7.80874380288937));
#1392=CARTESIAN_POINT('',(-110.214822904041,-1.85644548361946,7.78186302974412));
#1393=CARTESIAN_POINT('',(-110.147501368956,-1.96003160059786,7.75642349839259));
#1394=CARTESIAN_POINT('',(-110.074920095019,-2.06340954409687,7.72956111623455));
#1395=CARTESIAN_POINT('',(-110.005490679932,-2.15502862705174,7.70444832371858));
#1396=CARTESIAN_POINT('',(-109.942249670619,-2.23328225438483,7.68206133776141));
#1397=CARTESIAN_POINT('',(-109.888212406849,-2.29685337904239,7.66327508353374));
#1398=CARTESIAN_POINT('',(-109.835721142233,-2.35582241009697,7.64534353463046));
#1399=CARTESIAN_POINT('',(-109.781252641879,-2.41437468148697,7.62706244491293));
#1400=CARTESIAN_POINT('',(-109.721072249477,-2.47611385009538,7.60725867473839));
#1401=CARTESIAN_POINT('',(-109.64437942672,-2.55081336069781,7.58259900981231));
#1402=CARTESIAN_POINT('',(-109.551969566375,-2.63497024487122,7.55381370747248));
#1403=CARTESIAN_POINT('',(-109.444672517721,-2.72511595255699,7.52174680270259));
#1404=CARTESIAN_POINT('',(-109.344760816687,-2.80243849778679,7.49321536036143));
#1405=CARTESIAN_POINT('',(-109.25579039749,-2.86656250324024,7.46886417540133));
#1406=CARTESIAN_POINT('',(-109.181164264731,-2.91735685176647,7.44915449353808));
#1407=CARTESIAN_POINT('',(-109.109514327148,-2.96358046205903,7.43087756766593));
#1408=CARTESIAN_POINT('',(-109.038531715203,-3.00703014333925,7.41339865430953));
#1409=CARTESIAN_POINT('',(-108.965969132462,-3.0491001558596,7.39619203104281));
#1410=CARTESIAN_POINT('',(-108.891773104702,-3.08976236944039,7.3792948307633));
#1411=CARTESIAN_POINT('',(-108.816195090846,-3.12882897166526,7.36281231801322));
#1412=CARTESIAN_POINT('',(-108.730945416379,-3.17029339726651,7.34506369462464));
#1413=CARTESIAN_POINT('',(-108.627469266241,-3.2170320756747,7.32473433255192));
#1414=CARTESIAN_POINT('',(-108.505298337024,-3.26693714180658,7.30261246083966));
#1415=CARTESIAN_POINT('',(-108.381908334878,-3.31162716483629,7.28242977283205));
#1416=CARTESIAN_POINT('',(-108.275855141588,-3.34577149941268,7.26678287135446));
#1417=CARTESIAN_POINT('',(-108.18779188301,-3.37146038523394,7.25489152653152));
#1418=CARTESIAN_POINT('',(-108.108990004147,-3.39246002490591,7.24509333857229));
#1419=CARTESIAN_POINT('',(-108.030294709248,-3.41148567989227,7.23615213228454));
#1420=CARTESIAN_POINT('',(-107.95182695334,-3.42855447177369,7.22807858365635));
#1421=CARTESIAN_POINT('',(-107.873381234054,-3.44374894752782,7.22085010268313));
#1422=CARTESIAN_POINT('',(-107.794957471117,-3.45709443168575,7.21446888390483));
#1423=CARTESIAN_POINT('',(-107.716439280584,-3.46862869500154,7.20892926223101));
#1424=CARTESIAN_POINT('',(-107.637950473618,-3.47834963731679,7.20424288741906));
#1425=CARTESIAN_POINT('',(-107.559457801011,-3.48627705923646,7.20040918119641));
#1426=CARTESIAN_POINT('',(-107.481105869114,-3.49241309435094,7.19743440121625));
#1427=CARTESIAN_POINT('',(-107.403020835584,-3.49676971898899,7.19531834376091));
#1428=CARTESIAN_POINT('',(-107.324997848536,-3.49938117880481,7.19404845972581));
#1429=CARTESIAN_POINT('',(-107.273008836763,-3.49996284844146,7.19376523577374));
#1430=CARTESIAN_POINT('',(-107.24692026626,-3.4999627216652,7.1937654220133));
#1431=CARTESIAN_POINT('',(117.5,0.,-6.00000000000002));
#1432=AXIS2_PLACEMENT_3D('',#1433,#1434,#1435);
#1433=CARTESIAN_POINT('',(117.5,0.,-2.15843998349721E-14));
#1434=DIRECTION('',(1.,0.,-1.83697019872103E-16));
#1435=DIRECTION('',(-1.83697019872103E-16,1.22464679914735E-16,-1.));
#1436=CARTESIAN_POINT('',(110.746920266135,-9.86076131526265E-32,-6.00000000000002));
#1437=CARTESIAN_POINT('',(107.246911848645,-3.49996272165512,-4.87342394466346));
#1438=CARTESIAN_POINT('',(107.246920266233,-3.49996272166524,-4.87342394492351));
#1439=CARTESIAN_POINT('',(107.273958711313,-3.49996301233156,-4.87342352609095));
#1440=CARTESIAN_POINT('',(107.323336187497,-3.49939088430405,-4.87383479335101));
#1441=CARTESIAN_POINT('',(107.392590867816,-3.49712127408602,-4.87546369225692));
#1442=CARTESIAN_POINT('',(107.452875979645,-3.49405297275146,-4.87766333563654));
#1443=CARTESIAN_POINT('',(107.50875591451,-3.49029534407208,-4.88035312737935));
#1444=CARTESIAN_POINT('',(107.56316609414,-3.48578898285759,-4.88357321371771));
#1445=CARTESIAN_POINT('',(107.618822156235,-3.48030300182114,-4.88748495285335));
#1446=CARTESIAN_POINT('',(107.67678858725,-3.47363614942871,-4.8922263573212));
#1447=CARTESIAN_POINT('',(107.736752161892,-3.46569868118489,-4.89785356923597));
#1448=CARTESIAN_POINT('',(107.798146294945,-3.45647135381943,-4.90437089736373));
#1449=CARTESIAN_POINT('',(107.860273906684,-3.44599611866476,-4.91173822452748));
#1450=CARTESIAN_POINT('',(107.923090531153,-3.43422678139774,-4.9199758768798));
#1451=CARTESIAN_POINT('',(107.986037170227,-3.42123276349142,-4.92902197733868));
#1452=CARTESIAN_POINT('',(108.048998874931,-3.40702297516203,-4.93885634476876));
#1453=CARTESIAN_POINT('',(108.111937021722,-3.39159300842366,-4.94946696837049));
#1454=CARTESIAN_POINT('',(108.175093959476,-3.37485938754333,-4.96089421682761));
#1455=CARTESIAN_POINT('',(108.23830869984,-3.35683615853059,-4.97310971796425));
#1456=CARTESIAN_POINT('',(108.301759976361,-3.33744535465675,-4.9861460569746));
#1457=CARTESIAN_POINT('',(108.365499297809,-3.31663318968303,-5.0000167887707));
#1458=CARTESIAN_POINT('',(108.429975996091,-3.2941938789982,-5.01483246430315));
#1459=CARTESIAN_POINT('',(108.494994926486,-3.27012211746705,-5.03056621639382));
#1460=CARTESIAN_POINT('',(108.56085401344,-3.24423053199803,-5.04730674464736));
#1461=CARTESIAN_POINT('',(108.627355223185,-3.2165092280988,-5.06502268700565));
#1462=CARTESIAN_POINT('',(108.694778743452,-3.18674022575722,-5.08381018060188));
#1463=CARTESIAN_POINT('',(108.762566331756,-3.15507220604837,-5.10352930034012));
#1464=CARTESIAN_POINT('',(108.830794152451,-3.12138771827786,-5.12420586819101));
#1465=CARTESIAN_POINT('',(108.899194963849,-3.08573803353931,-5.1457587077365));
#1466=CARTESIAN_POINT('',(108.968108257026,-3.04784861906258,-5.16829773281164));
#1467=CARTESIAN_POINT('',(109.037138355989,-3.007832083112,-5.19169531428593));
#1468=CARTESIAN_POINT('',(109.108957138508,-2.96396257066498,-5.21688114931631));
#1469=CARTESIAN_POINT('',(109.185659396967,-2.91447799102028,-5.24471748242456));
#1470=CARTESIAN_POINT('',(109.279788043656,-2.85000687860816,-5.28012625998929));
#1471=CARTESIAN_POINT('',(109.38705245708,-2.77074902759463,-5.32226224705999));
#1472=CARTESIAN_POINT('',(109.503273374175,-2.6769608165454,-5.37007855447423));
#1473=CARTESIAN_POINT('',(109.610987976774,-2.582167130777,-5.41628300456858));
#1474=CARTESIAN_POINT('',(109.71509917738,-2.48285048502645,-5.46254687240677));
#1475=CARTESIAN_POINT('',(109.813173193626,-2.38144172538318,-5.5075648860073));
#1476=CARTESIAN_POINT('',(109.902833457847,-2.28064883242559,-5.54998167114673));
#1477=CARTESIAN_POINT('',(109.974719343674,-2.1936757352281,-5.58480855660601));
#1478=CARTESIAN_POINT('',(110.032444603396,-2.11968519860955,-5.61325654998322));
#1479=CARTESIAN_POINT('',(110.088127213661,-2.04465460910949,-5.64107960609018));
#1480=CARTESIAN_POINT('',(110.152178808217,-1.95309953855879,-5.67357447192778));
#1481=CARTESIAN_POINT('',(110.224425197757,-1.84152108683608,-5.7108916617134));
#1482=CARTESIAN_POINT('',(110.294952150689,-1.72213850098366,-5.74800212013762));
#1483=CARTESIAN_POINT('',(110.364453252211,-1.59310816424634,-5.78515888256128));
#1484=CARTESIAN_POINT('',(110.438451025429,-1.44086433385807,-5.82533254287863));
#1485=CARTESIAN_POINT('',(110.515449185998,-1.2578688952428,-5.86787814672121));
#1486=CARTESIAN_POINT('',(110.580918099351,-1.07068997139005,-5.90465061976413));
#1487=CARTESIAN_POINT('',(110.625179056203,-0.918166826958304,-5.92979365237476));
#1488=CARTESIAN_POINT('',(110.653412102533,-0.805401596171349,-5.94593509821675));
#1489=CARTESIAN_POINT('',(110.67271724171,-0.718501378707922,-5.95701874162443));
#1490=CARTESIAN_POINT('',(110.68875924287,-0.637047793962851,-5.96625980007993));
#1491=CARTESIAN_POINT('',(110.702424836747,-0.558196335801232,-5.97415411689154));
#1492=CARTESIAN_POINT('',(110.714290337235,-0.479006604456226,-5.9810253682437));
#1493=CARTESIAN_POINT('',(110.724342237375,-0.399554953324526,-5.98685852661609));
#1494=CARTESIAN_POINT('',(110.732573800606,-0.319895310146127,-5.99164357502203));
#1495=CARTESIAN_POINT('',(110.738979731671,-0.240082779212586,-5.99537243662218));
#1496=CARTESIAN_POINT('',(110.743558643709,-0.160140163606953,-5.99804044523546));
#1497=CARTESIAN_POINT('',(110.746307782549,-0.080115098717542,-5.9996431439918));
#1498=CARTESIAN_POINT('',(110.746920072124,-0.0267056761999389,-6.00000014085332));
#1499=CARTESIAN_POINT('',(110.746920266135,-1.27696339003014E-11,-6.00000000000002));
#1500=CARTESIAN_POINT('',(103.746920266343,-3.49995430397672,-4.87342999027308));
#1501=CARTESIAN_POINT('',(107.246911848895,-3.49996272165512,-4.87342394493078));
#1502=CARTESIAN_POINT('',(106.080248711864,-3.49995991576406,-4.87342596004669));
#1503=CARTESIAN_POINT('',(104.913584850961,-3.49995710987126,-4.87342797516017));
#1504=CARTESIAN_POINT('',(103.746920266654,-3.49995430397672,-4.87342999027123));
#1505=CARTESIAN_POINT('',(100.246920266641,-9.86076131526265E-32,-6.00000000000002));
#1506=CARTESIAN_POINT('',(100.246920266641,-8.90743771197803E-15,-6.00000000000002));
#1507=CARTESIAN_POINT('',(100.2469205429,-0.0290665028443773,-6.00000018367753));
#1508=CARTESIAN_POINT('',(100.247646629525,-0.0872407805829818,-5.99957685217161));
#1509=CARTESIAN_POINT('',(100.250908885554,-0.174441605588722,-5.99767519211369));
#1510=CARTESIAN_POINT('',(100.256356391317,-0.26171194681577,-5.99450171284469));
#1511=CARTESIAN_POINT('',(100.263999575322,-0.3489955464618,-5.99005440225975));
#1512=CARTESIAN_POINT('',(100.273864325965,-0.436380237100586,-5.98432377162773));
#1513=CARTESIAN_POINT('',(100.285967121951,-0.52379816020477,-5.97730757966223));
#1514=CARTESIAN_POINT('',(100.300339107707,-0.611269980060465,-5.96899692789444));
#1515=CARTESIAN_POINT('',(100.316969791078,-0.698582083197926,-5.95940885872344));
#1516=CARTESIAN_POINT('',(100.335866663944,-0.785679867772584,-5.94855184411824));
#1517=CARTESIAN_POINT('',(100.357012945206,-0.872417393530879,-5.93645012364197));
#1518=CARTESIAN_POINT('',(100.380427682376,-0.958809440704314,-5.92310934175383));
#1519=CARTESIAN_POINT('',(100.406082279391,-1.04469582783407,-5.90856425011535));
#1520=CARTESIAN_POINT('',(100.435010720866,-1.13320352059618,-5.89225216271846));
#1521=CARTESIAN_POINT('',(100.468573369373,-1.22718955005927,-5.87344559146059));
#1522=CARTESIAN_POINT('',(100.515873072549,-1.34808526110001,-5.84714394702366));
#1523=CARTESIAN_POINT('',(100.580086611358,-1.49409878088781,-5.81184457769199));
#1524=CARTESIAN_POINT('',(100.665044278313,-1.66263451957042,-5.76594476171793));
#1525=CARTESIAN_POINT('',(100.758905494396,-1.82575349357412,-5.71629709446406));
#1526=CARTESIAN_POINT('',(100.857358907735,-1.97741077736939,-5.6654567189811));
#1527=CARTESIAN_POINT('',(100.954936560232,-2.11265297544728,-5.6163137726819));
#1528=CARTESIAN_POINT('',(101.053200973431,-2.23641384788353,-5.56811136050345));
#1529=CARTESIAN_POINT('',(101.153007732337,-2.351372285019,-5.52050203772066));
#1530=CARTESIAN_POINT('',(101.255691462845,-2.45985362723158,-5.47298616370882));
#1531=CARTESIAN_POINT('',(101.356230085142,-2.55744062972992,-5.42798071309689));
#1532=CARTESIAN_POINT('',(101.45138550536,-2.6429048224958,-5.38679282481293));
#1533=CARTESIAN_POINT('',(101.537734749751,-2.71534163028501,-5.35059170493816));
#1534=CARTESIAN_POINT('',(101.613317537673,-2.77490314854859,-5.31988081525576));
#1535=CARTESIAN_POINT('',(101.679948538699,-2.82474712072516,-5.29354529986391));
#1536=CARTESIAN_POINT('',(101.739803923951,-2.86757876492866,-5.27046041079311));
#1537=CARTESIAN_POINT('',(101.800078139341,-2.90883200794985,-5.24780045661783));
#1538=CARTESIAN_POINT('',(101.860829172573,-2.94858339208288,-5.22556475138045));
#1539=CARTESIAN_POINT('',(101.922193410337,-2.98694425432624,-5.20372862192159));
#1540=CARTESIAN_POINT('',(101.9840029942,-3.02383288739593,-5.18237581098851));
#1541=CARTESIAN_POINT('',(102.046296857079,-3.0592979775383,-5.16151521269458));
#1542=CARTESIAN_POINT('',(102.108973613487,-3.09330518288103,-5.14120283792194));
#1543=CARTESIAN_POINT('',(102.172071636444,-3.12589791542803,-5.12144770550261));
#1544=CARTESIAN_POINT('',(102.23548801032,-3.15704627848996,-5.10230202666141));
#1545=CARTESIAN_POINT('',(102.299341091629,-3.18682795383225,-5.08375062862162));
#1546=CARTESIAN_POINT('',(102.363538917767,-3.21521407364269,-5.0658422331128));
#1547=CARTESIAN_POINT('',(102.428069670092,-3.24221507227116,-5.04860044998871));
#1548=CARTESIAN_POINT('',(102.492688837076,-3.26775218875208,-5.03210566385438));
#1549=CARTESIAN_POINT('',(102.557430221618,-3.29186752240644,-5.01636013592827));
#1550=CARTESIAN_POINT('',(102.622110239218,-3.31452195351406,-5.00141732919454));
#1551=CARTESIAN_POINT('',(102.686754703724,-3.33575659836791,-4.98727687609298));
#1552=CARTESIAN_POINT('',(102.75115414236,-3.35553919816099,-4.97398564019193));
#1553=CARTESIAN_POINT('',(102.815477407856,-3.37395697563017,-4.96150858803501));
#1554=CARTESIAN_POINT('',(102.879535744345,-3.39098645112503,-4.94988302248893));
#1555=CARTESIAN_POINT('',(102.943305601094,-3.40665667203177,-4.93910927237941));
#1556=CARTESIAN_POINT('',(103.00638809794,-3.42091716388056,-4.92924098568811));
#1557=CARTESIAN_POINT('',(103.068943540976,-3.43385686200617,-4.92023390080485));
#1558=CARTESIAN_POINT('',(103.130693731282,-3.44546804326319,-4.91210849411271));
#1559=CARTESIAN_POINT('',(103.191682846401,-3.45581302355604,-4.90483467346223));
#1560=CARTESIAN_POINT('',(103.25137322247,-3.46486717124567,-4.89844169094586));
#1561=CARTESIAN_POINT('',(103.31009480127,-3.4727522445154,-4.89285381952531));
#1562=CARTESIAN_POINT('',(103.367428350165,-3.47947690906804,-4.88807319838643));
#1563=CARTESIAN_POINT('',(103.423139533973,-3.48508958283443,-4.88407241715434));
#1564=CARTESIAN_POINT('',(103.476148176458,-3.48959257108724,-4.8808556227924));
#1565=CARTESIAN_POINT('',(103.526912710926,-3.49314993797814,-4.87830998859618));
#1566=CARTESIAN_POINT('',(103.576958390283,-3.49594532562884,-4.87630693176255));
#1567=CARTESIAN_POINT('',(103.62890398943,-3.49809995172032,-4.87476135782952));
#1568=CARTESIAN_POINT('',(103.685800206723,-3.49959090001969,-4.87369104572253));
#1569=CARTESIAN_POINT('',(103.72561692492,-3.49995439070546,-4.87342984211881));
#1570=CARTESIAN_POINT('',(103.746920266343,-3.49995430397628,-4.87342999027247));
#1571=CARTESIAN_POINT('',(103.753071316145,3.50004029096003,-4.8733682357951));
#1572=CARTESIAN_POINT('',(103.753071316145,3.50004029096003,-4.8733682357951));
#1573=CARTESIAN_POINT('',(103.751020987918,3.50004389463649,-4.8733656471528));
#1574=CARTESIAN_POINT('',(103.721733187752,3.50006962970412,-4.87334716608708));
#1575=CARTESIAN_POINT('',(103.668436270174,3.49944749311948,-4.8737940737602));
#1576=CARTESIAN_POINT('',(103.595566882942,3.49699543581345,-4.87555406319464));
#1577=CARTESIAN_POINT('',(103.529786723668,3.49349212346723,-4.87806524036093));
#1578=CARTESIAN_POINT('',(103.467798506647,3.48907428159584,-4.88122652362231));
#1579=CARTESIAN_POINT('',(103.406019815072,3.48359252929762,-4.88514089406735));
#1580=CARTESIAN_POINT('',(103.341920069406,3.47674515898995,-4.89001761247179));
#1581=CARTESIAN_POINT('',(103.27487212799,3.46829607387331,-4.89601526071648));
#1582=CARTESIAN_POINT('',(103.205947316987,3.45822519855983,-4.90313548007652));
#1583=CARTESIAN_POINT('',(103.135821128641,3.446531438671,-4.9113642026585));
#1584=CARTESIAN_POINT('',(103.065186889397,3.43326368900725,-4.9206502355765));
#1585=CARTESIAN_POINT('',(102.99400431376,3.41836280624567,-4.93101581713472));
#1586=CARTESIAN_POINT('',(102.922682267158,3.40187380156987,-4.94240849875188));
#1587=CARTESIAN_POINT('',(102.850984485653,3.38370292164198,-4.95486939174812));
#1588=CARTESIAN_POINT('',(102.779040011943,3.36383644581212,-4.96838140524683));
#1589=CARTESIAN_POINT('',(102.70668858411,3.34217635495835,-4.98298130168601));
#1590=CARTESIAN_POINT('',(102.634288427262,3.31877986060112,-4.99859814252765));
#1591=CARTESIAN_POINT('',(102.561766337644,3.2935827554421,-5.01524042624555));
#1592=CARTESIAN_POINT('',(102.489211270661,3.26657143711615,-5.03288007377614));
#1593=CARTESIAN_POINT('',(102.416306948125,3.23756715839215,-5.05159201314197));
#1594=CARTESIAN_POINT('',(102.343302995584,3.20659870491813,-5.07131171837293));
#1595=CARTESIAN_POINT('',(102.270059601012,3.17353832250378,-5.09207139340216));
#1596=CARTESIAN_POINT('',(102.196809602994,3.13841934297317,-5.11379764684002));
#1597=CARTESIAN_POINT('',(102.123406382383,3.10109200649654,-5.13652595052508));
#1598=CARTESIAN_POINT('',(102.050286697716,3.06170483650764,-5.16010668909695));
#1599=CARTESIAN_POINT('',(101.977611726253,3.02029188511455,-5.1844611526721));
#1600=CARTESIAN_POINT('',(101.905740302634,2.97702598763061,-5.20943189937313));
#1601=CARTESIAN_POINT('',(101.834762096899,2.93194102126106,-5.23494476301246));
#1602=CARTESIAN_POINT('',(101.764907393058,2.88517641879657,-5.26086865583346));
#1603=CARTESIAN_POINT('',(101.696426015953,2.83691069941079,-5.28705661115347));
#1604=CARTESIAN_POINT('',(101.629499430663,2.78730684741033,-5.31337858860992));
#1605=CARTESIAN_POINT('',(101.564347603696,2.73658186485799,-5.33968411302327));
#1606=CARTESIAN_POINT('',(101.500922553215,2.68476321014668,-5.36592828811047));
#1607=CARTESIAN_POINT('',(101.436287256134,2.62939725203652,-5.39329420211016));
#1608=CARTESIAN_POINT('',(101.367550419793,2.56749816791988,-5.42307710965154));
#1609=CARTESIAN_POINT('',(101.277798579617,2.4819992146881,-5.46293056855398));
#1610=CARTESIAN_POINT('',(101.158010668968,2.35839976384277,-5.51788678826777));
#1611=CARTESIAN_POINT('',(101.008319013881,2.18454164419405,-5.58955782315613));
#1612=CARTESIAN_POINT('',(100.863649070435,1.98927629269924,-5.6620111279146));
#1613=CARTESIAN_POINT('',(100.747851467128,1.80755586402724,-5.72207114752709));
#1614=CARTESIAN_POINT('',(100.658774310015,1.64997684567759,-5.76932121142005));
#1615=CARTESIAN_POINT('',(100.57167513048,1.47757773293389,-5.81636007862239));
#1616=CARTESIAN_POINT('',(100.480943857437,1.26712262119726,-5.86638680661));
#1617=CARTESIAN_POINT('',(100.401713251944,1.03844722371671,-5.91094426973088));
#1618=CARTESIAN_POINT('',(100.349346121514,0.846250458313872,-5.94079915692913));
#1619=CARTESIAN_POINT('',(100.317162266897,0.701031161225587,-5.95928307129316));
#1620=CARTESIAN_POINT('',(100.297683860219,0.596644424080645,-5.97052084467213));
#1621=CARTESIAN_POINT('',(100.283999591795,0.510056335517958,-5.97844014685858));
#1622=CARTESIAN_POINT('',(100.274763643371,0.442073585237615,-5.9837963177049));
#1623=CARTESIAN_POINT('',(100.267891749807,0.383861502002051,-5.98778730211617));
#1624=CARTESIAN_POINT('',(100.262512265626,0.331418749792825,-5.99091508070226));
#1625=CARTESIAN_POINT('',(100.258031594333,0.28023377587722,-5.99352275331926));
#1626=CARTESIAN_POINT('',(100.254420750043,0.230785271817123,-5.99562586726699));
#1627=CARTESIAN_POINT('',(100.251578816146,0.18263426790007,-5.99728220412978));
#1628=CARTESIAN_POINT('',(100.249450655337,0.135787038970326,-5.99852319985273));
#1629=CARTESIAN_POINT('',(100.247972794965,0.0897979454064088,-5.99938537842968));
#1630=CARTESIAN_POINT('',(100.247109655933,0.0446961919801447,-5.99988917959816));
#1631=CARTESIAN_POINT('',(100.246920169688,0.0148363930206303,-5.99999994356222));
#1632=CARTESIAN_POINT('',(100.246920266443,1.52315917307409E-5,-6.00000000000001));
#1633=CARTESIAN_POINT('',(100.246920266641,1.65887738237748E-11,-6.00000000000002));
#1634=CARTESIAN_POINT('',(107.246928684022,3.50003727832466,-4.87337039946237));
#1635=CARTESIAN_POINT('',(103.753071316145,3.50004029095969,-4.87336823567957));
#1636=VECTOR('',#1637,1.);
#1637=DIRECTION('',(0.999999999999437,-8.62266178038597E-7,-6.19284883793653E-7));
#1638=CARTESIAN_POINT('',(110.746920266135,9.41628167873997E-16,-6.00000000000002));
#1639=CARTESIAN_POINT('',(110.746920678959,0.0290665133451612,-6.00000018368176));
#1640=CARTESIAN_POINT('',(110.746195970981,0.0872408262840417,-5.99957685188757));
#1641=CARTESIAN_POINT('',(110.742935780357,0.174441749715022,-5.99767518849778));
#1642=CARTESIAN_POINT('',(110.737490341539,0.261712228119996,-5.99450170132103));
#1643=CARTESIAN_POINT('',(110.729849225399,0.348996007448453,-5.99005437638286));
#1644=CARTESIAN_POINT('',(110.719986545285,0.436380929738997,-5.98432372239676));
#1645=CARTESIAN_POINT('',(110.707885819798,0.523799143738004,-5.97730749506604));
#1646=CARTESIAN_POINT('',(110.693515904456,0.611271314453871,-5.96899679312531));
#1647=CARTESIAN_POINT('',(110.676887286865,0.6985838232755,-5.95940865689883));
#1648=CARTESIAN_POINT('',(110.657992474101,0.785682067088713,-5.94855155605747));
#1649=CARTESIAN_POINT('',(110.636848244002,0.872420104518862,-5.93644972793881));
#1650=CARTESIAN_POINT('',(110.613435549143,0.958812717335783,-5.9231088143291));
#1651=CARTESIAN_POINT('',(110.587782982238,1.04469972180873,-5.90856356487348));
#1652=CARTESIAN_POINT('',(110.558856632618,1.13320810862566,-5.89225128426602));
#1653=CARTESIAN_POINT('',(110.525296206184,1.22719493872839,-5.87344447073444));
#1654=CARTESIAN_POINT('',(110.477999361777,1.34809177482358,-5.84714245610327));
#1655=CARTESIAN_POINT('',(110.413789281788,1.49410680546649,-5.81184253398317));
#1656=CARTESIAN_POINT('',(110.328835626717,1.66264450999031,-5.76594190425648));
#1657=CARTESIAN_POINT('',(110.234978322465,1.82576562498918,-5.7162932438383));
#1658=CARTESIAN_POINT('',(110.136528583963,1.97742512652279,-5.66545173241138));
#1659=CARTESIAN_POINT('',(110.038954246831,2.11266950452639,-5.61630757516998));
#1660=CARTESIAN_POINT('',(109.940692907113,2.2364325605989,-5.5681038638077));
#1661=CARTESIAN_POINT('',(109.840889045909,2.3513932066193,-5.52049314566056));
#1662=CARTESIAN_POINT('',(109.738208098081,2.45987681429555,-5.47297576141315));
#1663=CARTESIAN_POINT('',(109.637672033257,2.5574660281041,-5.42796876296148));
#1664=CARTESIAN_POINT('',(109.542518902494,2.64293231227392,-5.38677935037746));
#1665=CARTESIAN_POINT('',(109.456171641124,2.71537101844027,-5.35057680149891));
#1666=CARTESIAN_POINT('',(109.380590521385,2.77493419904296,-5.3198646262128));
#1667=CARTESIAN_POINT('',(109.313960945039,2.82477963846216,-5.29352795274773));
#1668=CARTESIAN_POINT('',(109.254106807325,2.86761260225483,-5.27044200532954));
#1669=CARTESIAN_POINT('',(109.19383381509,2.9088671779868,-5.24778096687467));
#1670=CARTESIAN_POINT('',(109.133083985589,2.94861990800507,-5.22554415165606));
#1671=CARTESIAN_POINT('',(109.071720937277,2.98698213212491,-5.20370688474128));
#1672=CARTESIAN_POINT('',(109.009912530472,3.02387213776091,-5.18235291363154));
#1673=CARTESIAN_POINT('',(108.9476198302,3.05933861535528,-5.16149113062681));
#1674=CARTESIAN_POINT('',(108.884944222424,3.09334722083524,-5.14117754935847));
#1675=CARTESIAN_POINT('',(108.821847332625,3.12594136957186,-5.12142118734139));
#1676=CARTESIAN_POINT('',(108.758432079323,3.1570911615043,-5.10227425945948));
#1677=CARTESIAN_POINT('',(108.694580102919,3.18687428485454,-5.08372158932041));
#1678=CARTESIAN_POINT('',(108.630383326749,3.21526188735561,-5.06581189042001));
#1679=CARTESIAN_POINT('',(108.565853523176,3.24226442004917,-5.04856876270647));
#1680=CARTESIAN_POINT('',(108.501235122835,3.26780314092967,-5.03207258033952));
#1681=CARTESIAN_POINT('',(108.436494316987,3.29192014208908,-5.01632560925465));
#1682=CARTESIAN_POINT('',(108.371814609329,3.31457631645208,-5.00138130561982));
#1683=CARTESIAN_POINT('',(108.307170178045,3.33581276892912,-4.98723930973674));
#1684=CARTESIAN_POINT('',(108.242770411687,3.3555972448664,-4.97394648417637));
#1685=CARTESIAN_POINT('',(108.178446532014,3.37401693141683,-4.96146781959291));
#1686=CARTESIAN_POINT('',(108.114387194115,3.39104835642372,-4.94984061622672));
#1687=CARTESIAN_POINT('',(108.050615924556,3.40672055316188,-4.93906521414763));
#1688=CARTESIAN_POINT('',(107.987531385462,3.42098306389617,-4.92919525303591));
#1689=CARTESIAN_POINT('',(107.92497332126,3.4339247855767,-4.92018649854293));
#1690=CARTESIAN_POINT('',(107.863219835622,3.44553797803885,-4.91205944180964));
#1691=CARTESIAN_POINT('',(107.802226944925,3.4558848952218,-4.90478403582231));
#1692=CARTESIAN_POINT('',(107.742532403922,3.46494086104643,-4.89838956789562));
#1693=CARTESIAN_POINT('',(107.683806391663,3.4728276146907,-4.89280032517061));
#1694=CARTESIAN_POINT('',(107.626468498385,3.47955376541889,-4.88801848975344));
#1695=CARTESIAN_POINT('',(107.570753468765,3.48516770039708,-4.88401667508819));
#1696=CARTESIAN_POINT('',(107.517741477454,3.48967174905711,-4.88079901354512));
#1697=CARTESIAN_POINT('',(107.466973228153,3.49323007211106,-4.8782526072676));
#1698=CARTESIAN_POINT('',(107.416922194903,3.49602638338432,-4.87624881866537));
#1699=CARTESIAN_POINT('',(107.364969041211,3.49818187460571,-4.87470256955749));
#1700=CARTESIAN_POINT('',(107.308061967722,3.49967356728387,-4.87363168489982));
#1701=CARTESIAN_POINT('',(107.26823699126,3.50003731388624,-4.87337028797615));
#1702=CARTESIAN_POINT('',(107.246928684022,3.50003727832422,-4.87337039946176));
#1703=CARTESIAN_POINT('',(-100.246920266641,-2.66453525910038E-15,-5.99999999999998));
#1704=CARTESIAN_POINT('',(-103.746920266343,-3.49995430397668,-4.87342999053855));
#1705=CARTESIAN_POINT('',(-103.746920266343,-3.49995430397668,-4.87342999040488));
#1706=CARTESIAN_POINT('',(-103.719826099117,-3.49995453034816,-4.87342961618501));
#1707=CARTESIAN_POINT('',(-103.67035917703,-3.49938022631881,-4.87384244730245));
#1708=CARTESIAN_POINT('',(-103.600991790057,-3.4971026773462,-4.87547703379684));
#1709=CARTESIAN_POINT('',(-103.540616960616,-3.494024500024,-4.87768373531821));
#1710=CARTESIAN_POINT('',(-103.484657576658,-3.49025526020749,-4.88038179915771));
#1711=CARTESIAN_POINT('',(-103.430171258322,-3.48573528131052,-4.88361155174857));
#1712=CARTESIAN_POINT('',(-103.374436546584,-3.48023280795501,-4.88753494719072));
#1713=CARTESIAN_POINT('',(-103.316386702754,-3.47354585367217,-4.89229048550874));
#1714=CARTESIAN_POINT('',(-103.256335668915,-3.46558434067089,-4.8979344968469));
#1715=CARTESIAN_POINT('',(-103.194851132743,-3.45632894615247,-4.90447128911197));
#1716=CARTESIAN_POINT('',(-103.132632588475,-3.44582191656261,-4.91186047522708));
#1717=CARTESIAN_POINT('',(-103.069724652579,-3.43401692368382,-4.92012240077451));
#1718=CARTESIAN_POINT('',(-103.006687368891,-3.42098366999492,-4.92919491904546));
#1719=CARTESIAN_POINT('',(-102.943633958515,-3.40673065412466,-4.93905805275388));
#1720=CARTESIAN_POINT('',(-102.880602156151,-3.39125308944523,-4.94969995705835));
#1721=CARTESIAN_POINT('',(-102.817349350555,-3.37446708889868,-4.96116116402743));
#1722=CARTESIAN_POINT('',(-102.754038126042,-3.35638696008468,-4.97341300220177));
#1723=CARTESIAN_POINT('',(-102.690488353834,-3.33693404777802,-4.98648838181921));
#1724=CARTESIAN_POINT('',(-102.626647949502,-3.31605403533967,-5.00040105218778));
#1725=CARTESIAN_POINT('',(-102.562064440032,-3.2935393415949,-5.01526253321186));
#1726=CARTESIAN_POINT('',(-102.496934098354,-3.26938450832477,-5.03104582307523));
#1727=CARTESIAN_POINT('',(-102.430956933827,-3.2434004755308,-5.04784041424238));
#1728=CARTESIAN_POINT('',(-102.364332005227,-3.21557703895446,-5.06561482502263));
#1729=CARTESIAN_POINT('',(-102.296777665151,-3.18569439913193,-5.08446592195489));
#1730=CARTESIAN_POINT('',(-102.228856128174,-3.15390248273969,-5.10425262307088));
#1731=CARTESIAN_POINT('',(-102.160494259019,-3.12008446661773,-5.12499991949817));
#1732=CARTESIAN_POINT('',(-102.091964418494,-3.08429400954794,-5.14662481313701));
#1733=CARTESIAN_POINT('',(-102.022931093674,-3.0462581356977,-5.1692358237126));
#1734=CARTESIAN_POINT('',(-101.953792627882,-3.00609153040136,-5.19270382834785));
#1735=CARTESIAN_POINT('',(-101.881883949604,-2.96206918839936,-5.21795697655853));
#1736=CARTESIAN_POINT('',(-101.805113706739,-2.91242824891051,-5.24585664690703));
#1737=CARTESIAN_POINT('',(-101.710954144803,-2.84778757907906,-5.28132449815505));
#1738=CARTESIAN_POINT('',(-101.603703004747,-2.76835636029828,-5.32350832328684));
#1739=CARTESIAN_POINT('',(-101.487546516435,-2.67440403024392,-5.3713532809549));
#1740=CARTESIAN_POINT('',(-101.379944278431,-2.57949246353945,-5.41755783175735));
#1741=CARTESIAN_POINT('',(-101.275994505028,-2.48010643972417,-5.46379337241827));
#1742=CARTESIAN_POINT('',(-101.17811881547,-2.37868105128507,-5.50875756362837));
#1743=CARTESIAN_POINT('',(-101.088662944601,-2.27790487681301,-5.55110808558278));
#1744=CARTESIAN_POINT('',(-101.016958664349,-2.19097348882514,-5.58586889267124));
#1745=CARTESIAN_POINT('',(-100.959390567097,-2.11703714638342,-5.61425547109846));
#1746=CARTESIAN_POINT('',(-100.90387536307,-2.04208691822532,-5.64200905098951));
#1747=CARTESIAN_POINT('',(-100.840031131185,-1.95065777659234,-5.67441325233357));
#1748=CARTESIAN_POINT('',(-100.768032024821,-1.83926572410683,-5.71161657849338));
#1749=CARTESIAN_POINT('',(-100.697753033115,-1.72011027731722,-5.74860745159074));
#1750=CARTESIAN_POINT('',(-100.628491680114,-1.59133573212713,-5.78564450105169));
#1751=CARTESIAN_POINT('',(-100.554729925532,-1.43937720389928,-5.82569678769788));
#1752=CARTESIAN_POINT('',(-100.477951823236,-1.25669580880814,-5.86812541387571));
#1753=CARTESIAN_POINT('',(-100.412646861304,-1.06980613801926,-5.90480802377023));
#1754=CARTESIAN_POINT('',(-100.368479829208,-0.917482646177166,-5.92989851614128));
#1755=CARTESIAN_POINT('',(-100.340295678223,-0.804828643163582,-5.94601231582035));
#1756=CARTESIAN_POINT('',(-100.321018098012,-0.717989041377416,-5.95708026375821));
#1757=CARTESIAN_POINT('',(-100.304997759474,-0.636585926164568,-5.96630889344799));
#1758=CARTESIAN_POINT('',(-100.291350478434,-0.557781638693977,-5.97419263112688));
#1759=CARTESIAN_POINT('',(-100.279501448187,-0.478642215422407,-5.98105430621525));
#1760=CARTESIAN_POINT('',(-100.269464076347,-0.399244816053623,-5.98687896646652));
#1761=CARTESIAN_POINT('',(-100.261244768402,-0.31964250688825,-5.99165680294513));
#1762=CARTESIAN_POINT('',(-100.254848626501,-0.239890368038324,-5.99537986512466));
#1763=CARTESIAN_POINT('',(-100.250276809601,-0.160010188636756,-5.99804363081813));
#1764=CARTESIAN_POINT('',(-100.247531938443,-0.0800495164877642,-5.9996437296634));
#1765=CARTESIAN_POINT('',(-100.246920524707,-0.0266836698072855,-6.00000014050197));
#1766=CARTESIAN_POINT('',(-100.246920266641,-1.24179854143095E-11,-5.99999999999998));
#1767=CARTESIAN_POINT('',(-107.246911848645,-3.49996272165508,-4.87342394493262));
#1768=CARTESIAN_POINT('',(-107.246911848895,-3.49996272165508,-4.87342394493077));
#1769=CARTESIAN_POINT('',(-106.080248712329,-3.49995991576402,-4.87342596004668));
#1770=CARTESIAN_POINT('',(-104.913584851893,-3.49995710987122,-4.87342797516016));
#1771=CARTESIAN_POINT('',(-103.746920267818,-3.49995430397668,-4.87342999027122));
#1772=CARTESIAN_POINT('',(-110.746920266135,-2.66453525910038E-15,-5.99999999999998));
#1773=CARTESIAN_POINT('',(-110.746920266135,-3.30361681074229E-15,-5.99999999999998));
#1774=CARTESIAN_POINT('',(-110.746920059783,-0.0290665039131469,-6.00000018367792));
#1775=CARTESIAN_POINT('',(-110.746194113021,-0.0872407852312763,-5.99957685214263));
#1776=CARTESIAN_POINT('',(-110.742932066524,-0.174441620231038,-5.99767519174625));
#1777=CARTESIAN_POINT('',(-110.737484770451,-0.261711975382514,-5.99450171167436));
#1778=CARTESIAN_POINT('',(-110.729841796228,-0.348995593263222,-5.99005439963254));
#1779=CARTESIAN_POINT('',(-110.719977255637,-0.436380307407735,-5.9843237666304));
#1780=CARTESIAN_POINT('',(-110.707874669701,-0.523798260024087,-5.9773075710764));
#1781=CARTESIAN_POINT('',(-110.693502893987,-0.611270115469989,-5.96899691421843));
#1782=CARTESIAN_POINT('',(-110.676872420189,-0.698582259756674,-5.95940883824501));
#1783=CARTESIAN_POINT('',(-110.65797575632,-0.785680090913006,-5.94855181489182));
#1784=CARTESIAN_POINT('',(-110.636829683149,-0.872417668573446,-5.93645008349599));
#1785=CARTESIAN_POINT('',(-110.613415153171,-0.958809773127147,-5.92310928824523));
#1786=CARTESIAN_POINT('',(-110.58776076211,-1.04469622288468,-5.90856418059643));
#1787=CARTESIAN_POINT('',(-110.558832532852,-1.13320398606089,-5.89225207359785));
#1788=CARTESIAN_POINT('',(-110.525270109771,-1.22719009675511,-5.87344547775996));
#1789=CARTESIAN_POINT('',(-110.47797069661,-1.3480859219465,-5.84714379576349));
#1790=CARTESIAN_POINT('',(-110.413757508689,-1.49409959502314,-5.8118443703476));
#1791=CARTESIAN_POINT('',(-110.328800248734,-1.66263553314295,-5.76594447181642));
#1792=CARTESIAN_POINT('',(-110.234939429518,-1.82575472432363,-5.7162967038134));
#1793=CARTESIAN_POINT('',(-110.136486389016,-1.97741223306868,-5.66545621310273));
#1794=CARTESIAN_POINT('',(-110.038909072895,-2.11265465225898,-5.61631314397022));
#1795=CARTESIAN_POINT('',(-109.940644971518,-2.23641574621168,-5.56811059999773));
#1796=CARTESIAN_POINT('',(-109.840838506551,-2.35137440748491,-5.52050113563904));
#1797=CARTESIAN_POINT('',(-109.738155058218,-2.45985597966297,-5.47298510835574));
#1798=CARTESIAN_POINT('',(-109.637616695228,-2.55744320663251,-5.42797950065139));
#1799=CARTESIAN_POINT('',(-109.542461507109,-2.64290761169915,-5.38679145766091));
#1800=CARTESIAN_POINT('',(-109.456112463755,-2.71534461216994,-5.35059019276209));
#1801=CARTESIAN_POINT('',(-109.380529845037,-2.77490629907787,-5.3198791726495));
#1802=CARTESIAN_POINT('',(-109.31389898865,-2.82475042000666,-5.29354353981948));
#1803=CARTESIAN_POINT('',(-109.254043730283,-2.86758219784127,-5.27045854350758));
#1804=CARTESIAN_POINT('',(-109.193769639468,-2.90883557573502,-5.24779847951533));
#1805=CARTESIAN_POINT('',(-109.133018728944,-2.94858709604124,-5.22556266188078));
#1806=CARTESIAN_POINT('',(-109.07165461248,-2.98694809608992,-5.20372641723914));
#1807=CARTESIAN_POINT('',(-109.009845148567,-3.02383686813993,-5.18237348877246));
#1808=CARTESIAN_POINT('',(-108.947551403977,-3.05930209890905,-5.16151277038003));
#1809=CARTESIAN_POINT('',(-108.884874764002,-3.09330944641596,-5.14120027315044));
#1810=CARTESIAN_POINT('',(-108.821776855392,-3.12590232301066,-5.12144501577252));
#1811=CARTESIAN_POINT('',(-108.758360593794,-3.15705083175481,-5.10229920977833));
#1812=CARTESIAN_POINT('',(-108.694507622483,-3.18683265496367,-5.08374768208181));
#1813=CARTESIAN_POINT('',(-108.630309896137,-3.21521892809824,-5.06583915250244));
#1814=CARTESIAN_POINT('',(-108.565779224563,-3.24222008856272,-5.04859722897001));
#1815=CARTESIAN_POINT('',(-108.501160102754,-3.26775737991178,-5.03210229327368));
#1816=CARTESIAN_POINT('',(-108.436418727121,-3.29187289959152,-5.01635660773785));
#1817=CARTESIAN_POINT('',(-108.371738665844,-3.31452753087692,-5.00141363344623));
#1818=CARTESIAN_POINT('',(-108.30709410419,-3.33576238735734,-4.9872730045688));
#1819=CARTESIAN_POINT('',(-108.242694498713,-3.35554521137868,-4.97398158401701));
#1820=CARTESIAN_POINT('',(-108.178371012932,-3.37396321767843,-4.96150434370037));
#1821=CARTESIAN_POINT('',(-108.114312382474,-3.39099292872096,-4.94987858532098));
#1822=CARTESIAN_POINT('',(-108.050542152473,-3.40666338936909,-4.93910463960072));
#1823=CARTESIAN_POINT('',(-107.98745915691,-3.42092413016577,-4.92923615140466));
#1824=CARTESIAN_POINT('',(-107.92490309844,-3.43386407843368,-4.92022886474));
#1825=CARTESIAN_POINT('',(-107.863152155556,-3.44547550842099,-4.91210325815152));
#1826=CARTESIAN_POINT('',(-107.802162191832,-3.45582072285826,-4.90482924896812));
#1827=CARTESIAN_POINT('',(-107.742470893285,-3.46487508198301,-4.8984360955269));
#1828=CARTESIAN_POINT('',(-107.683748342905,-3.47276033938001,-4.89284807423643));
#1829=CARTESIAN_POINT('',(-107.626413851153,-3.47948514991033,-4.88806733238319));
#1830=CARTESIAN_POINT('',(-107.57070185007,-3.48509792532775,-4.88406646429851));
#1831=CARTESIAN_POINT('',(-107.51769252203,-3.48960097845164,-4.88084961191527));
#1832=CARTESIAN_POINT('',(-107.466927306312,-3.49315839292679,-4.87830393437124));
#1833=CARTESIAN_POINT('',(-107.416880505491,-3.49595382550415,-4.87630083799153));
#1834=CARTESIAN_POINT('',(-107.364933671861,-3.4981084854889,-4.87475523403893));
#1835=CARTESIAN_POINT('',(-107.308033599582,-3.49959942963912,-4.87368492095402));
#1836=CARTESIAN_POINT('',(-107.268219295765,-3.49996285964439,-4.87342375994718));
#1837=CARTESIAN_POINT('',(-107.246920266285,-3.4999627216652,-4.8734239449235));
#1838=CARTESIAN_POINT('',(-107.246928684022,3.5000372783247,-4.87337039946045));
#1839=CARTESIAN_POINT('',(-107.246928684022,3.5000372783247,-4.87337039946045));
#1840=CARTESIAN_POINT('',(-107.27397208453,3.50003743889231,-4.87337007406518));
#1841=CARTESIAN_POINT('',(-107.323352860106,3.49946509308359,-4.87378151098879));
#1842=CARTESIAN_POINT('',(-107.392605292805,3.49719521656389,-4.87541065328445));
#1843=CARTESIAN_POINT('',(-107.452890417808,3.49412668150303,-4.87761053454692));
#1844=CARTESIAN_POINT('',(-107.508770318874,3.49036882017257,-4.88030057856031));
#1845=CARTESIAN_POINT('',(-107.563180716796,3.48586221435799,-4.8835209419793));
#1846=CARTESIAN_POINT('',(-107.618836930617,3.48037598051468,-4.88743298522487));
#1847=CARTESIAN_POINT('',(-107.676803427272,3.47370886978036,-4.89217472299977));
#1848=CARTESIAN_POINT('',(-107.736766933091,3.46577114947342,-4.89780229049794));
#1849=CARTESIAN_POINT('',(-107.798160896843,3.45654358083188,-4.90431999320991));
#1850=CARTESIAN_POINT('',(-107.860288278877,3.44606811594844,-4.91168771199369));
#1851=CARTESIAN_POINT('',(-107.923104642331,3.43429855823392,-4.91992577507478));
#1852=CARTESIAN_POINT('',(-107.986051014176,3.42130432802063,-4.92897230412215));
#1853=CARTESIAN_POINT('',(-108.049012483056,3.40709432722911,-4.93880712299787));
#1854=CARTESIAN_POINT('',(-108.111950432328,3.39166414401682,-4.94941822297603));
#1855=CARTESIAN_POINT('',(-108.175107202248,3.37493030151138,-4.96084597451208));
#1856=CARTESIAN_POINT('',(-108.238321784024,3.35690685045543,-4.97306200109971));
#1857=CARTESIAN_POINT('',(-108.301772918421,3.33751582042845,-4.98609889124284));
#1858=CARTESIAN_POINT('',(-108.365512115656,3.31670342320616,-4.99997020136213));
#1859=CARTESIAN_POINT('',(-108.429988728296,3.29426386328295,-5.01478649266048));
#1860=CARTESIAN_POINT('',(-108.495007605825,3.27019183546408,-5.03052089667014));
#1861=CARTESIAN_POINT('',(-108.560866685789,3.2442999572229,-5.04726212123976));
#1862=CARTESIAN_POINT('',(-108.627367928556,3.21657833343427,-5.06497880301638));
#1863=CARTESIAN_POINT('',(-108.694791530523,3.18680897472747,-5.08376708706859));
#1864=CARTESIAN_POINT('',(-108.762579226363,3.15514057065407,-5.10348703774538));
#1865=CARTESIAN_POINT('',(-108.8308071649,3.12145567450461,-5.12416447447874));
#1866=CARTESIAN_POINT('',(-108.899208077515,3.0858055708483,-5.1457182095985));
#1867=CARTESIAN_POINT('',(-108.968121436447,3.04791573519001,-5.16825815493308));
#1868=CARTESIAN_POINT('',(-109.037151550963,3.00789878811698,-5.19165667037338));
#1869=CARTESIAN_POINT('',(-109.108970243688,2.96402889508581,-5.21684346933149));
#1870=CARTESIAN_POINT('',(-109.185672270608,2.9145439828889,-5.24468081332678));
#1871=CARTESIAN_POINT('',(-109.279800374607,2.85007263289967,-5.28009077184771));
#1872=CARTESIAN_POINT('',(-109.387063935324,2.77081470302768,-5.32222806018212));
#1873=CARTESIAN_POINT('',(-109.503283699004,2.6770266496996,-5.37004573871565));
#1874=CARTESIAN_POINT('',(-109.610996998439,2.58223340248152,-5.4162514093977));
#1875=CARTESIAN_POINT('',(-109.715106712467,2.48291751762044,-5.4625164013029));
#1876=CARTESIAN_POINT('',(-109.813179144204,2.38150982823139,-5.50753543303198));
#1877=CARTESIAN_POINT('',(-109.902837901254,2.28071817927914,-5.54995316861035));
#1878=CARTESIAN_POINT('',(-109.974722540301,2.19374629357146,-5.58478083725541));
#1879=CARTESIAN_POINT('',(-110.0324467788,2.11975687793316,-5.61322947843854));
#1880=CARTESIAN_POINT('',(-110.088128359612,2.04472754539319,-5.64105316386959));
#1881=CARTESIAN_POINT('',(-110.152178743398,1.95317414049723,-5.67354877979441));
#1882=CARTESIAN_POINT('',(-110.224423832387,1.84159778175623,-5.71086691616834));
#1883=CARTESIAN_POINT('',(-110.294949676921,1.72221737395619,-5.74797847631976));
#1884=CARTESIAN_POINT('',(-110.364450188636,1.59318867803772,-5.78513670428806));
#1885=CARTESIAN_POINT('',(-110.43844815814,1.44094526812871,-5.82531253393994));
#1886=CARTESIAN_POINT('',(-110.515447296354,1.25794851577894,-5.86786111379838));
#1887=CARTESIAN_POINT('',(-110.580917569828,1.07076642858742,-5.90463680215476));
#1888=CARTESIAN_POINT('',(-110.625179778805,0.91823895596112,-5.92978251957875));
#1889=CARTESIAN_POINT('',(-110.653413879465,0.805468832486828,-5.94592601683321));
#1890=CARTESIAN_POINT('',(-110.672719907049,0.718563440364204,-5.95701128150177));
#1891=CARTESIAN_POINT('',(-110.688762624954,0.637104319352875,-5.96625379012317));
#1892=CARTESIAN_POINT('',(-110.702428753724,0.558246935861659,-5.97414941620156));
#1893=CARTESIAN_POINT('',(-110.714294561304,0.479050943865009,-5.98102184593027));
#1894=CARTESIAN_POINT('',(-110.724346530988,0.399592601264662,-5.98685604501489));
#1895=CARTESIAN_POINT('',(-110.732577886542,0.319925936157196,-5.99164197077953));
#1896=CARTESIAN_POINT('',(-110.738983317567,0.240106047337453,-5.99537154278202));
#1897=CARTESIAN_POINT('',(-110.743561387092,0.160155852379718,-5.99804004313668));
#1898=CARTESIAN_POINT('',(-110.746308984723,0.0801353966802326,-5.9996428905911));
#1899=CARTESIAN_POINT('',(-110.746920408521,0.0267207427573882,-5.99999991702862));
#1900=CARTESIAN_POINT('',(-110.746920266267,1.24257831467799E-5,-5.99999999999999));
#1901=CARTESIAN_POINT('',(-110.746920266135,1.39741398505773E-11,-5.99999999999998));
#1902=CARTESIAN_POINT('',(-103.753071316145,3.50004029096007,-4.87336823556302));
#1903=CARTESIAN_POINT('',(-107.246928684022,3.50003727832436,-4.87337039937304));
#1904=VECTOR('',#1905,1.);
#1905=DIRECTION('',(0.999999999999437,8.62266368824263E-7,6.19285157833557E-7));
#1906=CARTESIAN_POINT('',(-100.246920266641,8.71459958523451E-16,-5.99999999999998));
#1907=CARTESIAN_POINT('',(-100.24691978391,0.0290665145150954,-6.00000018368203));
#1908=CARTESIAN_POINT('',(-100.24764435203,0.0872408312139467,-5.99957685185579));
#1909=CARTESIAN_POINT('',(-100.25090433314,0.174441764875012,-5.99767518811637));
#1910=CARTESIAN_POINT('',(-100.256349562297,0.261712257389386,-5.99450170012082));
#1911=CARTESIAN_POINT('',(-100.263990468685,0.348996055065821,-5.9900543737084));
#1912=CARTESIAN_POINT('',(-100.27385293876,0.436381000780911,-5.9843237173451));
#1913=CARTESIAN_POINT('',(-100.285953454173,0.523799243992307,-5.97730748643997));
#1914=CARTESIAN_POINT('',(-100.300323159371,0.611271449633739,-5.96899677946872));
#1915=CARTESIAN_POINT('',(-100.316951567185,0.698583998609489,-5.95940863655814));
#1916=CARTESIAN_POINT('',(-100.335846170644,0.785682287802432,-5.94855152714491));
#1917=CARTESIAN_POINT('',(-100.356990192257,0.87242037584832,-5.93644968833163));
#1918=CARTESIAN_POINT('',(-100.380402679503,0.958813044926387,-5.92310876159743));
#1919=CARTESIAN_POINT('',(-100.406055040094,1.04470011132296,-5.90856349633112));
#1920=CARTESIAN_POINT('',(-100.434981177609,1.13320856940208,-5.89225119605439));
#1921=CARTESIAN_POINT('',(-100.468541379507,1.22719548359724,-5.87344435743888));
#1922=CARTESIAN_POINT('',(-100.515837936637,1.34809244082476,-5.84714230372626));
#1923=CARTESIAN_POINT('',(-100.580047668766,1.49410763050557,-5.81184232388676));
#1924=CARTESIAN_POINT('',(-100.665000917143,1.66264553324058,-5.76594161151134));
#1925=CARTESIAN_POINT('',(-100.758857813479,1.82576684541584,-5.71629285623821));
#1926=CARTESIAN_POINT('',(-100.857307159649,1.97742654413734,-5.66545123950698));
#1927=CARTESIAN_POINT('',(-100.954881136298,2.11267111505511,-5.61630697110984));
#1928=CARTESIAN_POINT('',(-101.053142150465,2.23643438266059,-5.5681031338763));
#1929=CARTESIAN_POINT('',(-101.152945736532,2.35139528178776,-5.52049226416491));
#1930=CARTESIAN_POINT('',(-101.255626482046,2.45987920536683,-5.47297468940065));
#1931=CARTESIAN_POINT('',(-101.356162382217,2.55746872943865,-5.42796749257377));
#1932=CARTESIAN_POINT('',(-101.451315385872,2.64293530796344,-5.38677788243629));
#1933=CARTESIAN_POINT('',(-101.537662535391,2.7153742653033,-5.35057515505689));
#1934=CARTESIAN_POINT('',(-101.613243505826,2.77493761405614,-5.31986284553745));
#1935=CARTESIAN_POINT('',(-101.679872868191,2.8247831373296,-5.29352608578055));
#1936=CARTESIAN_POINT('',(-101.739726669503,2.86761607814141,-5.27044011398556));
#1937=CARTESIAN_POINT('',(-101.799999220771,2.90887057400665,-5.24777908412933));
#1938=CARTESIAN_POINT('',(-101.860748544276,2.94862320213795,-5.22554229254269));
#1939=CARTESIAN_POINT('',(-101.922111061992,2.98698533237111,-5.2037050475125));
#1940=CARTESIAN_POINT('',(-101.983919000102,3.02387530393748,-5.18235106621571));
#1941=CARTESIAN_POINT('',(-102.046211358791,3.05934183741649,-5.16148922119946));
#1942=CARTESIAN_POINT('',(-102.108886910982,3.09335066272287,-5.14117547932066));
#1943=CARTESIAN_POINT('',(-102.171984082412,3.12594519849918,-5.121418851717));
#1944=CARTESIAN_POINT('',(-102.235400133103,3.15709560483456,-5.1022715120778));
#1945=CARTESIAN_POINT('',(-102.299253357242,3.18687950233139,-5.08371832090807));
#1946=CARTESIAN_POINT('',(-102.363454458615,3.21526916998163,-5.06580727509239));
#1947=CARTESIAN_POINT('',(-102.427994425256,3.24227596701891,-5.04856136146863));
#1948=CARTESIAN_POINT('',(-102.49263437604,3.26782288235289,-5.03205978378814));
#1949=CARTESIAN_POINT('',(-102.557408191885,3.29195125018663,-5.01630522432748));
#1950=CARTESIAN_POINT('',(-102.622137789819,3.3146231064296,-5.00135033246608));
#1951=CARTESIAN_POINT('',(-102.686849047032,3.33587852465622,-4.98719536943936));
#1952=CARTESIAN_POINT('',(-102.751337707012,3.35568573987338,-4.97388682607953));
#1953=CARTESIAN_POINT('',(-102.815766772568,3.37412901615613,-4.96139163752092));
#1954=CARTESIAN_POINT('',(-102.879954256271,3.39118577734895,-4.94974651000601));
#1955=CARTESIAN_POINT('',(-102.943878709245,3.40688431899221,-4.93895229421981));
#1956=CARTESIAN_POINT('',(-103.007157446169,3.42117637135885,-4.92906112900857));
#1957=CARTESIAN_POINT('',(-103.069948302639,3.43414808329241,-4.92003068373526));
#1958=CARTESIAN_POINT('',(-103.131980203914,3.44579109330607,-4.91188191748831));
#1959=CARTESIAN_POINT('',(-103.193282732917,3.45616305139735,-4.90458805936223));
#1960=CARTESIAN_POINT('',(-103.253309497712,3.46523689050377,-4.89818016548122));
#1961=CARTESIAN_POINT('',(-103.312381581398,3.47313250774604,-4.89258390615603));
#1962=CARTESIAN_POINT('',(-103.370050665344,3.47985511276767,-4.88780395447119));
#1963=CARTESIAN_POINT('',(-103.426047010768,3.48545112757733,-4.88381439967884));
#1964=CARTESIAN_POINT('',(-103.479281541755,3.48992660895961,-4.88061677020849));
#1965=CARTESIAN_POINT('',(-103.530266251445,3.49345202533922,-4.87809365263765));
#1966=CARTESIAN_POINT('',(-103.580645993815,3.49621598973207,-4.87611286452404));
#1967=CARTESIAN_POINT('',(-103.633149750585,3.4983355730445,-4.87459226896355));
#1968=CARTESIAN_POINT('',(-103.688844331978,3.49972232505371,-4.87359662300962));
#1969=CARTESIAN_POINT('',(-103.729333150401,3.50006295320928,-4.87335196074674));
#1970=CARTESIAN_POINT('',(-103.751021078844,3.50004389443015,-4.87336564744434));
#1971=CARTESIAN_POINT('',(-103.753071316145,3.50004029095954,-4.87336823567941));
#1972=CARTESIAN_POINT('',(-117.5,0.,-5.99999999999998));
#1973=AXIS2_PLACEMENT_3D('',#1974,#1975,#1976);
#1974=CARTESIAN_POINT('',(-117.5,0.,2.15843998349721E-14));
#1975=DIRECTION('',(1.,0.,-1.83697019872103E-16));
#1976=DIRECTION('',(-1.83697019872103E-16,1.22464679914735E-16,-1.));
#1977=CARTESIAN_POINT('',(103.753071316145,3.50004029096003,4.87336823579506));
#1978=CARTESIAN_POINT('',(103.746920266343,-3.49995430397672,4.87342999027228));
#1979=CARTESIAN_POINT('',(103.753071316145,3.50004029096003,4.87336823579506));
#1980=CARTESIAN_POINT('',(103.751021126669,3.50004389451011,4.87336564733563));
#1981=CARTESIAN_POINT('',(103.724774115041,3.50006696028579,4.87334908292418));
#1982=CARTESIAN_POINT('',(103.676774113669,3.49956954735782,4.87370638024657));
#1983=CARTESIAN_POINT('',(103.611605762738,3.49760917941558,4.875113634834));
#1984=CARTESIAN_POINT('',(103.553223927338,3.49482632458943,4.87710915473544));
#1985=CARTESIAN_POINT('',(103.499341458111,3.49140820902291,4.87955690090735));
#1986=CARTESIAN_POINT('',(103.447025037259,3.4873055896287,4.88249012507482));
#1987=CARTESIAN_POINT('',(103.393509345629,3.4823002757848,4.8860617998895));
#1988=CARTESIAN_POINT('',(103.337490709527,3.47617697554743,4.89042088799802));
#1989=CARTESIAN_POINT('',(103.279028235068,3.46880449304183,4.89565396310021));
#1990=CARTESIAN_POINT('',(103.218551051254,3.46011767339517,4.90179853460743));
#1991=CARTESIAN_POINT('',(103.156792444749,3.45013128566271,4.90883396088459));
#1992=CARTESIAN_POINT('',(103.093721098043,3.43875597195398,4.91681091850866));
#1993=CARTESIAN_POINT('',(103.030016839203,3.42604539254338,4.92567777429216));
#1994=CARTESIAN_POINT('',(102.965808060957,3.41198230052109,4.93543139949491));
#1995=CARTESIAN_POINT('',(102.901278118388,3.39657008505306,4.94605290210619));
#1996=CARTESIAN_POINT('',(102.836085329655,3.37967758795267,4.95761344608706));
#1997=CARTESIAN_POINT('',(102.770542371942,3.36133249676388,4.9700725280993));
#1998=CARTESIAN_POINT('',(102.704509711583,3.34144950626704,4.98346470473872));
#1999=CARTESIAN_POINT('',(102.638054999956,3.3199964003249,4.99778580838075));
#2000=CARTESIAN_POINT('',(102.570727555867,3.2967550133192,5.01315114366931));
#2001=CARTESIAN_POINT('',(102.502806618541,3.2717366805467,5.02951876560431));
#2002=CARTESIAN_POINT('',(102.434069105028,3.24477462896854,5.04695984831766));
#2003=CARTESIAN_POINT('',(102.364797868392,3.21589026666394,5.06541895187493));
#2004=CARTESIAN_POINT('',(102.294780854064,3.1848969256131,5.08496873516499));
#2005=CARTESIAN_POINT('',(102.224575826031,3.151950182893,5.10546191974353));
#2006=CARTESIAN_POINT('',(102.154273289501,3.11702236330625,5.12686625772718));
#2007=CARTESIAN_POINT('',(102.084252828808,3.08024756764372,5.14905041211084));
#2008=CARTESIAN_POINT('',(102.014460497659,3.04154546556016,5.17201176794832));
#2009=CARTESIAN_POINT('',(101.945222998237,3.00105284436812,5.19561776251213));
#2010=CARTESIAN_POINT('',(101.876750529879,2.95886663319581,5.21976259683403));
#2011=CARTESIAN_POINT('',(101.809331783774,2.91516139221586,5.24430128393765));
#2012=CARTESIAN_POINT('',(101.743142933313,2.87006427803294,5.26912103214037));
#2013=CARTESIAN_POINT('',(101.678276868279,2.82366451464696,5.29413495047561));
#2014=CARTESIAN_POINT('',(101.608144311305,2.77104822232801,5.32189992391935));
#2015=CARTESIAN_POINT('',(101.533417176468,2.71186433846764,5.35234338139586));
#2016=CARTESIAN_POINT('',(101.454861424666,2.64578484474129,5.38531984798649));
#2017=CARTESIAN_POINT('',(101.383524738984,2.58213739661191,5.41610198374918));
#2018=CARTESIAN_POINT('',(101.316898990865,2.51946879791697,5.44552430829425));
#2019=CARTESIAN_POINT('',(101.244404282954,2.44782188445117,5.4782037322947));
#2020=CARTESIAN_POINT('',(101.162142313174,2.36117252383909,5.51622435604178));
#2021=CARTESIAN_POINT('',(101.072686457728,2.25940744499308,5.55871573884207));
#2022=CARTESIAN_POINT('',(100.984395759135,2.15067741054514,5.60173270496401));
#2023=CARTESIAN_POINT('',(100.886511267199,2.01958050817094,5.65058397927888));
#2024=CARTESIAN_POINT('',(100.772232392094,1.84927690095577,5.70918207535876));
#2025=CARTESIAN_POINT('',(100.656874118323,1.6496858326112,5.77019961993546));
#2026=CARTESIAN_POINT('',(100.562079017322,1.45578041363873,5.82165312232966));
#2027=CARTESIAN_POINT('',(100.497270040555,1.30243636595501,5.85743216940078));
#2028=CARTESIAN_POINT('',(100.449823287486,1.17649953659187,5.8839067730666));
#2029=CARTESIAN_POINT('',(100.410833915033,1.06105713596896,5.90584886072812));
#2030=CARTESIAN_POINT('',(100.376670533651,0.946560011089565,5.92522400823695));
#2031=CARTESIAN_POINT('',(100.346448169915,0.831514274895705,5.94247076891409));
#2032=CARTESIAN_POINT('',(100.319828878745,0.714427185124374,5.95774647272631));
#2033=CARTESIAN_POINT('',(100.296200584568,0.589913288118599,5.97137427517228));
#2034=CARTESIAN_POINT('',(100.278936170295,0.476554338097519,5.98137321641423));
#2035=CARTESIAN_POINT('',(100.26701235895,0.377752107348341,5.98829745043748));
#2036=CARTESIAN_POINT('',(100.259247210856,0.296911198409814,5.99281462259025));
#2037=CARTESIAN_POINT('',(100.253664588407,0.221281123862556,5.99606624376523));
#2038=CARTESIAN_POINT('',(100.249833025359,0.148782194304482,5.99830005927399));
#2039=CARTESIAN_POINT('',(100.247527750693,0.0770995804653511,5.99964502970157));
#2040=CARTESIAN_POINT('',(100.246942641358,0.0276555376301159,5.99998673755517));
#2041=CARTESIAN_POINT('',(100.246901951692,-0.0188402123582345,6.00001082722246));
#2042=CARTESIAN_POINT('',(100.247312336871,-0.0645926556464719,5.99977177197553));
#2043=CARTESIAN_POINT('',(100.249525445553,-0.144461896018585,5.99848161218326));
#2044=CARTESIAN_POINT('',(100.255391337196,-0.255087169218258,5.995063091519));
#2045=CARTESIAN_POINT('',(100.268500729706,-0.399249434377623,5.9874341706505));
#2046=CARTESIAN_POINT('',(100.28992773386,-0.554447116259109,5.97500675135016));
#2047=CARTESIAN_POINT('',(100.318508010027,-0.709644925308353,5.95851240636295));
#2048=CARTESIAN_POINT('',(100.35752273082,-0.879763905003304,5.93612835651441));
#2049=CARTESIAN_POINT('',(100.417862924228,-1.08991349673324,5.90181672894143));
#2050=CARTESIAN_POINT('',(100.500566698255,-1.31609615534875,5.85549415357249));
#2051=CARTESIAN_POINT('',(100.591095757963,-1.51764284080054,5.80582764421462));
#2052=CARTESIAN_POINT('',(100.668458766239,-1.66717880759458,5.76419885077253));
#2053=CARTESIAN_POINT('',(100.73688455845,-1.78742593262088,5.72795556112257));
#2054=CARTESIAN_POINT('',(100.803792396748,-1.89568357167804,5.69305955493209));
#2055=CARTESIAN_POINT('',(100.872222088584,-1.99761431307436,5.65800011442767));
#2056=CARTESIAN_POINT('',(100.933295200777,-2.08235473791224,5.6272466276812));
#2057=CARTESIAN_POINT('',(100.987036512869,-2.15290806970133,5.60058337698845));
#2058=CARTESIAN_POINT('',(101.037449227383,-2.21602021375738,5.57590962202246));
#2059=CARTESIAN_POINT('',(101.089390237748,-2.27804990197383,5.5508522413064));
#2060=CARTESIAN_POINT('',(101.148530801658,-2.34544695752526,5.52275441157547));
#2061=CARTESIAN_POINT('',(101.215055985159,-2.41727408645859,5.49173388072134));
#2062=CARTESIAN_POINT('',(101.289222004849,-2.49262363177173,5.45793184957409));
#2063=CARTESIAN_POINT('',(101.364333950061,-2.56448617060894,5.42451995439037));
#2064=CARTESIAN_POINT('',(101.44634982964,-2.6384540541629,5.38895909240746));
#2065=CARTESIAN_POINT('',(101.535732127772,-2.71396026095069,5.35135666343062));
#2066=CARTESIAN_POINT('',(101.626880136798,-2.78555564322824,5.31437693494966));
#2067=CARTESIAN_POINT('',(101.706327318028,-2.84397490516984,5.28326428767721));
#2068=CARTESIAN_POINT('',(101.773188358539,-2.8906575063576,5.2578357961853));
#2069=CARTESIAN_POINT('',(101.83383134837,-2.93114079997766,5.23537060900056));
#2070=CARTESIAN_POINT('',(101.895039511382,-2.97018752057532,5.2133131554636));
#2071=CARTESIAN_POINT('',(101.95671278727,-3.00775901568857,5.19172328737028));
#2072=CARTESIAN_POINT('',(102.018879312041,-3.04389709577064,5.17061434232271));
#2073=CARTESIAN_POINT('',(102.081423096172,-3.07856046876742,5.15004725642527));
#2074=CARTESIAN_POINT('',(102.144454938501,-3.11183340718682,5.13000744813917));
#2075=CARTESIAN_POINT('',(102.207881390413,-3.14368373816328,5.11054780663246));
#2076=CARTESIAN_POINT('',(102.271701067752,-3.17412900939018,5.09169063977195));
#2077=CARTESIAN_POINT('',(102.335690048024,-3.20308775105323,5.07351951747141));
#2078=CARTESIAN_POINT('',(102.399898638677,-3.23061187945486,5.0560343901331));
#2079=CARTESIAN_POINT('',(102.464189088543,-3.25666998714641,5.0392860925973));
#2080=CARTESIAN_POINT('',(102.528612110634,-3.28131049772671,5.02327315633787));
#2081=CARTESIAN_POINT('',(102.593014763497,-3.3045048581669,5.00804249363296));
#2082=CARTESIAN_POINT('',(102.657559003906,-3.32633840085198,4.99356465754334));
#2083=CARTESIAN_POINT('',(102.72201200861,-3.34675547771245,4.97990121196011));
#2084=CARTESIAN_POINT('',(102.786217462298,-3.36574124893404,4.96708640854667));
#2085=CARTESIAN_POINT('',(102.849637146954,-3.38319247320484,4.95521391646513));
#2086=CARTESIAN_POINT('',(102.912376852133,-3.39920532122259,4.944240865072));
#2087=CARTESIAN_POINT('',(102.974075639208,-3.41375403462758,4.93420490666823));
#2088=CARTESIAN_POINT('',(103.034834328828,-3.42693370278434,4.92505860304237));
#2089=CARTESIAN_POINT('',(103.09430143832,-3.43874591597419,4.91681689536973));
#2090=CARTESIAN_POINT('',(103.153006379243,-3.44936438211305,4.90937219171267));
#2091=CARTESIAN_POINT('',(103.210337303341,-3.45873788448981,4.90277175457099));
#2092=CARTESIAN_POINT('',(103.265967686867,-3.46689651174945,4.8970048823977));
#2093=CARTESIAN_POINT('',(103.318497251849,-3.47376123683016,4.89213680101962));
#2094=CARTESIAN_POINT('',(103.368227587289,-3.4795189712429,4.88804269203792));
#2095=CARTESIAN_POINT('',(103.414105452571,-3.48418987551031,4.88471388920009));
#2096=CARTESIAN_POINT('',(103.456204822171,-3.4879350834092,4.88203996674601));
#2097=CARTESIAN_POINT('',(103.493293777091,-3.49081113920634,4.87998368333246));
#2098=CARTESIAN_POINT('',(103.526712616663,-3.49306717748407,4.87836895309975));
#2099=CARTESIAN_POINT('',(103.556895144659,-3.49483278919474,4.87710416381147));
#2100=CARTESIAN_POINT('',(103.585184470011,-3.49625061212398,4.876087821533));
#2101=CARTESIAN_POINT('',(103.611736086331,-3.49737468883559,4.8752816108468));
#2102=CARTESIAN_POINT('',(103.637515457337,-3.49827481323169,4.87463574515852));
#2103=CARTESIAN_POINT('',(103.663311664742,-3.49898781688771,4.87412396774911));
#2104=CARTESIAN_POINT('',(103.69005958341,-3.49952807759885,4.87373607499417));
#2105=CARTESIAN_POINT('',(103.718016200218,-3.49987412115877,4.87348757854805));
#2106=CARTESIAN_POINT('',(103.737179730324,-3.49995428720832,4.87342999829445));
#2107=CARTESIAN_POINT('',(103.746920266343,-3.49995430397646,4.87342999027192));
#2108=CARTESIAN_POINT('',(107.246911848645,-3.49996272165512,4.87342394519807));
#2109=CARTESIAN_POINT('',(103.746920265257,-3.49995430397671,4.87342999027119));
#2110=CARTESIAN_POINT('',(104.913584850496,-3.49995710987126,4.87342797516013));
#2111=CARTESIAN_POINT('',(106.080248711398,-3.49995991576406,4.87342596004665));
#2112=CARTESIAN_POINT('',(107.246911847731,-3.49996272165511,4.87342394493074));
#2113=CARTESIAN_POINT('',(107.246928684022,3.50003727832466,4.87337039946136));
#2114=CARTESIAN_POINT('',(107.246920266233,-3.49996272166524,4.87342394492347));
#2115=CARTESIAN_POINT('',(107.273079367758,-3.49996298934902,4.87342356748869));
#2116=CARTESIAN_POINT('',(107.320976283476,-3.49942610541561,4.87380947835534));
#2117=CARTESIAN_POINT('',(107.388129505504,-3.49729332413235,4.87534023856235));
#2118=CARTESIAN_POINT('',(107.446612964274,-3.4944068009829,4.87740978547894));
#2119=CARTESIAN_POINT('',(107.500702632259,-3.49088115827166,4.87993401431668));
#2120=CARTESIAN_POINT('',(107.553289894949,-3.48666119242869,4.88295037679538));
#2121=CARTESIAN_POINT('',(107.607072001954,-3.48152805844925,4.88661214401468));
#2122=CARTESIAN_POINT('',(107.663335976291,-3.47526538580513,4.89106883121618));
#2123=CARTESIAN_POINT('',(107.722002180737,-3.46774524315274,4.89640444417032));
#2124=CARTESIAN_POINT('',(107.78264483178,-3.45890451440713,4.90265481076278));
#2125=CARTESIAN_POINT('',(107.84453879845,-3.44875959892211,4.90979792693153));
#2126=CARTESIAN_POINT('',(107.907720568544,-3.43722119961225,4.91788416064645));
#2127=CARTESIAN_POINT('',(107.971515817614,-3.42434452387672,4.92686059634666));
#2128=CARTESIAN_POINT('',(108.035801391384,-3.41011215196957,4.93672400176071));
#2129=CARTESIAN_POINT('',(108.100398259687,-3.39452724747848,4.94745541814798));
#2130=CARTESIAN_POINT('',(108.165638203502,-3.37746076748234,4.95912425388055));
#2131=CARTESIAN_POINT('',(108.231209143001,-3.3589418966082,4.97168880066588));
#2132=CARTESIAN_POINT('',(108.297246535717,-3.33888710770097,4.98518218539569));
#2133=CARTESIAN_POINT('',(108.363684698317,-3.31726482359497,4.9995996436142));
#2134=CARTESIAN_POINT('',(108.430969832447,-3.29385835420396,5.01505520458734));
#2135=CARTESIAN_POINT('',(108.498828366542,-3.26867901002349,5.03150684299155));
#2136=CARTESIAN_POINT('',(108.567486628871,-3.24155916593225,5.04902605432398));
#2137=CARTESIAN_POINT('',(108.636674136641,-3.21251653401696,5.0675596682786));
#2138=CARTESIAN_POINT('',(108.706603298126,-3.18136352504448,5.08718055334544));
#2139=CARTESIAN_POINT('',(108.776708699327,-3.14826070700277,5.1077382668294));
#2140=CARTESIAN_POINT('',(108.846882547296,-3.11319014324846,5.12919457621453));
#2141=CARTESIAN_POINT('',(108.916746189301,-3.07628892365197,5.1514168046537));
#2142=CARTESIAN_POINT('',(108.986364856917,-3.03747238611126,5.17440521659607));
#2143=CARTESIAN_POINT('',(109.055428690761,-2.99686935527938,5.19803227219286));
#2144=CARTESIAN_POINT('',(109.126210707198,-2.95303941340411,5.22307055320755));
#2145=CARTESIAN_POINT('',(109.200715058401,-2.9043712339741,5.25031477235338));
#2146=CARTESIAN_POINT('',(109.290197308006,-2.84245542578265,5.28417473409218));
#2147=CARTESIAN_POINT('',(109.390661519006,-2.76777955011405,5.32376409437114));
#2148=CARTESIAN_POINT('',(109.498173985296,-2.68103422909413,5.36798902563559));
#2149=CARTESIAN_POINT('',(109.592228547045,-2.59885290342645,5.40819612955182));
#2150=CARTESIAN_POINT('',(109.673890643835,-2.52248347913243,5.44417141672674));
#2151=CARTESIAN_POINT('',(109.752440496517,-2.44472617287119,5.47960380940729));
#2152=CARTESIAN_POINT('',(109.836475973963,-2.35584764627871,5.51850133030779));
#2153=CARTESIAN_POINT('',(109.925701745753,-2.25393021983071,5.56093973282395));
#2154=CARTESIAN_POINT('',(110.013769732425,-2.14502760719501,5.60389964255044));
#2155=CARTESIAN_POINT('',(110.111406088523,-2.01371223253487,5.65267978545382));
#2156=CARTESIAN_POINT('',(110.225374312846,-1.84312518930731,5.71117427807104));
#2157=CARTESIAN_POINT('',(110.340363192624,-1.6432287070979,5.77204507001639));
#2158=CARTESIAN_POINT('',(110.43479011549,-1.44905618967273,5.82333234910148));
#2159=CARTESIAN_POINT('',(110.501251752644,-1.29087868432008,5.86004395535482));
#2160=CARTESIAN_POINT('',(110.55086043306,-1.15748206064543,5.88775563966046));
#2161=CARTESIAN_POINT('',(110.59303924001,-1.02940020564022,5.91153287952043));
#2162=CARTESIAN_POINT('',(110.632521143657,-0.891577895763151,5.93397313297104));
#2163=CARTESIAN_POINT('',(110.667341985912,-0.747308449804044,5.95391515808335));
#2164=CARTESIAN_POINT('',(110.696108377592,-0.600194033716061,5.97049460333183));
#2165=CARTESIAN_POINT('',(110.715321592103,-0.474079216150067,5.98162133643228));
#2166=CARTESIAN_POINT('',(110.727638400136,-0.370129053414234,5.98877356890685));
#2167=CARTESIAN_POINT('',(110.735229230153,-0.289261034681636,5.99318883055295));
#2168=CARTESIAN_POINT('',(110.740648241254,-0.213610857359275,5.99634445245145));
#2169=CARTESIAN_POINT('',(110.744322582583,-0.141097498668777,5.99848578513835));
#2170=CARTESIAN_POINT('',(110.74645686899,-0.069914010618152,5.99973010241137));
#2171=CARTESIAN_POINT('',(110.746925047832,-0.0225087536776846,6.00000292917002));
#2172=CARTESIAN_POINT('',(110.746915399462,0.0239886601345382,5.99999701207431));
#2173=CARTESIAN_POINT('',(110.746440230225,0.0702513140487067,5.99971952463271));
#2174=CARTESIAN_POINT('',(110.743992268076,0.152156880887456,5.99829132968694));
#2175=CARTESIAN_POINT('',(110.737885721215,0.262766896208535,5.99473126863136));
#2176=CARTESIAN_POINT('',(110.724463445685,0.406892604154933,5.98691927180608));
#2177=CARTESIAN_POINT('',(110.702701320873,0.562029409495162,5.97429783404834));
#2178=CARTESIAN_POINT('',(110.673788417021,0.717145259408547,5.95761379482829));
#2179=CARTESIAN_POINT('',(110.634412742823,0.887151039132272,5.93502777516464));
#2180=CARTESIAN_POINT('',(110.573633603676,1.0971254937534,5.90047801242354));
#2181=CARTESIAN_POINT('',(110.490468418236,1.32307353910462,5.8539186984722));
#2182=CARTESIAN_POINT('',(110.399538539921,1.52437239036168,5.80406246338253));
#2183=CARTESIAN_POINT('',(110.321885406956,1.67370030572504,5.762307555876));
#2184=CARTESIAN_POINT('',(110.253231803562,1.79376438805068,5.72597283347455));
#2185=CARTESIAN_POINT('',(110.186123658563,1.90184440489578,5.69100334092447));
#2186=CARTESIAN_POINT('',(110.1175090831,2.00359702424383,5.65588343332602));
#2187=CARTESIAN_POINT('',(110.056285226818,2.08818094205173,5.62508665365568));
#2188=CARTESIAN_POINT('',(110.002420506999,2.15859814341615,5.59839231223119));
#2189=CARTESIAN_POINT('',(109.950073552796,2.22385981044012,5.57280238747359));
#2190=CARTESIAN_POINT('',(109.892318446771,2.29237630801334,5.54499656803404));
#2191=CARTESIAN_POINT('',(109.8194066756,2.37430246968345,5.51051738640846));
#2192=CARTESIAN_POINT('',(109.724592730206,2.47377459777603,5.46675830816844));
#2193=CARTESIAN_POINT('',(109.610171025222,2.58352091358376,5.41577612255117));
#2194=CARTESIAN_POINT('',(109.496628791697,2.68245197190347,5.36728829247753));
#2195=CARTESIAN_POINT('',(109.398624022522,2.76120448790569,5.32706259795784));
#2196=CARTESIAN_POINT('',(109.315268287594,2.82406691563154,5.2939667771184));
#2197=CARTESIAN_POINT('',(109.235483585573,2.88080076653019,5.26329949075741));
#2198=CARTESIAN_POINT('',(109.161281713984,2.9305060614302,5.2357500551055));
#2199=CARTESIAN_POINT('',(109.093091423672,2.97382254786981,5.2112401205457));
#2200=CARTESIAN_POINT('',(109.031369856907,3.01126129676055,5.18969232477074));
#2201=CARTESIAN_POINT('',(108.969170344328,3.0472598706488,5.16863283328667));
#2202=CARTESIAN_POINT('',(108.906615720286,3.08177450512603,5.1481242133941));
#2203=CARTESIAN_POINT('',(108.843592491655,3.11489205010402,5.12815042052122));
#2204=CARTESIAN_POINT('',(108.77317903166,3.1500881675737,5.10661844874313));
#2205=CARTESIAN_POINT('',(108.688020792884,3.19017337995066,5.08170137752534));
#2206=CARTESIAN_POINT('',(108.587541970721,3.23381523005538,5.05404655044292));
#2207=CARTESIAN_POINT('',(108.485704341307,3.27404761785916,5.02804792742011));
#2208=CARTESIAN_POINT('',(108.397417308558,3.30588339398256,5.00714283943379));
#2209=CARTESIAN_POINT('',(108.323216349792,3.3306888855678,4.9906650313661));
#2210=CARTESIAN_POINT('',(108.25597620119,3.35167301773669,4.97659400765468));
#2211=CARTESIAN_POINT('',(108.188321181784,3.37130060877802,4.96331610194989));
#2212=CARTESIAN_POINT('',(108.120412929074,3.38952915140037,4.95088299245436));
#2213=CARTESIAN_POINT('',(108.052261761649,3.40636431244964,4.93931271150894));
#2214=CARTESIAN_POINT('',(107.983982034023,3.42178685204345,4.92863892890615));
#2215=CARTESIAN_POINT('',(107.915580785501,3.43580666861768,4.91887388035048));
#2216=CARTESIAN_POINT('',(107.847161441033,3.44841653199277,4.91004011317752));
#2217=CARTESIAN_POINT('',(107.778641604593,3.45964353215098,4.90213442354973));
#2218=CARTESIAN_POINT('',(107.710335148703,3.46945018261301,4.89519731867672));
#2219=CARTESIAN_POINT('',(107.642300166356,3.4778560124486,4.88922766361741));
#2220=CARTESIAN_POINT('',(107.57547952486,3.48479377333169,4.8842841575136));
#2221=CARTESIAN_POINT('',(107.510703077252,3.49027560708008,4.88036755440021));
#2222=CARTESIAN_POINT('',(107.448015246994,3.49443660916534,4.87738854722554));
#2223=CARTESIAN_POINT('',(107.385272349441,3.49749288438008,4.87519707532307));
#2224=CARTESIAN_POINT('',(107.318288945664,3.49954190033322,4.87372630614306));
#2225=CARTESIAN_POINT('',(107.271738621561,3.50003729445151,4.87337023022207));
#2226=CARTESIAN_POINT('',(107.246928684022,3.50003727832445,4.87337039946107));
#2227=CARTESIAN_POINT('',(103.753071316145,3.50004029095969,4.87336823567953));
#2228=VECTOR('',#2229,1.);
#2229=DIRECTION('',(0.999999999999437,-8.62266177784386E-7,6.1928488328523E-7));
#2230=CARTESIAN_POINT('',(-103.753071316145,3.50004029096007,4.87336823556305));
#2231=CARTESIAN_POINT('',(-107.246928684022,3.5000372783247,4.87337039946049));
#2232=CARTESIAN_POINT('',(-107.246928684022,3.50003727832436,4.87337039937308));
#2233=VECTOR('',#2234,1.);
#2234=DIRECTION('',(0.999999999999437,8.62266368824263E-7,-6.19285158596191E-7));
#2235=CARTESIAN_POINT('',(-107.246911848645,-3.49996272165508,4.8734239449317));
#2236=CARTESIAN_POINT('',(-107.246928684022,3.5000372783247,4.87337039946049));
#2237=CARTESIAN_POINT('',(-107.273092736506,3.50003742014351,4.87337011242233));
#2238=CARTESIAN_POINT('',(-107.320992961748,3.49950032496992,4.87375618743846));
#2239=CARTESIAN_POINT('',(-107.388143903774,3.49736728624917,4.87528718154208));
#2240=CARTESIAN_POINT('',(-107.446627341127,3.49448053887628,4.87735695540805));
#2241=CARTESIAN_POINT('',(-107.500716942365,3.49095467451351,4.87988142343502));
#2242=CARTESIAN_POINT('',(-107.553304406996,3.48673447530238,4.88289804860782));
#2243=CARTESIAN_POINT('',(-107.607086669447,3.48160109863834,4.88656010497273));
#2244=CARTESIAN_POINT('',(-107.663350723378,3.47533817571085,4.89101711100732));
#2245=CARTESIAN_POINT('',(-107.722016866505,3.46781778719423,4.89635306629236));
#2246=CARTESIAN_POINT('',(-107.782659332014,3.45897682403522,4.90260379463185));
#2247=CARTESIAN_POINT('',(-107.844553019389,3.44883168964056,4.90974728825188));
#2248=CARTESIAN_POINT('',(-107.907734434354,3.43729308835807,4.91783391557295));
#2249=CARTESIAN_POINT('',(-107.971529274982,3.4244162304841,4.9268107573331));
#2250=CARTESIAN_POINT('',(-108.035814407098,3.41018369509098,4.936674582022));
#2251=CARTESIAN_POINT('',(-108.100410815093,3.39459864455586,4.9474064312092));
#2252=CARTESIAN_POINT('',(-108.165650253506,3.37753204316823,4.95907571061298));
#2253=CARTESIAN_POINT('',(-108.231220644196,3.35901307943118,4.97164070831643));
#2254=CARTESIAN_POINT('',(-108.297257433669,3.33895823214175,4.98513454867533));
#2255=CARTESIAN_POINT('',(-108.363694942867,3.31733592683748,4.99955246590938));
#2256=CARTESIAN_POINT('',(-108.430979359614,3.29392948092789,5.0150084886742));
#2257=CARTESIAN_POINT('',(-108.498837129014,3.26875020492484,5.03146059142847));
#2258=CARTESIAN_POINT('',(-108.56749457836,3.24163047784567,5.04898027047206));
#2259=CARTESIAN_POINT('',(-108.636681241424,3.21258801029128,5.06751435629283));
#2260=CARTESIAN_POINT('',(-108.706609523751,3.18143521791685,5.08713571828711));
#2261=CARTESIAN_POINT('',(-108.776714030771,3.14833266530092,5.10769391315249));
#2262=CARTESIAN_POINT('',(-108.846886977078,3.11326241531038,5.12915070954093));
#2263=CARTESIAN_POINT('',(-108.916749722214,3.07636155432939,5.15137343064556));
#2264=CARTESIAN_POINT('',(-108.986367498905,3.03754542121569,5.17436234259793));
#2265=CARTESIAN_POINT('',(-109.055430452006,2.99694284023274,5.19798990406901));
#2266=CARTESIAN_POINT('',(-109.12621157045,2.95311341061404,5.22302871500709));
#2267=CARTESIAN_POINT('',(-109.20071498204,2.90444582945449,5.25027350584804));
#2268=CARTESIAN_POINT('',(-109.290196122588,2.84253081364708,5.28413417881027));
#2269=CARTESIAN_POINT('',(-109.390659124342,2.76785593252473,5.32372437958663));
#2270=CARTESIAN_POINT('',(-109.498170354111,2.68111180589688,5.36795027524531));
#2271=CARTESIAN_POINT('',(-109.592223910514,2.59893162268789,5.40815829773748));
#2272=CARTESIAN_POINT('',(-109.673885217539,2.52256324213546,5.44413445661204));
#2273=CARTESIAN_POINT('',(-109.752434440241,2.44480691824029,5.47956778132105));
#2274=CARTESIAN_POINT('',(-109.836469364977,2.35592944487288,5.51846640620303));
#2275=CARTESIAN_POINT('',(-109.925694679712,2.25401315169223,5.56090611497395));
#2276=CARTESIAN_POINT('',(-110.013762365895,2.14511164369274,5.603867471465));
#2277=CARTESIAN_POINT('',(-110.111398570902,2.01379745278081,5.65264942175005));
#2278=CARTESIAN_POINT('',(-110.225366835235,1.84321177763326,5.71114632632303));
#2279=CARTESIAN_POINT('',(-110.340355983543,1.64331677798288,5.77201998866934));
#2280=CARTESIAN_POINT('',(-110.434783356201,1.44914557874308,5.8233101000385));
#2281=CARTESIAN_POINT('',(-110.501245468742,1.29096905991539,5.86002404338235));
#2282=CARTESIAN_POINT('',(-110.550854615157,1.15757320427939,5.88773771858549));
#2283=CARTESIAN_POINT('',(-110.593033921276,1.02949202914075,5.91151688680999));
#2284=CARTESIAN_POINT('',(-110.632516415223,0.891670381224133,5.93395923375949));
#2285=CARTESIAN_POINT('',(-110.667337928704,0.747401546572081,5.95390346977108));
#2286=CARTESIAN_POINT('',(-110.696105053624,0.600287662936045,5.97048518830407));
#2287=CARTESIAN_POINT('',(-110.715318930545,0.474173224312386,5.98161388385369));
#2288=CARTESIAN_POINT('',(-110.727636302799,0.37022332020623,5.98876774159583));
#2289=CARTESIAN_POINT('',(-110.735227580749,0.289355469144732,5.99318427155684));
#2290=CARTESIAN_POINT('',(-110.740647017076,0.213705421800237,5.99634108269713));
#2291=CARTESIAN_POINT('',(-110.744321770642,0.141192162292993,5.99848355745351));
#2292=CARTESIAN_POINT('',(-110.746457039735,0.0699895895846927,5.99972933272235));
#2293=CARTESIAN_POINT('',(-110.746925102701,0.0225843555382746,6.00000268101181));
#2294=CARTESIAN_POINT('',(-110.746915341068,-0.0239130347504533,5.99999727562594));
#2295=CARTESIAN_POINT('',(-110.746440636335,-0.0701565071171535,5.99972063389043));
#2296=CARTESIAN_POINT('',(-110.743993148767,-0.152062075759992,5.99829373375091));
#2297=CARTESIAN_POINT('',(-110.737887241716,-0.262672141736087,5.99473542129816));
#2298=CARTESIAN_POINT('',(-110.724465792551,-0.406798003521787,5.98692570096529));
#2299=CARTESIAN_POINT('',(-110.702704538362,-0.561935085438344,5.97430670766882));
#2300=CARTESIAN_POINT('',(-110.67379247647,-0.7170513208223,5.95762510304559));
#2301=CARTESIAN_POINT('',(-110.634417683446,-0.887057644997741,5.93504173714981));
#2302=CARTESIAN_POINT('',(-110.573639552031,-1.09703295082871,5.90049522427441));
#2303=CARTESIAN_POINT('',(-110.490475314572,-1.32298212846208,5.85393936406427));
#2304=CARTESIAN_POINT('',(-110.399546134734,-1.52428215750919,5.80408616519353));
#2305=CARTESIAN_POINT('',(-110.321893415884,-1.67361105120619,5.76233348192543));
#2306=CARTESIAN_POINT('',(-110.253240067041,-1.79367599590015,5.72600052521971));
#2307=CARTESIAN_POINT('',(-110.186132078799,-1.90175685034243,5.69103260177255));
#2308=CARTESIAN_POINT('',(-110.117517587297,-2.00351029524718,5.65591415804978));
#2309=CARTESIAN_POINT('',(-110.056293748994,-2.08809492734564,5.62511858492157));
#2310=CARTESIAN_POINT('',(-110.002429007684,-2.15851274097044,5.59842524131552));
#2311=CARTESIAN_POINT('',(-109.950081999391,-2.22377499298402,5.57283623453266));
#2312=CARTESIAN_POINT('',(-109.892326801484,-2.29229211768291,5.54503137376951));
#2313=CARTESIAN_POINT('',(-109.819414866324,-2.37421905130526,5.51055332964025));
#2314=CARTESIAN_POINT('',(-109.724600641325,-2.47369213915208,5.46679562363925));
#2315=CARTESIAN_POINT('',(-109.6101785165,-2.58343952825452,5.41581494807066));
#2316=CARTESIAN_POINT('',(-109.496635791088,-2.68237156142986,5.36732848055376));
#2317=CARTESIAN_POINT('',(-109.398630536013,-2.76112486544864,5.32710386916161));
#2318=CARTESIAN_POINT('',(-109.315274337378,-2.82398793648536,5.29400890844713));
#2319=CARTESIAN_POINT('',(-109.235489152927,-2.88072237509171,5.26334239712047));
#2320=CARTESIAN_POINT('',(-109.161286804799,-2.93042818551758,5.23579364270048));
#2321=CARTESIAN_POINT('',(-109.093096052036,-2.97374512253901,5.21128430322114));
#2322=CARTESIAN_POINT('',(-109.031374039307,-3.01118426630489,5.18973702029481));
#2323=CARTESIAN_POINT('',(-108.969174058187,-3.04718321967645,5.16867802366879));
#2324=CARTESIAN_POINT('',(-108.906618940581,-3.08169821886308,5.14816987934171));
#2325=CARTESIAN_POINT('',(-108.843595199522,-3.11481611008526,5.12819654664218));
#2326=CARTESIAN_POINT('',(-108.773181140903,-3.15001259545209,5.10666506583393));
#2327=CARTESIAN_POINT('',(-108.688022140178,-3.19009822564758,5.08174855706038));
#2328=CARTESIAN_POINT('',(-108.587542372086,-3.2337405207173,5.0540943522874));
#2329=CARTESIAN_POINT('',(-108.485703741189,-3.27397329962574,5.02809631942984));
#2330=CARTESIAN_POINT('',(-108.397415800206,-3.30580936937628,5.00719171211872));
#2331=CARTESIAN_POINT('',(-108.323214045248,-3.33061507895227,4.99071428785854));
#2332=CARTESIAN_POINT('',(-108.255973147473,-3.35159938584331,4.97664359692859));
#2333=CARTESIAN_POINT('',(-108.188317356873,-3.37122712570679,4.96336601395899));
#2334=CARTESIAN_POINT('',(-108.120408301456,-3.38945579294824,4.9509332150291));
#2335=CARTESIAN_POINT('',(-108.052256304358,-3.40629105179837,4.93936323430083));
#2336=CARTESIAN_POINT('',(-107.983975712771,-3.42171366292015,4.92868974068673));
#2337=CARTESIAN_POINT('',(-107.915573569425,-3.43573352242174,4.91892497161463));
#2338=CARTESIAN_POINT('',(-107.847153291359,-3.44834340016333,4.91009147411628));
#2339=CARTESIAN_POINT('',(-107.778632500328,-3.45957038111103,4.90218604835557));
#2340=CARTESIAN_POINT('',(-107.710325081749,-3.46937697673394,4.89524920204916));
#2341=CARTESIAN_POINT('',(-107.642289146234,-3.47778271488701,4.8892798014182));
#2342=CARTESIAN_POINT('',(-107.575467603057,-3.48472034548853,4.88433654515851));
#2343=CARTESIAN_POINT('',(-107.510690410244,-3.49020201344567,4.88042018515214));
#2344=CARTESIAN_POINT('',(-107.44800180249,-3.4943628253667,4.87744140917445));
#2345=CARTESIAN_POINT('',(-107.385258422203,-3.49741889610116,4.87525015400198));
#2346=CARTESIAN_POINT('',(-107.318272321532,-3.49946766682125,4.873779608049));
#2347=CARTESIAN_POINT('',(-107.271725342965,-3.49996285713099,4.87342368997156));
#2348=CARTESIAN_POINT('',(-107.246920266294,-3.4999627216652,4.87342394492354));
#2349=CARTESIAN_POINT('',(-103.746920266343,-3.49995430397668,4.87342999000393));
#2350=CARTESIAN_POINT('',(-103.746920267353,-3.49995430397668,4.87342999027126));
#2351=CARTESIAN_POINT('',(-104.913584851194,-3.49995710987122,4.8734279751602));
#2352=CARTESIAN_POINT('',(-106.080248711631,-3.49995991576402,4.87342596004672));
#2353=CARTESIAN_POINT('',(-107.24691184843,-3.49996272165507,4.87342394493081));
#2354=CARTESIAN_POINT('',(-103.746920266343,-3.49995430397668,4.87342999013759));
#2355=CARTESIAN_POINT('',(-103.720706285547,-3.49995450962577,4.87342965601447));
#2356=CARTESIAN_POINT('',(-103.672720994458,-3.49941554748468,4.87381706045663));
#2357=CARTESIAN_POINT('',(-103.605456696557,-3.49727517604735,4.87535325902696));
#2358=CARTESIAN_POINT('',(-103.546884828047,-3.49437920791343,4.87742955767365));
#2359=CARTESIAN_POINT('',(-103.492717283147,-3.49084251244949,4.87996166412684));
#2360=CARTESIAN_POINT('',(-103.440055389625,-3.4866096033544,4.88298722010389));
#2361=CARTESIAN_POINT('',(-103.386196383601,-3.48146082730994,4.8866600528417));
#2362=CARTESIAN_POINT('',(-103.329850429329,-3.47517901580868,4.89113021370958));
#2363=CARTESIAN_POINT('',(-103.271097800432,-3.46763582077244,4.8964819587313));
#2364=CARTESIAN_POINT('',(-103.210366300229,-3.45876808674196,4.90275108743559));
#2365=CARTESIAN_POINT('',(-103.14838522993,-3.44859279864187,4.90991512230605));
#2366=CARTESIAN_POINT('',(-103.085121437783,-3.43702119396639,4.91802398509334));
#2367=CARTESIAN_POINT('',(-103.021250828364,-3.42410918881956,4.92702420282063));
#2368=CARTESIAN_POINT('',(-102.956898267817,-3.40984006769152,4.93691199164241));
#2369=CARTESIAN_POINT('',(-102.892241643242,-3.39421714813727,4.94766822874669));
#2370=CARTESIAN_POINT('',(-102.826951797978,-3.37711230469881,4.95936162608491));
#2371=CARTESIAN_POINT('',(-102.761338984588,-3.35855480852567,4.97195037122199));
#2372=CARTESIAN_POINT('',(-102.695269563697,-3.33846203865124,4.9854669281699));
#2373=CARTESIAN_POINT('',(-102.628808439755,-3.31680270019218,4.99990630955234));
#2374=CARTESIAN_POINT('',(-102.561512218733,-3.29336141143888,5.01538163264286));
#2375=CARTESIAN_POINT('',(-102.493651875205,-3.26814933963239,5.03185097221626));
#2376=CARTESIAN_POINT('',(-102.425001577146,-3.24099950915565,5.04938539007496));
#2377=CARTESIAN_POINT('',(-102.35582910433,-3.21192921244715,5.06793201191522));
#2378=CARTESIAN_POINT('',(-102.285922726714,-3.18075154847639,5.0875632745488));
#2379=CARTESIAN_POINT('',(-102.215844652857,-3.14762636474736,5.10812925911995));
#2380=CARTESIAN_POINT('',(-102.145702160715,-3.11253583743651,5.12959170541532));
#2381=CARTESIAN_POINT('',(-102.075872598524,-3.07561682676809,5.15181814846687));
#2382=CARTESIAN_POINT('',(-102.006291869725,-3.03678550524149,5.17480840215803));
#2383=CARTESIAN_POINT('',(-101.937269126009,-2.99617077637899,5.19843499155214));
#2384=CARTESIAN_POINT('',(-101.866534206964,-2.95233310498362,5.22346983468602));
#2385=CARTESIAN_POINT('',(-101.792084468777,-2.90366172995727,5.25070717772415));
#2386=CARTESIAN_POINT('',(-101.702674683339,-2.84174954944274,5.28455430770319));
#2387=CARTESIAN_POINT('',(-101.602295596087,-2.76708524974133,5.32412484205182));
#2388=CARTESIAN_POINT('',(-101.494876214588,-2.68036052469158,5.36832525164726));
#2389=CARTESIAN_POINT('',(-101.400901957983,-2.59820247268205,5.40850846292225));
#2390=CARTESIAN_POINT('',(-101.319306528735,-2.52185521531096,5.44446235594394));
#2391=CARTESIAN_POINT('',(-101.240811957313,-2.44411416494207,5.47987670493838));
#2392=CARTESIAN_POINT('',(-101.156827216103,-2.35524768277189,5.51875731581661));
#2393=CARTESIAN_POINT('',(-101.067647440137,-2.25333710845953,5.56118003039959));
#2394=CARTESIAN_POINT('',(-100.979616366767,-2.14443257578354,5.60412738505822));
#2395=CARTESIAN_POINT('',(-100.882012927396,-2.0131040630601,5.65289654923402));
#2396=CARTESIAN_POINT('',(-100.768078973698,-1.84249112238333,5.71137918019187));
#2397=CARTESIAN_POINT('',(-100.653128755333,-1.64256436299507,5.77223449561081));
#2398=CARTESIAN_POINT('',(-100.55873975923,-1.44836447027771,5.82350462362539));
#2399=CARTESIAN_POINT('',(-100.492309850576,-1.29016706572208,5.86020077066609));
#2400=CARTESIAN_POINT('',(-100.442728473527,-1.1567553269559,5.88789853930151));
#2401=CARTESIAN_POINT('',(-100.400576324888,-1.02866043595871,5.91166172513623));
#2402=CARTESIAN_POINT('',(-100.361123544211,-0.890825705310447,5.93408617697326));
#2403=CARTESIAN_POINT('',(-100.326333622155,-0.746545051392205,5.95401099648842));
#2404=CARTESIAN_POINT('',(-100.297599161026,-0.599421111616921,5.97057230555527));
#2405=CARTESIAN_POINT('',(-100.278413602595,-0.473299719174008,5.9816830920227));
#2406=CARTESIAN_POINT('',(-100.266119745228,-0.369345208254119,5.98882197384797));
#2407=CARTESIAN_POINT('',(-100.258546847028,-0.28847445174067,5.99322675110594));
#2408=CARTESIAN_POINT('',(-100.253144663136,-0.212822240080956,5.99637249941797));
#2409=CARTESIAN_POINT('',(-100.249486490373,-0.140307420468016,5.99850432146303));
#2410=CARTESIAN_POINT('',(-100.247375952144,-0.0693866591480802,5.99973469576541));
#2411=CARTESIAN_POINT('',(-100.24691301698,-0.0219812000063278,6.00000439637677));
#2412=CARTESIAN_POINT('',(-100.246927810905,0.0245163871291549,5.99999541248286));
#2413=CARTESIAN_POINT('',(-100.247416102011,0.071042865512397,5.9997102037983));
#2414=CARTESIAN_POINT('',(-100.249882396082,0.152947921725681,5.99827120872828));
#2415=CARTESIAN_POINT('',(-100.256013684272,0.263556329786265,5.99469660011488));
#2416=CARTESIAN_POINT('',(-100.2694681234,0.40767823266368,5.98686579040132));
#2417=CARTESIAN_POINT('',(-100.291264696041,0.562808742396269,5.97422441874203));
#2418=CARTESIAN_POINT('',(-100.320211781143,0.717916093116014,5.95752089832541));
#2419=CARTESIAN_POINT('',(-100.359624537568,0.887910144373895,5.93491414531785));
#2420=CARTESIAN_POINT('',(-100.420448800617,1.09786664322002,5.90033992458766));
#2421=CARTESIAN_POINT('',(-100.503661580231,1.32379095940344,5.85375621496243));
#2422=CARTESIAN_POINT('',(-100.594632606121,1.52506414392559,5.80388054112059));
#2423=CARTESIAN_POINT('',(-100.672315458102,1.674370446438,5.7621127540923));
#2424=CARTESIAN_POINT('',(-100.740992069601,1.79441499485607,5.72576887370511));
#2425=CARTESIAN_POINT('',(-100.808119933128,1.90247544350529,5.69079229865357));
#2426=CARTESIAN_POINT('',(-100.876752529414,2.00420848791108,5.65566668740948));
#2427=CARTESIAN_POINT('',(-100.93799096544,2.088775291944,5.6248659164503));
#2428=CARTESIAN_POINT('',(-100.991867688131,2.15917785418664,5.59816870987428));
#2429=CARTESIAN_POINT('',(-101.042399547149,2.22214993033608,5.5734691066532));
#2430=CARTESIAN_POINT('',(-101.09445603515,2.28403716206417,5.54839081421322));
#2431=CARTESIAN_POINT('',(-101.153719971689,2.35127372562736,5.52027553255202));
#2432=CARTESIAN_POINT('',(-101.220374553176,2.42292316166995,5.4892429914582));
#2433=CARTESIAN_POINT('',(-101.294674173538,2.49807835346305,5.45543652160944));
#2434=CARTESIAN_POINT('',(-101.369911024096,2.56974711096454,5.42202882897863));
#2435=CARTESIAN_POINT('',(-101.452052389142,2.64350612399894,5.38648159842488));
#2436=CARTESIAN_POINT('',(-101.541559502793,2.71878822485284,5.34890414700598));
#2437=CARTESIAN_POINT('',(-101.632823127479,2.79015948158847,5.31196026709461));
#2438=CARTESIAN_POINT('',(-101.712362599377,2.84838659769131,5.28088650718778));
#2439=CARTESIAN_POINT('',(-101.77929567769,2.89490920064104,5.25549562910515));
#2440=CARTESIAN_POINT('',(-101.839999898302,2.93524872370347,5.233068157846));
#2441=CARTESIAN_POINT('',(-101.901266226472,2.97415186765172,5.21105213442233));
#2442=CARTESIAN_POINT('',(-101.962994665248,3.01158021623666,5.1895072422712));
#2443=CARTESIAN_POINT('',(-102.025213563025,3.04757552363807,5.16844672839043));
#2444=CARTESIAN_POINT('',(-102.087806829883,3.08209666097369,5.14793138513949));
#2445=CARTESIAN_POINT('',(-102.150885431803,3.1152276052548,5.1279466378976));
#2446=CARTESIAN_POINT('',(-102.214355840364,3.14693631590852,5.10854523853141));
#2447=CARTESIAN_POINT('',(-102.278216727385,3.17724030269312,5.08974940819919));
#2448=CARTESIAN_POINT('',(-102.342243833737,3.20605843136233,5.07164247136617));
#2449=CARTESIAN_POINT('',(-102.406487338275,3.23344238242819,5.05422436764412));
#2450=CARTESIAN_POINT('',(-102.470809020563,3.25936085648534,5.03754577237326));
#2451=CARTESIAN_POINT('',(-102.535259540983,3.28386213531118,5.0216051508081));
#2452=CARTESIAN_POINT('',(-102.599685750402,3.30691795008829,5.00644912409996));
#2453=CARTESIAN_POINT('',(-102.664249981752,3.32861340925725,4.99204820199931));
#2454=CARTESIAN_POINT('',(-102.728719170768,3.34889331643303,4.97846355482223));
#2455=CARTESIAN_POINT('',(-102.792936767009,3.36774311463899,4.96572910649769));
#2456=CARTESIAN_POINT('',(-102.856364137351,3.38506062164295,4.95393770336833));
#2457=CARTESIAN_POINT('',(-102.919107574446,3.40094191432586,4.94304630285249));
#2458=CARTESIAN_POINT('',(-102.980806639453,3.41536209487952,4.93309180338263));
#2459=CARTESIAN_POINT('',(-103.041562737838,3.42841611890398,4.92402663219415));
#2460=CARTESIAN_POINT('',(-103.101025054284,3.44010635523376,4.91586501213196));
#2461=CARTESIAN_POINT('',(-103.159723565198,3.45060544278517,4.90849986074346));
#2462=CARTESIAN_POINT('',(-103.21704605529,3.45986323994699,4.90197756064818));
#2463=CARTESIAN_POINT('',(-103.27266539427,3.46791031027335,4.89628691125285));
#2464=CARTESIAN_POINT('',(-103.325180541531,3.47467021070644,4.89149117443847));
#2465=CARTESIAN_POINT('',(-103.374893992032,3.48032930036367,4.88746571356757));
#2466=CARTESIAN_POINT('',(-103.420750515235,3.48490948039376,4.88420048898128));
#2467=CARTESIAN_POINT('',(-103.462821743855,3.48857151308194,4.8815851858836));
#2468=CARTESIAN_POINT('',(-103.499869891279,3.49137391670153,4.87958104354042));
#2469=CARTESIAN_POINT('',(-103.533233382987,3.49356333039829,4.87801364115334));
#2470=CARTESIAN_POINT('',(-103.563345258171,3.4952686954602,4.87679176354742));
#2471=CARTESIAN_POINT('',(-103.591555101232,3.49663066636738,4.87581528602414));
#2472=CARTESIAN_POINT('',(-103.618046676556,3.49770417686611,4.87504522469385));
#2473=CARTESIAN_POINT('',(-103.643811203097,3.49855746849744,4.87443288205228));
#2474=CARTESIAN_POINT('',(-103.669624854739,3.49922444053777,4.87395409099161));
#2475=CARTESIAN_POINT('',(-103.696372314983,3.49971627301976,4.87360093625456));
#2476=CARTESIAN_POINT('',(-103.722234255341,3.49998977425852,4.87340451727159));
#2477=CARTESIAN_POINT('',(-103.741325044133,3.50005240672003,4.87335953445556));
#2478=CARTESIAN_POINT('',(-103.75101989895,3.50004389597752,4.87336564655913));
#2479=CARTESIAN_POINT('',(-103.753071316145,3.50004029095981,4.87336823567924));
#2480=CARTESIAN_POINT('',(-103.746920266343,-3.49995430397668,4.87342999000393));
#2481=VECTOR('',#2482,1.);
#2482=DIRECTION('',(0.,0.,1.));
#2483=CARTESIAN_POINT('',(-103.753071316145,3.50004029096007,4.87336823556305));
#2484=VECTOR('',#2485,1.);
#2485=DIRECTION('',(0.,0.,1.));
#2486=CARTESIAN_POINT('',(-103.753071316145,3.50004029096007,-7.19372768176517));
#2487=VECTOR('',#2488,1.);
#2488=DIRECTION('',(0.,0.,1.));
#2489=CARTESIAN_POINT('',(-103.746920266343,-3.49995430397668,-7.19376951770913));
#2490=VECTOR('',#2491,1.);
#2491=DIRECTION('',(0.,0.,1.));
#2492=CARTESIAN_POINT('',(-107.246911848645,-3.49996272165508,4.8734239449317));
#2493=VECTOR('',#2494,1.);
#2494=DIRECTION('',(0.,0.,1.));
#2495=CARTESIAN_POINT('',(-107.246911848645,-3.49996272165508,-7.19376543072482));
#2496=VECTOR('',#2497,1.);
#2497=DIRECTION('',(0.,0.,1.));
#2498=CARTESIAN_POINT('',(-107.246928684022,3.5000372783247,-7.19372914769087));
#2499=VECTOR('',#2500,1.);
#2500=DIRECTION('',(0.,0.,1.));
#2501=CARTESIAN_POINT('',(-107.246928684022,3.5000372783247,4.87337039946049));
#2502=VECTOR('',#2503,1.);
#2503=DIRECTION('',(0.,0.,1.));
#2504=CARTESIAN_POINT('',(103.753071316145,3.50004029096003,-7.19372768192298));
#2505=VECTOR('',#2506,1.);
#2506=DIRECTION('',(0.,0.,1.));
#2507=CARTESIAN_POINT('',(107.246928684022,3.50003727832466,-7.19372915644565));
#2508=VECTOR('',#2509,1.);
#2509=DIRECTION('',(0.,0.,1.));
#2510=CARTESIAN_POINT('',(107.246928684022,3.50003727832466,4.87337039946136));
#2511=VECTOR('',#2512,1.);
#2512=DIRECTION('',(0.,0.,1.));
#2513=CARTESIAN_POINT('',(103.753071316145,3.50004029096003,4.87336823579506));
#2514=VECTOR('',#2515,1.);
#2515=DIRECTION('',(0.,0.,1.));
#2516=CARTESIAN_POINT('',(107.246911848645,-3.49996272165512,4.87342394519807));
#2517=VECTOR('',#2518,1.);
#2518=DIRECTION('',(0.,0.,1.));
#2519=CARTESIAN_POINT('',(107.246911848645,-3.49996272165512,-7.19376542175088));
#2520=VECTOR('',#2521,1.);
#2521=DIRECTION('',(0.,0.,1.));
#2522=CARTESIAN_POINT('',(103.746920266343,-3.49995430397672,4.87342999027228));
#2523=VECTOR('',#2524,1.);
#2524=DIRECTION('',(0.,0.,1.));
#2525=CARTESIAN_POINT('',(103.746920266343,-3.49995430397672,-7.19376952613542));
#2526=VECTOR('',#2527,1.);
#2527=DIRECTION('',(0.,0.,1.));
ENDSEC;
END-ISO-10303-21;
