ISO-10303-21;
HEADER;
FILE_DESCRIPTION(('STEP AP203'),
    '1');
FILE_NAME('импортированная__1',
    '',
    ('UNSPECIFIED'),
    ('UNSPECIFIED'),
    'C3D Converter',
    'C3D Toolkit',
    '');
FILE_SCHEMA(('CONFIG_CONTROL_DESIGN'));
ENDSEC;

DATA;
#1=PRODUCT_DEFINITION('','UNSPECIFIED',#28,#31);
#2=SHAPE_DEFINITION_REPRESENTATION(#26,#3);
#3=SHAPE_REPRESENTATION('NONE',(#4),#8);
#4=AXIS2_PLACEMENT_3D('',#5,#6,#7);
#5=CARTESIAN_POINT('',(0.,0.,0.));
#6=DIRECTION('',(0.,0.,1.));
#7=DIRECTION('',(1.,0.,0.));
#8=(GEOMETRIC_REPRESENTATION_CONTEXT(3)GLOBAL_UNCERTAINTY_ASSIGNED_CONTEXT((#10))
GLOBAL_UNIT_ASSIGNED_CONTEXT((#9,#11,#12))REPRESENTATION_CONTEXT('NONE','NONE'));
#9=(LENGTH_UNIT()NAMED_UNIT(*)SI_UNIT(.MILLI.,.METRE.));
#10=UNCERTAINTY_MEASURE_WITH_UNIT(LENGTH_MEASURE(1.E-5),#9,'NONE','NONE');
#11=(NAMED_UNIT(*)PLANE_ANGLE_UNIT()SI_UNIT($,.RADIAN.));
#12=(NAMED_UNIT(*)SI_UNIT($,.STERADIAN.)SOLID_ANGLE_UNIT());
#13=MANIFOLD_SOLID_BREP('',#14);
#14=CLOSED_SHELL('',(#53,#54,#63,#64,#65,#66,#67,#68,#69,#70,#71,#72,#73,#74,#75,
#76,#77,#78,#79,#88,#97,#106,#115,#124,#125,#126,#127,#128,#137,#146,#155,#164,#173,
#182,#191,#200,#209,#210,#211,#212,#213,#214,#223,#232,#241,#242,#243,#244,#245,
#254,#263,#264,#265,#266,#267,#268,#269,#270,#271,#272,#273,#274));
#15=COLOUR_RGB('',0.545098039215686,0.545098039215686,0.);
#16=FILL_AREA_STYLE_COLOUR('',#15);
#17=FILL_AREA_STYLE($,(#16));
#18=SURFACE_STYLE_FILL_AREA(#17);
#19=SURFACE_SIDE_STYLE('',(#18));
#20=SURFACE_STYLE_USAGE(.BOTH.,#19);
#21=PRESENTATION_STYLE_ASSIGNMENT((#20));
#22=MECHANICAL_DESIGN_GEOMETRIC_PRESENTATION_REPRESENTATION('NONE',(#23,#62,#87,
#96,#105,#114,#123,#136,#145,#154,#163,#172,#181,#190,#199,#208,#222,#231,#240,#253,
#262),#8);
#23=STYLED_ITEM('',(#21),#13);
#24=ADVANCED_BREP_SHAPE_REPRESENTATION('NONE',(#13),#8);
#25=SHAPE_REPRESENTATION_RELATIONSHIP('','',#3,#24);
#26=PRODUCT_DEFINITION_SHAPE('NONE','NONE',#1);
#27=MECHANICAL_CONTEXT('NONE',#32,'mechanical');
#28=PRODUCT_DEFINITION_FORMATION_WITH_SPECIFIED_SOURCE('ANY','UNSPECIFIED',#29,.NOT_KNOWN.);
#29=PRODUCT('16','\X2\0414044304330430\X0\','NONE',(#27));
#30=PRODUCT_RELATED_PRODUCT_CATEGORY('detail','',(#29));
#31=DESIGN_CONTEXT('detailed design',#32,'design');
#32=APPLICATION_CONTEXT('configuration controlled 3d designs of mechanical parts and assemblies');
#33=APPLICATION_PROTOCOL_DEFINITION('international standard','config_control_design',
1994,#32);
#34=CC_DESIGN_DATE_AND_TIME_ASSIGNMENT(#35,#39,(#1));
#35=DATE_AND_TIME(#36,#37);
#36=CALENDAR_DATE(0,1,1);
#37=LOCAL_TIME(0,0,0.,#38);
#38=COORDINATED_UNIVERSAL_TIME_OFFSET(0,0,.AHEAD.);
#39=DATE_TIME_ROLE('creation_date');
#40=CC_DESIGN_APPROVAL(#41,(#1));
#41=APPROVAL(#42,'UNSPECIFIED');
#42=APPROVAL_STATUS('not_yet_approved');
#43=APPROVAL_DATE_TIME(#44,#41);
#44=DATE_AND_TIME(#45,#46);
#45=CALENDAR_DATE(0,1,1);
#46=LOCAL_TIME(0,0,0.,#47);
#47=COORDINATED_UNIVERSAL_TIME_OFFSET(0,0,.AHEAD.);
#48=PERSON('UNSPECIFIED','gnomy','UNSPECIFIED',('UNSPECIFIED'),('UNSPECIFIED'),(
'UNSPECIFIED'));
#49=ORGANIZATION('UNSPECIFIED','UNSPECIFIED','UNSPECIFIED');
#50=PERSON_AND_ORGANIZATION(#48,#49);
#51=PERSON_AND_ORGANIZATION_ROLE('creator');
#52=CC_DESIGN_PERSON_AND_ORGANIZATION_ASSIGNMENT(#50,#51,(#28,#1));
#53=ADVANCED_FACE('',(#275,#277,#279,#281),#283,.F.);
#54=ADVANCED_FACE('',(#288,#290,#292,#294,#296,#298),#300,.T.);
#55=COLOUR_RGB('',0.545098039215686,0.545098039215686,0.);
#56=FILL_AREA_STYLE_COLOUR('',#55);
#57=FILL_AREA_STYLE($,(#56));
#58=SURFACE_STYLE_FILL_AREA(#57);
#59=SURFACE_SIDE_STYLE('',(#58));
#60=SURFACE_STYLE_USAGE(.BOTH.,#59);
#61=PRESENTATION_STYLE_ASSIGNMENT((#60));
#62=STYLED_ITEM('',(#61),#54);
#63=ADVANCED_FACE('',(#305,#307),#309,.T.);
#64=ADVANCED_FACE('',(#314,#316),#318,.T.);
#65=ADVANCED_FACE('',(#323),#325,.T.);
#66=ADVANCED_FACE('',(#330),#332,.T.);
#67=ADVANCED_FACE('',(#337),#339,.T.);
#68=ADVANCED_FACE('',(#344),#346,.T.);
#69=ADVANCED_FACE('',(#351),#353,.T.);
#70=ADVANCED_FACE('',(#358),#360,.T.);
#71=ADVANCED_FACE('',(#365),#367,.T.);
#72=ADVANCED_FACE('',(#372),#374,.T.);
#73=ADVANCED_FACE('',(#379),#381,.T.);
#74=ADVANCED_FACE('',(#386),#388,.T.);
#75=ADVANCED_FACE('',(#393),#395,.F.);
#76=ADVANCED_FACE('',(#400),#402,.F.);
#77=ADVANCED_FACE('',(#407),#409,.F.);
#78=ADVANCED_FACE('',(#414),#416,.F.);
#79=ADVANCED_FACE('',(#421),#423,.F.);
#80=COLOUR_RGB('',0.545098039215686,0.545098039215686,0.);
#81=FILL_AREA_STYLE_COLOUR('',#80);
#82=FILL_AREA_STYLE($,(#81));
#83=SURFACE_STYLE_FILL_AREA(#82);
#84=SURFACE_SIDE_STYLE('',(#83));
#85=SURFACE_STYLE_USAGE(.BOTH.,#84);
#86=PRESENTATION_STYLE_ASSIGNMENT((#85));
#87=STYLED_ITEM('',(#86),#79);
#88=ADVANCED_FACE('',(#428,#430),#432,.T.);
#89=COLOUR_RGB('',0.545098039215686,0.545098039215686,0.);
#90=FILL_AREA_STYLE_COLOUR('',#89);
#91=FILL_AREA_STYLE($,(#90));
#92=SURFACE_STYLE_FILL_AREA(#91);
#93=SURFACE_SIDE_STYLE('',(#92));
#94=SURFACE_STYLE_USAGE(.BOTH.,#93);
#95=PRESENTATION_STYLE_ASSIGNMENT((#94));
#96=STYLED_ITEM('',(#95),#88);
#97=ADVANCED_FACE('',(#437),#439,.F.);
#98=COLOUR_RGB('',0.545098039215686,0.545098039215686,0.);
#99=FILL_AREA_STYLE_COLOUR('',#98);
#100=FILL_AREA_STYLE($,(#99));
#101=SURFACE_STYLE_FILL_AREA(#100);
#102=SURFACE_SIDE_STYLE('',(#101));
#103=SURFACE_STYLE_USAGE(.BOTH.,#102);
#104=PRESENTATION_STYLE_ASSIGNMENT((#103));
#105=STYLED_ITEM('',(#104),#97);
#106=ADVANCED_FACE('',(#444),#446,.F.);
#107=COLOUR_RGB('',0.545098039215686,0.545098039215686,0.);
#108=FILL_AREA_STYLE_COLOUR('',#107);
#109=FILL_AREA_STYLE($,(#108));
#110=SURFACE_STYLE_FILL_AREA(#109);
#111=SURFACE_SIDE_STYLE('',(#110));
#112=SURFACE_STYLE_USAGE(.BOTH.,#111);
#113=PRESENTATION_STYLE_ASSIGNMENT((#112));
#114=STYLED_ITEM('',(#113),#106);
#115=ADVANCED_FACE('',(#451),#453,.F.);
#116=COLOUR_RGB('',0.545098039215686,0.545098039215686,0.);
#117=FILL_AREA_STYLE_COLOUR('',#116);
#118=FILL_AREA_STYLE($,(#117));
#119=SURFACE_STYLE_FILL_AREA(#118);
#120=SURFACE_SIDE_STYLE('',(#119));
#121=SURFACE_STYLE_USAGE(.BOTH.,#120);
#122=PRESENTATION_STYLE_ASSIGNMENT((#121));
#123=STYLED_ITEM('',(#122),#115);
#124=ADVANCED_FACE('',(#458,#460),#462,.F.);
#125=ADVANCED_FACE('',(#467),#469,.T.);
#126=ADVANCED_FACE('',(#474,#476),#478,.T.);
#127=ADVANCED_FACE('',(#483),#485,.T.);
#128=ADVANCED_FACE('',(#490),#492,.F.);
#129=COLOUR_RGB('',0.545098039215686,0.545098039215686,0.);
#130=FILL_AREA_STYLE_COLOUR('',#129);
#131=FILL_AREA_STYLE($,(#130));
#132=SURFACE_STYLE_FILL_AREA(#131);
#133=SURFACE_SIDE_STYLE('',(#132));
#134=SURFACE_STYLE_USAGE(.BOTH.,#133);
#135=PRESENTATION_STYLE_ASSIGNMENT((#134));
#136=STYLED_ITEM('',(#135),#128);
#137=ADVANCED_FACE('',(#497),#499,.F.);
#138=COLOUR_RGB('',0.545098039215686,0.545098039215686,0.);
#139=FILL_AREA_STYLE_COLOUR('',#138);
#140=FILL_AREA_STYLE($,(#139));
#141=SURFACE_STYLE_FILL_AREA(#140);
#142=SURFACE_SIDE_STYLE('',(#141));
#143=SURFACE_STYLE_USAGE(.BOTH.,#142);
#144=PRESENTATION_STYLE_ASSIGNMENT((#143));
#145=STYLED_ITEM('',(#144),#137);
#146=ADVANCED_FACE('',(#504),#506,.F.);
#147=COLOUR_RGB('',0.545098039215686,0.545098039215686,0.);
#148=FILL_AREA_STYLE_COLOUR('',#147);
#149=FILL_AREA_STYLE($,(#148));
#150=SURFACE_STYLE_FILL_AREA(#149);
#151=SURFACE_SIDE_STYLE('',(#150));
#152=SURFACE_STYLE_USAGE(.BOTH.,#151);
#153=PRESENTATION_STYLE_ASSIGNMENT((#152));
#154=STYLED_ITEM('',(#153),#146);
#155=ADVANCED_FACE('',(#511),#513,.F.);
#156=COLOUR_RGB('',0.545098039215686,0.545098039215686,0.);
#157=FILL_AREA_STYLE_COLOUR('',#156);
#158=FILL_AREA_STYLE($,(#157));
#159=SURFACE_STYLE_FILL_AREA(#158);
#160=SURFACE_SIDE_STYLE('',(#159));
#161=SURFACE_STYLE_USAGE(.BOTH.,#160);
#162=PRESENTATION_STYLE_ASSIGNMENT((#161));
#163=STYLED_ITEM('',(#162),#155);
#164=ADVANCED_FACE('',(#518),#520,.F.);
#165=COLOUR_RGB('',0.545098039215686,0.545098039215686,0.);
#166=FILL_AREA_STYLE_COLOUR('',#165);
#167=FILL_AREA_STYLE($,(#166));
#168=SURFACE_STYLE_FILL_AREA(#167);
#169=SURFACE_SIDE_STYLE('',(#168));
#170=SURFACE_STYLE_USAGE(.BOTH.,#169);
#171=PRESENTATION_STYLE_ASSIGNMENT((#170));
#172=STYLED_ITEM('',(#171),#164);
#173=ADVANCED_FACE('',(#525),#527,.F.);
#174=COLOUR_RGB('',0.545098039215686,0.545098039215686,0.);
#175=FILL_AREA_STYLE_COLOUR('',#174);
#176=FILL_AREA_STYLE($,(#175));
#177=SURFACE_STYLE_FILL_AREA(#176);
#178=SURFACE_SIDE_STYLE('',(#177));
#179=SURFACE_STYLE_USAGE(.BOTH.,#178);
#180=PRESENTATION_STYLE_ASSIGNMENT((#179));
#181=STYLED_ITEM('',(#180),#173);
#182=ADVANCED_FACE('',(#532,#534,#536,#538),#540,.T.);
#183=COLOUR_RGB('',0.545098039215686,0.545098039215686,0.);
#184=FILL_AREA_STYLE_COLOUR('',#183);
#185=FILL_AREA_STYLE($,(#184));
#186=SURFACE_STYLE_FILL_AREA(#185);
#187=SURFACE_SIDE_STYLE('',(#186));
#188=SURFACE_STYLE_USAGE(.BOTH.,#187);
#189=PRESENTATION_STYLE_ASSIGNMENT((#188));
#190=STYLED_ITEM('',(#189),#182);
#191=ADVANCED_FACE('',(#545,#547,#549,#551,#553,#555),#557,.F.);
#192=COLOUR_RGB('',0.545098039215686,0.545098039215686,0.);
#193=FILL_AREA_STYLE_COLOUR('',#192);
#194=FILL_AREA_STYLE($,(#193));
#195=SURFACE_STYLE_FILL_AREA(#194);
#196=SURFACE_SIDE_STYLE('',(#195));
#197=SURFACE_STYLE_USAGE(.BOTH.,#196);
#198=PRESENTATION_STYLE_ASSIGNMENT((#197));
#199=STYLED_ITEM('',(#198),#191);
#200=ADVANCED_FACE('',(#562,#564),#566,.T.);
#201=COLOUR_RGB('',0.545098039215686,0.545098039215686,0.);
#202=FILL_AREA_STYLE_COLOUR('',#201);
#203=FILL_AREA_STYLE($,(#202));
#204=SURFACE_STYLE_FILL_AREA(#203);
#205=SURFACE_SIDE_STYLE('',(#204));
#206=SURFACE_STYLE_USAGE(.BOTH.,#205);
#207=PRESENTATION_STYLE_ASSIGNMENT((#206));
#208=STYLED_ITEM('',(#207),#200);
#209=ADVANCED_FACE('',(#571),#573,.T.);
#210=ADVANCED_FACE('',(#578),#580,.F.);
#211=ADVANCED_FACE('',(#585),#587,.F.);
#212=ADVANCED_FACE('',(#592),#594,.F.);
#213=ADVANCED_FACE('',(#599),#601,.F.);
#214=ADVANCED_FACE('',(#606),#608,.F.);
#215=COLOUR_RGB('',0.545098039215686,0.545098039215686,0.);
#216=FILL_AREA_STYLE_COLOUR('',#215);
#217=FILL_AREA_STYLE($,(#216));
#218=SURFACE_STYLE_FILL_AREA(#217);
#219=SURFACE_SIDE_STYLE('',(#218));
#220=SURFACE_STYLE_USAGE(.BOTH.,#219);
#221=PRESENTATION_STYLE_ASSIGNMENT((#220));
#222=STYLED_ITEM('',(#221),#214);
#223=ADVANCED_FACE('',(#613),#615,.F.);
#224=COLOUR_RGB('',0.545098039215686,0.545098039215686,0.);
#225=FILL_AREA_STYLE_COLOUR('',#224);
#226=FILL_AREA_STYLE($,(#225));
#227=SURFACE_STYLE_FILL_AREA(#226);
#228=SURFACE_SIDE_STYLE('',(#227));
#229=SURFACE_STYLE_USAGE(.BOTH.,#228);
#230=PRESENTATION_STYLE_ASSIGNMENT((#229));
#231=STYLED_ITEM('',(#230),#223);
#232=ADVANCED_FACE('',(#620,#622),#624,.F.);
#233=COLOUR_RGB('',0.545098039215686,0.545098039215686,0.);
#234=FILL_AREA_STYLE_COLOUR('',#233);
#235=FILL_AREA_STYLE($,(#234));
#236=SURFACE_STYLE_FILL_AREA(#235);
#237=SURFACE_SIDE_STYLE('',(#236));
#238=SURFACE_STYLE_USAGE(.BOTH.,#237);
#239=PRESENTATION_STYLE_ASSIGNMENT((#238));
#240=STYLED_ITEM('',(#239),#232);
#241=ADVANCED_FACE('',(#629),#631,.F.);
#242=ADVANCED_FACE('',(#636),#638,.T.);
#243=ADVANCED_FACE('',(#643),#645,.T.);
#244=ADVANCED_FACE('',(#650),#652,.T.);
#245=ADVANCED_FACE('',(#657,#659),#661,.F.);
#246=COLOUR_RGB('',0.545098039215686,0.545098039215686,0.);
#247=FILL_AREA_STYLE_COLOUR('',#246);
#248=FILL_AREA_STYLE($,(#247));
#249=SURFACE_STYLE_FILL_AREA(#248);
#250=SURFACE_SIDE_STYLE('',(#249));
#251=SURFACE_STYLE_USAGE(.BOTH.,#250);
#252=PRESENTATION_STYLE_ASSIGNMENT((#251));
#253=STYLED_ITEM('',(#252),#245);
#254=ADVANCED_FACE('',(#666,#668),#670,.F.);
#255=COLOUR_RGB('',0.545098039215686,0.545098039215686,0.);
#256=FILL_AREA_STYLE_COLOUR('',#255);
#257=FILL_AREA_STYLE($,(#256));
#258=SURFACE_STYLE_FILL_AREA(#257);
#259=SURFACE_SIDE_STYLE('',(#258));
#260=SURFACE_STYLE_USAGE(.BOTH.,#259);
#261=PRESENTATION_STYLE_ASSIGNMENT((#260));
#262=STYLED_ITEM('',(#261),#254);
#263=ADVANCED_FACE('',(#675),#677,.T.);
#264=ADVANCED_FACE('',(#682,#684),#686,.T.);
#265=ADVANCED_FACE('',(#691),#693,.F.);
#266=ADVANCED_FACE('',(#698),#700,.T.);
#267=ADVANCED_FACE('',(#705),#707,.T.);
#268=ADVANCED_FACE('',(#712),#714,.F.);
#269=ADVANCED_FACE('',(#719),#721,.T.);
#270=ADVANCED_FACE('',(#726),#728,.F.);
#271=ADVANCED_FACE('',(#733),#735,.T.);
#272=ADVANCED_FACE('',(#740),#742,.T.);
#273=ADVANCED_FACE('',(#747),#749,.F.);
#274=ADVANCED_FACE('',(#754),#756,.T.);
#275=FACE_BOUND('',#276,.T.);
#276=EDGE_LOOP('',(#761,#762,#763,#764,#765,#766,#767,#768,#769,#770));
#277=FACE_BOUND('',#278,.T.);
#278=EDGE_LOOP('',(#771,#772));
#279=FACE_BOUND('',#280,.T.);
#280=EDGE_LOOP('',(#773,#774));
#281=FACE_BOUND('',#282,.T.);
#282=EDGE_LOOP('',(#775));
#283=PLANE('',#284);
#284=AXIS2_PLACEMENT_3D('',#285,#286,#287);
#285=CARTESIAN_POINT('',(1.25,239.407670571957,-151.496682093109));
#286=DIRECTION('',(1.48741681433374E-17,0.5,-0.866025403784439));
#287=DIRECTION('',(-6.12323399573677E-17,0.866025403784439,0.5));
#288=FACE_BOUND('',#289,.T.);
#289=EDGE_LOOP('',(#776,#777,#778));
#290=FACE_BOUND('',#291,.T.);
#291=EDGE_LOOP('',(#779,#780,#781,#782,#783,#784));
#292=FACE_OUTER_BOUND('',#293,.T.);
#293=EDGE_LOOP('',(#785));
#294=FACE_BOUND('',#295,.T.);
#295=EDGE_LOOP('',(#786,#787,#788,#789));
#296=FACE_BOUND('',#297,.T.);
#297=EDGE_LOOP('',(#790,#791,#792,#793));
#298=FACE_BOUND('',#299,.T.);
#299=EDGE_LOOP('',(#794,#795,#796,#797,#798,#799));
#300=CYLINDRICAL_SURFACE('',#301,10.);
#301=AXIS2_PLACEMENT_3D('',#302,#303,#304);
#302=CARTESIAN_POINT('',(0.,206.698729810778,-75.));
#303=DIRECTION('',(0.,0.5,-0.866025403784439));
#304=DIRECTION('',(1.,0.,0.));
#305=FACE_OUTER_BOUND('',#306,.T.);
#306=EDGE_LOOP('',(#800));
#307=FACE_OUTER_BOUND('',#308,.T.);
#308=EDGE_LOOP('',(#801));
#309=CYLINDRICAL_SURFACE('',#310,13.);
#310=AXIS2_PLACEMENT_3D('',#311,#312,#313);
#311=CARTESIAN_POINT('',(-2.22044604925031E-16,248.,-146.535898384862));
#312=DIRECTION('',(0.,-0.5,0.866025403784439));
#313=DIRECTION('',(6.12323399573676E-17,0.866025403784439,0.5));
#314=FACE_BOUND('',#315,.T.);
#315=EDGE_LOOP('',(#802));
#316=FACE_BOUND('',#317,.T.);
#317=EDGE_LOOP('',(#803));
#318=PLANE('',#319);
#319=AXIS2_PLACEMENT_3D('',#320,#321,#322);
#320=CARTESIAN_POINT('',(1.25,224.407670571957,-125.515919979575));
#321=DIRECTION('',(0.,-0.5,0.866025403784439));
#322=DIRECTION('',(6.12323399573677E-17,0.866025403784439,0.5));
#323=FACE_BOUND('',#324,.T.);
#324=EDGE_LOOP('',(#804,#805,#806,#807));
#325=PLANE('',#326);
#326=AXIS2_PLACEMENT_3D('',#327,#328,#329);
#327=CARTESIAN_POINT('',(-7.33041895215024,219.247631080388,-163.13608632044));
#328=DIRECTION('',(-0.916494629953563,-0.346450855028115,-0.200023494411458));
#329=DIRECTION('',(-0.400046988822916,0.793707631971804,0.458247314976781));
#330=FACE_BOUND('',#331,.T.);
#331=EDGE_LOOP('',(#808,#809,#810,#811));
#332=CYLINDRICAL_SURFACE('',#333,8.00000000000002);
#333=AXIS2_PLACEMENT_3D('',#334,#335,#336);
#334=CARTESIAN_POINT('',(0.00153808747825357,222.019237920613,-161.535898365148));
#335=DIRECTION('',(0.,0.499999999999999,-0.866025403784439));
#336=DIRECTION('',(-0.000192260934781274,-0.866025387778442,-0.499999990758932));
#337=FACE_BOUND('',#338,.T.);
#338=EDGE_LOOP('',(#812,#813,#814,#815));
#339=CYLINDRICAL_SURFACE('',#340,8.00000000000002);
#340=AXIS2_PLACEMENT_3D('',#341,#342,#343);
#341=CARTESIAN_POINT('',(-0.0015380874782509,222.019237920613,-161.535898365148));
#342=DIRECTION('',(0.,0.499999999999999,-0.866025403784439));
#343=DIRECTION('',(0.916494629953563,-0.346450855028114,-0.200023494411457));
#344=FACE_BOUND('',#345,.T.);
#345=EDGE_LOOP('',(#816,#817,#818,#819));
#346=PLANE('',#347);
#347=AXIS2_PLACEMENT_3D('',#348,#349,#350);
#348=CARTESIAN_POINT('',(18.3298925990712,241.070982899438,-150.536368273091));
#349=DIRECTION('',(0.916494629953563,-0.346450855028115,-0.200023494411458));
#350=DIRECTION('',(-0.400046988822916,-0.793707631971804,-0.458247314976781));
#351=FACE_BOUND('',#352,.T.);
#352=EDGE_LOOP('',(#820,#821,#822,#823));
#353=CYLINDRICAL_SURFACE('',#354,20.);
#354=AXIS2_PLACEMENT_3D('',#355,#356,#357);
#355=CARTESIAN_POINT('',(-6.66133814775094E-16,248.,-146.535898384862));
#356=DIRECTION('',(0.,0.499999999999999,-0.866025403784439));
#357=DIRECTION('',(0.916494629953563,0.346450855028115,0.200023494411457));
#358=FACE_BOUND('',#359,.T.);
#359=EDGE_LOOP('',(#824,#825,#826,#827));
#360=PLANE('',#361);
#361=AXIS2_PLACEMENT_3D('',#362,#363,#364);
#362=CARTESIAN_POINT('',(7.33041895215024,276.752368919612,-129.935710449285));
#363=DIRECTION('',(0.916494629953563,0.346450855028115,0.200023494411458));
#364=DIRECTION('',(0.400046988822916,-0.793707631971803,-0.458247314976782));
#365=FACE_BOUND('',#366,.T.);
#366=EDGE_LOOP('',(#828,#829,#830,#831));
#367=CYLINDRICAL_SURFACE('',#368,8.00000000000002);
#368=AXIS2_PLACEMENT_3D('',#369,#370,#371);
#369=CARTESIAN_POINT('',(-0.00153808747825468,273.980762079387,-131.535898404577));
#370=DIRECTION('',(0.,0.499999999999999,-0.866025403784439));
#371=DIRECTION('',(0.000192260934781468,0.866025387778442,0.499999990758932));
#372=FACE_BOUND('',#373,.T.);
#373=EDGE_LOOP('',(#832,#833,#834,#835));
#374=CYLINDRICAL_SURFACE('',#375,8.00000000000002);
#375=AXIS2_PLACEMENT_3D('',#376,#377,#378);
#376=CARTESIAN_POINT('',(0.00153808747824979,273.980762079387,-131.535898404577));
#377=DIRECTION('',(0.,0.499999999999999,-0.866025403784439));
#378=DIRECTION('',(-0.916494629953563,0.346450855028115,0.200023494411457));
#379=FACE_BOUND('',#380,.T.);
#380=EDGE_LOOP('',(#836,#837,#838,#839));
#381=PLANE('',#382);
#382=AXIS2_PLACEMENT_3D('',#383,#384,#385);
#383=CARTESIAN_POINT('',(-18.3298925990712,254.929017100562,-142.535428496633));
#384=DIRECTION('',(-0.916494629953563,0.346450855028114,0.20002349441146));
#385=DIRECTION('',(0.400046988822916,0.793707631971803,0.458247314976782));
#386=FACE_BOUND('',#387,.T.);
#387=EDGE_LOOP('',(#840,#841,#842,#843));
#388=CYLINDRICAL_SURFACE('',#389,20.);
#389=AXIS2_PLACEMENT_3D('',#390,#391,#392);
#390=CARTESIAN_POINT('',(-6.66133814775094E-16,248.,-146.535898384862));
#391=DIRECTION('',(0.,0.499999999999999,-0.866025403784439));
#392=DIRECTION('',(-0.916494629953563,-0.346450855028115,-0.200023494411457));
#393=FACE_BOUND('',#394,.T.);
#394=EDGE_LOOP('',(#844,#845,#846,#847));
#395=CYLINDRICAL_SURFACE('',#396,3.25);
#396=AXIS2_PLACEMENT_3D('',#397,#398,#399);
#397=CARTESIAN_POINT('',(0.00153808747824979,273.980762079387,-131.535898404577));
#398=DIRECTION('',(0.,0.499999999999999,-0.866025403784439));
#399=DIRECTION('',(-0.000473257685615874,-0.866025306801351,-0.499999944006787));
#400=FACE_BOUND('',#401,.T.);
#401=EDGE_LOOP('',(#848,#849,#850,#851));
#402=CYLINDRICAL_SURFACE('',#403,3.25);
#403=AXIS2_PLACEMENT_3D('',#404,#405,#406);
#404=CARTESIAN_POINT('',(-0.00153808747825468,273.980762079387,-131.535898404577));
#405=DIRECTION('',(0.,0.499999999999999,-0.866025403784439));
#406=DIRECTION('',(0.000473257685616011,0.866025306801351,0.499999944006787));
#407=FACE_BOUND('',#408,.T.);
#408=EDGE_LOOP('',(#852,#853,#854,#855));
#409=CYLINDRICAL_SURFACE('',#410,3.25);
#410=AXIS2_PLACEMENT_3D('',#411,#412,#413);
#411=CARTESIAN_POINT('',(-0.0015380874782509,222.019237920613,-161.535898365148));
#412=DIRECTION('',(0.,0.499999999999999,-0.866025403784439));
#413=DIRECTION('',(0.000473257685616011,0.866025306801351,0.499999944006787));
#414=FACE_BOUND('',#415,.T.);
#415=EDGE_LOOP('',(#856,#857,#858,#859));
#416=CYLINDRICAL_SURFACE('',#417,3.25);
#417=AXIS2_PLACEMENT_3D('',#418,#419,#420);
#418=CARTESIAN_POINT('',(0.00153808747825357,222.019237920613,-161.535898365148));
#419=DIRECTION('',(0.,0.499999999999999,-0.866025403784439));
#420=DIRECTION('',(-0.000473257685615874,-0.866025306801351,-0.499999944006787));
#421=FACE_BOUND('',#422,.T.);
#422=EDGE_LOOP('',(#860,#861,#862,#863));
#423=PLANE('',#424);
#424=AXIS2_PLACEMENT_3D('',#425,#426,#427);
#425=CARTESIAN_POINT('',(15.,215.082531754731,-87.0211709275204));
#426=DIRECTION('',(0.,0.866025403784438,0.500000000000001));
#427=DIRECTION('',(0.,0.500000000000001,-0.866025403784438));
#428=FACE_BOUND('',#429,.T.);
#429=EDGE_LOOP('',(#864,#865,#866));
#430=FACE_BOUND('',#431,.T.);
#431=EDGE_LOOP('',(#867,#868));
#432=TOROIDAL_SURFACE('',#433,150.,10.);
#433=AXIS2_PLACEMENT_3D('',#434,#435,#436);
#434=CARTESIAN_POINT('',(0.,76.7949192431123,-150.));
#435=DIRECTION('',(-1.,0.,0.));
#436=DIRECTION('',(0.,-1.8947806286936E-16,1.));
#437=FACE_BOUND('',#438,.T.);
#438=EDGE_LOOP('',(#869,#870,#871,#872,#873,#874));
#439=PLANE('',#440);
#440=AXIS2_PLACEMENT_3D('',#441,#442,#443);
#441=CARTESIAN_POINT('',(15.,212.91746824527,-88.2711709275204));
#442=DIRECTION('',(0.,-0.500000000000003,0.866025403784437));
#443=DIRECTION('',(0.,0.866025403784437,0.500000000000003));
#444=FACE_BOUND('',#445,.T.);
#445=EDGE_LOOP('',(#875,#876,#877,#878));
#446=PLANE('',#447);
#447=AXIS2_PLACEMENT_3D('',#448,#449,#450);
#448=CARTESIAN_POINT('',(15.,214.91746824527,-91.7352725426582));
#449=DIRECTION('',(0.,-0.866025403784438,-0.500000000000001));
#450=DIRECTION('',(0.,-0.500000000000001,0.866025403784438));
#451=FACE_BOUND('',#452,.T.);
#452=EDGE_LOOP('',(#879,#880,#881,#882,#883,#884));
#453=PLANE('',#454);
#454=AXIS2_PLACEMENT_3D('',#455,#456,#457);
#455=CARTESIAN_POINT('',(15.,217.082531754731,-90.4852725426581));
#456=DIRECTION('',(0.,0.500000000000008,-0.866025403784434));
#457=DIRECTION('',(0.,-0.866025403784434,-0.500000000000008));
#458=FACE_BOUND('',#459,.T.);
#459=EDGE_LOOP('',(#885,#886,#887,#888));
#460=FACE_BOUND('',#461,.T.);
#461=EDGE_LOOP('',(#889,#890,#891,#892));
#462=PLANE('',#463);
#463=AXIS2_PLACEMENT_3D('',#464,#465,#466);
#464=CARTESIAN_POINT('',(1.25,205.407659418422,-92.6069353172766));
#465=DIRECTION('',(-1.,-6.1232339957368E-17,1.06057523872491E-16));
#466=DIRECTION('',(-7.49879891330929E-33,0.866025403784437,0.500000000000002));
#467=FACE_BOUND('',#468,.T.);
#468=EDGE_LOOP('',(#893,#894,#895,#896));
#469=PLANE('',#470);
#470=AXIS2_PLACEMENT_3D('',#471,#472,#473);
#471=CARTESIAN_POINT('',(1.25,213.907659418422,-107.329367181612));
#472=DIRECTION('',(0.,0.275029237468467,-0.961435862934972));
#473=DIRECTION('',(2.15414908165752E-17,-0.961435862934972,-0.275029237468467));
#474=FACE_BOUND('',#475,.T.);
#475=EDGE_LOOP('',(#897,#898,#899,#900));
#476=FACE_BOUND('',#477,.T.);
#477=EDGE_LOOP('',(#901,#902,#903,#904));
#478=PLANE('',#479);
#479=AXIS2_PLACEMENT_3D('',#480,#481,#482);
#480=CARTESIAN_POINT('',(-1.25,205.407659418422,-92.6069353172766));
#481=DIRECTION('',(-1.,-6.1232339957368E-17,1.06057523872491E-16));
#482=DIRECTION('',(-7.49879891330929E-33,0.866025403784437,0.500000000000002));
#483=FACE_BOUND('',#484,.T.);
#484=EDGE_LOOP('',(#905,#906,#907,#908));
#485=PLANE('',#486);
#486=AXIS2_PLACEMENT_3D('',#487,#488,#489);
#487=CARTESIAN_POINT('',(1.25,184.087151342733,-95.6787320870011));
#488=DIRECTION('',(0.,-0.695113262676869,0.718900237898638));
#489=DIRECTION('',(3.23122362248628E-17,0.718900237898638,0.695113262676869));
#490=FACE_BOUND('',#491,.T.);
#491=EDGE_LOOP('',(#909,#910,#911,#912));
#492=PLANE('',#493);
#493=AXIS2_PLACEMENT_3D('',#494,#495,#496);
#494=CARTESIAN_POINT('',(1.25,201.009607789698,-95.1461516090305));
#495=DIRECTION('',(1.,0.,0.));
#496=DIRECTION('',(0.,0.500000000000002,-0.866025403784438));
#497=FACE_BOUND('',#498,.T.);
#498=EDGE_LOOP('',(#913,#914,#915,#916));
#499=PLANE('',#500);
#500=AXIS2_PLACEMENT_3D('',#501,#502,#503);
#501=CARTESIAN_POINT('',(-1.25,201.009607789698,-95.1461516090305));
#502=DIRECTION('',(0.,-0.500000000000002,0.866025403784437));
#503=DIRECTION('',(1.,0.,0.));
#504=FACE_BOUND('',#505,.T.);
#505=EDGE_LOOP('',(#917,#918,#919,#920));
#506=PLANE('',#507);
#507=AXIS2_PLACEMENT_3D('',#508,#509,#510);
#508=CARTESIAN_POINT('',(-1.25,203.009607789698,-98.6102532241682));
#509=DIRECTION('',(-1.,0.,0.));
#510=DIRECTION('',(0.,-0.500000000000002,0.866025403784438));
#511=FACE_BOUND('',#512,.T.);
#512=EDGE_LOOP('',(#921,#922,#923,#924));
#513=PLANE('',#514);
#514=AXIS2_PLACEMENT_3D('',#515,#516,#517);
#515=CARTESIAN_POINT('',(1.25,203.009607789698,-98.6102532241682));
#516=DIRECTION('',(0.,0.500000000000002,-0.866025403784437));
#517=DIRECTION('',(-1.,0.,0.));
#518=FACE_BOUND('',#519,.T.);
#519=EDGE_LOOP('',(#925,#926,#927,#928));
#520=PLANE('',#521);
#521=AXIS2_PLACEMENT_3D('',#522,#523,#524);
#522=CARTESIAN_POINT('',(15.,214.91746824527,-91.7352725426582));
#523=DIRECTION('',(0.,-0.866025403784438,-0.500000000000001));
#524=DIRECTION('',(0.,-0.500000000000001,0.866025403784438));
#525=FACE_BOUND('',#526,.T.);
#526=EDGE_LOOP('',(#929,#930,#931,#932));
#527=PLANE('',#528);
#528=AXIS2_PLACEMENT_3D('',#529,#530,#531);
#529=CARTESIAN_POINT('',(15.,215.082531754731,-87.0211709275204));
#530=DIRECTION('',(0.,0.866025403784438,0.500000000000001));
#531=DIRECTION('',(0.,0.500000000000001,-0.866025403784438));
#532=FACE_BOUND('',#533,.T.);
#533=EDGE_LOOP('',(#933,#934,#935,#936,#937,#938,#939,#940,#941,#942));
#534=FACE_BOUND('',#535,.T.);
#535=EDGE_LOOP('',(#943));
#536=FACE_BOUND('',#537,.T.);
#537=EDGE_LOOP('',(#944,#945));
#538=FACE_BOUND('',#539,.T.);
#539=EDGE_LOOP('',(#946,#947));
#540=PLANE('',#541);
#541=AXIS2_PLACEMENT_3D('',#542,#543,#544);
#542=CARTESIAN_POINT('',(0.,250.,-150.));
#543=DIRECTION('',(0.,0.5,-0.866025403784439));
#544=DIRECTION('',(1.,0.,0.));
#545=FACE_BOUND('',#546,.T.);
#546=EDGE_LOOP('',(#948,#949,#950));
#547=FACE_BOUND('',#548,.T.);
#548=EDGE_LOOP('',(#951,#952,#953,#954,#955,#956));
#549=FACE_OUTER_BOUND('',#550,.T.);
#550=EDGE_LOOP('',(#957));
#551=FACE_BOUND('',#552,.T.);
#552=EDGE_LOOP('',(#958,#959,#960,#961));
#553=FACE_BOUND('',#554,.T.);
#554=EDGE_LOOP('',(#962,#963,#964,#965));
#555=FACE_BOUND('',#556,.T.);
#556=EDGE_LOOP('',(#966,#967,#968,#969,#970,#971));
#557=CYLINDRICAL_SURFACE('',#558,8.);
#558=AXIS2_PLACEMENT_3D('',#559,#560,#561);
#559=CARTESIAN_POINT('',(0.,206.698729810778,-75.));
#560=DIRECTION('',(0.,-0.5,0.866025403784439));
#561=DIRECTION('',(1.,0.,0.));
#562=FACE_BOUND('',#563,.T.);
#563=EDGE_LOOP('',(#972,#973));
#564=FACE_OUTER_BOUND('',#565,.T.);
#565=EDGE_LOOP('',(#974));
#566=CYLINDRICAL_SURFACE('',#567,10.);
#567=AXIS2_PLACEMENT_3D('',#568,#569,#570);
#568=CARTESIAN_POINT('',(0.,0.,0.));
#569=DIRECTION('',(0.,1.,3.70098825684398E-16));
#570=DIRECTION('',(1.,0.,0.));
#571=FACE_BOUND('',#572,.T.);
#572=EDGE_LOOP('',(#975,#976,#977,#978));
#573=PLANE('',#574);
#574=AXIS2_PLACEMENT_3D('',#575,#576,#577);
#575=CARTESIAN_POINT('',(1.25,194.087151342733,-112.99924016269));
#576=DIRECTION('',(6.16297582203915E-33,-0.866025403784437,-0.500000000000003));
#577=DIRECTION('',(1.22124532708767E-16,-0.500000000000003,0.866025403784437));
#578=FACE_BOUND('',#579,.T.);
#579=EDGE_LOOP('',(#979,#980,#981,#982));
#580=PLANE('',#581);
#581=AXIS2_PLACEMENT_3D('',#582,#583,#584);
#582=CARTESIAN_POINT('',(1.25,193.859289747727,-103.604563885259));
#583=DIRECTION('',(-6.16297582203915E-33,-0.866024201253558,-0.500002082838798));
#584=DIRECTION('',(1.26882936546029E-16,-0.500002082838798,0.866024201253558));
#585=FACE_BOUND('',#586,.T.);
#586=EDGE_LOOP('',(#983,#984,#985,#986));
#587=CYLINDRICAL_SURFACE('',#588,3.50000000000001);
#588=AXIS2_PLACEMENT_3D('',#589,#590,#591);
#589=CARTESIAN_POINT('',(1.25,195.140371371046,-98.8234791808662));
#590=DIRECTION('',(-1.,0.,0.));
#591=DIRECTION('',(0.,-0.866024201255001,-0.500002082836299));
#592=FACE_BOUND('',#593,.T.);
#593=EDGE_LOOP('',(#987,#988,#989,#990));
#594=PLANE('',#595);
#595=AXIS2_PLACEMENT_3D('',#596,#597,#598);
#596=CARTESIAN_POINT('',(1.25,198.171456075438,-97.0734718909391));
#597=DIRECTION('',(0.,0.866024972650978,0.500000746744316));
#598=DIRECTION('',(-1.27105706699137E-16,0.500000746744316,-0.866024972650978));
#599=FACE_BOUND('',#600,.T.);
#600=EDGE_LOOP('',(#991,#992,#993,#994));
#601=CYLINDRICAL_SURFACE('',#602,3.50000000000001);
#602=AXIS2_PLACEMENT_3D('',#603,#604,#605);
#603=CARTESIAN_POINT('',(1.25,196.890378660973,-101.854563885259));
#604=DIRECTION('',(-1.,0.,0.));
#605=DIRECTION('',(0.,0.865145344977819,0.501521217959132));
#606=FACE_BOUND('',#607,.T.);
#607=EDGE_LOOP('',(#995,#996,#997,#998,#999,#1000));
#608=PLANE('',#609);
#609=AXIS2_PLACEMENT_3D('',#610,#611,#612);
#610=CARTESIAN_POINT('',(15.,217.082531754731,-90.4852725426581));
#611=DIRECTION('',(0.,0.500000000000008,-0.866025403784434));
#612=DIRECTION('',(0.,-0.866025403784434,-0.500000000000008));
#613=FACE_BOUND('',#614,.T.);
#614=EDGE_LOOP('',(#1001,#1002,#1003,#1004,#1005,#1006));
#615=PLANE('',#616);
#616=AXIS2_PLACEMENT_3D('',#617,#618,#619);
#617=CARTESIAN_POINT('',(15.,212.91746824527,-88.2711709275204));
#618=DIRECTION('',(0.,-0.500000000000003,0.866025403784437));
#619=DIRECTION('',(0.,0.866025403784437,0.500000000000003));
#620=FACE_BOUND('',#621,.T.);
#621=EDGE_LOOP('',(#1007,#1008,#1009));
#622=FACE_BOUND('',#623,.T.);
#623=EDGE_LOOP('',(#1010,#1011));
#624=TOROIDAL_SURFACE('',#625,150.,8.);
#625=AXIS2_PLACEMENT_3D('',#626,#627,#628);
#626=CARTESIAN_POINT('',(0.,76.7949192431123,-150.));
#627=DIRECTION('',(-1.,0.,0.));
#628=DIRECTION('',(0.,-1.8947806286936E-16,1.));
#629=FACE_BOUND('',#630,.T.);
#630=EDGE_LOOP('',(#1012,#1013,#1014,#1015));
#631=PLANE('',#632);
#632=AXIS2_PLACEMENT_3D('',#633,#634,#635);
#633=CARTESIAN_POINT('',(1.25,205.407659418422,-92.6069353172766));
#634=DIRECTION('',(-1.,-6.1232339957368E-17,1.06057523872491E-16));
#635=DIRECTION('',(-7.49879891330929E-33,0.866025403784437,0.500000000000002));
#636=FACE_BOUND('',#637,.T.);
#637=EDGE_LOOP('',(#1016,#1017,#1018,#1019));
#638=PLANE('',#639);
#639=AXIS2_PLACEMENT_3D('',#640,#641,#642);
#640=CARTESIAN_POINT('',(1.25,205.407659418422,-92.6069353172766));
#641=DIRECTION('',(0.,-0.500000000000003,0.866025403784437));
#642=DIRECTION('',(0.,0.866025403784437,0.500000000000003));
#643=FACE_BOUND('',#644,.T.);
#644=EDGE_LOOP('',(#1020,#1021,#1022,#1023));
#645=PLANE('',#646);
#646=AXIS2_PLACEMENT_3D('',#647,#648,#649);
#647=CARTESIAN_POINT('',(-1.25,205.407659418422,-92.6069353172766));
#648=DIRECTION('',(-1.,-6.1232339957368E-17,1.06057523872491E-16));
#649=DIRECTION('',(-7.49879891330929E-33,0.866025403784437,0.500000000000002));
#650=FACE_BOUND('',#651,.T.);
#651=EDGE_LOOP('',(#1024,#1025,#1026,#1027));
#652=PLANE('',#653);
#653=AXIS2_PLACEMENT_3D('',#654,#655,#656);
#654=CARTESIAN_POINT('',(1.25,211.737786437344,-93.5710369324143));
#655=DIRECTION('',(0.,0.500000000000003,-0.866025403784437));
#656=DIRECTION('',(0.,-0.866025403784437,-0.500000000000003));
#657=FACE_BOUND('',#658,.T.);
#658=EDGE_LOOP('',(#1028));
#659=FACE_BOUND('',#660,.T.);
#660=EDGE_LOOP('',(#1029));
#661=PLANE('',#662);
#662=AXIS2_PLACEMENT_3D('',#663,#664,#665);
#663=CARTESIAN_POINT('',(0.,0.,0.));
#664=DIRECTION('',(0.,1.,0.));
#665=DIRECTION('',(1.,0.,0.));
#666=FACE_BOUND('',#667,.T.);
#667=EDGE_LOOP('',(#1030,#1031));
#668=FACE_OUTER_BOUND('',#669,.T.);
#669=EDGE_LOOP('',(#1032));
#670=CYLINDRICAL_SURFACE('',#671,8.);
#671=AXIS2_PLACEMENT_3D('',#672,#673,#674);
#672=CARTESIAN_POINT('',(0.,0.,0.));
#673=DIRECTION('',(0.,-1.,-3.70098825684398E-16));
#674=DIRECTION('',(1.,0.,0.));
#675=FACE_BOUND('',#676,.T.);
#676=EDGE_LOOP('',(#1033,#1034,#1035,#1036));
#677=PLANE('',#678);
#678=AXIS2_PLACEMENT_3D('',#679,#680,#681);
#679=CARTESIAN_POINT('',(1.25,209.737786437344,-90.1069353172766));
#680=DIRECTION('',(6.16297582203915E-33,0.866025403784439,0.500000000000001));
#681=DIRECTION('',(-1.11022302462516E-16,0.500000000000001,-0.866025403784439));
#682=FACE_OUTER_BOUND('',#683,.T.);
#683=EDGE_LOOP('',(#1037));
#684=FACE_OUTER_BOUND('',#685,.T.);
#685=EDGE_LOOP('',(#1038));
#686=CONICAL_SURFACE('',#687,12.5,0.785398163397444);
#687=AXIS2_PLACEMENT_3D('',#688,#689,#690);
#688=CARTESIAN_POINT('',(-2.22044604925031E-16,233.25,-120.988148973221));
#689=DIRECTION('',(0.,0.5,-0.866025403784439));
#690=DIRECTION('',(-5.84861693688349E-17,-0.866025403784439,-0.5));
#691=FACE_BOUND('',#692,.T.);
#692=EDGE_LOOP('',(#1039,#1040,#1041,#1042));
#693=PLANE('',#694);
#694=AXIS2_PLACEMENT_3D('',#695,#696,#697);
#695=CARTESIAN_POINT('',(-19.9300805543629,252.254186572675,-145.234443160325));
#696=DIRECTION('',(0.648059567761225,0.108575641655012,-0.753810404990762));
#697=DIRECTION('',(0.400046988822916,0.793707631971803,0.458247314976782));
#698=FACE_BOUND('',#699,.T.);
#699=EDGE_LOOP('',(#1043,#1044,#1045,#1046));
#700=CONICAL_SURFACE('',#701,7.50000000000002,0.785398163397452);
#701=AXIS2_PLACEMENT_3D('',#702,#703,#704);
#702=CARTESIAN_POINT('',(0.0015380874782498,274.230762079387,-131.968911106469));
#703=DIRECTION('',(2.08166817117217E-17,0.5,-0.866025403784439));
#704=DIRECTION('',(-0.99209085455395,0.108705115945894,0.0627609279536514));
#705=FACE_BOUND('',#706,.T.);
#706=EDGE_LOOP('',(#1047,#1048,#1049,#1050));
#707=CONICAL_SURFACE('',#708,7.49999999999999,0.785398163397439);
#708=AXIS2_PLACEMENT_3D('',#709,#710,#711);
#709=CARTESIAN_POINT('',(-0.00153808747825467,274.230762079387,-131.968911106469));
#710=DIRECTION('',(1.38777878078145E-17,0.5,-0.866025403784439));
#711=DIRECTION('',(-0.281658380124942,0.830964149454744,0.479757375374625));
#712=FACE_BOUND('',#713,.T.);
#713=EDGE_LOOP('',(#1051,#1052,#1053,#1054));
#714=PLANE('',#715);
#715=AXIS2_PLACEMENT_3D('',#716,#717,#718);
#716=CARTESIAN_POINT('',(5.73023099685857,280.427199447499,-128.968746593162));
#717=DIRECTION('',(-0.648059567761232,0.108575641655004,-0.753810404990757));
#718=DIRECTION('',(0.400046988822917,-0.793707631971804,-0.458247314976781));
#719=FACE_BOUND('',#720,.T.);
#720=EDGE_LOOP('',(#1055,#1056,#1057,#1058));
#721=CONICAL_SURFACE('',#722,19.5,0.785398163397439);
#722=AXIS2_PLACEMENT_3D('',#723,#724,#725);
#723=CARTESIAN_POINT('',(-6.58696730703425E-16,248.25,-146.968911086754));
#724=DIRECTION('',(0.,0.5,-0.866025403784439));
#725=DIRECTION('',(0.869389297473,0.427927198340504,0.247063883155452));
#726=FACE_BOUND('',#727,.T.);
#727=EDGE_LOOP('',(#1059,#1060,#1061,#1062));
#728=PLANE('',#729);
#729=AXIS2_PLACEMENT_3D('',#730,#731,#732);
#730=CARTESIAN_POINT('',(19.9300805543629,244.745813427325,-149.569404416969));
#731=DIRECTION('',(-0.648059567761229,0.59853113953153,-0.470934466400812));
#732=DIRECTION('',(-0.400046988822916,-0.793707631971804,-0.458247314976781));
#733=FACE_BOUND('',#734,.T.);
#734=EDGE_LOOP('',(#1063,#1064,#1065,#1066));
#735=CONICAL_SURFACE('',#736,7.50000000000002,0.785398163397442);
#736=AXIS2_PLACEMENT_3D('',#737,#738,#739);
#737=CARTESIAN_POINT('',(-0.0015380874782509,222.269237920613,-161.96891106704));
#738=DIRECTION('',(2.08166817117217E-17,0.5,-0.866025403784439));
#739=DIRECTION('',(0.99209085455395,-0.108705115945896,-0.0627609279536523));
#740=FACE_BOUND('',#741,.T.);
#741=EDGE_LOOP('',(#1067,#1068,#1069,#1070));
#742=CONICAL_SURFACE('',#743,7.50000000000001,0.785398163397476);
#743=AXIS2_PLACEMENT_3D('',#744,#745,#746);
#744=CARTESIAN_POINT('',(0.00153808747825358,222.269237920613,-161.96891106704));
#745=DIRECTION('',(1.38777878078145E-17,0.5,-0.866025403784439));
#746=DIRECTION('',(0.281658380124942,-0.830964149454744,-0.479757375374624));
#747=FACE_BOUND('',#748,.T.);
#748=EDGE_LOOP('',(#1071,#1072,#1073,#1074));
#749=PLANE('',#750);
#750=AXIS2_PLACEMENT_3D('',#751,#752,#753);
#751=CARTESIAN_POINT('',(-5.73023099685857,216.572800552501,-165.835100984131));
#752=DIRECTION('',(0.648059567761236,0.598531139531529,-0.470934466400804));
#753=DIRECTION('',(-0.400046988822916,0.793707631971803,0.458247314976782));
#754=FACE_BOUND('',#755,.T.);
#755=EDGE_LOOP('',(#1075,#1076,#1077,#1078));
#756=CONICAL_SURFACE('',#757,19.5,0.785398163397459);
#757=AXIS2_PLACEMENT_3D('',#758,#759,#760);
#758=CARTESIAN_POINT('',(-6.58696730703425E-16,248.25,-146.968911086754));
#759=DIRECTION('',(-2.77555756156289E-17,0.5,-0.866025403784439));
#760=DIRECTION('',(-0.869389297473,-0.427927198340504,-0.247063883155452));
#761=ORIENTED_EDGE('',*,*,#1079,.F.);
#762=ORIENTED_EDGE('',*,*,#1080,.F.);
#763=ORIENTED_EDGE('',*,*,#1081,.F.);
#764=ORIENTED_EDGE('',*,*,#1082,.F.);
#765=ORIENTED_EDGE('',*,*,#1083,.F.);
#766=ORIENTED_EDGE('',*,*,#1084,.F.);
#767=ORIENTED_EDGE('',*,*,#1085,.F.);
#768=ORIENTED_EDGE('',*,*,#1086,.F.);
#769=ORIENTED_EDGE('',*,*,#1087,.F.);
#770=ORIENTED_EDGE('',*,*,#1088,.F.);
#771=ORIENTED_EDGE('',*,*,#1089,.T.);
#772=ORIENTED_EDGE('',*,*,#1090,.T.);
#773=ORIENTED_EDGE('',*,*,#1091,.T.);
#774=ORIENTED_EDGE('',*,*,#1092,.T.);
#775=ORIENTED_EDGE('',*,*,#1093,.F.);
#776=ORIENTED_EDGE('',*,*,#1094,.T.);
#777=ORIENTED_EDGE('',*,*,#1095,.T.);
#778=ORIENTED_EDGE('',*,*,#1096,.T.);
#779=ORIENTED_EDGE('',*,*,#1097,.T.);
#780=ORIENTED_EDGE('',*,*,#1098,.T.);
#781=ORIENTED_EDGE('',*,*,#1099,.T.);
#782=ORIENTED_EDGE('',*,*,#1100,.T.);
#783=ORIENTED_EDGE('',*,*,#1101,.T.);
#784=ORIENTED_EDGE('',*,*,#1102,.T.);
#785=ORIENTED_EDGE('',*,*,#1103,.F.);
#786=ORIENTED_EDGE('',*,*,#1104,.F.);
#787=ORIENTED_EDGE('',*,*,#1105,.F.);
#788=ORIENTED_EDGE('',*,*,#1106,.F.);
#789=ORIENTED_EDGE('',*,*,#1107,.F.);
#790=ORIENTED_EDGE('',*,*,#1108,.T.);
#791=ORIENTED_EDGE('',*,*,#1109,.T.);
#792=ORIENTED_EDGE('',*,*,#1110,.T.);
#793=ORIENTED_EDGE('',*,*,#1111,.T.);
#794=ORIENTED_EDGE('',*,*,#1112,.T.);
#795=ORIENTED_EDGE('',*,*,#1113,.T.);
#796=ORIENTED_EDGE('',*,*,#1114,.T.);
#797=ORIENTED_EDGE('',*,*,#1115,.T.);
#798=ORIENTED_EDGE('',*,*,#1116,.T.);
#799=ORIENTED_EDGE('',*,*,#1117,.T.);
#800=ORIENTED_EDGE('',*,*,#1093,.T.);
#801=ORIENTED_EDGE('',*,*,#1118,.F.);
#802=ORIENTED_EDGE('',*,*,#1119,.T.);
#803=ORIENTED_EDGE('',*,*,#1103,.T.);
#804=ORIENTED_EDGE('',*,*,#1120,.T.);
#805=ORIENTED_EDGE('',*,*,#1121,.T.);
#806=ORIENTED_EDGE('',*,*,#1122,.F.);
#807=ORIENTED_EDGE('',*,*,#1123,.F.);
#808=ORIENTED_EDGE('',*,*,#1124,.T.);
#809=ORIENTED_EDGE('',*,*,#1123,.T.);
#810=ORIENTED_EDGE('',*,*,#1125,.F.);
#811=ORIENTED_EDGE('',*,*,#1126,.F.);
#812=ORIENTED_EDGE('',*,*,#1127,.T.);
#813=ORIENTED_EDGE('',*,*,#1126,.T.);
#814=ORIENTED_EDGE('',*,*,#1128,.F.);
#815=ORIENTED_EDGE('',*,*,#1129,.F.);
#816=ORIENTED_EDGE('',*,*,#1130,.T.);
#817=ORIENTED_EDGE('',*,*,#1129,.T.);
#818=ORIENTED_EDGE('',*,*,#1131,.F.);
#819=ORIENTED_EDGE('',*,*,#1132,.F.);
#820=ORIENTED_EDGE('',*,*,#1133,.T.);
#821=ORIENTED_EDGE('',*,*,#1132,.T.);
#822=ORIENTED_EDGE('',*,*,#1134,.F.);
#823=ORIENTED_EDGE('',*,*,#1135,.F.);
#824=ORIENTED_EDGE('',*,*,#1136,.T.);
#825=ORIENTED_EDGE('',*,*,#1135,.T.);
#826=ORIENTED_EDGE('',*,*,#1137,.F.);
#827=ORIENTED_EDGE('',*,*,#1138,.F.);
#828=ORIENTED_EDGE('',*,*,#1139,.T.);
#829=ORIENTED_EDGE('',*,*,#1138,.T.);
#830=ORIENTED_EDGE('',*,*,#1140,.F.);
#831=ORIENTED_EDGE('',*,*,#1141,.F.);
#832=ORIENTED_EDGE('',*,*,#1142,.T.);
#833=ORIENTED_EDGE('',*,*,#1141,.T.);
#834=ORIENTED_EDGE('',*,*,#1143,.F.);
#835=ORIENTED_EDGE('',*,*,#1144,.F.);
#836=ORIENTED_EDGE('',*,*,#1145,.T.);
#837=ORIENTED_EDGE('',*,*,#1144,.T.);
#838=ORIENTED_EDGE('',*,*,#1146,.F.);
#839=ORIENTED_EDGE('',*,*,#1147,.F.);
#840=ORIENTED_EDGE('',*,*,#1148,.T.);
#841=ORIENTED_EDGE('',*,*,#1147,.T.);
#842=ORIENTED_EDGE('',*,*,#1149,.F.);
#843=ORIENTED_EDGE('',*,*,#1121,.F.);
#844=ORIENTED_EDGE('',*,*,#1150,.F.);
#845=ORIENTED_EDGE('',*,*,#1151,.F.);
#846=ORIENTED_EDGE('',*,*,#1091,.F.);
#847=ORIENTED_EDGE('',*,*,#1152,.T.);
#848=ORIENTED_EDGE('',*,*,#1153,.F.);
#849=ORIENTED_EDGE('',*,*,#1152,.F.);
#850=ORIENTED_EDGE('',*,*,#1092,.F.);
#851=ORIENTED_EDGE('',*,*,#1151,.T.);
#852=ORIENTED_EDGE('',*,*,#1154,.F.);
#853=ORIENTED_EDGE('',*,*,#1155,.F.);
#854=ORIENTED_EDGE('',*,*,#1089,.F.);
#855=ORIENTED_EDGE('',*,*,#1156,.T.);
#856=ORIENTED_EDGE('',*,*,#1157,.F.);
#857=ORIENTED_EDGE('',*,*,#1156,.F.);
#858=ORIENTED_EDGE('',*,*,#1090,.F.);
#859=ORIENTED_EDGE('',*,*,#1155,.T.);
#860=ORIENTED_EDGE('',*,*,#1097,.F.);
#861=ORIENTED_EDGE('',*,*,#1158,.F.);
#862=ORIENTED_EDGE('',*,*,#1159,.F.);
#863=ORIENTED_EDGE('',*,*,#1160,.T.);
#864=ORIENTED_EDGE('',*,*,#1096,.F.);
#865=ORIENTED_EDGE('',*,*,#1095,.F.);
#866=ORIENTED_EDGE('',*,*,#1094,.F.);
#867=ORIENTED_EDGE('',*,*,#1161,.T.);
#868=ORIENTED_EDGE('',*,*,#1162,.T.);
#869=ORIENTED_EDGE('',*,*,#1099,.F.);
#870=ORIENTED_EDGE('',*,*,#1098,.F.);
#871=ORIENTED_EDGE('',*,*,#1160,.F.);
#872=ORIENTED_EDGE('',*,*,#1163,.F.);
#873=ORIENTED_EDGE('',*,*,#1164,.F.);
#874=ORIENTED_EDGE('',*,*,#1165,.T.);
#875=ORIENTED_EDGE('',*,*,#1100,.F.);
#876=ORIENTED_EDGE('',*,*,#1165,.F.);
#877=ORIENTED_EDGE('',*,*,#1166,.F.);
#878=ORIENTED_EDGE('',*,*,#1167,.T.);
#879=ORIENTED_EDGE('',*,*,#1102,.F.);
#880=ORIENTED_EDGE('',*,*,#1101,.F.);
#881=ORIENTED_EDGE('',*,*,#1167,.F.);
#882=ORIENTED_EDGE('',*,*,#1168,.F.);
#883=ORIENTED_EDGE('',*,*,#1169,.F.);
#884=ORIENTED_EDGE('',*,*,#1158,.T.);
#885=ORIENTED_EDGE('',*,*,#1104,.T.);
#886=ORIENTED_EDGE('',*,*,#1170,.F.);
#887=ORIENTED_EDGE('',*,*,#1171,.F.);
#888=ORIENTED_EDGE('',*,*,#1172,.F.);
#889=ORIENTED_EDGE('',*,*,#1173,.T.);
#890=ORIENTED_EDGE('',*,*,#1174,.T.);
#891=ORIENTED_EDGE('',*,*,#1175,.T.);
#892=ORIENTED_EDGE('',*,*,#1176,.T.);
#893=ORIENTED_EDGE('',*,*,#1105,.T.);
#894=ORIENTED_EDGE('',*,*,#1172,.T.);
#895=ORIENTED_EDGE('',*,*,#1177,.T.);
#896=ORIENTED_EDGE('',*,*,#1178,.F.);
#897=ORIENTED_EDGE('',*,*,#1106,.T.);
#898=ORIENTED_EDGE('',*,*,#1178,.T.);
#899=ORIENTED_EDGE('',*,*,#1179,.T.);
#900=ORIENTED_EDGE('',*,*,#1180,.T.);
#901=ORIENTED_EDGE('',*,*,#1181,.T.);
#902=ORIENTED_EDGE('',*,*,#1182,.T.);
#903=ORIENTED_EDGE('',*,*,#1183,.T.);
#904=ORIENTED_EDGE('',*,*,#1184,.T.);
#905=ORIENTED_EDGE('',*,*,#1107,.T.);
#906=ORIENTED_EDGE('',*,*,#1180,.F.);
#907=ORIENTED_EDGE('',*,*,#1185,.F.);
#908=ORIENTED_EDGE('',*,*,#1170,.T.);
#909=ORIENTED_EDGE('',*,*,#1186,.F.);
#910=ORIENTED_EDGE('',*,*,#1187,.T.);
#911=ORIENTED_EDGE('',*,*,#1108,.F.);
#912=ORIENTED_EDGE('',*,*,#1188,.F.);
#913=ORIENTED_EDGE('',*,*,#1189,.F.);
#914=ORIENTED_EDGE('',*,*,#1190,.T.);
#915=ORIENTED_EDGE('',*,*,#1109,.F.);
#916=ORIENTED_EDGE('',*,*,#1187,.F.);
#917=ORIENTED_EDGE('',*,*,#1191,.F.);
#918=ORIENTED_EDGE('',*,*,#1192,.T.);
#919=ORIENTED_EDGE('',*,*,#1110,.F.);
#920=ORIENTED_EDGE('',*,*,#1190,.F.);
#921=ORIENTED_EDGE('',*,*,#1193,.F.);
#922=ORIENTED_EDGE('',*,*,#1188,.T.);
#923=ORIENTED_EDGE('',*,*,#1111,.F.);
#924=ORIENTED_EDGE('',*,*,#1192,.F.);
#925=ORIENTED_EDGE('',*,*,#1113,.F.);
#926=ORIENTED_EDGE('',*,*,#1194,.T.);
#927=ORIENTED_EDGE('',*,*,#1195,.F.);
#928=ORIENTED_EDGE('',*,*,#1196,.F.);
#929=ORIENTED_EDGE('',*,*,#1116,.F.);
#930=ORIENTED_EDGE('',*,*,#1197,.T.);
#931=ORIENTED_EDGE('',*,*,#1198,.F.);
#932=ORIENTED_EDGE('',*,*,#1199,.F.);
#933=ORIENTED_EDGE('',*,*,#1149,.T.);
#934=ORIENTED_EDGE('',*,*,#1146,.T.);
#935=ORIENTED_EDGE('',*,*,#1143,.T.);
#936=ORIENTED_EDGE('',*,*,#1140,.T.);
#937=ORIENTED_EDGE('',*,*,#1137,.T.);
#938=ORIENTED_EDGE('',*,*,#1134,.T.);
#939=ORIENTED_EDGE('',*,*,#1131,.T.);
#940=ORIENTED_EDGE('',*,*,#1128,.T.);
#941=ORIENTED_EDGE('',*,*,#1125,.T.);
#942=ORIENTED_EDGE('',*,*,#1122,.T.);
#943=ORIENTED_EDGE('',*,*,#1200,.T.);
#944=ORIENTED_EDGE('',*,*,#1150,.T.);
#945=ORIENTED_EDGE('',*,*,#1153,.T.);
#946=ORIENTED_EDGE('',*,*,#1154,.T.);
#947=ORIENTED_EDGE('',*,*,#1157,.T.);
#948=ORIENTED_EDGE('',*,*,#1201,.T.);
#949=ORIENTED_EDGE('',*,*,#1202,.T.);
#950=ORIENTED_EDGE('',*,*,#1203,.T.);
#951=ORIENTED_EDGE('',*,*,#1169,.T.);
#952=ORIENTED_EDGE('',*,*,#1168,.T.);
#953=ORIENTED_EDGE('',*,*,#1166,.T.);
#954=ORIENTED_EDGE('',*,*,#1164,.T.);
#955=ORIENTED_EDGE('',*,*,#1163,.T.);
#956=ORIENTED_EDGE('',*,*,#1159,.T.);
#957=ORIENTED_EDGE('',*,*,#1200,.F.);
#958=ORIENTED_EDGE('',*,*,#1204,.F.);
#959=ORIENTED_EDGE('',*,*,#1205,.F.);
#960=ORIENTED_EDGE('',*,*,#1206,.F.);
#961=ORIENTED_EDGE('',*,*,#1207,.F.);
#962=ORIENTED_EDGE('',*,*,#1193,.T.);
#963=ORIENTED_EDGE('',*,*,#1191,.T.);
#964=ORIENTED_EDGE('',*,*,#1189,.T.);
#965=ORIENTED_EDGE('',*,*,#1186,.T.);
#966=ORIENTED_EDGE('',*,*,#1208,.T.);
#967=ORIENTED_EDGE('',*,*,#1198,.T.);
#968=ORIENTED_EDGE('',*,*,#1209,.T.);
#969=ORIENTED_EDGE('',*,*,#1210,.T.);
#970=ORIENTED_EDGE('',*,*,#1195,.T.);
#971=ORIENTED_EDGE('',*,*,#1211,.T.);
#972=ORIENTED_EDGE('',*,*,#1162,.F.);
#973=ORIENTED_EDGE('',*,*,#1161,.F.);
#974=ORIENTED_EDGE('',*,*,#1212,.T.);
#975=ORIENTED_EDGE('',*,*,#1171,.T.);
#976=ORIENTED_EDGE('',*,*,#1185,.T.);
#977=ORIENTED_EDGE('',*,*,#1179,.F.);
#978=ORIENTED_EDGE('',*,*,#1177,.F.);
#979=ORIENTED_EDGE('',*,*,#1181,.F.);
#980=ORIENTED_EDGE('',*,*,#1213,.F.);
#981=ORIENTED_EDGE('',*,*,#1173,.F.);
#982=ORIENTED_EDGE('',*,*,#1214,.T.);
#983=ORIENTED_EDGE('',*,*,#1184,.F.);
#984=ORIENTED_EDGE('',*,*,#1215,.F.);
#985=ORIENTED_EDGE('',*,*,#1174,.F.);
#986=ORIENTED_EDGE('',*,*,#1213,.T.);
#987=ORIENTED_EDGE('',*,*,#1183,.F.);
#988=ORIENTED_EDGE('',*,*,#1216,.F.);
#989=ORIENTED_EDGE('',*,*,#1175,.F.);
#990=ORIENTED_EDGE('',*,*,#1215,.T.);
#991=ORIENTED_EDGE('',*,*,#1182,.F.);
#992=ORIENTED_EDGE('',*,*,#1214,.F.);
#993=ORIENTED_EDGE('',*,*,#1176,.F.);
#994=ORIENTED_EDGE('',*,*,#1216,.T.);
#995=ORIENTED_EDGE('',*,*,#1112,.F.);
#996=ORIENTED_EDGE('',*,*,#1117,.F.);
#997=ORIENTED_EDGE('',*,*,#1199,.T.);
#998=ORIENTED_EDGE('',*,*,#1208,.F.);
#999=ORIENTED_EDGE('',*,*,#1211,.F.);
#1000=ORIENTED_EDGE('',*,*,#1194,.F.);
#1001=ORIENTED_EDGE('',*,*,#1114,.F.);
#1002=ORIENTED_EDGE('',*,*,#1196,.T.);
#1003=ORIENTED_EDGE('',*,*,#1210,.F.);
#1004=ORIENTED_EDGE('',*,*,#1209,.F.);
#1005=ORIENTED_EDGE('',*,*,#1197,.F.);
#1006=ORIENTED_EDGE('',*,*,#1115,.F.);
#1007=ORIENTED_EDGE('',*,*,#1203,.F.);
#1008=ORIENTED_EDGE('',*,*,#1202,.F.);
#1009=ORIENTED_EDGE('',*,*,#1201,.F.);
#1010=ORIENTED_EDGE('',*,*,#1217,.T.);
#1011=ORIENTED_EDGE('',*,*,#1218,.T.);
#1012=ORIENTED_EDGE('',*,*,#1204,.T.);
#1013=ORIENTED_EDGE('',*,*,#1219,.F.);
#1014=ORIENTED_EDGE('',*,*,#1220,.F.);
#1015=ORIENTED_EDGE('',*,*,#1221,.F.);
#1016=ORIENTED_EDGE('',*,*,#1205,.T.);
#1017=ORIENTED_EDGE('',*,*,#1221,.T.);
#1018=ORIENTED_EDGE('',*,*,#1222,.T.);
#1019=ORIENTED_EDGE('',*,*,#1223,.F.);
#1020=ORIENTED_EDGE('',*,*,#1206,.T.);
#1021=ORIENTED_EDGE('',*,*,#1223,.T.);
#1022=ORIENTED_EDGE('',*,*,#1224,.T.);
#1023=ORIENTED_EDGE('',*,*,#1225,.T.);
#1024=ORIENTED_EDGE('',*,*,#1207,.T.);
#1025=ORIENTED_EDGE('',*,*,#1225,.F.);
#1026=ORIENTED_EDGE('',*,*,#1226,.F.);
#1027=ORIENTED_EDGE('',*,*,#1219,.T.);
#1028=ORIENTED_EDGE('',*,*,#1212,.F.);
#1029=ORIENTED_EDGE('',*,*,#1227,.F.);
#1030=ORIENTED_EDGE('',*,*,#1218,.F.);
#1031=ORIENTED_EDGE('',*,*,#1217,.F.);
#1032=ORIENTED_EDGE('',*,*,#1227,.T.);
#1033=ORIENTED_EDGE('',*,*,#1220,.T.);
#1034=ORIENTED_EDGE('',*,*,#1226,.T.);
#1035=ORIENTED_EDGE('',*,*,#1224,.F.);
#1036=ORIENTED_EDGE('',*,*,#1222,.F.);
#1037=ORIENTED_EDGE('',*,*,#1118,.T.);
#1038=ORIENTED_EDGE('',*,*,#1119,.F.);
#1039=ORIENTED_EDGE('',*,*,#1145,.F.);
#1040=ORIENTED_EDGE('',*,*,#1228,.F.);
#1041=ORIENTED_EDGE('',*,*,#1079,.T.);
#1042=ORIENTED_EDGE('',*,*,#1229,.T.);
#1043=ORIENTED_EDGE('',*,*,#1142,.F.);
#1044=ORIENTED_EDGE('',*,*,#1229,.F.);
#1045=ORIENTED_EDGE('',*,*,#1088,.T.);
#1046=ORIENTED_EDGE('',*,*,#1230,.T.);
#1047=ORIENTED_EDGE('',*,*,#1139,.F.);
#1048=ORIENTED_EDGE('',*,*,#1230,.F.);
#1049=ORIENTED_EDGE('',*,*,#1087,.T.);
#1050=ORIENTED_EDGE('',*,*,#1231,.T.);
#1051=ORIENTED_EDGE('',*,*,#1136,.F.);
#1052=ORIENTED_EDGE('',*,*,#1231,.F.);
#1053=ORIENTED_EDGE('',*,*,#1086,.T.);
#1054=ORIENTED_EDGE('',*,*,#1232,.T.);
#1055=ORIENTED_EDGE('',*,*,#1133,.F.);
#1056=ORIENTED_EDGE('',*,*,#1232,.F.);
#1057=ORIENTED_EDGE('',*,*,#1085,.T.);
#1058=ORIENTED_EDGE('',*,*,#1233,.T.);
#1059=ORIENTED_EDGE('',*,*,#1130,.F.);
#1060=ORIENTED_EDGE('',*,*,#1233,.F.);
#1061=ORIENTED_EDGE('',*,*,#1084,.T.);
#1062=ORIENTED_EDGE('',*,*,#1234,.T.);
#1063=ORIENTED_EDGE('',*,*,#1127,.F.);
#1064=ORIENTED_EDGE('',*,*,#1234,.F.);
#1065=ORIENTED_EDGE('',*,*,#1083,.T.);
#1066=ORIENTED_EDGE('',*,*,#1235,.T.);
#1067=ORIENTED_EDGE('',*,*,#1124,.F.);
#1068=ORIENTED_EDGE('',*,*,#1235,.F.);
#1069=ORIENTED_EDGE('',*,*,#1082,.T.);
#1070=ORIENTED_EDGE('',*,*,#1236,.T.);
#1071=ORIENTED_EDGE('',*,*,#1120,.F.);
#1072=ORIENTED_EDGE('',*,*,#1236,.F.);
#1073=ORIENTED_EDGE('',*,*,#1081,.T.);
#1074=ORIENTED_EDGE('',*,*,#1237,.T.);
#1075=ORIENTED_EDGE('',*,*,#1148,.F.);
#1076=ORIENTED_EDGE('',*,*,#1237,.F.);
#1077=ORIENTED_EDGE('',*,*,#1080,.T.);
#1078=ORIENTED_EDGE('',*,*,#1228,.T.);
#1079=EDGE_CURVE('',#1238,#1239,#1240,.T.);
#1080=EDGE_CURVE('',#1241,#1238,#1242,.T.);
#1081=EDGE_CURVE('',#1243,#1241,#1244,.T.);
#1082=EDGE_CURVE('',#1245,#1243,#1246,.T.);
#1083=EDGE_CURVE('',#1247,#1245,#1248,.T.);
#1084=EDGE_CURVE('',#1249,#1247,#1250,.T.);
#1085=EDGE_CURVE('',#1251,#1249,#1252,.T.);
#1086=EDGE_CURVE('',#1253,#1251,#1254,.T.);
#1087=EDGE_CURVE('',#1255,#1253,#1256,.T.);
#1088=EDGE_CURVE('',#1239,#1255,#1257,.T.);
#1089=EDGE_CURVE('',#1258,#1259,#1260,.T.);
#1090=EDGE_CURVE('',#1259,#1258,#1261,.T.);
#1091=EDGE_CURVE('',#1262,#1263,#1264,.T.);
#1092=EDGE_CURVE('',#1263,#1262,#1265,.T.);
#1093=EDGE_CURVE('',#1266,#1266,#1267,.T.);
#1094=EDGE_CURVE('',#1268,#1269,#1270,.T.);
#1095=EDGE_CURVE('',#1269,#1271,#1272,.T.);
#1096=EDGE_CURVE('',#1271,#1268,#1273,.T.);
#1097=EDGE_CURVE('',#1274,#1275,#1276,.F.);
#1098=EDGE_CURVE('',#1275,#1277,#1278,.F.);
#1099=EDGE_CURVE('',#1277,#1279,#1280,.F.);
#1100=EDGE_CURVE('',#1279,#1281,#1282,.T.);
#1101=EDGE_CURVE('',#1281,#1283,#1284,.T.);
#1102=EDGE_CURVE('',#1283,#1274,#1285,.T.);
#1103=EDGE_CURVE('',#1286,#1286,#1287,.T.);
#1104=EDGE_CURVE('',#1288,#1289,#1290,.F.);
#1105=EDGE_CURVE('',#1291,#1288,#1292,.F.);
#1106=EDGE_CURVE('',#1293,#1291,#1294,.T.);
#1107=EDGE_CURVE('',#1289,#1293,#1295,.T.);
#1108=EDGE_CURVE('',#1296,#1297,#1298,.F.);
#1109=EDGE_CURVE('',#1297,#1299,#1300,.F.);
#1110=EDGE_CURVE('',#1299,#1301,#1302,.T.);
#1111=EDGE_CURVE('',#1301,#1296,#1303,.T.);
#1112=EDGE_CURVE('',#1304,#1305,#1306,.T.);
#1113=EDGE_CURVE('',#1305,#1307,#1308,.F.);
#1114=EDGE_CURVE('',#1307,#1309,#1310,.F.);
#1115=EDGE_CURVE('',#1309,#1311,#1312,.F.);
#1116=EDGE_CURVE('',#1311,#1313,#1314,.T.);
#1117=EDGE_CURVE('',#1313,#1304,#1315,.T.);
#1118=EDGE_CURVE('',#1316,#1316,#1317,.T.);
#1119=EDGE_CURVE('',#1318,#1318,#1319,.T.);
#1120=EDGE_CURVE('',#1320,#1321,#1322,.T.);
#1121=EDGE_CURVE('',#1321,#1323,#1324,.T.);
#1122=EDGE_CURVE('',#1325,#1323,#1326,.T.);
#1123=EDGE_CURVE('',#1320,#1325,#1327,.T.);
#1124=EDGE_CURVE('',#1328,#1320,#1329,.T.);
#1125=EDGE_CURVE('',#1330,#1325,#1331,.T.);
#1126=EDGE_CURVE('',#1328,#1330,#1332,.T.);
#1127=EDGE_CURVE('',#1333,#1328,#1334,.T.);
#1128=EDGE_CURVE('',#1335,#1330,#1336,.T.);
#1129=EDGE_CURVE('',#1333,#1335,#1337,.T.);
#1130=EDGE_CURVE('',#1338,#1333,#1339,.T.);
#1131=EDGE_CURVE('',#1340,#1335,#1341,.T.);
#1132=EDGE_CURVE('',#1338,#1340,#1342,.T.);
#1133=EDGE_CURVE('',#1343,#1338,#1344,.T.);
#1134=EDGE_CURVE('',#1345,#1340,#1346,.T.);
#1135=EDGE_CURVE('',#1343,#1345,#1347,.T.);
#1136=EDGE_CURVE('',#1348,#1343,#1349,.T.);
#1137=EDGE_CURVE('',#1350,#1345,#1351,.T.);
#1138=EDGE_CURVE('',#1348,#1350,#1352,.T.);
#1139=EDGE_CURVE('',#1353,#1348,#1354,.T.);
#1140=EDGE_CURVE('',#1355,#1350,#1356,.T.);
#1141=EDGE_CURVE('',#1353,#1355,#1357,.T.);
#1142=EDGE_CURVE('',#1358,#1353,#1359,.T.);
#1143=EDGE_CURVE('',#1360,#1355,#1361,.T.);
#1144=EDGE_CURVE('',#1358,#1360,#1362,.T.);
#1145=EDGE_CURVE('',#1363,#1358,#1364,.T.);
#1146=EDGE_CURVE('',#1365,#1360,#1366,.T.);
#1147=EDGE_CURVE('',#1363,#1365,#1367,.T.);
#1148=EDGE_CURVE('',#1321,#1363,#1368,.T.);
#1149=EDGE_CURVE('',#1323,#1365,#1369,.T.);
#1150=EDGE_CURVE('',#1370,#1371,#1372,.F.);
#1151=EDGE_CURVE('',#1263,#1370,#1373,.T.);
#1152=EDGE_CURVE('',#1262,#1371,#1374,.T.);
#1153=EDGE_CURVE('',#1371,#1370,#1375,.F.);
#1154=EDGE_CURVE('',#1376,#1377,#1378,.F.);
#1155=EDGE_CURVE('',#1259,#1376,#1379,.T.);
#1156=EDGE_CURVE('',#1258,#1377,#1380,.T.);
#1157=EDGE_CURVE('',#1377,#1376,#1381,.F.);
#1158=EDGE_CURVE('',#1382,#1274,#1383,.T.);
#1159=EDGE_CURVE('',#1384,#1382,#1385,.T.);
#1160=EDGE_CURVE('',#1384,#1275,#1386,.T.);
#1161=EDGE_CURVE('',#1387,#1388,#1389,.T.);
#1162=EDGE_CURVE('',#1388,#1387,#1390,.T.);
#1163=EDGE_CURVE('',#1391,#1384,#1392,.F.);
#1164=EDGE_CURVE('',#1393,#1391,#1394,.F.);
#1165=EDGE_CURVE('',#1393,#1279,#1395,.T.);
#1166=EDGE_CURVE('',#1396,#1393,#1397,.F.);
#1167=EDGE_CURVE('',#1396,#1281,#1398,.T.);
#1168=EDGE_CURVE('',#1399,#1396,#1400,.T.);
#1169=EDGE_CURVE('',#1382,#1399,#1401,.T.);
#1170=EDGE_CURVE('',#1402,#1289,#1403,.T.);
#1171=EDGE_CURVE('',#1404,#1402,#1405,.T.);
#1172=EDGE_CURVE('',#1288,#1404,#1406,.T.);
#1173=EDGE_CURVE('',#1407,#1408,#1409,.T.);
#1174=EDGE_CURVE('',#1408,#1410,#1411,.T.);
#1175=EDGE_CURVE('',#1410,#1412,#1413,.T.);
#1176=EDGE_CURVE('',#1412,#1407,#1414,.T.);
#1177=EDGE_CURVE('',#1404,#1415,#1416,.T.);
#1178=EDGE_CURVE('',#1291,#1415,#1417,.T.);
#1179=EDGE_CURVE('',#1415,#1418,#1419,.T.);
#1180=EDGE_CURVE('',#1418,#1293,#1420,.T.);
#1181=EDGE_CURVE('',#1421,#1422,#1423,.F.);
#1182=EDGE_CURVE('',#1422,#1424,#1425,.F.);
#1183=EDGE_CURVE('',#1424,#1426,#1427,.F.);
#1184=EDGE_CURVE('',#1426,#1421,#1428,.F.);
#1185=EDGE_CURVE('',#1402,#1418,#1429,.T.);
#1186=EDGE_CURVE('',#1430,#1431,#1432,.T.);
#1187=EDGE_CURVE('',#1430,#1297,#1433,.T.);
#1188=EDGE_CURVE('',#1431,#1296,#1434,.T.);
#1189=EDGE_CURVE('',#1435,#1430,#1436,.F.);
#1190=EDGE_CURVE('',#1435,#1299,#1437,.T.);
#1191=EDGE_CURVE('',#1438,#1435,#1439,.F.);
#1192=EDGE_CURVE('',#1438,#1301,#1440,.T.);
#1193=EDGE_CURVE('',#1431,#1438,#1441,.T.);
#1194=EDGE_CURVE('',#1305,#1442,#1443,.T.);
#1195=EDGE_CURVE('',#1444,#1442,#1445,.T.);
#1196=EDGE_CURVE('',#1307,#1444,#1446,.T.);
#1197=EDGE_CURVE('',#1311,#1447,#1448,.T.);
#1198=EDGE_CURVE('',#1449,#1447,#1450,.F.);
#1199=EDGE_CURVE('',#1313,#1449,#1451,.T.);
#1200=EDGE_CURVE('',#1452,#1452,#1453,.T.);
#1201=EDGE_CURVE('',#1454,#1455,#1456,.T.);
#1202=EDGE_CURVE('',#1455,#1457,#1458,.T.);
#1203=EDGE_CURVE('',#1457,#1454,#1459,.T.);
#1204=EDGE_CURVE('',#1460,#1461,#1462,.F.);
#1205=EDGE_CURVE('',#1463,#1460,#1464,.T.);
#1206=EDGE_CURVE('',#1465,#1463,#1466,.T.);
#1207=EDGE_CURVE('',#1461,#1465,#1467,.F.);
#1208=EDGE_CURVE('',#1468,#1449,#1469,.T.);
#1209=EDGE_CURVE('',#1447,#1470,#1471,.F.);
#1210=EDGE_CURVE('',#1470,#1444,#1472,.F.);
#1211=EDGE_CURVE('',#1442,#1468,#1473,.T.);
#1212=EDGE_CURVE('',#1474,#1474,#1475,.T.);
#1213=EDGE_CURVE('',#1408,#1421,#1476,.T.);
#1214=EDGE_CURVE('',#1407,#1422,#1477,.T.);
#1215=EDGE_CURVE('',#1410,#1426,#1478,.T.);
#1216=EDGE_CURVE('',#1412,#1424,#1479,.T.);
#1217=EDGE_CURVE('',#1480,#1481,#1482,.T.);
#1218=EDGE_CURVE('',#1481,#1480,#1483,.T.);
#1219=EDGE_CURVE('',#1484,#1461,#1485,.T.);
#1220=EDGE_CURVE('',#1486,#1484,#1487,.T.);
#1221=EDGE_CURVE('',#1460,#1486,#1488,.T.);
#1222=EDGE_CURVE('',#1486,#1489,#1490,.T.);
#1223=EDGE_CURVE('',#1463,#1489,#1491,.T.);
#1224=EDGE_CURVE('',#1489,#1492,#1493,.T.);
#1225=EDGE_CURVE('',#1492,#1465,#1494,.T.);
#1226=EDGE_CURVE('',#1484,#1492,#1495,.T.);
#1227=EDGE_CURVE('',#1496,#1496,#1497,.T.);
#1228=EDGE_CURVE('',#1238,#1363,#1498,.F.);
#1229=EDGE_CURVE('',#1239,#1358,#1499,.F.);
#1230=EDGE_CURVE('',#1255,#1353,#1500,.F.);
#1231=EDGE_CURVE('',#1253,#1348,#1501,.F.);
#1232=EDGE_CURVE('',#1251,#1343,#1502,.F.);
#1233=EDGE_CURVE('',#1249,#1338,#1503,.F.);
#1234=EDGE_CURVE('',#1247,#1333,#1504,.F.);
#1235=EDGE_CURVE('',#1245,#1328,#1505,.F.);
#1236=EDGE_CURVE('',#1243,#1320,#1506,.F.);
#1237=EDGE_CURVE('',#1241,#1321,#1507,.F.);
#1238=VERTEX_POINT('',#1508);
#1239=VERTEX_POINT('',#1509);
#1240=LINE('',#1510,#1511);
#1241=VERTEX_POINT('',#1513);
#1242=CIRCLE('',#1514,19.);
#1243=VERTEX_POINT('',#1518);
#1244=LINE('',#1519,#1520);
#1245=VERTEX_POINT('',#1522);
#1246=CIRCLE('',#1523,6.99999999999999);
#1247=VERTEX_POINT('',#1527);
#1248=CIRCLE('',#1528,7.00000000000001);
#1249=VERTEX_POINT('',#1532);
#1250=LINE('',#1533,#1534);
#1251=VERTEX_POINT('',#1536);
#1252=CIRCLE('',#1537,19.);
#1253=VERTEX_POINT('',#1541);
#1254=LINE('',#1542,#1543);
#1255=VERTEX_POINT('',#1545);
#1256=CIRCLE('',#1546,7.);
#1257=CIRCLE('',#1550,7.00000000000001);
#1258=VERTEX_POINT('',#1554);
#1259=VERTEX_POINT('',#1555);
#1260=CIRCLE('',#1556,3.25);
#1261=CIRCLE('',#1560,3.25);
#1262=VERTEX_POINT('',#1564);
#1263=VERTEX_POINT('',#1565);
#1264=CIRCLE('',#1566,3.25);
#1265=CIRCLE('',#1570,3.25);
#1266=VERTEX_POINT('',#1574);
#1267=CIRCLE('',#1575,13.);
#1268=VERTEX_POINT('',#1579);
#1269=VERTEX_POINT('',#1580);
#1270=CIRCLE('',#1581,10.);
#1271=VERTEX_POINT('',#1585);
#1272=CIRCLE('',#1586,10.);
#1273=CIRCLE('',#1590,10.);
#1274=VERTEX_POINT('',#1594);
#1275=VERTEX_POINT('',#1595);
#1276=LINE('',#1596,#1597);
#1277=VERTEX_POINT('',#1599);
#1278=CIRCLE('',#1600,10.);
#1279=VERTEX_POINT('',#1604);
#1280=CIRCLE('',#1605,10.);
#1281=VERTEX_POINT('',#1609);
#1282=LINE('',#1610,#1611);
#1283=VERTEX_POINT('',#1613);
#1284=CIRCLE('',#1614,10.);
#1285=CIRCLE('',#1618,10.);
#1286=VERTEX_POINT('',#1622);
#1287=CIRCLE('',#1623,10.);
#1288=VERTEX_POINT('',#1627);
#1289=VERTEX_POINT('',#1628);
#1290=LINE('',#1629,#1630);
#1291=VERTEX_POINT('',#1632);
#1292=(BOUNDED_CURVE()B_SPLINE_CURVE(3,
(#1633,#1634,#1635,#1636),
.UNSPECIFIED.,.F.,.F.)B_SPLINE_CURVE_WITH_KNOTS((4,4),
(0.,1.),
.UNSPECIFIED.)CURVE()GEOMETRIC_REPRESENTATION_ITEM()RATIONAL_B_SPLINE_CURVE((1.,
0.99477116109949,0.99477116109949,1.))REPRESENTATION_ITEM(''));
#1293=VERTEX_POINT('',#1637);
#1294=LINE('',#1638,#1639);
#1295=(BOUNDED_CURVE()B_SPLINE_CURVE(3,
(#1641,#1642,#1643,#1644),
.UNSPECIFIED.,.F.,.F.)B_SPLINE_CURVE_WITH_KNOTS((4,4),
(0.,1.),
.UNSPECIFIED.)CURVE()GEOMETRIC_REPRESENTATION_ITEM()RATIONAL_B_SPLINE_CURVE((1.,
0.994771161099493,0.994771161099493,1.))REPRESENTATION_ITEM(''));
#1296=VERTEX_POINT('',#1645);
#1297=VERTEX_POINT('',#1646);
#1298=LINE('',#1647,#1648);
#1299=VERTEX_POINT('',#1650);
#1300=CIRCLE('',#1651,10.);
#1301=VERTEX_POINT('',#1655);
#1302=LINE('',#1656,#1657);
#1303=CIRCLE('',#1659,10.);
#1304=VERTEX_POINT('',#1663);
#1305=VERTEX_POINT('',#1664);
#1306=CIRCLE('',#1665,10.);
#1307=VERTEX_POINT('',#1669);
#1308=LINE('',#1670,#1671);
#1309=VERTEX_POINT('',#1673);
#1310=CIRCLE('',#1674,10.);
#1311=VERTEX_POINT('',#1678);
#1312=CIRCLE('',#1679,10.);
#1313=VERTEX_POINT('',#1683);
#1314=LINE('',#1684,#1685);
#1315=CIRCLE('',#1687,10.);
#1316=VERTEX_POINT('',#1691);
#1317=CIRCLE('',#1692,13.);
#1318=VERTEX_POINT('',#1696);
#1319=CIRCLE('',#1697,12.);
#1320=VERTEX_POINT('',#1701);
#1321=VERTEX_POINT('',#1702);
#1322=LINE('',#1703,#1704);
#1323=VERTEX_POINT('',#1706);
#1324=LINE('',#1707,#1708);
#1325=VERTEX_POINT('',#1710);
#1326=LINE('',#1711,#1712);
#1327=LINE('',#1714,#1715);
#1328=VERTEX_POINT('',#1717);
#1329=CIRCLE('',#1718,8.00000000000002);
#1330=VERTEX_POINT('',#1722);
#1331=CIRCLE('',#1723,8.00000000000002);
#1332=LINE('',#1727,#1728);
#1333=VERTEX_POINT('',#1730);
#1334=CIRCLE('',#1731,8.00000000000002);
#1335=VERTEX_POINT('',#1735);
#1336=CIRCLE('',#1736,8.00000000000002);
#1337=LINE('',#1740,#1741);
#1338=VERTEX_POINT('',#1743);
#1339=LINE('',#1744,#1745);
#1340=VERTEX_POINT('',#1747);
#1341=LINE('',#1748,#1749);
#1342=LINE('',#1751,#1752);
#1343=VERTEX_POINT('',#1754);
#1344=CIRCLE('',#1755,20.);
#1345=VERTEX_POINT('',#1759);
#1346=CIRCLE('',#1760,20.);
#1347=LINE('',#1764,#1765);
#1348=VERTEX_POINT('',#1767);
#1349=LINE('',#1768,#1769);
#1350=VERTEX_POINT('',#1771);
#1351=LINE('',#1772,#1773);
#1352=LINE('',#1775,#1776);
#1353=VERTEX_POINT('',#1778);
#1354=CIRCLE('',#1779,8.00000000000002);
#1355=VERTEX_POINT('',#1783);
#1356=CIRCLE('',#1784,8.00000000000002);
#1357=LINE('',#1788,#1789);
#1358=VERTEX_POINT('',#1791);
#1359=CIRCLE('',#1792,8.00000000000002);
#1360=VERTEX_POINT('',#1796);
#1361=CIRCLE('',#1797,8.00000000000002);
#1362=LINE('',#1801,#1802);
#1363=VERTEX_POINT('',#1804);
#1364=LINE('',#1805,#1806);
#1365=VERTEX_POINT('',#1808);
#1366=LINE('',#1809,#1810);
#1367=LINE('',#1812,#1813);
#1368=CIRCLE('',#1815,20.);
#1369=CIRCLE('',#1819,20.);
#1370=VERTEX_POINT('',#1823);
#1371=VERTEX_POINT('',#1824);
#1372=CIRCLE('',#1825,3.25);
#1373=LINE('',#1829,#1830);
#1374=LINE('',#1832,#1833);
#1375=CIRCLE('',#1835,3.25);
#1376=VERTEX_POINT('',#1839);
#1377=VERTEX_POINT('',#1840);
#1378=CIRCLE('',#1841,3.25);
#1379=LINE('',#1845,#1846);
#1380=LINE('',#1848,#1849);
#1381=CIRCLE('',#1851,3.25);
#1382=VERTEX_POINT('',#1855);
#1383=LINE('',#1856,#1857);
#1384=VERTEX_POINT('',#1859);
#1385=LINE('',#1860,#1861);
#1386=LINE('',#1863,#1864);
#1387=VERTEX_POINT('',#1866);
#1388=VERTEX_POINT('',#1867);
#1389=CIRCLE('',#1868,10.);
#1390=CIRCLE('',#1872,10.);
#1391=VERTEX_POINT('',#1876);
#1392=CIRCLE('',#1877,8.);
#1393=VERTEX_POINT('',#1881);
#1394=CIRCLE('',#1882,8.);
#1395=LINE('',#1886,#1887);
#1396=VERTEX_POINT('',#1889);
#1397=LINE('',#1890,#1891);
#1398=LINE('',#1893,#1894);
#1399=VERTEX_POINT('',#1896);
#1400=CIRCLE('',#1897,8.);
#1401=CIRCLE('',#1901,8.);
#1402=VERTEX_POINT('',#1905);
#1403=LINE('',#1906,#1907);
#1404=VERTEX_POINT('',#1909);
#1405=LINE('',#1910,#1911);
#1406=LINE('',#1913,#1914);
#1407=VERTEX_POINT('',#1916);
#1408=VERTEX_POINT('',#1917);
#1409=LINE('',#1918,#1919);
#1410=VERTEX_POINT('',#1921);
#1411=CIRCLE('',#1922,3.50000000000001);
#1412=VERTEX_POINT('',#1926);
#1413=LINE('',#1927,#1928);
#1414=CIRCLE('',#1930,3.50000000000001);
#1415=VERTEX_POINT('',#1934);
#1416=LINE('',#1935,#1936);
#1417=LINE('',#1938,#1939);
#1418=VERTEX_POINT('',#1941);
#1419=LINE('',#1942,#1943);
#1420=LINE('',#1945,#1946);
#1421=VERTEX_POINT('',#1948);
#1422=VERTEX_POINT('',#1949);
#1423=LINE('',#1950,#1951);
#1424=VERTEX_POINT('',#1953);
#1425=CIRCLE('',#1954,3.50000000000001);
#1426=VERTEX_POINT('',#1958);
#1427=LINE('',#1959,#1960);
#1428=CIRCLE('',#1962,3.50000000000001);
#1429=LINE('',#1966,#1967);
#1430=VERTEX_POINT('',#1969);
#1431=VERTEX_POINT('',#1970);
#1432=LINE('',#1971,#1972);
#1433=LINE('',#1974,#1975);
#1434=LINE('',#1977,#1978);
#1435=VERTEX_POINT('',#1980);
#1436=CIRCLE('',#1981,8.);
#1437=LINE('',#1985,#1986);
#1438=VERTEX_POINT('',#1988);
#1439=LINE('',#1989,#1990);
#1440=LINE('',#1992,#1993);
#1441=CIRCLE('',#1995,8.);
#1442=VERTEX_POINT('',#1999);
#1443=LINE('',#2000,#2001);
#1444=VERTEX_POINT('',#2003);
#1445=LINE('',#2004,#2005);
#1446=LINE('',#2007,#2008);
#1447=VERTEX_POINT('',#2010);
#1448=LINE('',#2011,#2012);
#1449=VERTEX_POINT('',#2014);
#1450=LINE('',#2015,#2016);
#1451=LINE('',#2018,#2019);
#1452=VERTEX_POINT('',#2021);
#1453=CIRCLE('',#2022,8.);
#1454=VERTEX_POINT('',#2026);
#1455=VERTEX_POINT('',#2027);
#1456=CIRCLE('',#2028,8.);
#1457=VERTEX_POINT('',#2032);
#1458=CIRCLE('',#2033,8.);
#1459=CIRCLE('',#2037,8.);
#1460=VERTEX_POINT('',#2041);
#1461=VERTEX_POINT('',#2042);
#1462=LINE('',#2043,#2044);
#1463=VERTEX_POINT('',#2046);
#1464=CIRCLE('',#2047,8.);
#1465=VERTEX_POINT('',#2051);
#1466=LINE('',#2052,#2053);
#1467=CIRCLE('',#2055,8.);
#1468=VERTEX_POINT('',#2059);
#1469=CIRCLE('',#2060,8.);
#1470=VERTEX_POINT('',#2064);
#1471=CIRCLE('',#2065,8.);
#1472=CIRCLE('',#2069,8.);
#1473=CIRCLE('',#2073,8.);
#1474=VERTEX_POINT('',#2077);
#1475=CIRCLE('',#2078,10.);
#1476=LINE('',#2082,#2083);
#1477=LINE('',#2085,#2086);
#1478=LINE('',#2088,#2089);
#1479=LINE('',#2091,#2092);
#1480=VERTEX_POINT('',#2094);
#1481=VERTEX_POINT('',#2095);
#1482=CIRCLE('',#2096,8.);
#1483=CIRCLE('',#2100,8.);
#1484=VERTEX_POINT('',#2104);
#1485=LINE('',#2105,#2106);
#1486=VERTEX_POINT('',#2108);
#1487=LINE('',#2109,#2110);
#1488=LINE('',#2112,#2113);
#1489=VERTEX_POINT('',#2115);
#1490=LINE('',#2116,#2117);
#1491=LINE('',#2119,#2120);
#1492=VERTEX_POINT('',#2122);
#1493=LINE('',#2123,#2124);
#1494=LINE('',#2126,#2127);
#1495=LINE('',#2129,#2130);
#1496=VERTEX_POINT('',#2132);
#1497=CIRCLE('',#2133,8.);
#1498=LINE('',#2137,#2138);
#1499=LINE('',#2140,#2141);
#1500=B_SPLINE_CURVE_WITH_KNOTS('',3,
(#2143,#2144,#2145,#2146,#2147,#2148,#2149,#2150),
.UNSPECIFIED.,.F.,.F.,
(4,1,1,1,1,4),
(0.,0.249981116206282,0.499996515642212,0.749943348618845,0.999962232412564,1.),
.UNSPECIFIED.);
#1501=LINE('',#2151,#2152);
#1502=LINE('',#2154,#2155);
#1503=LINE('',#2157,#2158);
#1504=LINE('',#2160,#2161);
#1505=B_SPLINE_CURVE_WITH_KNOTS('',3,
(#2163,#2164,#2165,#2166,#2167,#2168,#2169),
.UNSPECIFIED.,.F.,.F.,
(4,1,1,1,4),
(0.,0.249981116206281,0.749943348618844,0.999962232412562,1.),
.UNSPECIFIED.);
#1506=LINE('',#2170,#2171);
#1507=LINE('',#2173,#2174);
#1508=CARTESIAN_POINT('',(-17.4133979691177,254.582566245534,-142.735451991045));
#1509=CARTESIAN_POINT('',(-6.41392432219671,276.405918064584,-130.135733943696));
#1510=CARTESIAN_POINT('',(-17.4133979691177,254.582566245534,-142.735451991045));
#1511=VECTOR('',#1512,1.);
#1512=DIRECTION('',(0.400046988822916,0.793707631971803,0.458247314976782));
#1513=CARTESIAN_POINT('',(-17.4133979691177,241.417433754466,-150.33634477868));
#1514=AXIS2_PLACEMENT_3D('',#1515,#1516,#1517);
#1515=CARTESIAN_POINT('',(-6.66133814775094E-16,248.,-146.535898384862));
#1516=DIRECTION('',(0.,0.5,-0.866025403784439));
#1517=DIRECTION('',(-0.916494629953563,-0.346450855028114,-0.200023494411458));
#1518=CARTESIAN_POINT('',(-6.41392432219668,219.594081935416,-162.936062826028));
#1519=CARTESIAN_POINT('',(-6.41392432219668,219.594081935416,-162.936062826028));
#1520=VECTOR('',#1521,1.);
#1521=DIRECTION('',(-0.400046988822916,0.793707631971804,0.458247314976781));
#1522=CARTESIAN_POINT('',(6.46781517232853E-11,215.957060240462,-165.035898280658));
#1523=AXIS2_PLACEMENT_3D('',#1524,#1525,#1526);
#1524=CARTESIAN_POINT('',(0.00153808747825357,222.019237920613,-161.535898365148));
#1525=DIRECTION('',(1.48671222902075E-17,0.5,-0.866025403784439));
#1526=DIRECTION('',(-0.000219726773291857,-0.866025382878648,-0.499999987930036));
#1527=CARTESIAN_POINT('',(6.4139243221967,219.594081935416,-162.936062826028));
#1528=AXIS2_PLACEMENT_3D('',#1529,#1530,#1531);
#1529=CARTESIAN_POINT('',(-0.0015380874782509,222.019237920613,-161.535898365148));
#1530=DIRECTION('',(0.,0.5,-0.866025403784439));
#1531=DIRECTION('',(0.916494629953563,-0.346450855028113,-0.200023494411457));
#1532=CARTESIAN_POINT('',(17.4133979691177,241.417433754466,-150.33634477868));
#1533=CARTESIAN_POINT('',(17.4133979691177,241.417433754466,-150.33634477868));
#1534=VECTOR('',#1535,1.);
#1535=DIRECTION('',(-0.400046988822916,-0.793707631971803,-0.458247314976782));
#1536=CARTESIAN_POINT('',(17.4133979691177,254.582566245534,-142.735451991045));
#1537=AXIS2_PLACEMENT_3D('',#1538,#1539,#1540);
#1538=CARTESIAN_POINT('',(-6.66133814775094E-16,248.,-146.535898384862));
#1539=DIRECTION('',(0.,0.5,-0.866025403784439));
#1540=DIRECTION('',(0.916494629953563,0.346450855028114,0.200023494411458));
#1541=CARTESIAN_POINT('',(6.41392432219669,276.405918064584,-130.135733943696));
#1542=CARTESIAN_POINT('',(6.41392432219668,276.405918064584,-130.135733943696));
#1543=VECTOR('',#1544,1.);
#1544=DIRECTION('',(0.400046988822916,-0.793707631971804,-0.458247314976781));
#1545=CARTESIAN_POINT('',(-1.84788110739002E-11,280.042939759538,-128.035898489066));
#1546=AXIS2_PLACEMENT_3D('',#1547,#1548,#1549);
#1547=CARTESIAN_POINT('',(-0.00153808747825468,273.980762079387,-131.535898404577));
#1548=DIRECTION('',(1.48806748173635E-17,0.5,-0.866025403784439));
#1549=DIRECTION('',(0.000219726779891667,0.866025382878647,0.499999987930035));
#1550=AXIS2_PLACEMENT_3D('',#1551,#1552,#1553);
#1551=CARTESIAN_POINT('',(0.00153808747824979,273.980762079387,-131.535898404577));
#1552=DIRECTION('',(0.,0.5,-0.866025403784439));
#1553=DIRECTION('',(-0.916494629953563,0.346450855028113,0.200023494411457));
#1554=CARTESIAN_POINT('',(6.66133814775094E-16,224.833820167717,-159.910898547126));
#1555=CARTESIAN_POINT('',(1.77635683940025E-15,219.204655673509,-163.16089818317));
#1556=AXIS2_PLACEMENT_3D('',#1557,#1558,#1559);
#1557=CARTESIAN_POINT('',(-0.0015380874782509,222.019237920613,-161.535898365148));
#1558=DIRECTION('',(1.48806748173635E-17,0.5,-0.866025403784439));
#1559=DIRECTION('',(0.000473257685616011,0.86602530680135,0.499999944006787));
#1560=AXIS2_PLACEMENT_3D('',#1561,#1562,#1563);
#1561=CARTESIAN_POINT('',(0.00153808747825357,222.019237920613,-161.535898365148));
#1562=DIRECTION('',(1.48806748173635E-17,0.5,-0.866025403784439));
#1563=DIRECTION('',(-0.000473257685615874,-0.86602530680135,-0.499999944006787));
#1564=CARTESIAN_POINT('',(-1.77635683940025E-15,271.166179832283,-133.160898222599));
#1565=CARTESIAN_POINT('',(-3.10862446895044E-15,276.795344326491,-129.910898586554));
#1566=AXIS2_PLACEMENT_3D('',#1567,#1568,#1569);
#1567=CARTESIAN_POINT('',(0.00153808747824979,273.980762079387,-131.535898404577));
#1568=DIRECTION('',(1.48806748173635E-17,0.5,-0.866025403784439));
#1569=DIRECTION('',(-0.000473257685615874,-0.86602530680135,-0.499999944006787));
#1570=AXIS2_PLACEMENT_3D('',#1571,#1572,#1573);
#1571=CARTESIAN_POINT('',(-0.00153808747825468,273.980762079387,-131.535898404577));
#1572=DIRECTION('',(1.48806748173635E-17,0.5,-0.866025403784439));
#1573=DIRECTION('',(0.000473257685616011,0.86602530680135,0.499999944006787));
#1574=CARTESIAN_POINT('',(1.99840144432528E-15,259.258330249198,-140.035898384862));
#1575=AXIS2_PLACEMENT_3D('',#1576,#1577,#1578);
#1576=CARTESIAN_POINT('',(-2.22044604925031E-16,248.,-146.535898384862));
#1577=DIRECTION('',(-1.48741681433374E-17,-0.5,0.866025403784439));
#1578=DIRECTION('',(6.12323399573676E-17,0.866025403784439,0.5));
#1579=CARTESIAN_POINT('',(10.,206.698729810778,-75.));
#1580=CARTESIAN_POINT('',(-10.,206.698729810778,-75.));
#1581=AXIS2_PLACEMENT_3D('',#1582,#1583,#1584);
#1582=CARTESIAN_POINT('',(0.,206.698729810778,-75.));
#1583=DIRECTION('',(0.,0.5,-0.866025403784439));
#1584=DIRECTION('',(1.,0.,0.));
#1585=CARTESIAN_POINT('',(-9.98037259236655,207.241060141991,-74.6868854372842));
#1586=AXIS2_PLACEMENT_3D('',#1587,#1588,#1589);
#1587=CARTESIAN_POINT('',(0.,206.698729810778,-75.));
#1588=DIRECTION('',(0.,0.5,-0.866025403784439));
#1589=DIRECTION('',(-1.,-8.24092880076912E-15,-4.7579024614966E-15));
#1590=AXIS2_PLACEMENT_3D('',#1591,#1592,#1593);
#1591=CARTESIAN_POINT('',(0.,206.698729810778,-75.));
#1592=DIRECTION('',(0.,0.5,-0.866025403784439));
#1593=DIRECTION('',(-0.998037259236655,0.0542330331213322,0.031311456271571));
#1594=CARTESIAN_POINT('',(-9.92156741649222,217.082531754731,-90.4852725426581));
#1595=CARTESIAN_POINT('',(-9.92156741649221,215.082531754731,-87.0211709275204));
#1596=CARTESIAN_POINT('',(-9.92156741649219,215.082531754731,-87.0211709275204));
#1597=VECTOR('',#1598,1.);
#1598=DIRECTION('',(-8.88178419700137E-16,0.5,-0.866025403784439));
#1599=CARTESIAN_POINT('',(-9.98037259236656,214.542330331213,-87.3330563648048));
#1600=AXIS2_PLACEMENT_3D('',#1601,#1602,#1603);
#1601=CARTESIAN_POINT('',(-7.105427357601E-15,214.,-87.6461709275206));
#1602=DIRECTION('',(0.,0.500000000000003,-0.866025403784437));
#1603=DIRECTION('',(-0.998037259236655,0.0542330331213265,0.031311456271568));
#1604=CARTESIAN_POINT('',(-9.92156741649222,212.91746824527,-88.2711709275204));
#1605=AXIS2_PLACEMENT_3D('',#1606,#1607,#1608);
#1606=CARTESIAN_POINT('',(-7.105427357601E-15,214.,-87.6461709275206));
#1607=DIRECTION('',(0.,0.500000000000003,-0.866025403784437));
#1608=DIRECTION('',(-0.992156741649221,-0.108253175473055,-0.0625000000000005));
#1609=CARTESIAN_POINT('',(-9.92156741649222,214.91746824527,-91.7352725426582));
#1610=CARTESIAN_POINT('',(-9.92156741649225,212.91746824527,-88.2711709275204));
#1611=VECTOR('',#1612,1.);
#1612=DIRECTION('',(-8.88178419700106E-16,0.500000000000003,-0.866025403784437));
#1613=CARTESIAN_POINT('',(-9.98037259236655,216.542330331213,-90.7971579799426));
#1614=AXIS2_PLACEMENT_3D('',#1615,#1616,#1617);
#1615=CARTESIAN_POINT('',(0.,216.,-91.1102725426583));
#1616=DIRECTION('',(0.,0.500000000000008,-0.866025403784434));
#1617=DIRECTION('',(-0.992156741649222,-0.108253175473052,-0.0625));
#1618=AXIS2_PLACEMENT_3D('',#1619,#1620,#1621);
#1619=CARTESIAN_POINT('',(0.,216.,-91.1102725426583));
#1620=DIRECTION('',(0.,0.500000000000008,-0.866025403784434));
#1621=DIRECTION('',(-0.998037259236655,0.0542330331213285,0.0313114562715696));
#1622=CARTESIAN_POINT('',(-9.98037259236655,233.542330331213,-120.242021708613));
#1623=AXIS2_PLACEMENT_3D('',#1624,#1625,#1626);
#1624=CARTESIAN_POINT('',(0.,233.,-120.555136271329));
#1625=DIRECTION('',(0.,0.5,-0.866025403784439));
#1626=DIRECTION('',(-0.998037259236655,0.0542330331213312,0.0313114562715704));
#1627=CARTESIAN_POINT('',(1.25,213.907659418422,-107.329367181612));
#1628=CARTESIAN_POINT('',(1.25,198.907659418422,-81.3486050680789));
#1629=CARTESIAN_POINT('',(1.25,198.907659418422,-81.3486050680787));
#1630=VECTOR('',#1631,1.);
#1631=DIRECTION('',(-5.92118946466747E-17,0.500000000000001,-0.866025403784438));
#1632=CARTESIAN_POINT('',(-1.25,213.907659418422,-107.329367181612));
#1633=CARTESIAN_POINT('',(1.25,213.907659418422,-107.329367181612));
#1634=CARTESIAN_POINT('',(0.418856801404362,213.803884985738,-107.359052992377));
#1635=CARTESIAN_POINT('',(-0.418856801402045,213.803884985738,-107.359052992377));
#1636=CARTESIAN_POINT('',(-1.2499999999977,213.907659418422,-107.329367181612));
#1637=CARTESIAN_POINT('',(-1.25,198.907659418422,-81.3486050680789));
#1638=CARTESIAN_POINT('',(-1.25,198.907659418422,-81.3486050680787));
#1639=VECTOR('',#1640,1.);
#1640=DIRECTION('',(-2.07241631263361E-16,0.500000000000001,-0.866025403784438));
#1641=CARTESIAN_POINT('',(1.25,198.907659418422,-81.3486050680787));
#1642=CARTESIAN_POINT('',(0.418856801404519,198.830063535825,-81.4236334576642));
#1643=CARTESIAN_POINT('',(-0.418856801401739,198.830063535825,-81.4236334576643));
#1644=CARTESIAN_POINT('',(-1.24999999999726,198.907659418422,-81.3486050680789));
#1645=CARTESIAN_POINT('',(1.25,224.592318274507,-86.1494695159221));
#1646=CARTESIAN_POINT('',(1.25,222.592318274507,-82.6853679007843));
#1647=CARTESIAN_POINT('',(1.24999999999999,222.592318274507,-82.6853679007844));
#1648=VECTOR('',#1649,1.);
#1649=DIRECTION('',(0.,0.499999999999992,-0.866025403784443));
#1650=CARTESIAN_POINT('',(-1.25,222.592318274507,-82.6853679007843));
#1651=AXIS2_PLACEMENT_3D('',#1652,#1653,#1654);
#1652=CARTESIAN_POINT('',(0.,213.999988846465,-87.6461516090303));
#1653=DIRECTION('',(0.,0.500000000000002,-0.866025403784437));
#1654=DIRECTION('',(-0.125,0.859232942804219,0.496078370824613));
#1655=CARTESIAN_POINT('',(-1.25,224.592318274507,-86.1494695159221));
#1656=CARTESIAN_POINT('',(-1.24999999999999,222.592318274507,-82.6853679007844));
#1657=VECTOR('',#1658,1.);
#1658=DIRECTION('',(0.,0.499999999999999,-0.866025403784439));
#1659=AXIS2_PLACEMENT_3D('',#1660,#1661,#1662);
#1660=CARTESIAN_POINT('',(0.,215.999988846465,-91.110253224168));
#1661=DIRECTION('',(0.,0.500000000000002,-0.866025403784437));
#1662=DIRECTION('',(-0.125,0.859232942804219,0.496078370824613));
#1663=CARTESIAN_POINT('',(10.,216.,-91.1102725426581));
#1664=CARTESIAN_POINT('',(9.92156741649221,214.91746824527,-91.7352725426582));
#1665=AXIS2_PLACEMENT_3D('',#1666,#1667,#1668);
#1666=CARTESIAN_POINT('',(0.,216.,-91.1102725426583));
#1667=DIRECTION('',(0.,0.500000000000008,-0.866025403784434));
#1668=DIRECTION('',(1.,0.,0.));
#1669=CARTESIAN_POINT('',(9.92156741649222,212.91746824527,-88.2711709275204));
#1670=CARTESIAN_POINT('',(9.92156741649225,212.91746824527,-88.2711709275204));
#1671=VECTOR('',#1672,1.);
#1672=DIRECTION('',(0.,0.500000000000003,-0.866025403784437));
#1673=CARTESIAN_POINT('',(10.,214.,-87.6461709275204));
#1674=AXIS2_PLACEMENT_3D('',#1675,#1676,#1677);
#1675=CARTESIAN_POINT('',(-7.105427357601E-15,214.,-87.6461709275206));
#1676=DIRECTION('',(0.,0.500000000000003,-0.866025403784437));
#1677=DIRECTION('',(1.,0.,0.));
#1678=CARTESIAN_POINT('',(9.92156741649221,215.082531754731,-87.0211709275204));
#1679=AXIS2_PLACEMENT_3D('',#1680,#1681,#1682);
#1680=CARTESIAN_POINT('',(-7.105427357601E-15,214.,-87.6461709275206));
#1681=DIRECTION('',(-6.93889390390723E-18,0.500000000000003,-0.866025403784437));
#1682=DIRECTION('',(0.992156741649221,0.108253175473056,0.0625000000000009));
#1683=CARTESIAN_POINT('',(9.92156741649221,217.082531754731,-90.4852725426581));
#1684=CARTESIAN_POINT('',(9.92156741649218,215.082531754731,-87.0211709275204));
#1685=VECTOR('',#1686,1.);
#1686=DIRECTION('',(4.44089209850069E-16,0.5,-0.866025403784439));
#1687=AXIS2_PLACEMENT_3D('',#1688,#1689,#1690);
#1688=CARTESIAN_POINT('',(0.,216.,-91.1102725426583));
#1689=DIRECTION('',(-6.93889390390723E-18,0.500000000000008,-0.866025403784434));
#1690=DIRECTION('',(0.992156741649221,0.108253175473055,0.0625000000000016));
#1691=CARTESIAN_POINT('',(2.14816654458684E-15,244.758330249198,-114.921161675114));
#1692=AXIS2_PLACEMENT_3D('',#1693,#1694,#1695);
#1693=CARTESIAN_POINT('',(-2.22044604925031E-16,233.5,-121.421161675114));
#1694=DIRECTION('',(-3.08148791101958E-33,-0.5,0.866025403784439));
#1695=DIRECTION('',(6.12323399573676E-17,0.866025403784439,0.5));
#1696=CARTESIAN_POINT('',(1.9287034382728E-15,243.392304845413,-114.555136271329));
#1697=AXIS2_PLACEMENT_3D('',#1698,#1699,#1700);
#1698=CARTESIAN_POINT('',(-2.22044604925031E-16,233.,-120.555136271329));
#1699=DIRECTION('',(0.,-0.5,0.866025403784439));
#1700=DIRECTION('',(6.12323399573677E-17,0.866025403784439,0.5));
#1701=CARTESIAN_POINT('',(-7.33041895215025,219.747631080388,-164.002111724224));
#1702=CARTESIAN_POINT('',(-18.3298925990712,241.570982899438,-151.402393676876));
#1703=CARTESIAN_POINT('',(-7.33041895215024,219.747631080388,-164.002111724224));
#1704=VECTOR('',#1705,1.);
#1705=DIRECTION('',(-0.400046988822916,0.793707631971804,0.458247314976781));
#1706=CARTESIAN_POINT('',(-18.3298925990712,243.070982899438,-154.000469888229));
#1707=CARTESIAN_POINT('',(-18.3298925990712,241.570982899438,-151.402393676876));
#1708=VECTOR('',#1709,1.);
#1709=DIRECTION('',(0.,0.5,-0.866025403784439));
#1710=CARTESIAN_POINT('',(-7.33041895215025,221.247631080388,-166.600187935577));
#1711=CARTESIAN_POINT('',(-7.33041895215024,221.247631080388,-166.600187935577));
#1712=VECTOR('',#1713,1.);
#1713=DIRECTION('',(-0.400046988822916,0.793707631971803,0.458247314976782));
#1714=CARTESIAN_POINT('',(-7.33041895215025,219.747631080388,-164.002111724224));
#1715=VECTOR('',#1716,1.);
#1716=DIRECTION('',(0.,0.5,-0.866025403784439));
#1717=CARTESIAN_POINT('',(1.18465350376629E-15,215.591034818385,-166.401923695004));
#1718=AXIS2_PLACEMENT_3D('',#1719,#1720,#1721);
#1719=CARTESIAN_POINT('',(0.00153808747825357,222.519237920613,-162.401923768932));
#1720=DIRECTION('',(0.,0.499999999999999,-0.866025403784439));
#1721=DIRECTION('',(-0.000192260934781274,-0.866025387778442,-0.499999990758932));
#1722=CARTESIAN_POINT('',(2.77555756156289E-15,217.091034818385,-168.999999906357));
#1723=AXIS2_PLACEMENT_3D('',#1724,#1725,#1726);
#1724=CARTESIAN_POINT('',(0.00153808747825357,224.019237920613,-164.999999980286));
#1725=DIRECTION('',(0.,0.5,-0.866025403784439));
#1726=DIRECTION('',(-0.000192260934781268,-0.866025387778441,-0.499999990758933));
#1727=CARTESIAN_POINT('',(3.10862446895044E-15,215.591034818385,-166.401923695004));
#1728=VECTOR('',#1729,1.);
#1729=DIRECTION('',(0.,0.5,-0.866025403784439));
#1730=CARTESIAN_POINT('',(7.33041895215026,219.747631080388,-164.002111724224));
#1731=AXIS2_PLACEMENT_3D('',#1732,#1733,#1734);
#1732=CARTESIAN_POINT('',(-0.0015380874782509,222.519237920613,-162.401923768932));
#1733=DIRECTION('',(0.,0.499999999999999,-0.866025403784439));
#1734=DIRECTION('',(0.916494629953563,-0.346450855028115,-0.200023494411458));
#1735=CARTESIAN_POINT('',(7.33041895215025,221.247631080388,-166.600187935577));
#1736=AXIS2_PLACEMENT_3D('',#1737,#1738,#1739);
#1737=CARTESIAN_POINT('',(-0.0015380874782509,224.019237920613,-164.999999980286));
#1738=DIRECTION('',(0.,0.5,-0.866025403784439));
#1739=DIRECTION('',(0.916494629953564,-0.346450855028113,-0.200023494411457));
#1740=CARTESIAN_POINT('',(7.33041895215026,219.747631080388,-164.002111724224));
#1741=VECTOR('',#1742,1.);
#1742=DIRECTION('',(0.,0.5,-0.866025403784439));
#1743=CARTESIAN_POINT('',(18.3298925990712,241.570982899438,-151.402393676876));
#1744=CARTESIAN_POINT('',(18.3298925990712,241.570982899438,-151.402393676876));
#1745=VECTOR('',#1746,1.);
#1746=DIRECTION('',(-0.400046988822916,-0.793707631971804,-0.458247314976781));
#1747=CARTESIAN_POINT('',(18.3298925990712,243.070982899438,-154.000469888229));
#1748=CARTESIAN_POINT('',(18.3298925990712,243.070982899438,-154.000469888229));
#1749=VECTOR('',#1750,1.);
#1750=DIRECTION('',(-0.400046988822916,-0.793707631971803,-0.458247314976782));
#1751=CARTESIAN_POINT('',(18.3298925990712,241.570982899438,-151.402393676876));
#1752=VECTOR('',#1753,1.);
#1753=DIRECTION('',(0.,0.5,-0.866025403784439));
#1754=CARTESIAN_POINT('',(18.3298925990712,255.429017100562,-143.401453900418));
#1755=AXIS2_PLACEMENT_3D('',#1756,#1757,#1758);
#1756=CARTESIAN_POINT('',(-6.66133814775094E-16,248.5,-147.401923788647));
#1757=DIRECTION('',(0.,0.499999999999999,-0.866025403784439));
#1758=DIRECTION('',(0.916494629953563,0.346450855028114,0.200023494411457));
#1759=CARTESIAN_POINT('',(18.3298925990712,256.929017100562,-145.999530111771));
#1760=AXIS2_PLACEMENT_3D('',#1761,#1762,#1763);
#1761=CARTESIAN_POINT('',(-6.66133814775094E-16,250.,-150.));
#1762=DIRECTION('',(0.,0.5,-0.866025403784439));
#1763=DIRECTION('',(0.916494629953563,0.346450855028113,0.200023494411457));
#1764=CARTESIAN_POINT('',(18.3298925990712,255.429017100562,-143.401453900418));
#1765=VECTOR('',#1766,1.);
#1766=DIRECTION('',(-2.36847578586699E-15,0.500000000000007,-0.866025403784435));
#1767=CARTESIAN_POINT('',(7.33041895215025,277.252368919612,-130.801735853069));
#1768=CARTESIAN_POINT('',(7.33041895215024,277.252368919612,-130.801735853069));
#1769=VECTOR('',#1770,1.);
#1770=DIRECTION('',(0.400046988822916,-0.793707631971803,-0.458247314976781));
#1771=CARTESIAN_POINT('',(7.33041895215025,278.752368919612,-133.399812064423));
#1772=CARTESIAN_POINT('',(7.33041895215024,278.752368919612,-133.399812064423));
#1773=VECTOR('',#1774,1.);
#1774=DIRECTION('',(0.400046988822916,-0.793707631971803,-0.458247314976782));
#1775=CARTESIAN_POINT('',(7.33041895215025,277.252368919612,-130.801735853069));
#1776=VECTOR('',#1777,1.);
#1777=DIRECTION('',(0.,0.5,-0.866025403784439));
#1778=CARTESIAN_POINT('',(-6.70091152704666E-16,281.408965181615,-128.40192388229));
#1779=AXIS2_PLACEMENT_3D('',#1780,#1781,#1782);
#1780=CARTESIAN_POINT('',(-0.00153808747825468,274.480762079387,-132.401923808361));
#1781=DIRECTION('',(0.,0.499999999999999,-0.866025403784439));
#1782=DIRECTION('',(0.000192260934781496,0.866025387778442,0.499999990758932));
#1783=CARTESIAN_POINT('',(-5.32907051820075E-15,282.908965181615,-131.000000093643));
#1784=AXIS2_PLACEMENT_3D('',#1785,#1786,#1787);
#1785=CARTESIAN_POINT('',(-0.00153808747825468,275.980762079387,-135.000000019714));
#1786=DIRECTION('',(0.,0.5,-0.866025403784439));
#1787=DIRECTION('',(0.000192260934781468,0.866025387778441,0.499999990758933));
#1788=CARTESIAN_POINT('',(-4.66293670342566E-15,281.408965181615,-128.40192388229));
#1789=VECTOR('',#1790,1.);
#1790=DIRECTION('',(0.,0.5,-0.866025403784439));
#1791=CARTESIAN_POINT('',(-7.33041895215025,277.252368919612,-130.801735853069));
#1792=AXIS2_PLACEMENT_3D('',#1793,#1794,#1795);
#1793=CARTESIAN_POINT('',(0.00153808747824979,274.480762079387,-132.401923808361));
#1794=DIRECTION('',(0.,0.499999999999999,-0.866025403784439));
#1795=DIRECTION('',(-0.916494629953563,0.346450855028115,0.200023494411458));
#1796=CARTESIAN_POINT('',(-7.33041895215026,278.752368919612,-133.399812064423));
#1797=AXIS2_PLACEMENT_3D('',#1798,#1799,#1800);
#1798=CARTESIAN_POINT('',(0.00153808747824979,275.980762079387,-135.000000019714));
#1799=DIRECTION('',(0.,0.5,-0.866025403784439));
#1800=DIRECTION('',(-0.916494629953563,0.346450855028115,0.200023494411458));
#1801=CARTESIAN_POINT('',(-7.33041895215026,277.252368919612,-130.801735853069));
#1802=VECTOR('',#1803,1.);
#1803=DIRECTION('',(-8.88178419700125E-16,0.5,-0.866025403784439));
#1804=CARTESIAN_POINT('',(-18.3298925990712,255.429017100562,-143.401453900418));
#1805=CARTESIAN_POINT('',(-18.3298925990712,255.429017100562,-143.401453900418));
#1806=VECTOR('',#1807,1.);
#1807=DIRECTION('',(0.400046988822916,0.793707631971804,0.458247314976781));
#1808=CARTESIAN_POINT('',(-18.3298925990712,256.929017100562,-145.999530111771));
#1809=CARTESIAN_POINT('',(-18.3298925990712,256.929017100562,-145.999530111771));
#1810=VECTOR('',#1811,1.);
#1811=DIRECTION('',(0.400046988822916,0.793707631971803,0.458247314976782));
#1812=CARTESIAN_POINT('',(-18.3298925990712,255.429017100562,-143.401453900418));
#1813=VECTOR('',#1814,1.);
#1814=DIRECTION('',(0.,0.500000000000007,-0.866025403784435));
#1815=AXIS2_PLACEMENT_3D('',#1816,#1817,#1818);
#1816=CARTESIAN_POINT('',(-6.66133814775094E-16,248.5,-147.401923788647));
#1817=DIRECTION('',(-2.77555756156289E-17,0.499999999999999,-0.866025403784439));
#1818=DIRECTION('',(-0.916494629953563,-0.346450855028114,-0.200023494411457));
#1819=AXIS2_PLACEMENT_3D('',#1820,#1821,#1822);
#1820=CARTESIAN_POINT('',(-6.66133814775094E-16,250.,-150.));
#1821=DIRECTION('',(0.,0.5,-0.866025403784439));
#1822=DIRECTION('',(-0.916494629953563,-0.346450855028114,-0.200023494411458));
#1823=CARTESIAN_POINT('',(-3.10862446895044E-15,278.795344326491,-133.375000201692));
#1824=CARTESIAN_POINT('',(-1.77635683940025E-15,273.166179832283,-136.624999837736));
#1825=AXIS2_PLACEMENT_3D('',#1826,#1827,#1828);
#1826=CARTESIAN_POINT('',(0.00153808747824979,275.980762079387,-135.000000019714));
#1827=DIRECTION('',(0.,0.5,-0.866025403784439));
#1828=DIRECTION('',(-0.000473257685615874,-0.86602530680135,-0.499999944006787));
#1829=CARTESIAN_POINT('',(-3.46012281327024E-15,276.795344326491,-129.910898586554));
#1830=VECTOR('',#1831,1.);
#1831=DIRECTION('',(0.,0.499999999999999,-0.866025403784439));
#1832=CARTESIAN_POINT('',(-1.86894770493051E-15,271.166179832283,-133.160898222599));
#1833=VECTOR('',#1834,1.);
#1834=DIRECTION('',(0.,0.499999999999999,-0.866025403784439));
#1835=AXIS2_PLACEMENT_3D('',#1836,#1837,#1838);
#1836=CARTESIAN_POINT('',(-0.00153808747825468,275.980762079387,-135.000000019714));
#1837=DIRECTION('',(0.,0.5,-0.866025403784439));
#1838=DIRECTION('',(0.000473257685616011,0.86602530680135,0.499999944006787));
#1839=CARTESIAN_POINT('',(1.77635683940025E-15,221.204655673509,-166.624999798308));
#1840=CARTESIAN_POINT('',(6.66133814775094E-16,226.833820167717,-163.375000162264));
#1841=AXIS2_PLACEMENT_3D('',#1842,#1843,#1844);
#1842=CARTESIAN_POINT('',(-0.0015380874782509,224.019237920613,-164.999999980286));
#1843=DIRECTION('',(0.,0.5,-0.866025403784439));
#1844=DIRECTION('',(0.000473257685616011,0.86602530680135,0.499999944006787));
#1845=CARTESIAN_POINT('',(1.90581057879502E-15,219.204655673509,-163.16089818317));
#1846=VECTOR('',#1847,1.);
#1847=DIRECTION('',(0.,0.499999999999999,-0.866025403784439));
#1848=CARTESIAN_POINT('',(3.14635470455293E-16,224.833820167717,-159.910898547126));
#1849=VECTOR('',#1850,1.);
#1850=DIRECTION('',(0.,0.499999999999999,-0.866025403784439));
#1851=AXIS2_PLACEMENT_3D('',#1852,#1853,#1854);
#1852=CARTESIAN_POINT('',(0.00153808747825357,224.019237920613,-164.999999980286));
#1853=DIRECTION('',(0.,0.5,-0.866025403784439));
#1854=DIRECTION('',(-0.000473257685615874,-0.86602530680135,-0.499999944006787));
#1855=CARTESIAN_POINT('',(-7.90174031463955,217.082531754731,-90.4852725426581));
#1856=CARTESIAN_POINT('',(-7.90174031463955,217.082531754731,-90.4852725426581));
#1857=VECTOR('',#1858,1.);
#1858=DIRECTION('',(-1.,0.,0.));
#1859=CARTESIAN_POINT('',(-7.90174031463955,215.082531754731,-87.0211709275204));
#1860=CARTESIAN_POINT('',(-7.90174031463952,215.082531754731,-87.0211709275204));
#1861=VECTOR('',#1862,1.);
#1862=DIRECTION('',(0.,0.5,-0.866025403784439));
#1863=CARTESIAN_POINT('',(-7.90174031463955,215.082531754731,-87.0211709275204));
#1864=VECTOR('',#1865,1.);
#1865=DIRECTION('',(-1.,0.,7.03567879754028E-15));
#1866=CARTESIAN_POINT('',(10.,76.7949192431123,2.92381406298356E-14));
#1867=CARTESIAN_POINT('',(-10.,76.7949192431123,6.33365228188354E-14));
#1868=AXIS2_PLACEMENT_3D('',#1869,#1870,#1871);
#1869=CARTESIAN_POINT('',(0.,76.7949192431123,0.));
#1870=DIRECTION('',(0.,1.,1.8947806286936E-16));
#1871=DIRECTION('',(1.,-5.16473164501528E-31,2.72576759905774E-15));
#1872=AXIS2_PLACEMENT_3D('',#1873,#1874,#1875);
#1873=CARTESIAN_POINT('',(0.,76.7949192431123,0.));
#1874=DIRECTION('',(0.,1.,1.8947806286936E-16));
#1875=DIRECTION('',(-1.,-8.53053817395826E-31,4.50212443845799E-15));
#1876=CARTESIAN_POINT('',(-7.97539724769606,213.457064408901,-87.959634937194));
#1877=AXIS2_PLACEMENT_3D('',#1878,#1879,#1880);
#1878=CARTESIAN_POINT('',(-7.105427357601E-15,214.,-87.6461709275206));
#1879=DIRECTION('',(0.,-0.500000000000003,0.866025403784437));
#1880=DIRECTION('',(-0.987717539329944,0.135316469341319,0.0781250000000011));
#1881=CARTESIAN_POINT('',(-7.90174031463955,212.91746824527,-88.2711709275204));
#1882=AXIS2_PLACEMENT_3D('',#1883,#1884,#1885);
#1883=CARTESIAN_POINT('',(-7.105427357601E-15,214.,-87.6461709275206));
#1884=DIRECTION('',(0.,-0.500000000000003,0.866025403784437));
#1885=DIRECTION('',(-0.996924655962007,-0.0678669488873291,-0.0391830012091783));
#1886=CARTESIAN_POINT('',(-7.90174031463955,212.91746824527,-88.2711709275204));
#1887=VECTOR('',#1888,1.);
#1888=DIRECTION('',(-1.,0.,0.));
#1889=CARTESIAN_POINT('',(-7.90174031463955,214.91746824527,-91.7352725426582));
#1890=CARTESIAN_POINT('',(-7.90174031463959,212.91746824527,-88.2711709275204));
#1891=VECTOR('',#1892,1.);
#1892=DIRECTION('',(-4.44089209850054E-16,0.500000000000005,-0.866025403784436));
#1893=CARTESIAN_POINT('',(-7.90174031463955,214.91746824527,-91.7352725426582));
#1894=VECTOR('',#1895,1.);
#1895=DIRECTION('',(-1.,-1.40713575950805E-14,7.03567879754025E-15));
#1896=CARTESIAN_POINT('',(-7.97539724769606,215.457064408901,-91.4237365523317));
#1897=AXIS2_PLACEMENT_3D('',#1898,#1899,#1900);
#1898=CARTESIAN_POINT('',(0.,216.,-91.1102725426583));
#1899=DIRECTION('',(0.,-0.500000000000008,0.866025403784434));
#1900=DIRECTION('',(-0.996924655962007,-0.0678669488873254,-0.0391830012091767));
#1901=AXIS2_PLACEMENT_3D('',#1902,#1903,#1904);
#1902=CARTESIAN_POINT('',(0.,216.,-91.1102725426583));
#1903=DIRECTION('',(0.,-0.500000000000008,0.866025403784434));
#1904=DIRECTION('',(-0.987717539329944,0.135316469341319,0.0781250000000019));
#1905=CARTESIAN_POINT('',(1.25,184.087151342733,-95.6787320870011));
#1906=CARTESIAN_POINT('',(1.25,184.087151342733,-95.6787320870011));
#1907=VECTOR('',#1908,1.);
#1908=DIRECTION('',(3.23122362248628E-17,0.718900237898638,0.695113262676869));
#1909=CARTESIAN_POINT('',(1.25,194.087151342733,-112.99924016269));
#1910=CARTESIAN_POINT('',(1.25,194.087151342733,-112.99924016269));
#1911=VECTOR('',#1912,1.);
#1912=DIRECTION('',(1.22124532708767E-16,-0.500000000000003,0.866025403784437));
#1913=CARTESIAN_POINT('',(1.25,213.907659418422,-107.329367181612));
#1914=VECTOR('',#1915,1.);
#1915=DIRECTION('',(2.15414908165752E-17,-0.961435862934972,-0.275029237468467));
#1916=CARTESIAN_POINT('',(1.25,193.859289747727,-103.604563885259));
#1917=CARTESIAN_POINT('',(1.25,192.109286666653,-100.573486470793));
#1918=CARTESIAN_POINT('',(1.25,193.859289747727,-103.604563885259));
#1919=VECTOR('',#1920,1.);
#1920=DIRECTION('',(1.26882936546029E-16,-0.500002082838798,0.866024201253558));
#1921=CARTESIAN_POINT('',(1.25,198.171456075438,-97.0734718909391));
#1922=AXIS2_PLACEMENT_3D('',#1923,#1924,#1925);
#1923=CARTESIAN_POINT('',(1.25,195.140371371046,-98.8234791808662));
#1924=DIRECTION('',(-1.,-6.1232339957368E-17,1.06057523872491E-16));
#1925=DIRECTION('',(-2.94534151352728E-22,-0.866024201255002,-0.500002082836298));
#1926=CARTESIAN_POINT('',(1.25,199.918387368395,-100.099239622402));
#1927=CARTESIAN_POINT('',(1.25,198.171456075438,-97.0734718909391));
#1928=VECTOR('',#1929,1.);
#1929=DIRECTION('',(-1.27105706699137E-16,0.500000746744316,-0.866024972650978));
#1930=AXIS2_PLACEMENT_3D('',#1931,#1932,#1933);
#1931=CARTESIAN_POINT('',(1.25,196.890378660973,-101.854563885259));
#1932=DIRECTION('',(-1.,-6.12323399573679E-17,1.06057523872491E-16));
#1933=DIRECTION('',(2.15224670044786E-19,0.86514534497782,0.50152121795913));
#1934=CARTESIAN_POINT('',(-1.25,194.087151342733,-112.99924016269));
#1935=CARTESIAN_POINT('',(1.25,194.087151342733,-112.99924016269));
#1936=VECTOR('',#1937,1.);
#1937=DIRECTION('',(-1.,0.,0.));
#1938=CARTESIAN_POINT('',(-1.25,213.907659418422,-107.329367181612));
#1939=VECTOR('',#1940,1.);
#1940=DIRECTION('',(2.15414908165752E-17,-0.961435862934972,-0.275029237468467));
#1941=CARTESIAN_POINT('',(-1.25,184.087151342733,-95.6787320870011));
#1942=CARTESIAN_POINT('',(-1.25,194.087151342733,-112.99924016269));
#1943=VECTOR('',#1944,1.);
#1944=DIRECTION('',(1.33226762955019E-16,-0.500000000000003,0.866025403784437));
#1945=CARTESIAN_POINT('',(-1.25,184.087151342733,-95.6787320870011));
#1946=VECTOR('',#1947,1.);
#1947=DIRECTION('',(3.23122362248628E-17,0.718900237898638,0.695113262676869));
#1948=CARTESIAN_POINT('',(-1.25,192.109286666653,-100.573486470793));
#1949=CARTESIAN_POINT('',(-1.25,193.859289747727,-103.604563885259));
#1950=CARTESIAN_POINT('',(-1.25,193.859289747727,-103.604563885259));
#1951=VECTOR('',#1952,1.);
#1952=DIRECTION('',(1.26882936546029E-16,-0.500002082838798,0.866024201253558));
#1953=CARTESIAN_POINT('',(-1.25,199.918387368395,-100.099239622402));
#1954=AXIS2_PLACEMENT_3D('',#1955,#1956,#1957);
#1955=CARTESIAN_POINT('',(-1.25,196.890378660973,-101.854563885259));
#1956=DIRECTION('',(-1.,-6.12323399573679E-17,1.06057523872491E-16));
#1957=DIRECTION('',(2.15224670044786E-19,0.86514534497782,0.50152121795913));
#1958=CARTESIAN_POINT('',(-1.25,198.171456075438,-97.0734718909391));
#1959=CARTESIAN_POINT('',(-1.25,198.171456075438,-97.0734718909391));
#1960=VECTOR('',#1961,1.);
#1961=DIRECTION('',(-1.27105706699137E-16,0.500000746744316,-0.866024972650978));
#1962=AXIS2_PLACEMENT_3D('',#1963,#1964,#1965);
#1963=CARTESIAN_POINT('',(-1.25,195.140371371046,-98.8234791808662));
#1964=DIRECTION('',(-1.,-6.1232339957368E-17,1.06057523872491E-16));
#1965=DIRECTION('',(-2.94534151352728E-22,-0.866024201255002,-0.500002082836298));
#1966=CARTESIAN_POINT('',(1.25,184.087151342733,-95.6787320870011));
#1967=VECTOR('',#1968,1.);
#1968=DIRECTION('',(-1.,0.,0.));
#1969=CARTESIAN_POINT('',(1.25,220.84309669305,-83.6952814517107));
#1970=CARTESIAN_POINT('',(1.25,222.84309669305,-87.1593830668484));
#1971=CARTESIAN_POINT('',(1.25,220.84309669305,-83.6952814517107));
#1972=VECTOR('',#1973,1.);
#1973=DIRECTION('',(0.,0.499999999999994,-0.866025403784442));
#1974=CARTESIAN_POINT('',(1.25,220.84309669305,-83.6952814517107));
#1975=VECTOR('',#1976,1.);
#1976=DIRECTION('',(0.,0.866025403784434,0.500000000000008));
#1977=CARTESIAN_POINT('',(1.25,222.84309669305,-87.1593830668484));
#1978=VECTOR('',#1979,1.);
#1979=DIRECTION('',(0.,0.866025403784437,0.500000000000003));
#1980=CARTESIAN_POINT('',(-1.25,220.84309669305,-83.6952814517107));
#1981=AXIS2_PLACEMENT_3D('',#1982,#1983,#1984);
#1982=CARTESIAN_POINT('',(0.,213.999988846465,-87.6461516090303));
#1983=DIRECTION('',(0.,-0.500000000000002,0.866025403784437));
#1984=DIRECTION('',(0.15625,0.855388480823186,0.493858769664975));
#1985=CARTESIAN_POINT('',(-1.25,220.84309669305,-83.6952814517107));
#1986=VECTOR('',#1987,1.);
#1987=DIRECTION('',(0.,0.866025403784444,0.49999999999999));
#1988=CARTESIAN_POINT('',(-1.25,222.84309669305,-87.1593830668484));
#1989=CARTESIAN_POINT('',(-1.25,220.84309669305,-83.6952814517107));
#1990=VECTOR('',#1991,1.);
#1991=DIRECTION('',(0.,0.499999999999994,-0.866025403784442));
#1992=CARTESIAN_POINT('',(-1.25,222.84309669305,-87.1593830668484));
#1993=VECTOR('',#1994,1.);
#1994=DIRECTION('',(0.,0.866025403784443,0.499999999999993));
#1995=AXIS2_PLACEMENT_3D('',#1996,#1997,#1998);
#1996=CARTESIAN_POINT('',(0.,215.999988846465,-91.110253224168));
#1997=DIRECTION('',(0.,-0.500000000000002,0.866025403784437));
#1998=DIRECTION('',(0.15625,0.855388480823186,0.493858769664975));
#1999=CARTESIAN_POINT('',(7.90174031463956,214.91746824527,-91.7352725426582));
#2000=CARTESIAN_POINT('',(9.92156741649221,214.91746824527,-91.7352725426582));
#2001=VECTOR('',#2002,1.);
#2002=DIRECTION('',(-1.,0.,7.03567879754032E-15));
#2003=CARTESIAN_POINT('',(7.90174031463956,212.91746824527,-88.2711709275204));
#2004=CARTESIAN_POINT('',(7.9017403146396,212.91746824527,-88.2711709275204));
#2005=VECTOR('',#2006,1.);
#2006=DIRECTION('',(0.,0.500000000000005,-0.866025403784436));
#2007=CARTESIAN_POINT('',(9.92156741649222,212.91746824527,-88.2711709275204));
#2008=VECTOR('',#2009,1.);
#2009=DIRECTION('',(-1.,0.,-7.03567879754029E-15));
#2010=CARTESIAN_POINT('',(7.90174031463955,215.082531754731,-87.0211709275204));
#2011=CARTESIAN_POINT('',(9.92156741649221,215.082531754731,-87.0211709275204));
#2012=VECTOR('',#2013,1.);
#2013=DIRECTION('',(-1.,0.,7.0356787975403E-15));
#2014=CARTESIAN_POINT('',(7.90174031463955,217.082531754731,-90.4852725426581));
#2015=CARTESIAN_POINT('',(7.90174031463952,215.082531754731,-87.0211709275204));
#2016=VECTOR('',#2017,1.);
#2017=DIRECTION('',(0.,0.5,-0.866025403784439));
#2018=CARTESIAN_POINT('',(9.92156741649221,217.082531754731,-90.4852725426581));
#2019=VECTOR('',#2020,1.);
#2020=DIRECTION('',(-1.,0.,0.));
#2021=CARTESIAN_POINT('',(-7.97539724769606,249.457064408901,-150.313464009673));
#2022=AXIS2_PLACEMENT_3D('',#2023,#2024,#2025);
#2023=CARTESIAN_POINT('',(0.,250.,-150.));
#2024=DIRECTION('',(0.,-0.5,0.866025403784439));
#2025=DIRECTION('',(1.,0.,0.));
#2026=CARTESIAN_POINT('',(8.,206.698729810778,-75.));
#2027=CARTESIAN_POINT('',(-8.,206.698729810778,-75.));
#2028=AXIS2_PLACEMENT_3D('',#2029,#2030,#2031);
#2029=CARTESIAN_POINT('',(0.,206.698729810778,-75.));
#2030=DIRECTION('',(0.,-0.5,0.866025403784439));
#2031=DIRECTION('',(1.,0.,0.));
#2032=CARTESIAN_POINT('',(-7.97539724769607,206.15579421968,-75.3134640096733));
#2033=AXIS2_PLACEMENT_3D('',#2034,#2035,#2036);
#2034=CARTESIAN_POINT('',(0.,206.698729810778,-75.));
#2035=DIRECTION('',(0.,-0.5,0.866025403784439));
#2036=DIRECTION('',(-1.,-1.03011610009614E-14,-5.94737807687074E-15));
#2037=AXIS2_PLACEMENT_3D('',#2038,#2039,#2040);
#2038=CARTESIAN_POINT('',(0.,206.698729810778,-75.));
#2039=DIRECTION('',(0.,-0.5,0.866025403784439));
#2040=DIRECTION('',(-0.996924655962008,-0.0678669488873216,-0.0391830012091737));
#2041=CARTESIAN_POINT('',(1.25,207.156880999879,-91.5970217663501));
#2042=CARTESIAN_POINT('',(1.25,209.156880999879,-95.0611233814879));
#2043=CARTESIAN_POINT('',(1.25,209.156880999879,-95.0611233814878));
#2044=VECTOR('',#2045,1.);
#2045=DIRECTION('',(1.11022302462519E-16,-0.500000000000001,0.866025403784438));
#2046=CARTESIAN_POINT('',(-1.25,207.156880999879,-91.5970217663502));
#2047=AXIS2_PLACEMENT_3D('',#2048,#2049,#2050);
#2048=CARTESIAN_POINT('',(0.,213.999988846464,-87.6461516090303));
#2049=DIRECTION('',(6.93889390390723E-18,-0.500000000000003,0.866025403784437));
#2050=DIRECTION('',(-0.15625,-0.855388480823185,-0.493858769664975));
#2051=CARTESIAN_POINT('',(-1.25,209.156880999879,-95.0611233814878));
#2052=CARTESIAN_POINT('',(-1.25,209.156880999879,-95.0611233814878));
#2053=VECTOR('',#2054,1.);
#2054=DIRECTION('',(5.55111512312627E-17,-0.500000000000001,0.866025403784438));
#2055=AXIS2_PLACEMENT_3D('',#2056,#2057,#2058);
#2056=CARTESIAN_POINT('',(0.,215.999988846464,-91.110253224168));
#2057=DIRECTION('',(6.93889390390723E-18,-0.500000000000003,0.866025403784437));
#2058=DIRECTION('',(-0.15625,-0.855388480823185,-0.493858769664975));
#2059=CARTESIAN_POINT('',(8.,216.,-91.1102725426581));
#2060=AXIS2_PLACEMENT_3D('',#2061,#2062,#2063);
#2061=CARTESIAN_POINT('',(0.,216.,-91.1102725426583));
#2062=DIRECTION('',(0.,-0.500000000000008,0.866025403784434));
#2063=DIRECTION('',(1.,0.,0.));
#2064=CARTESIAN_POINT('',(8.,214.,-87.6461709275204));
#2065=AXIS2_PLACEMENT_3D('',#2066,#2067,#2068);
#2066=CARTESIAN_POINT('',(-7.105427357601E-15,214.,-87.6461709275206));
#2067=DIRECTION('',(0.,-0.500000000000003,0.866025403784437));
#2068=DIRECTION('',(1.,0.,0.));
#2069=AXIS2_PLACEMENT_3D('',#2070,#2071,#2072);
#2070=CARTESIAN_POINT('',(-7.105427357601E-15,214.,-87.6461709275206));
#2071=DIRECTION('',(1.38777878078145E-17,-0.500000000000003,0.866025403784437));
#2072=DIRECTION('',(0.987717539329944,-0.135316469341319,-0.0781250000000007));
#2073=AXIS2_PLACEMENT_3D('',#2074,#2075,#2076);
#2074=CARTESIAN_POINT('',(0.,216.,-91.1102725426583));
#2075=DIRECTION('',(1.38777878078145E-17,-0.500000000000008,0.866025403784434));
#2076=DIRECTION('',(0.987717539329945,-0.135316469341316,-0.078125));
#2077=CARTESIAN_POINT('',(10.,1.51080114080864E-31,1.22464679914735E-15));
#2078=AXIS2_PLACEMENT_3D('',#2079,#2080,#2081);
#2079=CARTESIAN_POINT('',(0.,0.,0.));
#2080=DIRECTION('',(0.,1.,0.));
#2081=DIRECTION('',(1.,0.,0.));
#2082=CARTESIAN_POINT('',(1.25,192.109286666653,-100.573486470793));
#2083=VECTOR('',#2084,1.);
#2084=DIRECTION('',(-1.,0.,0.));
#2085=CARTESIAN_POINT('',(1.25,193.859289747727,-103.604563885259));
#2086=VECTOR('',#2087,1.);
#2087=DIRECTION('',(-1.,0.,0.));
#2088=CARTESIAN_POINT('',(1.25,198.171456075438,-97.0734718909391));
#2089=VECTOR('',#2090,1.);
#2090=DIRECTION('',(-1.,0.,0.));
#2091=CARTESIAN_POINT('',(1.25,199.918387368395,-100.099239622402));
#2092=VECTOR('',#2093,1.);
#2093=DIRECTION('',(-1.,0.,0.));
#2094=CARTESIAN_POINT('',(8.,76.7949192431123,2.77685644708588E-14));
#2095=CARTESIAN_POINT('',(-8.,76.7949192431123,8.04259164926702E-14));
#2096=AXIS2_PLACEMENT_3D('',#2097,#2098,#2099);
#2097=CARTESIAN_POINT('',(0.,76.7949192431123,0.));
#2098=DIRECTION('',(0.,-1.,-1.8947806286936E-16));
#2099=DIRECTION('',(1.,-6.84763490948677E-31,3.61394601875787E-15));
#2100=AXIS2_PLACEMENT_3D('',#2101,#2102,#2103);
#2101=CARTESIAN_POINT('',(0.,76.7949192431123,0.));
#2102=DIRECTION('',(0.,-1.,-1.8947806286936E-16));
#2103=DIRECTION('',(-1.,-1.1432257296498E-30,6.03355191802877E-15));
#2104=CARTESIAN_POINT('',(1.25,211.737786437344,-93.5710369324143));
#2105=CARTESIAN_POINT('',(1.25,211.737786437344,-93.5710369324143));
#2106=VECTOR('',#2107,1.);
#2107=DIRECTION('',(0.,-0.866025403784436,-0.500000000000004));
#2108=CARTESIAN_POINT('',(1.25,209.737786437344,-90.1069353172766));
#2109=CARTESIAN_POINT('',(1.25,209.737786437344,-90.1069353172766));
#2110=VECTOR('',#2111,1.);
#2111=DIRECTION('',(-1.11022302462516E-16,0.500000000000001,-0.866025403784439));
#2112=CARTESIAN_POINT('',(1.25,207.156880999879,-91.5970217663501));
#2113=VECTOR('',#2114,1.);
#2114=DIRECTION('',(0.,0.866025403784436,0.500000000000004));
#2115=CARTESIAN_POINT('',(-1.25,209.737786437344,-90.1069353172766));
#2116=CARTESIAN_POINT('',(1.25,209.737786437344,-90.1069353172766));
#2117=VECTOR('',#2118,1.);
#2118=DIRECTION('',(-1.,0.,0.));
#2119=CARTESIAN_POINT('',(-1.25,207.156880999879,-91.5970217663501));
#2120=VECTOR('',#2121,1.);
#2121=DIRECTION('',(0.,0.866025403784436,0.500000000000004));
#2122=CARTESIAN_POINT('',(-1.25,211.737786437344,-93.5710369324143));
#2123=CARTESIAN_POINT('',(-1.25,209.737786437344,-90.1069353172766));
#2124=VECTOR('',#2125,1.);
#2125=DIRECTION('',(-1.11022302462516E-16,0.500000000000001,-0.866025403784439));
#2126=CARTESIAN_POINT('',(-1.25,211.737786437344,-93.5710369324143));
#2127=VECTOR('',#2128,1.);
#2128=DIRECTION('',(0.,-0.866025403784436,-0.500000000000004));
#2129=CARTESIAN_POINT('',(1.25,211.737786437344,-93.5710369324143));
#2130=VECTOR('',#2131,1.);
#2131=DIRECTION('',(-1.,0.,0.));
#2132=CARTESIAN_POINT('',(8.,1.20864091264691E-31,-9.79717439317882E-16));
#2133=AXIS2_PLACEMENT_3D('',#2134,#2135,#2136);
#2134=CARTESIAN_POINT('',(0.,0.,0.));
#2135=DIRECTION('',(0.,-1.,0.));
#2136=DIRECTION('',(1.,0.,0.));
#2137=CARTESIAN_POINT('',(-18.3298925990712,255.429017100562,-143.401453900418));
#2138=VECTOR('',#2139,1.);
#2139=DIRECTION('',(0.648059567761218,-0.598531139531536,0.470934466400819));
#2140=CARTESIAN_POINT('',(-7.33041895215025,277.252368919612,-130.801735853069));
#2141=VECTOR('',#2142,1.);
#2142=DIRECTION('',(0.648059567761206,-0.598531139531552,0.470934466400816));
#2143=CARTESIAN_POINT('',(2.40194149292439E-15,281.408965181615,-128.40192388229));
#2144=CARTESIAN_POINT('',(-1.72773790197837E-12,281.295138328245,-128.371424069979));
#2145=CARTESIAN_POINT('',(-5.06760939547203E-12,281.067469010965,-128.310420262596));
#2146=CARTESIAN_POINT('',(-1.03645252886481E-11,280.725988451096,-128.21892082608));
#2147=CARTESIAN_POINT('',(-1.2838415792962E-11,280.384490694202,-128.127416781834));
#2148=CARTESIAN_POINT('',(-2.05594985737959E-11,280.15681820421,-128.066412124957));
#2149=CARTESIAN_POINT('',(-1.84767572849386E-11,280.042956956699,-128.035903097032));
#2150=CARTESIAN_POINT('',(-1.84764425981143E-11,280.042939759538,-128.035898489066));
#2151=CARTESIAN_POINT('',(7.33041895215026,277.252368919612,-130.801735853069));
#2152=VECTOR('',#2153,1.);
#2153=DIRECTION('',(-0.648059567761211,-0.598531139531539,0.470934466400826));
#2154=CARTESIAN_POINT('',(18.3298925990712,255.429017100562,-143.401453900418));
#2155=VECTOR('',#2156,1.);
#2156=DIRECTION('',(-0.648059567761213,-0.598531139531537,0.470934466400825));
#2157=CARTESIAN_POINT('',(18.3298925990712,241.570982899438,-151.402393676876));
#2158=VECTOR('',#2159,1.);
#2159=DIRECTION('',(-0.648059567761213,-0.108575641655037,0.753810404990769));
#2160=CARTESIAN_POINT('',(7.33041895215026,219.747631080388,-164.002111724224));
#2161=VECTOR('',#2162,1.);
#2162=DIRECTION('',(-0.648059567761217,-0.10857564165502,0.753810404990768));
#2163=CARTESIAN_POINT('',(-3.18104917407247E-16,215.591034818385,-166.401923695004));
#2164=CARTESIAN_POINT('',(6.1726010027761E-12,215.6215346328,-166.288096842202));
#2165=CARTESIAN_POINT('',(2.4115203281714E-11,215.713034076114,-165.946616283918));
#2166=CARTESIAN_POINT('',(4.51677987677681E-11,215.835037942134,-165.491291676147));
#2167=CARTESIAN_POINT('',(6.05091290535514E-11,215.926546601928,-165.149776724633));
#2168=CARTESIAN_POINT('',(6.46745250141575E-11,215.957055632497,-165.03591547782));
#2169=CARTESIAN_POINT('',(6.46751541211188E-11,215.957060240462,-165.035898280658));
#2170=CARTESIAN_POINT('',(-7.33041895215026,219.747631080388,-164.002111724224));
#2171=VECTOR('',#2172,1.);
#2172=DIRECTION('',(0.648059567761224,-0.108575641655019,0.753810404990762));
#2173=CARTESIAN_POINT('',(-18.3298925990712,241.570982899438,-151.402393676876));
#2174=VECTOR('',#2175,1.);
#2175=DIRECTION('',(0.648059567761216,-0.10857564165504,0.753810404990766));
ENDSEC;
END-ISO-10303-21;
