ISO-10303-21;
HEADER;
FILE_DESCRIPTION(('STEP AP242'),
    '1');
FILE_NAME('–“»”.014.03.00 —¡',
    '',
    ('UNSPECIFIED'),
    ('UNSPECIFIED'),
    'C3D Converter',
    'C3D Toolkit',
    '');
FILE_SCHEMA(('AP242_MANAGED_MODEL_BASED_3D_ENGINEERING_MIM_LF { 1 0 10303 442 1 1 4 }'));
ENDSEC;

DATA;
#1=PRODUCT_DEFINITION('','UNSPECIFIED',#15,#18);
#2=SHAPE_DEFINITION_REPRESENTATION(#13,#3);
#3=SHAPE_REPRESENTATION('NONE',(#4,#40,#111,#181,#251,#333,#403,#429,#499),#8);
#4=AXIS2_PLACEMENT_3D('',#5,#6,#7);
#5=CARTESIAN_POINT('',(0.,0.,0.));
#6=DIRECTION('',(0.,0.,1.));
#7=DIRECTION('',(1.,0.,0.));
#8=(GEOMETRIC_REPRESENTATION_CONTEXT(3)GLOBAL_UNCERTAINTY_ASSIGNED_CONTEXT((#10))
GLOBAL_UNIT_ASSIGNED_CONTEXT((#9,#11,#12))REPRESENTATION_CONTEXT('NONE','NONE'));
#9=(LENGTH_UNIT()NAMED_UNIT(*)SI_UNIT(.MILLI.,.METRE.));
#10=UNCERTAINTY_MEASURE_WITH_UNIT(LENGTH_MEASURE(1.E-5),#9,'NONE','NONE');
#11=(NAMED_UNIT(*)PLANE_ANGLE_UNIT()SI_UNIT($,.RADIAN.));
#12=(NAMED_UNIT(*)SI_UNIT($,.STERADIAN.)SOLID_ANGLE_UNIT());
#13=PRODUCT_DEFINITION_SHAPE('NONE','NONE',#1);
#14=MECHANICAL_CONTEXT('NONE',#19,'mechanical');
#15=PRODUCT_DEFINITION_FORMATION_WITH_SPECIFIED_SOURCE('ANY','UNSPECIFIED',#16,.NOT_KNOWN.);
#16=PRODUCT('','\X2\04210431043E0440043A0430\X0\','NONE',(#14));
#17=PRODUCT_RELATED_PRODUCT_CATEGORY('assembly','',(#16));
#18=DESIGN_CONTEXT('detailed design',#19,'design');
#19=APPLICATION_CONTEXT('configuration controlled 3d designs of mechanical parts and assemblies');
#20=APPLICATION_PROTOCOL_DEFINITION('international standard','config_control_design',
1994,#19);
#21=CC_DESIGN_DATE_AND_TIME_ASSIGNMENT(#22,#26,(#1));
#22=DATE_AND_TIME(#23,#24);
#23=CALENDAR_DATE(0,1,1);
#24=LOCAL_TIME(0,0,0.,#25);
#25=COORDINATED_UNIVERSAL_TIME_OFFSET(0,0,.AHEAD.);
#26=DATE_TIME_ROLE('creation_date');
#27=CC_DESIGN_APPROVAL(#28,(#1));
#28=APPROVAL(#29,'UNSPECIFIED');
#29=APPROVAL_STATUS('not_yet_approved');
#30=APPROVAL_DATE_TIME(#31,#28);
#31=DATE_AND_TIME(#32,#33);
#32=CALENDAR_DATE(0,1,1);
#33=LOCAL_TIME(0,0,0.,#34);
#34=COORDINATED_UNIVERSAL_TIME_OFFSET(0,0,.AHEAD.);
#35=PERSON('UNSPECIFIED','gnomy','UNSPECIFIED',('UNSPECIFIED'),('UNSPECIFIED'),(
'UNSPECIFIED'));
#36=ORGANIZATION('UNSPECIFIED','UNSPECIFIED','UNSPECIFIED');
#37=PERSON_AND_ORGANIZATION(#35,#36);
#38=PERSON_AND_ORGANIZATION_ROLE('creator');
#39=CC_DESIGN_PERSON_AND_ORGANIZATION_ASSIGNMENT(#37,#38,(#15,#1));
#40=AXIS2_PLACEMENT_3D('',#41,#42,#43);
#41=CARTESIAN_POINT('',(0.,0.,0.));
#42=DIRECTION('',(0.,0.,1.));
#43=DIRECTION('',(1.,0.,0.));
#44=PRODUCT_DEFINITION('','UNSPECIFIED',#64,#67);
#45=SHAPE_DEFINITION_REPRESENTATION(#62,#46);
#46=SHAPE_REPRESENTATION('NONE',(#4),#8);
#47=MANIFOLD_SOLID_BREP('',#48);
#48=CLOSED_SHELL('',(#569,#578,#587,#596,#605,#614,#623,#632,#641));
#49=COLOUR_RGB('',1.,1.,1.);
#50=FILL_AREA_STYLE_COLOUR('',#49);
#51=FILL_AREA_STYLE($,(#50));
#52=SURFACE_STYLE_FILL_AREA(#51);
#53=SURFACE_SIDE_STYLE('',(#52,#57));
#54=SURFACE_STYLE_USAGE(.BOTH.,#53);
#55=PRESENTATION_STYLE_ASSIGNMENT((#54));
#56=SURFACE_STYLE_TRANSPARENT(0.541000008583069);
#57=SURFACE_STYLE_RENDERING_WITH_PROPERTIES(.UNSPECIFIED.,$,(#56));
#58=MECHANICAL_DESIGN_GEOMETRIC_PRESENTATION_REPRESENTATION('NONE',(#59,#129,#199,
#269,#281,#351,#447,#517,#577,#586,#595,#604,#613,#622,#631,#640,#649,#658,#667,
#676,#685,#694,#703,#712,#721,#730,#739,#748,#757,#766,#775,#784,#793,#802,#811,
#820,#829,#838,#847,#856,#865,#874,#883,#892,#901,#910,#919,#928,#937,#946,#955,
#964,#973),#8);
#59=STYLED_ITEM('',(#55),#47);
#60=ADVANCED_BREP_SHAPE_REPRESENTATION('NONE',(#47),#8);
#61=SHAPE_REPRESENTATION_RELATIONSHIP('','',#46,#60);
#62=PRODUCT_DEFINITION_SHAPE('NONE','NONE',#44);
#63=MECHANICAL_CONTEXT('NONE',#68,'mechanical');
#64=PRODUCT_DEFINITION_FORMATION_WITH_SPECIFIED_SOURCE('ANY','UNSPECIFIED',#65,.NOT_KNOWN.);
#65=PRODUCT('','\X2\0414043504420430043B044C\X0\','NONE',(#63));
#66=PRODUCT_RELATED_PRODUCT_CATEGORY('detail','',(#65));
#67=DESIGN_CONTEXT('detailed design',#68,'design');
#68=APPLICATION_CONTEXT('configuration controlled 3d designs of mechanical parts and assemblies');
#69=APPLICATION_PROTOCOL_DEFINITION('international standard','config_control_design',
1994,#68);
#70=CC_DESIGN_DATE_AND_TIME_ASSIGNMENT(#71,#75,(#44));
#71=DATE_AND_TIME(#72,#73);
#72=CALENDAR_DATE(0,1,1);
#73=LOCAL_TIME(0,0,0.,#74);
#74=COORDINATED_UNIVERSAL_TIME_OFFSET(0,0,.AHEAD.);
#75=DATE_TIME_ROLE('creation_date');
#76=CC_DESIGN_APPROVAL(#77,(#44));
#77=APPROVAL(#78,'UNSPECIFIED');
#78=APPROVAL_STATUS('not_yet_approved');
#79=APPROVAL_DATE_TIME(#80,#77);
#80=DATE_AND_TIME(#81,#82);
#81=CALENDAR_DATE(0,1,1);
#82=LOCAL_TIME(0,0,0.,#83);
#83=COORDINATED_UNIVERSAL_TIME_OFFSET(0,0,.AHEAD.);
#84=PERSON('UNSPECIFIED','gnomy','UNSPECIFIED',('UNSPECIFIED'),('UNSPECIFIED'),(
'UNSPECIFIED'));
#85=ORGANIZATION('UNSPECIFIED','UNSPECIFIED','UNSPECIFIED');
#86=PERSON_AND_ORGANIZATION(#84,#85);
#87=PERSON_AND_ORGANIZATION_ROLE('creator');
#88=CC_DESIGN_PERSON_AND_ORGANIZATION_ASSIGNMENT(#86,#87,(#64,#44));
#89=ITEM_DEFINED_TRANSFORMATION('','',#4,#40);
#90=(REPRESENTATION_RELATIONSHIP('','',#46,#3)REPRESENTATION_RELATIONSHIP_WITH_TRANSFORMATION(
#89)SHAPE_REPRESENTATION_RELATIONSHIP());
#91=NEXT_ASSEMBLY_USAGE_OCCURRENCE('','\X2\0414043504420430043B044C\X0\','',#1,#44,
'');
#92=CC_DESIGN_SECURITY_CLASSIFICATION(#93,(#91));
#93=SECURITY_CLASSIFICATION('','',#94);
#94=SECURITY_CLASSIFICATION_LEVEL('unclassified');
#95=CC_DESIGN_DATE_AND_TIME_ASSIGNMENT(#96,#100,(#93));
#96=DATE_AND_TIME(#97,#98);
#97=CALENDAR_DATE(0,1,1);
#98=LOCAL_TIME(0,0,0.,#99);
#99=COORDINATED_UNIVERSAL_TIME_OFFSET(0,0,.AHEAD.);
#100=DATE_TIME_ROLE('classification_date');
#101=CC_DESIGN_APPROVAL(#102,(#93));
#102=APPROVAL(#103,'UNSPECIFIED');
#103=APPROVAL_STATUS('not_yet_approved');
#104=APPROVAL_DATE_TIME(#105,#102);
#105=DATE_AND_TIME(#106,#107);
#106=CALENDAR_DATE(0,1,1);
#107=LOCAL_TIME(0,0,0.,#108);
#108=COORDINATED_UNIVERSAL_TIME_OFFSET(0,0,.AHEAD.);
#109=PRODUCT_DEFINITION_SHAPE('NONE','NONE',#91);
#110=CONTEXT_DEPENDENT_SHAPE_REPRESENTATION(#90,#109);
#111=AXIS2_PLACEMENT_3D('',#112,#113,#114);
#112=CARTESIAN_POINT('',(0.,0.,16.5163185039397));
#113=DIRECTION('',(0.,0.,1.));
#114=DIRECTION('',(1.,0.,0.));
#115=PRODUCT_DEFINITION('','UNSPECIFIED',#134,#137);
#116=SHAPE_DEFINITION_REPRESENTATION(#132,#117);
#117=SHAPE_REPRESENTATION('NONE',(#4),#8);
#118=MANIFOLD_SOLID_BREP('',#119);
#119=CLOSED_SHELL('',(#650,#659,#668,#677,#686,#695,#704,#713));
#120=COLOUR_RGB('',1.,1.,1.);
#121=FILL_AREA_STYLE_COLOUR('',#120);
#122=FILL_AREA_STYLE($,(#121));
#123=SURFACE_STYLE_FILL_AREA(#122);
#124=SURFACE_SIDE_STYLE('',(#123,#128));
#125=SURFACE_STYLE_USAGE(.BOTH.,#124);
#126=PRESENTATION_STYLE_ASSIGNMENT((#125));
#127=SURFACE_STYLE_TRANSPARENT(0.541000008583069);
#128=SURFACE_STYLE_RENDERING_WITH_PROPERTIES(.UNSPECIFIED.,$,(#127));
#129=STYLED_ITEM('',(#126),#118);
#130=ADVANCED_BREP_SHAPE_REPRESENTATION('NONE',(#118),#8);
#131=SHAPE_REPRESENTATION_RELATIONSHIP('','',#117,#130);
#132=PRODUCT_DEFINITION_SHAPE('NONE','NONE',#115);
#133=MECHANICAL_CONTEXT('NONE',#138,'mechanical');
#134=PRODUCT_DEFINITION_FORMATION_WITH_SPECIFIED_SOURCE('ANY','UNSPECIFIED',#135,
.NOT_KNOWN.);
#135=PRODUCT('','\X2\0414043504420430043B044C\X0\','NONE',(#133));
#136=PRODUCT_RELATED_PRODUCT_CATEGORY('detail','',(#135));
#137=DESIGN_CONTEXT('detailed design',#138,'design');
#138=APPLICATION_CONTEXT('configuration controlled 3d designs of mechanical parts and assemblies');
#139=APPLICATION_PROTOCOL_DEFINITION('international standard','config_control_design',
1994,#138);
#140=CC_DESIGN_DATE_AND_TIME_ASSIGNMENT(#141,#145,(#115));
#141=DATE_AND_TIME(#142,#143);
#142=CALENDAR_DATE(0,1,1);
#143=LOCAL_TIME(0,0,0.,#144);
#144=COORDINATED_UNIVERSAL_TIME_OFFSET(0,0,.AHEAD.);
#145=DATE_TIME_ROLE('creation_date');
#146=CC_DESIGN_APPROVAL(#147,(#115));
#147=APPROVAL(#148,'UNSPECIFIED');
#148=APPROVAL_STATUS('not_yet_approved');
#149=APPROVAL_DATE_TIME(#150,#147);
#150=DATE_AND_TIME(#151,#152);
#151=CALENDAR_DATE(0,1,1);
#152=LOCAL_TIME(0,0,0.,#153);
#153=COORDINATED_UNIVERSAL_TIME_OFFSET(0,0,.AHEAD.);
#154=PERSON('UNSPECIFIED','gnomy','UNSPECIFIED',('UNSPECIFIED'),('UNSPECIFIED'),
('UNSPECIFIED'));
#155=ORGANIZATION('UNSPECIFIED','UNSPECIFIED','UNSPECIFIED');
#156=PERSON_AND_ORGANIZATION(#154,#155);
#157=PERSON_AND_ORGANIZATION_ROLE('creator');
#158=CC_DESIGN_PERSON_AND_ORGANIZATION_ASSIGNMENT(#156,#157,(#134,#115));
#159=ITEM_DEFINED_TRANSFORMATION('','',#4,#111);
#160=(REPRESENTATION_RELATIONSHIP('','',#117,#3)REPRESENTATION_RELATIONSHIP_WITH_TRANSFORMATION(
#159)SHAPE_REPRESENTATION_RELATIONSHIP());
#161=NEXT_ASSEMBLY_USAGE_OCCURRENCE('','\X2\0414043504420430043B044C\X0\','',#1,
#115,'');
#162=CC_DESIGN_SECURITY_CLASSIFICATION(#163,(#161));
#163=SECURITY_CLASSIFICATION('','',#164);
#164=SECURITY_CLASSIFICATION_LEVEL('unclassified');
#165=CC_DESIGN_DATE_AND_TIME_ASSIGNMENT(#166,#170,(#163));
#166=DATE_AND_TIME(#167,#168);
#167=CALENDAR_DATE(0,1,1);
#168=LOCAL_TIME(0,0,0.,#169);
#169=COORDINATED_UNIVERSAL_TIME_OFFSET(0,0,.AHEAD.);
#170=DATE_TIME_ROLE('classification_date');
#171=CC_DESIGN_APPROVAL(#172,(#163));
#172=APPROVAL(#173,'UNSPECIFIED');
#173=APPROVAL_STATUS('not_yet_approved');
#174=APPROVAL_DATE_TIME(#175,#172);
#175=DATE_AND_TIME(#176,#177);
#176=CALENDAR_DATE(0,1,1);
#177=LOCAL_TIME(0,0,0.,#178);
#178=COORDINATED_UNIVERSAL_TIME_OFFSET(0,0,.AHEAD.);
#179=PRODUCT_DEFINITION_SHAPE('NONE','NONE',#161);
#180=CONTEXT_DEPENDENT_SHAPE_REPRESENTATION(#160,#179);
#181=AXIS2_PLACEMENT_3D('',#182,#183,#184);
#182=CARTESIAN_POINT('',(0.,0.,-29.9836814960603));
#183=DIRECTION('',(1.49975978266186E-32,1.22464679914735E-16,-1.));
#184=DIRECTION('',(1.,0.,1.49975978266186E-32));
#185=PRODUCT_DEFINITION('','UNSPECIFIED',#204,#207);
#186=SHAPE_DEFINITION_REPRESENTATION(#202,#187);
#187=SHAPE_REPRESENTATION('NONE',(#4),#8);
#188=MANIFOLD_SOLID_BREP('',#189);
#189=CLOSED_SHELL('',(#722,#731,#740,#749,#758,#767,#776,#785));
#190=COLOUR_RGB('',1.,1.,1.);
#191=FILL_AREA_STYLE_COLOUR('',#190);
#192=FILL_AREA_STYLE($,(#191));
#193=SURFACE_STYLE_FILL_AREA(#192);
#194=SURFACE_SIDE_STYLE('',(#193,#198));
#195=SURFACE_STYLE_USAGE(.BOTH.,#194);
#196=PRESENTATION_STYLE_ASSIGNMENT((#195));
#197=SURFACE_STYLE_TRANSPARENT(0.541000008583069);
#198=SURFACE_STYLE_RENDERING_WITH_PROPERTIES(.UNSPECIFIED.,$,(#197));
#199=STYLED_ITEM('',(#196),#188);
#200=ADVANCED_BREP_SHAPE_REPRESENTATION('NONE',(#188),#8);
#201=SHAPE_REPRESENTATION_RELATIONSHIP('','',#187,#200);
#202=PRODUCT_DEFINITION_SHAPE('NONE','NONE',#185);
#203=MECHANICAL_CONTEXT('NONE',#208,'mechanical');
#204=PRODUCT_DEFINITION_FORMATION_WITH_SPECIFIED_SOURCE('ANY','UNSPECIFIED',#205,
.NOT_KNOWN.);
#205=PRODUCT('','\X2\0414043504420430043B044C\X0\','NONE',(#203));
#206=PRODUCT_RELATED_PRODUCT_CATEGORY('detail','',(#205));
#207=DESIGN_CONTEXT('detailed design',#208,'design');
#208=APPLICATION_CONTEXT('configuration controlled 3d designs of mechanical parts and assemblies');
#209=APPLICATION_PROTOCOL_DEFINITION('international standard','config_control_design',
1994,#208);
#210=CC_DESIGN_DATE_AND_TIME_ASSIGNMENT(#211,#215,(#185));
#211=DATE_AND_TIME(#212,#213);
#212=CALENDAR_DATE(0,1,1);
#213=LOCAL_TIME(0,0,0.,#214);
#214=COORDINATED_UNIVERSAL_TIME_OFFSET(0,0,.AHEAD.);
#215=DATE_TIME_ROLE('creation_date');
#216=CC_DESIGN_APPROVAL(#217,(#185));
#217=APPROVAL(#218,'UNSPECIFIED');
#218=APPROVAL_STATUS('not_yet_approved');
#219=APPROVAL_DATE_TIME(#220,#217);
#220=DATE_AND_TIME(#221,#222);
#221=CALENDAR_DATE(0,1,1);
#222=LOCAL_TIME(0,0,0.,#223);
#223=COORDINATED_UNIVERSAL_TIME_OFFSET(0,0,.AHEAD.);
#224=PERSON('UNSPECIFIED','gnomy','UNSPECIFIED',('UNSPECIFIED'),('UNSPECIFIED'),
('UNSPECIFIED'));
#225=ORGANIZATION('UNSPECIFIED','UNSPECIFIED','UNSPECIFIED');
#226=PERSON_AND_ORGANIZATION(#224,#225);
#227=PERSON_AND_ORGANIZATION_ROLE('creator');
#228=CC_DESIGN_PERSON_AND_ORGANIZATION_ASSIGNMENT(#226,#227,(#204,#185));
#229=ITEM_DEFINED_TRANSFORMATION('','',#4,#181);
#230=(REPRESENTATION_RELATIONSHIP('','',#187,#3)REPRESENTATION_RELATIONSHIP_WITH_TRANSFORMATION(
#229)SHAPE_REPRESENTATION_RELATIONSHIP());
#231=NEXT_ASSEMBLY_USAGE_OCCURRENCE('','\X2\0414043504420430043B044C\X0\','',#1,
#185,'');
#232=CC_DESIGN_SECURITY_CLASSIFICATION(#233,(#231));
#233=SECURITY_CLASSIFICATION('','',#234);
#234=SECURITY_CLASSIFICATION_LEVEL('unclassified');
#235=CC_DESIGN_DATE_AND_TIME_ASSIGNMENT(#236,#240,(#233));
#236=DATE_AND_TIME(#237,#238);
#237=CALENDAR_DATE(0,1,1);
#238=LOCAL_TIME(0,0,0.,#239);
#239=COORDINATED_UNIVERSAL_TIME_OFFSET(0,0,.AHEAD.);
#240=DATE_TIME_ROLE('classification_date');
#241=CC_DESIGN_APPROVAL(#242,(#233));
#242=APPROVAL(#243,'UNSPECIFIED');
#243=APPROVAL_STATUS('not_yet_approved');
#244=APPROVAL_DATE_TIME(#245,#242);
#245=DATE_AND_TIME(#246,#247);
#246=CALENDAR_DATE(0,1,1);
#247=LOCAL_TIME(0,0,0.,#248);
#248=COORDINATED_UNIVERSAL_TIME_OFFSET(0,0,.AHEAD.);
#249=PRODUCT_DEFINITION_SHAPE('NONE','NONE',#231);
#250=CONTEXT_DEPENDENT_SHAPE_REPRESENTATION(#230,#249);
#251=AXIS2_PLACEMENT_3D('',#252,#253,#254);
#252=CARTESIAN_POINT('',(2.73691106313441E-48,0.,-17.9836814960603));
#253=DIRECTION('',(0.,-1.,6.12323399573677E-17));
#254=DIRECTION('',(1.,0.,0.));
#255=PRODUCT_DEFINITION('','UNSPECIFIED',#286,#289);
#256=SHAPE_DEFINITION_REPRESENTATION(#284,#257);
#257=SHAPE_REPRESENTATION('NONE',(#4),#8);
#258=MANIFOLD_SOLID_BREP('',#259);
#259=CLOSED_SHELL('',(#794,#803,#812,#821));
#260=COLOUR_RGB('',1.,1.,1.);
#261=FILL_AREA_STYLE_COLOUR('',#260);
#262=FILL_AREA_STYLE($,(#261));
#263=SURFACE_STYLE_FILL_AREA(#262);
#264=SURFACE_SIDE_STYLE('',(#263,#268));
#265=SURFACE_STYLE_USAGE(.BOTH.,#264);
#266=PRESENTATION_STYLE_ASSIGNMENT((#265));
#267=SURFACE_STYLE_TRANSPARENT(0.541000008583069);
#268=SURFACE_STYLE_RENDERING_WITH_PROPERTIES(.UNSPECIFIED.,$,(#267));
#269=STYLED_ITEM('',(#266),#258);
#270=MANIFOLD_SOLID_BREP('',#271);
#271=CLOSED_SHELL('',(#830,#839,#848,#857));
#272=COLOUR_RGB('',1.,1.,1.);
#273=FILL_AREA_STYLE_COLOUR('',#272);
#274=FILL_AREA_STYLE($,(#273));
#275=SURFACE_STYLE_FILL_AREA(#274);
#276=SURFACE_SIDE_STYLE('',(#275,#280));
#277=SURFACE_STYLE_USAGE(.BOTH.,#276);
#278=PRESENTATION_STYLE_ASSIGNMENT((#277));
#279=SURFACE_STYLE_TRANSPARENT(0.541000008583069);
#280=SURFACE_STYLE_RENDERING_WITH_PROPERTIES(.UNSPECIFIED.,$,(#279));
#281=STYLED_ITEM('',(#278),#270);
#282=ADVANCED_BREP_SHAPE_REPRESENTATION('NONE',(#258,#270),#8);
#283=SHAPE_REPRESENTATION_RELATIONSHIP('','',#257,#282);
#284=PRODUCT_DEFINITION_SHAPE('NONE','NONE',#255);
#285=MECHANICAL_CONTEXT('NONE',#290,'mechanical');
#286=PRODUCT_DEFINITION_FORMATION_WITH_SPECIFIED_SOURCE('ANY','UNSPECIFIED',#287,
.NOT_KNOWN.);
#287=PRODUCT('','\X2\041F043E043404480438043F043D0438043A\X0\','NONE',(#285));
#288=PRODUCT_RELATED_PRODUCT_CATEGORY('detail','',(#287));
#289=DESIGN_CONTEXT('detailed design',#290,'design');
#290=APPLICATION_CONTEXT('configuration controlled 3d designs of mechanical parts and assemblies');
#291=APPLICATION_PROTOCOL_DEFINITION('international standard','config_control_design',
1994,#290);
#292=CC_DESIGN_DATE_AND_TIME_ASSIGNMENT(#293,#297,(#255));
#293=DATE_AND_TIME(#294,#295);
#294=CALENDAR_DATE(0,1,1);
#295=LOCAL_TIME(0,0,0.,#296);
#296=COORDINATED_UNIVERSAL_TIME_OFFSET(0,0,.AHEAD.);
#297=DATE_TIME_ROLE('creation_date');
#298=CC_DESIGN_APPROVAL(#299,(#255));
#299=APPROVAL(#300,'UNSPECIFIED');
#300=APPROVAL_STATUS('not_yet_approved');
#301=APPROVAL_DATE_TIME(#302,#299);
#302=DATE_AND_TIME(#303,#304);
#303=CALENDAR_DATE(0,1,1);
#304=LOCAL_TIME(0,0,0.,#305);
#305=COORDINATED_UNIVERSAL_TIME_OFFSET(0,0,.AHEAD.);
#306=PERSON('UNSPECIFIED','gnomy','UNSPECIFIED',('UNSPECIFIED'),('UNSPECIFIED'),
('UNSPECIFIED'));
#307=ORGANIZATION('UNSPECIFIED','UNSPECIFIED','UNSPECIFIED');
#308=PERSON_AND_ORGANIZATION(#306,#307);
#309=PERSON_AND_ORGANIZATION_ROLE('creator');
#310=CC_DESIGN_PERSON_AND_ORGANIZATION_ASSIGNMENT(#308,#309,(#286,#255));
#311=ITEM_DEFINED_TRANSFORMATION('','',#4,#251);
#312=(REPRESENTATION_RELATIONSHIP('','',#257,#3)REPRESENTATION_RELATIONSHIP_WITH_TRANSFORMATION(
#311)SHAPE_REPRESENTATION_RELATIONSHIP());
#313=NEXT_ASSEMBLY_USAGE_OCCURRENCE('','\X2\041F043E043404480438043F043D0438043A\X0\',
'',#1,#255,'');
#314=CC_DESIGN_SECURITY_CLASSIFICATION(#315,(#313));
#315=SECURITY_CLASSIFICATION('','',#316);
#316=SECURITY_CLASSIFICATION_LEVEL('unclassified');
#317=CC_DESIGN_DATE_AND_TIME_ASSIGNMENT(#318,#322,(#315));
#318=DATE_AND_TIME(#319,#320);
#319=CALENDAR_DATE(0,1,1);
#320=LOCAL_TIME(0,0,0.,#321);
#321=COORDINATED_UNIVERSAL_TIME_OFFSET(0,0,.AHEAD.);
#322=DATE_TIME_ROLE('classification_date');
#323=CC_DESIGN_APPROVAL(#324,(#315));
#324=APPROVAL(#325,'UNSPECIFIED');
#325=APPROVAL_STATUS('not_yet_approved');
#326=APPROVAL_DATE_TIME(#327,#324);
#327=DATE_AND_TIME(#328,#329);
#328=CALENDAR_DATE(0,1,1);
#329=LOCAL_TIME(0,0,0.,#330);
#330=COORDINATED_UNIVERSAL_TIME_OFFSET(0,0,.AHEAD.);
#331=PRODUCT_DEFINITION_SHAPE('NONE','NONE',#313);
#332=CONTEXT_DEPENDENT_SHAPE_REPRESENTATION(#312,#331);
#333=AXIS2_PLACEMENT_3D('',#334,#335,#336);
#334=CARTESIAN_POINT('',(2.95436438174332E-32,2.41242159274026E-16,-19.9836814960603));
#335=DIRECTION('',(0.,0.,1.));
#336=DIRECTION('',(1.,0.,0.));
#337=PRODUCT_DEFINITION('','UNSPECIFIED',#356,#359);
#338=SHAPE_DEFINITION_REPRESENTATION(#354,#339);
#339=SHAPE_REPRESENTATION('NONE',(#4),#8);
#340=MANIFOLD_SOLID_BREP('',#341);
#341=CLOSED_SHELL('',(#866,#875,#884,#893));
#342=COLOUR_RGB('',1.,1.,1.);
#343=FILL_AREA_STYLE_COLOUR('',#342);
#344=FILL_AREA_STYLE($,(#343));
#345=SURFACE_STYLE_FILL_AREA(#344);
#346=SURFACE_SIDE_STYLE('',(#345,#350));
#347=SURFACE_STYLE_USAGE(.BOTH.,#346);
#348=PRESENTATION_STYLE_ASSIGNMENT((#347));
#349=SURFACE_STYLE_TRANSPARENT(0.541000008583069);
#350=SURFACE_STYLE_RENDERING_WITH_PROPERTIES(.UNSPECIFIED.,$,(#349));
#351=STYLED_ITEM('',(#348),#340);
#352=ADVANCED_BREP_SHAPE_REPRESENTATION('NONE',(#340),#8);
#353=SHAPE_REPRESENTATION_RELATIONSHIP('','',#339,#352);
#354=PRODUCT_DEFINITION_SHAPE('NONE','NONE',#337);
#355=MECHANICAL_CONTEXT('NONE',#360,'mechanical');
#356=PRODUCT_DEFINITION_FORMATION_WITH_SPECIFIED_SOURCE('ANY','UNSPECIFIED',#357,
.NOT_KNOWN.);
#357=PRODUCT('','\X2\041204420443043B043A0430\X0\ 1','NONE',(#355));
#358=PRODUCT_RELATED_PRODUCT_CATEGORY('detail','',(#357));
#359=DESIGN_CONTEXT('detailed design',#360,'design');
#360=APPLICATION_CONTEXT('configuration controlled 3d designs of mechanical parts and assemblies');
#361=APPLICATION_PROTOCOL_DEFINITION('international standard','config_control_design',
1994,#360);
#362=CC_DESIGN_DATE_AND_TIME_ASSIGNMENT(#363,#367,(#337));
#363=DATE_AND_TIME(#364,#365);
#364=CALENDAR_DATE(0,1,1);
#365=LOCAL_TIME(0,0,0.,#366);
#366=COORDINATED_UNIVERSAL_TIME_OFFSET(0,0,.AHEAD.);
#367=DATE_TIME_ROLE('creation_date');
#368=CC_DESIGN_APPROVAL(#369,(#337));
#369=APPROVAL(#370,'UNSPECIFIED');
#370=APPROVAL_STATUS('not_yet_approved');
#371=APPROVAL_DATE_TIME(#372,#369);
#372=DATE_AND_TIME(#373,#374);
#373=CALENDAR_DATE(0,1,1);
#374=LOCAL_TIME(0,0,0.,#375);
#375=COORDINATED_UNIVERSAL_TIME_OFFSET(0,0,.AHEAD.);
#376=PERSON('UNSPECIFIED','gnomy','UNSPECIFIED',('UNSPECIFIED'),('UNSPECIFIED'),
('UNSPECIFIED'));
#377=ORGANIZATION('UNSPECIFIED','UNSPECIFIED','UNSPECIFIED');
#378=PERSON_AND_ORGANIZATION(#376,#377);
#379=PERSON_AND_ORGANIZATION_ROLE('creator');
#380=CC_DESIGN_PERSON_AND_ORGANIZATION_ASSIGNMENT(#378,#379,(#356,#337));
#381=ITEM_DEFINED_TRANSFORMATION('','',#4,#333);
#382=(REPRESENTATION_RELATIONSHIP('','',#339,#3)REPRESENTATION_RELATIONSHIP_WITH_TRANSFORMATION(
#381)SHAPE_REPRESENTATION_RELATIONSHIP());
#383=NEXT_ASSEMBLY_USAGE_OCCURRENCE('','\X2\041204420443043B043A0430\X0\ 1','',#1,
#337,'');
#384=CC_DESIGN_SECURITY_CLASSIFICATION(#385,(#383));
#385=SECURITY_CLASSIFICATION('','',#386);
#386=SECURITY_CLASSIFICATION_LEVEL('unclassified');
#387=CC_DESIGN_DATE_AND_TIME_ASSIGNMENT(#388,#392,(#385));
#388=DATE_AND_TIME(#389,#390);
#389=CALENDAR_DATE(0,1,1);
#390=LOCAL_TIME(0,0,0.,#391);
#391=COORDINATED_UNIVERSAL_TIME_OFFSET(0,0,.AHEAD.);
#392=DATE_TIME_ROLE('classification_date');
#393=CC_DESIGN_APPROVAL(#394,(#385));
#394=APPROVAL(#395,'UNSPECIFIED');
#395=APPROVAL_STATUS('not_yet_approved');
#396=APPROVAL_DATE_TIME(#397,#394);
#397=DATE_AND_TIME(#398,#399);
#398=CALENDAR_DATE(0,1,1);
#399=LOCAL_TIME(0,0,0.,#400);
#400=COORDINATED_UNIVERSAL_TIME_OFFSET(0,0,.AHEAD.);
#401=PRODUCT_DEFINITION_SHAPE('NONE','NONE',#383);
#402=CONTEXT_DEPENDENT_SHAPE_REPRESENTATION(#382,#401);
#403=AXIS2_PLACEMENT_3D('',#404,#405,#406);
#404=CARTESIAN_POINT('',(0.,0.,24.5163185039397));
#405=DIRECTION('',(0.,-1.,6.12323399573677E-17));
#406=DIRECTION('',(1.,0.,0.));
#407=ITEM_DEFINED_TRANSFORMATION('','',#4,#403);
#408=(REPRESENTATION_RELATIONSHIP('','',#257,#3)REPRESENTATION_RELATIONSHIP_WITH_TRANSFORMATION(
#407)SHAPE_REPRESENTATION_RELATIONSHIP());
#409=NEXT_ASSEMBLY_USAGE_OCCURRENCE('','\X2\041F043E043404480438043F043D0438043A\X0\',
'',#1,#255,'');
#410=CC_DESIGN_SECURITY_CLASSIFICATION(#411,(#409));
#411=SECURITY_CLASSIFICATION('','',#412);
#412=SECURITY_CLASSIFICATION_LEVEL('unclassified');
#413=CC_DESIGN_DATE_AND_TIME_ASSIGNMENT(#414,#418,(#411));
#414=DATE_AND_TIME(#415,#416);
#415=CALENDAR_DATE(0,1,1);
#416=LOCAL_TIME(0,0,0.,#417);
#417=COORDINATED_UNIVERSAL_TIME_OFFSET(0,0,.AHEAD.);
#418=DATE_TIME_ROLE('classification_date');
#419=CC_DESIGN_APPROVAL(#420,(#411));
#420=APPROVAL(#421,'UNSPECIFIED');
#421=APPROVAL_STATUS('not_yet_approved');
#422=APPROVAL_DATE_TIME(#423,#420);
#423=DATE_AND_TIME(#424,#425);
#424=CALENDAR_DATE(0,1,1);
#425=LOCAL_TIME(0,0,0.,#426);
#426=COORDINATED_UNIVERSAL_TIME_OFFSET(0,0,.AHEAD.);
#427=PRODUCT_DEFINITION_SHAPE('NONE','NONE',#409);
#428=CONTEXT_DEPENDENT_SHAPE_REPRESENTATION(#408,#427);
#429=AXIS2_PLACEMENT_3D('',#430,#431,#432);
#430=CARTESIAN_POINT('',(1.3684555315672E-48,0.,18.8913185039397));
#431=DIRECTION('',(0.,0.,1.));
#432=DIRECTION('',(1.,0.,0.));
#433=PRODUCT_DEFINITION('','UNSPECIFIED',#452,#455);
#434=SHAPE_DEFINITION_REPRESENTATION(#450,#435);
#435=SHAPE_REPRESENTATION('NONE',(#4),#8);
#436=MANIFOLD_SOLID_BREP('',#437);
#437=CLOSED_SHELL('',(#902,#911,#920,#929));
#438=COLOUR_RGB('',1.,1.,1.);
#439=FILL_AREA_STYLE_COLOUR('',#438);
#440=FILL_AREA_STYLE($,(#439));
#441=SURFACE_STYLE_FILL_AREA(#440);
#442=SURFACE_SIDE_STYLE('',(#441,#446));
#443=SURFACE_STYLE_USAGE(.BOTH.,#442);
#444=PRESENTATION_STYLE_ASSIGNMENT((#443));
#445=SURFACE_STYLE_TRANSPARENT(0.541000008583069);
#446=SURFACE_STYLE_RENDERING_WITH_PROPERTIES(.UNSPECIFIED.,$,(#445));
#447=STYLED_ITEM('',(#444),#436);
#448=ADVANCED_BREP_SHAPE_REPRESENTATION('NONE',(#436),#8);
#449=SHAPE_REPRESENTATION_RELATIONSHIP('','',#435,#448);
#450=PRODUCT_DEFINITION_SHAPE('NONE','NONE',#433);
#451=MECHANICAL_CONTEXT('NONE',#456,'mechanical');
#452=PRODUCT_DEFINITION_FORMATION_WITH_SPECIFIED_SOURCE('ANY','UNSPECIFIED',#453,
.NOT_KNOWN.);
#453=PRODUCT('','\X2\041204420443043B043A0430\X0\ 3','NONE',(#451));
#454=PRODUCT_RELATED_PRODUCT_CATEGORY('detail','',(#453));
#455=DESIGN_CONTEXT('detailed design',#456,'design');
#456=APPLICATION_CONTEXT('configuration controlled 3d designs of mechanical parts and assemblies');
#457=APPLICATION_PROTOCOL_DEFINITION('international standard','config_control_design',
1994,#456);
#458=CC_DESIGN_DATE_AND_TIME_ASSIGNMENT(#459,#463,(#433));
#459=DATE_AND_TIME(#460,#461);
#460=CALENDAR_DATE(0,1,1);
#461=LOCAL_TIME(0,0,0.,#462);
#462=COORDINATED_UNIVERSAL_TIME_OFFSET(0,0,.AHEAD.);
#463=DATE_TIME_ROLE('creation_date');
#464=CC_DESIGN_APPROVAL(#465,(#433));
#465=APPROVAL(#466,'UNSPECIFIED');
#466=APPROVAL_STATUS('not_yet_approved');
#467=APPROVAL_DATE_TIME(#468,#465);
#468=DATE_AND_TIME(#469,#470);
#469=CALENDAR_DATE(0,1,1);
#470=LOCAL_TIME(0,0,0.,#471);
#471=COORDINATED_UNIVERSAL_TIME_OFFSET(0,0,.AHEAD.);
#472=PERSON('UNSPECIFIED','gnomy','UNSPECIFIED',('UNSPECIFIED'),('UNSPECIFIED'),
('UNSPECIFIED'));
#473=ORGANIZATION('UNSPECIFIED','UNSPECIFIED','UNSPECIFIED');
#474=PERSON_AND_ORGANIZATION(#472,#473);
#475=PERSON_AND_ORGANIZATION_ROLE('creator');
#476=CC_DESIGN_PERSON_AND_ORGANIZATION_ASSIGNMENT(#474,#475,(#452,#433));
#477=ITEM_DEFINED_TRANSFORMATION('','',#4,#429);
#478=(REPRESENTATION_RELATIONSHIP('','',#435,#3)REPRESENTATION_RELATIONSHIP_WITH_TRANSFORMATION(
#477)SHAPE_REPRESENTATION_RELATIONSHIP());
#479=NEXT_ASSEMBLY_USAGE_OCCURRENCE('','\X2\041204420443043B043A0430\X0\ 3','',#1,
#433,'');
#480=CC_DESIGN_SECURITY_CLASSIFICATION(#481,(#479));
#481=SECURITY_CLASSIFICATION('','',#482);
#482=SECURITY_CLASSIFICATION_LEVEL('unclassified');
#483=CC_DESIGN_DATE_AND_TIME_ASSIGNMENT(#484,#488,(#481));
#484=DATE_AND_TIME(#485,#486);
#485=CALENDAR_DATE(0,1,1);
#486=LOCAL_TIME(0,0,0.,#487);
#487=COORDINATED_UNIVERSAL_TIME_OFFSET(0,0,.AHEAD.);
#488=DATE_TIME_ROLE('classification_date');
#489=CC_DESIGN_APPROVAL(#490,(#481));
#490=APPROVAL(#491,'UNSPECIFIED');
#491=APPROVAL_STATUS('not_yet_approved');
#492=APPROVAL_DATE_TIME(#493,#490);
#493=DATE_AND_TIME(#494,#495);
#494=CALENDAR_DATE(0,1,1);
#495=LOCAL_TIME(0,0,0.,#496);
#496=COORDINATED_UNIVERSAL_TIME_OFFSET(0,0,.AHEAD.);
#497=PRODUCT_DEFINITION_SHAPE('NONE','NONE',#479);
#498=CONTEXT_DEPENDENT_SHAPE_REPRESENTATION(#478,#497);
#499=AXIS2_PLACEMENT_3D('',#500,#501,#502);
#500=CARTESIAN_POINT('',(0.,0.,-15.4836814960603));
#501=DIRECTION('',(0.,0.,1.));
#502=DIRECTION('',(1.,0.,0.));
#503=PRODUCT_DEFINITION('','UNSPECIFIED',#522,#525);
#504=SHAPE_DEFINITION_REPRESENTATION(#520,#505);
#505=SHAPE_REPRESENTATION('NONE',(#4),#8);
#506=MANIFOLD_SOLID_BREP('',#507);
#507=CLOSED_SHELL('',(#938,#947,#956,#965));
#508=COLOUR_RGB('',1.,1.,1.);
#509=FILL_AREA_STYLE_COLOUR('',#508);
#510=FILL_AREA_STYLE($,(#509));
#511=SURFACE_STYLE_FILL_AREA(#510);
#512=SURFACE_SIDE_STYLE('',(#511,#516));
#513=SURFACE_STYLE_USAGE(.BOTH.,#512);
#514=PRESENTATION_STYLE_ASSIGNMENT((#513));
#515=SURFACE_STYLE_TRANSPARENT(0.541000008583069);
#516=SURFACE_STYLE_RENDERING_WITH_PROPERTIES(.UNSPECIFIED.,$,(#515));
#517=STYLED_ITEM('',(#514),#506);
#518=ADVANCED_BREP_SHAPE_REPRESENTATION('NONE',(#506),#8);
#519=SHAPE_REPRESENTATION_RELATIONSHIP('','',#505,#518);
#520=PRODUCT_DEFINITION_SHAPE('NONE','NONE',#503);
#521=MECHANICAL_CONTEXT('NONE',#526,'mechanical');
#522=PRODUCT_DEFINITION_FORMATION_WITH_SPECIFIED_SOURCE('ANY','UNSPECIFIED',#523,
.NOT_KNOWN.);
#523=PRODUCT('','\X2\041204420443043B043A0430\X0\ 2','NONE',(#521));
#524=PRODUCT_RELATED_PRODUCT_CATEGORY('detail','',(#523));
#525=DESIGN_CONTEXT('detailed design',#526,'design');
#526=APPLICATION_CONTEXT('configuration controlled 3d designs of mechanical parts and assemblies');
#527=APPLICATION_PROTOCOL_DEFINITION('international standard','config_control_design',
1994,#526);
#528=CC_DESIGN_DATE_AND_TIME_ASSIGNMENT(#529,#533,(#503));
#529=DATE_AND_TIME(#530,#531);
#530=CALENDAR_DATE(0,1,1);
#531=LOCAL_TIME(0,0,0.,#532);
#532=COORDINATED_UNIVERSAL_TIME_OFFSET(0,0,.AHEAD.);
#533=DATE_TIME_ROLE('creation_date');
#534=CC_DESIGN_APPROVAL(#535,(#503));
#535=APPROVAL(#536,'UNSPECIFIED');
#536=APPROVAL_STATUS('not_yet_approved');
#537=APPROVAL_DATE_TIME(#538,#535);
#538=DATE_AND_TIME(#539,#540);
#539=CALENDAR_DATE(0,1,1);
#540=LOCAL_TIME(0,0,0.,#541);
#541=COORDINATED_UNIVERSAL_TIME_OFFSET(0,0,.AHEAD.);
#542=PERSON('UNSPECIFIED','gnomy','UNSPECIFIED',('UNSPECIFIED'),('UNSPECIFIED'),
('UNSPECIFIED'));
#543=ORGANIZATION('UNSPECIFIED','UNSPECIFIED','UNSPECIFIED');
#544=PERSON_AND_ORGANIZATION(#542,#543);
#545=PERSON_AND_ORGANIZATION_ROLE('creator');
#546=CC_DESIGN_PERSON_AND_ORGANIZATION_ASSIGNMENT(#544,#545,(#522,#503));
#547=ITEM_DEFINED_TRANSFORMATION('','',#4,#499);
#548=(REPRESENTATION_RELATIONSHIP('','',#505,#3)REPRESENTATION_RELATIONSHIP_WITH_TRANSFORMATION(
#547)SHAPE_REPRESENTATION_RELATIONSHIP());
#549=NEXT_ASSEMBLY_USAGE_OCCURRENCE('','\X2\041204420443043B043A0430\X0\ 2','',#1,
#503,'');
#550=CC_DESIGN_SECURITY_CLASSIFICATION(#551,(#549));
#551=SECURITY_CLASSIFICATION('','',#552);
#552=SECURITY_CLASSIFICATION_LEVEL('unclassified');
#553=CC_DESIGN_DATE_AND_TIME_ASSIGNMENT(#554,#558,(#551));
#554=DATE_AND_TIME(#555,#556);
#555=CALENDAR_DATE(0,1,1);
#556=LOCAL_TIME(0,0,0.,#557);
#557=COORDINATED_UNIVERSAL_TIME_OFFSET(0,0,.AHEAD.);
#558=DATE_TIME_ROLE('classification_date');
#559=CC_DESIGN_APPROVAL(#560,(#551));
#560=APPROVAL(#561,'UNSPECIFIED');
#561=APPROVAL_STATUS('not_yet_approved');
#562=APPROVAL_DATE_TIME(#563,#560);
#563=DATE_AND_TIME(#564,#565);
#564=CALENDAR_DATE(0,1,1);
#565=LOCAL_TIME(0,0,0.,#566);
#566=COORDINATED_UNIVERSAL_TIME_OFFSET(0,0,.AHEAD.);
#567=PRODUCT_DEFINITION_SHAPE('NONE','NONE',#549);
#568=CONTEXT_DEPENDENT_SHAPE_REPRESENTATION(#548,#567);
#569=ADVANCED_FACE('',(#974),#976,.T.);
#570=COLOUR_RGB('',0.564705882352941,0.564705882352941,0.564705882352941);
#571=FILL_AREA_STYLE_COLOUR('',#570);
#572=FILL_AREA_STYLE($,(#571));
#573=SURFACE_STYLE_FILL_AREA(#572);
#574=SURFACE_SIDE_STYLE('',(#573));
#575=SURFACE_STYLE_USAGE(.BOTH.,#574);
#576=PRESENTATION_STYLE_ASSIGNMENT((#575));
#577=STYLED_ITEM('',(#576),#569);
#578=ADVANCED_FACE('',(#981,#983),#985,.T.);
#579=COLOUR_RGB('',0.564705882352941,0.564705882352941,0.564705882352941);
#580=FILL_AREA_STYLE_COLOUR('',#579);
#581=FILL_AREA_STYLE($,(#580));
#582=SURFACE_STYLE_FILL_AREA(#581);
#583=SURFACE_SIDE_STYLE('',(#582));
#584=SURFACE_STYLE_USAGE(.BOTH.,#583);
#585=PRESENTATION_STYLE_ASSIGNMENT((#584));
#586=STYLED_ITEM('',(#585),#578);
#587=ADVANCED_FACE('',(#990,#992),#994,.T.);
#588=COLOUR_RGB('',0.564705882352941,0.564705882352941,0.564705882352941);
#589=FILL_AREA_STYLE_COLOUR('',#588);
#590=FILL_AREA_STYLE($,(#589));
#591=SURFACE_STYLE_FILL_AREA(#590);
#592=SURFACE_SIDE_STYLE('',(#591));
#593=SURFACE_STYLE_USAGE(.BOTH.,#592);
#594=PRESENTATION_STYLE_ASSIGNMENT((#593));
#595=STYLED_ITEM('',(#594),#587);
#596=ADVANCED_FACE('',(#999,#1001),#1003,.T.);
#597=COLOUR_RGB('',0.564705882352941,0.564705882352941,0.564705882352941);
#598=FILL_AREA_STYLE_COLOUR('',#597);
#599=FILL_AREA_STYLE($,(#598));
#600=SURFACE_STYLE_FILL_AREA(#599);
#601=SURFACE_SIDE_STYLE('',(#600));
#602=SURFACE_STYLE_USAGE(.BOTH.,#601);
#603=PRESENTATION_STYLE_ASSIGNMENT((#602));
#604=STYLED_ITEM('',(#603),#596);
#605=ADVANCED_FACE('',(#1008,#1010),#1012,.T.);
#606=COLOUR_RGB('',0.564705882352941,0.564705882352941,0.564705882352941);
#607=FILL_AREA_STYLE_COLOUR('',#606);
#608=FILL_AREA_STYLE($,(#607));
#609=SURFACE_STYLE_FILL_AREA(#608);
#610=SURFACE_SIDE_STYLE('',(#609));
#611=SURFACE_STYLE_USAGE(.BOTH.,#610);
#612=PRESENTATION_STYLE_ASSIGNMENT((#611));
#613=STYLED_ITEM('',(#612),#605);
#614=ADVANCED_FACE('',(#1017,#1019),#1021,.T.);
#615=COLOUR_RGB('',0.564705882352941,0.564705882352941,0.564705882352941);
#616=FILL_AREA_STYLE_COLOUR('',#615);
#617=FILL_AREA_STYLE($,(#616));
#618=SURFACE_STYLE_FILL_AREA(#617);
#619=SURFACE_SIDE_STYLE('',(#618));
#620=SURFACE_STYLE_USAGE(.BOTH.,#619);
#621=PRESENTATION_STYLE_ASSIGNMENT((#620));
#622=STYLED_ITEM('',(#621),#614);
#623=ADVANCED_FACE('',(#1026),#1028,.T.);
#624=COLOUR_RGB('',0.564705882352941,0.564705882352941,0.564705882352941);
#625=FILL_AREA_STYLE_COLOUR('',#624);
#626=FILL_AREA_STYLE($,(#625));
#627=SURFACE_STYLE_FILL_AREA(#626);
#628=SURFACE_SIDE_STYLE('',(#627));
#629=SURFACE_STYLE_USAGE(.BOTH.,#628);
#630=PRESENTATION_STYLE_ASSIGNMENT((#629));
#631=STYLED_ITEM('',(#630),#623);
#632=ADVANCED_FACE('',(#1033,#1035),#1037,.T.);
#633=COLOUR_RGB('',0.564705882352941,0.564705882352941,0.564705882352941);
#634=FILL_AREA_STYLE_COLOUR('',#633);
#635=FILL_AREA_STYLE($,(#634));
#636=SURFACE_STYLE_FILL_AREA(#635);
#637=SURFACE_SIDE_STYLE('',(#636));
#638=SURFACE_STYLE_USAGE(.BOTH.,#637);
#639=PRESENTATION_STYLE_ASSIGNMENT((#638));
#640=STYLED_ITEM('',(#639),#632);
#641=ADVANCED_FACE('',(#1042,#1044),#1046,.T.);
#642=COLOUR_RGB('',0.564705882352941,0.564705882352941,0.564705882352941);
#643=FILL_AREA_STYLE_COLOUR('',#642);
#644=FILL_AREA_STYLE($,(#643));
#645=SURFACE_STYLE_FILL_AREA(#644);
#646=SURFACE_SIDE_STYLE('',(#645));
#647=SURFACE_STYLE_USAGE(.BOTH.,#646);
#648=PRESENTATION_STYLE_ASSIGNMENT((#647));
#649=STYLED_ITEM('',(#648),#641);
#650=ADVANCED_FACE('',(#1051,#1053,#1055,#1057),#1059,.T.);
#651=COLOUR_RGB('',0.564705882352941,0.564705882352941,0.564705882352941);
#652=FILL_AREA_STYLE_COLOUR('',#651);
#653=FILL_AREA_STYLE($,(#652));
#654=SURFACE_STYLE_FILL_AREA(#653);
#655=SURFACE_SIDE_STYLE('',(#654));
#656=SURFACE_STYLE_USAGE(.BOTH.,#655);
#657=PRESENTATION_STYLE_ASSIGNMENT((#656));
#658=STYLED_ITEM('',(#657),#650);
#659=ADVANCED_FACE('',(#1064,#1066,#1068,#1070),#1072,.F.);
#660=COLOUR_RGB('',0.564705882352941,0.564705882352941,0.564705882352941);
#661=FILL_AREA_STYLE_COLOUR('',#660);
#662=FILL_AREA_STYLE($,(#661));
#663=SURFACE_STYLE_FILL_AREA(#662);
#664=SURFACE_SIDE_STYLE('',(#663));
#665=SURFACE_STYLE_USAGE(.BOTH.,#664);
#666=PRESENTATION_STYLE_ASSIGNMENT((#665));
#667=STYLED_ITEM('',(#666),#659);
#668=ADVANCED_FACE('',(#1077,#1079),#1081,.F.);
#669=COLOUR_RGB('',0.564705882352941,0.564705882352941,0.564705882352941);
#670=FILL_AREA_STYLE_COLOUR('',#669);
#671=FILL_AREA_STYLE($,(#670));
#672=SURFACE_STYLE_FILL_AREA(#671);
#673=SURFACE_SIDE_STYLE('',(#672));
#674=SURFACE_STYLE_USAGE(.BOTH.,#673);
#675=PRESENTATION_STYLE_ASSIGNMENT((#674));
#676=STYLED_ITEM('',(#675),#668);
#677=ADVANCED_FACE('',(#1086,#1088),#1090,.F.);
#678=COLOUR_RGB('',0.564705882352941,0.564705882352941,0.564705882352941);
#679=FILL_AREA_STYLE_COLOUR('',#678);
#680=FILL_AREA_STYLE($,(#679));
#681=SURFACE_STYLE_FILL_AREA(#680);
#682=SURFACE_SIDE_STYLE('',(#681));
#683=SURFACE_STYLE_USAGE(.BOTH.,#682);
#684=PRESENTATION_STYLE_ASSIGNMENT((#683));
#685=STYLED_ITEM('',(#684),#677);
#686=ADVANCED_FACE('',(#1095,#1097),#1099,.F.);
#687=COLOUR_RGB('',0.564705882352941,0.564705882352941,0.564705882352941);
#688=FILL_AREA_STYLE_COLOUR('',#687);
#689=FILL_AREA_STYLE($,(#688));
#690=SURFACE_STYLE_FILL_AREA(#689);
#691=SURFACE_SIDE_STYLE('',(#690));
#692=SURFACE_STYLE_USAGE(.BOTH.,#691);
#693=PRESENTATION_STYLE_ASSIGNMENT((#692));
#694=STYLED_ITEM('',(#693),#686);
#695=ADVANCED_FACE('',(#1104,#1106),#1108,.T.);
#696=COLOUR_RGB('',0.564705882352941,0.564705882352941,0.564705882352941);
#697=FILL_AREA_STYLE_COLOUR('',#696);
#698=FILL_AREA_STYLE($,(#697));
#699=SURFACE_STYLE_FILL_AREA(#698);
#700=SURFACE_SIDE_STYLE('',(#699));
#701=SURFACE_STYLE_USAGE(.BOTH.,#700);
#702=PRESENTATION_STYLE_ASSIGNMENT((#701));
#703=STYLED_ITEM('',(#702),#695);
#704=ADVANCED_FACE('',(#1113,#1115),#1117,.T.);
#705=COLOUR_RGB('',0.564705882352941,0.564705882352941,0.564705882352941);
#706=FILL_AREA_STYLE_COLOUR('',#705);
#707=FILL_AREA_STYLE($,(#706));
#708=SURFACE_STYLE_FILL_AREA(#707);
#709=SURFACE_SIDE_STYLE('',(#708));
#710=SURFACE_STYLE_USAGE(.BOTH.,#709);
#711=PRESENTATION_STYLE_ASSIGNMENT((#710));
#712=STYLED_ITEM('',(#711),#704);
#713=ADVANCED_FACE('',(#1122,#1124),#1126,.T.);
#714=COLOUR_RGB('',0.564705882352941,0.564705882352941,0.564705882352941);
#715=FILL_AREA_STYLE_COLOUR('',#714);
#716=FILL_AREA_STYLE($,(#715));
#717=SURFACE_STYLE_FILL_AREA(#716);
#718=SURFACE_SIDE_STYLE('',(#717));
#719=SURFACE_STYLE_USAGE(.BOTH.,#718);
#720=PRESENTATION_STYLE_ASSIGNMENT((#719));
#721=STYLED_ITEM('',(#720),#713);
#722=ADVANCED_FACE('',(#1131,#1133,#1135,#1137),#1139,.T.);
#723=COLOUR_RGB('',0.564705882352941,0.564705882352941,0.564705882352941);
#724=FILL_AREA_STYLE_COLOUR('',#723);
#725=FILL_AREA_STYLE($,(#724));
#726=SURFACE_STYLE_FILL_AREA(#725);
#727=SURFACE_SIDE_STYLE('',(#726));
#728=SURFACE_STYLE_USAGE(.BOTH.,#727);
#729=PRESENTATION_STYLE_ASSIGNMENT((#728));
#730=STYLED_ITEM('',(#729),#722);
#731=ADVANCED_FACE('',(#1144,#1146,#1148,#1150),#1152,.F.);
#732=COLOUR_RGB('',0.564705882352941,0.564705882352941,0.564705882352941);
#733=FILL_AREA_STYLE_COLOUR('',#732);
#734=FILL_AREA_STYLE($,(#733));
#735=SURFACE_STYLE_FILL_AREA(#734);
#736=SURFACE_SIDE_STYLE('',(#735));
#737=SURFACE_STYLE_USAGE(.BOTH.,#736);
#738=PRESENTATION_STYLE_ASSIGNMENT((#737));
#739=STYLED_ITEM('',(#738),#731);
#740=ADVANCED_FACE('',(#1157,#1159),#1161,.F.);
#741=COLOUR_RGB('',0.564705882352941,0.564705882352941,0.564705882352941);
#742=FILL_AREA_STYLE_COLOUR('',#741);
#743=FILL_AREA_STYLE($,(#742));
#744=SURFACE_STYLE_FILL_AREA(#743);
#745=SURFACE_SIDE_STYLE('',(#744));
#746=SURFACE_STYLE_USAGE(.BOTH.,#745);
#747=PRESENTATION_STYLE_ASSIGNMENT((#746));
#748=STYLED_ITEM('',(#747),#740);
#749=ADVANCED_FACE('',(#1166,#1168),#1170,.F.);
#750=COLOUR_RGB('',0.564705882352941,0.564705882352941,0.564705882352941);
#751=FILL_AREA_STYLE_COLOUR('',#750);
#752=FILL_AREA_STYLE($,(#751));
#753=SURFACE_STYLE_FILL_AREA(#752);
#754=SURFACE_SIDE_STYLE('',(#753));
#755=SURFACE_STYLE_USAGE(.BOTH.,#754);
#756=PRESENTATION_STYLE_ASSIGNMENT((#755));
#757=STYLED_ITEM('',(#756),#749);
#758=ADVANCED_FACE('',(#1175,#1177),#1179,.F.);
#759=COLOUR_RGB('',0.564705882352941,0.564705882352941,0.564705882352941);
#760=FILL_AREA_STYLE_COLOUR('',#759);
#761=FILL_AREA_STYLE($,(#760));
#762=SURFACE_STYLE_FILL_AREA(#761);
#763=SURFACE_SIDE_STYLE('',(#762));
#764=SURFACE_STYLE_USAGE(.BOTH.,#763);
#765=PRESENTATION_STYLE_ASSIGNMENT((#764));
#766=STYLED_ITEM('',(#765),#758);
#767=ADVANCED_FACE('',(#1184,#1186),#1188,.T.);
#768=COLOUR_RGB('',0.564705882352941,0.564705882352941,0.564705882352941);
#769=FILL_AREA_STYLE_COLOUR('',#768);
#770=FILL_AREA_STYLE($,(#769));
#771=SURFACE_STYLE_FILL_AREA(#770);
#772=SURFACE_SIDE_STYLE('',(#771));
#773=SURFACE_STYLE_USAGE(.BOTH.,#772);
#774=PRESENTATION_STYLE_ASSIGNMENT((#773));
#775=STYLED_ITEM('',(#774),#767);
#776=ADVANCED_FACE('',(#1193,#1195),#1197,.T.);
#777=COLOUR_RGB('',0.564705882352941,0.564705882352941,0.564705882352941);
#778=FILL_AREA_STYLE_COLOUR('',#777);
#779=FILL_AREA_STYLE($,(#778));
#780=SURFACE_STYLE_FILL_AREA(#779);
#781=SURFACE_SIDE_STYLE('',(#780));
#782=SURFACE_STYLE_USAGE(.BOTH.,#781);
#783=PRESENTATION_STYLE_ASSIGNMENT((#782));
#784=STYLED_ITEM('',(#783),#776);
#785=ADVANCED_FACE('',(#1202,#1204),#1206,.T.);
#786=COLOUR_RGB('',0.564705882352941,0.564705882352941,0.564705882352941);
#787=FILL_AREA_STYLE_COLOUR('',#786);
#788=FILL_AREA_STYLE($,(#787));
#789=SURFACE_STYLE_FILL_AREA(#788);
#790=SURFACE_SIDE_STYLE('',(#789));
#791=SURFACE_STYLE_USAGE(.BOTH.,#790);
#792=PRESENTATION_STYLE_ASSIGNMENT((#791));
#793=STYLED_ITEM('',(#792),#785);
#794=ADVANCED_FACE('',(#1211,#1213),#1215,.F.);
#795=COLOUR_RGB('',0.564705882352941,0.564705882352941,0.564705882352941);
#796=FILL_AREA_STYLE_COLOUR('',#795);
#797=FILL_AREA_STYLE($,(#796));
#798=SURFACE_STYLE_FILL_AREA(#797);
#799=SURFACE_SIDE_STYLE('',(#798));
#800=SURFACE_STYLE_USAGE(.BOTH.,#799);
#801=PRESENTATION_STYLE_ASSIGNMENT((#800));
#802=STYLED_ITEM('',(#801),#794);
#803=ADVANCED_FACE('',(#1220,#1222),#1224,.T.);
#804=COLOUR_RGB('',0.564705882352941,0.564705882352941,0.564705882352941);
#805=FILL_AREA_STYLE_COLOUR('',#804);
#806=FILL_AREA_STYLE($,(#805));
#807=SURFACE_STYLE_FILL_AREA(#806);
#808=SURFACE_SIDE_STYLE('',(#807));
#809=SURFACE_STYLE_USAGE(.BOTH.,#808);
#810=PRESENTATION_STYLE_ASSIGNMENT((#809));
#811=STYLED_ITEM('',(#810),#803);
#812=ADVANCED_FACE('',(#1229,#1231),#1233,.F.);
#813=COLOUR_RGB('',0.564705882352941,0.564705882352941,0.564705882352941);
#814=FILL_AREA_STYLE_COLOUR('',#813);
#815=FILL_AREA_STYLE($,(#814));
#816=SURFACE_STYLE_FILL_AREA(#815);
#817=SURFACE_SIDE_STYLE('',(#816));
#818=SURFACE_STYLE_USAGE(.BOTH.,#817);
#819=PRESENTATION_STYLE_ASSIGNMENT((#818));
#820=STYLED_ITEM('',(#819),#812);
#821=ADVANCED_FACE('',(#1238,#1240),#1242,.T.);
#822=COLOUR_RGB('',0.564705882352941,0.564705882352941,0.564705882352941);
#823=FILL_AREA_STYLE_COLOUR('',#822);
#824=FILL_AREA_STYLE($,(#823));
#825=SURFACE_STYLE_FILL_AREA(#824);
#826=SURFACE_SIDE_STYLE('',(#825));
#827=SURFACE_STYLE_USAGE(.BOTH.,#826);
#828=PRESENTATION_STYLE_ASSIGNMENT((#827));
#829=STYLED_ITEM('',(#828),#821);
#830=ADVANCED_FACE('',(#1247,#1249),#1251,.F.);
#831=COLOUR_RGB('',0.564705882352941,0.564705882352941,0.564705882352941);
#832=FILL_AREA_STYLE_COLOUR('',#831);
#833=FILL_AREA_STYLE($,(#832));
#834=SURFACE_STYLE_FILL_AREA(#833);
#835=SURFACE_SIDE_STYLE('',(#834));
#836=SURFACE_STYLE_USAGE(.BOTH.,#835);
#837=PRESENTATION_STYLE_ASSIGNMENT((#836));
#838=STYLED_ITEM('',(#837),#830);
#839=ADVANCED_FACE('',(#1256,#1258),#1260,.T.);
#840=COLOUR_RGB('',0.564705882352941,0.564705882352941,0.564705882352941);
#841=FILL_AREA_STYLE_COLOUR('',#840);
#842=FILL_AREA_STYLE($,(#841));
#843=SURFACE_STYLE_FILL_AREA(#842);
#844=SURFACE_SIDE_STYLE('',(#843));
#845=SURFACE_STYLE_USAGE(.BOTH.,#844);
#846=PRESENTATION_STYLE_ASSIGNMENT((#845));
#847=STYLED_ITEM('',(#846),#839);
#848=ADVANCED_FACE('',(#1265,#1267),#1269,.F.);
#849=COLOUR_RGB('',0.564705882352941,0.564705882352941,0.564705882352941);
#850=FILL_AREA_STYLE_COLOUR('',#849);
#851=FILL_AREA_STYLE($,(#850));
#852=SURFACE_STYLE_FILL_AREA(#851);
#853=SURFACE_SIDE_STYLE('',(#852));
#854=SURFACE_STYLE_USAGE(.BOTH.,#853);
#855=PRESENTATION_STYLE_ASSIGNMENT((#854));
#856=STYLED_ITEM('',(#855),#848);
#857=ADVANCED_FACE('',(#1274,#1276),#1278,.T.);
#858=COLOUR_RGB('',0.564705882352941,0.564705882352941,0.564705882352941);
#859=FILL_AREA_STYLE_COLOUR('',#858);
#860=FILL_AREA_STYLE($,(#859));
#861=SURFACE_STYLE_FILL_AREA(#860);
#862=SURFACE_SIDE_STYLE('',(#861));
#863=SURFACE_STYLE_USAGE(.BOTH.,#862);
#864=PRESENTATION_STYLE_ASSIGNMENT((#863));
#865=STYLED_ITEM('',(#864),#857);
#866=ADVANCED_FACE('',(#1283,#1285),#1287,.F.);
#867=COLOUR_RGB('',0.564705882352941,0.564705882352941,0.564705882352941);
#868=FILL_AREA_STYLE_COLOUR('',#867);
#869=FILL_AREA_STYLE($,(#868));
#870=SURFACE_STYLE_FILL_AREA(#869);
#871=SURFACE_SIDE_STYLE('',(#870));
#872=SURFACE_STYLE_USAGE(.BOTH.,#871);
#873=PRESENTATION_STYLE_ASSIGNMENT((#872));
#874=STYLED_ITEM('',(#873),#866);
#875=ADVANCED_FACE('',(#1292,#1294),#1296,.T.);
#876=COLOUR_RGB('',0.564705882352941,0.564705882352941,0.564705882352941);
#877=FILL_AREA_STYLE_COLOUR('',#876);
#878=FILL_AREA_STYLE($,(#877));
#879=SURFACE_STYLE_FILL_AREA(#878);
#880=SURFACE_SIDE_STYLE('',(#879));
#881=SURFACE_STYLE_USAGE(.BOTH.,#880);
#882=PRESENTATION_STYLE_ASSIGNMENT((#881));
#883=STYLED_ITEM('',(#882),#875);
#884=ADVANCED_FACE('',(#1301,#1303),#1305,.F.);
#885=COLOUR_RGB('',0.564705882352941,0.564705882352941,0.564705882352941);
#886=FILL_AREA_STYLE_COLOUR('',#885);
#887=FILL_AREA_STYLE($,(#886));
#888=SURFACE_STYLE_FILL_AREA(#887);
#889=SURFACE_SIDE_STYLE('',(#888));
#890=SURFACE_STYLE_USAGE(.BOTH.,#889);
#891=PRESENTATION_STYLE_ASSIGNMENT((#890));
#892=STYLED_ITEM('',(#891),#884);
#893=ADVANCED_FACE('',(#1310,#1312),#1314,.T.);
#894=COLOUR_RGB('',0.564705882352941,0.564705882352941,0.564705882352941);
#895=FILL_AREA_STYLE_COLOUR('',#894);
#896=FILL_AREA_STYLE($,(#895));
#897=SURFACE_STYLE_FILL_AREA(#896);
#898=SURFACE_SIDE_STYLE('',(#897));
#899=SURFACE_STYLE_USAGE(.BOTH.,#898);
#900=PRESENTATION_STYLE_ASSIGNMENT((#899));
#901=STYLED_ITEM('',(#900),#893);
#902=ADVANCED_FACE('',(#1319,#1321),#1323,.F.);
#903=COLOUR_RGB('',0.564705882352941,0.564705882352941,0.564705882352941);
#904=FILL_AREA_STYLE_COLOUR('',#903);
#905=FILL_AREA_STYLE($,(#904));
#906=SURFACE_STYLE_FILL_AREA(#905);
#907=SURFACE_SIDE_STYLE('',(#906));
#908=SURFACE_STYLE_USAGE(.BOTH.,#907);
#909=PRESENTATION_STYLE_ASSIGNMENT((#908));
#910=STYLED_ITEM('',(#909),#902);
#911=ADVANCED_FACE('',(#1328,#1330),#1332,.T.);
#912=COLOUR_RGB('',0.564705882352941,0.564705882352941,0.564705882352941);
#913=FILL_AREA_STYLE_COLOUR('',#912);
#914=FILL_AREA_STYLE($,(#913));
#915=SURFACE_STYLE_FILL_AREA(#914);
#916=SURFACE_SIDE_STYLE('',(#915));
#917=SURFACE_STYLE_USAGE(.BOTH.,#916);
#918=PRESENTATION_STYLE_ASSIGNMENT((#917));
#919=STYLED_ITEM('',(#918),#911);
#920=ADVANCED_FACE('',(#1337,#1339),#1341,.F.);
#921=COLOUR_RGB('',0.564705882352941,0.564705882352941,0.564705882352941);
#922=FILL_AREA_STYLE_COLOUR('',#921);
#923=FILL_AREA_STYLE($,(#922));
#924=SURFACE_STYLE_FILL_AREA(#923);
#925=SURFACE_SIDE_STYLE('',(#924));
#926=SURFACE_STYLE_USAGE(.BOTH.,#925);
#927=PRESENTATION_STYLE_ASSIGNMENT((#926));
#928=STYLED_ITEM('',(#927),#920);
#929=ADVANCED_FACE('',(#1346,#1348),#1350,.T.);
#930=COLOUR_RGB('',0.564705882352941,0.564705882352941,0.564705882352941);
#931=FILL_AREA_STYLE_COLOUR('',#930);
#932=FILL_AREA_STYLE($,(#931));
#933=SURFACE_STYLE_FILL_AREA(#932);
#934=SURFACE_SIDE_STYLE('',(#933));
#935=SURFACE_STYLE_USAGE(.BOTH.,#934);
#936=PRESENTATION_STYLE_ASSIGNMENT((#935));
#937=STYLED_ITEM('',(#936),#929);
#938=ADVANCED_FACE('',(#1355,#1357),#1359,.F.);
#939=COLOUR_RGB('',0.564705882352941,0.564705882352941,0.564705882352941);
#940=FILL_AREA_STYLE_COLOUR('',#939);
#941=FILL_AREA_STYLE($,(#940));
#942=SURFACE_STYLE_FILL_AREA(#941);
#943=SURFACE_SIDE_STYLE('',(#942));
#944=SURFACE_STYLE_USAGE(.BOTH.,#943);
#945=PRESENTATION_STYLE_ASSIGNMENT((#944));
#946=STYLED_ITEM('',(#945),#938);
#947=ADVANCED_FACE('',(#1364,#1366),#1368,.T.);
#948=COLOUR_RGB('',0.564705882352941,0.564705882352941,0.564705882352941);
#949=FILL_AREA_STYLE_COLOUR('',#948);
#950=FILL_AREA_STYLE($,(#949));
#951=SURFACE_STYLE_FILL_AREA(#950);
#952=SURFACE_SIDE_STYLE('',(#951));
#953=SURFACE_STYLE_USAGE(.BOTH.,#952);
#954=PRESENTATION_STYLE_ASSIGNMENT((#953));
#955=STYLED_ITEM('',(#954),#947);
#956=ADVANCED_FACE('',(#1373,#1375),#1377,.F.);
#957=COLOUR_RGB('',0.564705882352941,0.564705882352941,0.564705882352941);
#958=FILL_AREA_STYLE_COLOUR('',#957);
#959=FILL_AREA_STYLE($,(#958));
#960=SURFACE_STYLE_FILL_AREA(#959);
#961=SURFACE_SIDE_STYLE('',(#960));
#962=SURFACE_STYLE_USAGE(.BOTH.,#961);
#963=PRESENTATION_STYLE_ASSIGNMENT((#962));
#964=STYLED_ITEM('',(#963),#956);
#965=ADVANCED_FACE('',(#1382,#1384),#1386,.T.);
#966=COLOUR_RGB('',0.564705882352941,0.564705882352941,0.564705882352941);
#967=FILL_AREA_STYLE_COLOUR('',#966);
#968=FILL_AREA_STYLE($,(#967));
#969=SURFACE_STYLE_FILL_AREA(#968);
#970=SURFACE_SIDE_STYLE('',(#969));
#971=SURFACE_STYLE_USAGE(.BOTH.,#970);
#972=PRESENTATION_STYLE_ASSIGNMENT((#971));
#973=STYLED_ITEM('',(#972),#965);
#974=FACE_BOUND('',#975,.T.);
#975=EDGE_LOOP('',(#1391));
#976=PLANE('',#977);
#977=AXIS2_PLACEMENT_3D('',#978,#979,#980);
#978=CARTESIAN_POINT('',(0.,0.,-31.9836814960603));
#979=DIRECTION('',(0.,0.,-1.));
#980=DIRECTION('',(-2.9376534876824E-15,1.,0.));
#981=FACE_OUTER_BOUND('',#982,.T.);
#982=EDGE_LOOP('',(#1392));
#983=FACE_OUTER_BOUND('',#984,.T.);
#984=EDGE_LOOP('',(#1393));
#985=CYLINDRICAL_SURFACE('',#986,2.);
#986=AXIS2_PLACEMENT_3D('',#987,#988,#989);
#987=CARTESIAN_POINT('',(0.,0.,-21.9836814960603));
#988=DIRECTION('',(0.,0.,-1.));
#989=DIRECTION('',(-2.01916838832189E-15,1.,0.));
#990=FACE_BOUND('',#991,.T.);
#991=EDGE_LOOP('',(#1394));
#992=FACE_BOUND('',#993,.T.);
#993=EDGE_LOOP('',(#1395));
#994=PLANE('',#995);
#995=AXIS2_PLACEMENT_3D('',#996,#997,#998);
#996=CARTESIAN_POINT('',(0.,0.,-21.9836814960603));
#997=DIRECTION('',(0.,0.,-1.));
#998=DIRECTION('',(-6.73056129440629E-16,1.,0.));
#999=FACE_OUTER_BOUND('',#1000,.T.);
#1000=EDGE_LOOP('',(#1396));
#1001=FACE_OUTER_BOUND('',#1002,.T.);
#1002=EDGE_LOOP('',(#1397));
#1003=CYLINDRICAL_SURFACE('',#1004,6.);
#1004=AXIS2_PLACEMENT_3D('',#1005,#1006,#1007);
#1005=CARTESIAN_POINT('',(0.,0.,-19.9836814960603));
#1006=DIRECTION('',(0.,0.,-1.));
#1007=DIRECTION('',(-6.11823789483261E-16,1.,0.));
#1008=FACE_BOUND('',#1009,.T.);
#1009=EDGE_LOOP('',(#1398));
#1010=FACE_BOUND('',#1011,.T.);
#1011=EDGE_LOOP('',(#1399));
#1012=PLANE('',#1013);
#1013=AXIS2_PLACEMENT_3D('',#1014,#1015,#1016);
#1014=CARTESIAN_POINT('',(0.,0.,-19.9836814960603));
#1015=DIRECTION('',(0.,0.,1.));
#1016=DIRECTION('',(-6.11823789483261E-16,1.,0.));
#1017=FACE_OUTER_BOUND('',#1018,.T.);
#1018=EDGE_LOOP('',(#1400));
#1019=FACE_OUTER_BOUND('',#1020,.T.);
#1020=EDGE_LOOP('',(#1401));
#1021=CYLINDRICAL_SURFACE('',#1022,2.);
#1022=AXIS2_PLACEMENT_3D('',#1023,#1024,#1025);
#1023=CARTESIAN_POINT('',(0.,0.,27.0163185039397));
#1024=DIRECTION('',(0.,0.,-1.));
#1025=DIRECTION('',(2.48140859854463E-15,1.,0.));
#1026=FACE_BOUND('',#1027,.T.);
#1027=EDGE_LOOP('',(#1402));
#1028=PLANE('',#1029);
#1029=AXIS2_PLACEMENT_3D('',#1030,#1031,#1032);
#1030=CARTESIAN_POINT('',(0.,0.,27.0163185039397));
#1031=DIRECTION('',(0.,0.,1.));
#1032=DIRECTION('',(2.48140859854463E-15,1.,0.));
#1033=FACE_OUTER_BOUND('',#1034,.T.);
#1034=EDGE_LOOP('',(#1403));
#1035=FACE_OUTER_BOUND('',#1036,.T.);
#1036=EDGE_LOOP('',(#1404));
#1037=CONICAL_SURFACE('',#1038,1.75,0.785398163397448);
#1038=AXIS2_PLACEMENT_3D('',#1039,#1040,#1041);
#1039=CARTESIAN_POINT('',(0.,0.,-31.7336814960603));
#1040=DIRECTION('',(0.,0.,1.));
#1041=DIRECTION('',(2.41280485947639E-15,-1.,0.));
#1042=FACE_OUTER_BOUND('',#1043,.T.);
#1043=EDGE_LOOP('',(#1405));
#1044=FACE_OUTER_BOUND('',#1045,.T.);
#1045=EDGE_LOOP('',(#1406));
#1046=CONICAL_SURFACE('',#1047,1.75,0.785398163397448);
#1047=AXIS2_PLACEMENT_3D('',#1048,#1049,#1050);
#1048=CARTESIAN_POINT('',(0.,0.,26.7663185039397));
#1049=DIRECTION('',(0.,0.,-1.));
#1050=DIRECTION('',(2.48140859854463E-15,1.,0.));
#1051=FACE_OUTER_BOUND('',#1052,.T.);
#1052=EDGE_LOOP('',(#1407));
#1053=FACE_OUTER_BOUND('',#1054,.T.);
#1054=EDGE_LOOP('',(#1408));
#1055=FACE_BOUND('',#1056,.T.);
#1056=EDGE_LOOP('',(#1409));
#1057=FACE_BOUND('',#1058,.T.);
#1058=EDGE_LOOP('',(#1410));
#1059=CYLINDRICAL_SURFACE('',#1060,3.);
#1060=AXIS2_PLACEMENT_3D('',#1061,#1062,#1063);
#1061=CARTESIAN_POINT('',(0.,0.,0.));
#1062=DIRECTION('',(0.,0.,-1.));
#1063=DIRECTION('',(-1.,0.,0.));
#1064=FACE_OUTER_BOUND('',#1065,.T.);
#1065=EDGE_LOOP('',(#1411));
#1066=FACE_OUTER_BOUND('',#1067,.T.);
#1067=EDGE_LOOP('',(#1412));
#1068=FACE_BOUND('',#1069,.T.);
#1069=EDGE_LOOP('',(#1413));
#1070=FACE_BOUND('',#1071,.T.);
#1071=EDGE_LOOP('',(#1414));
#1072=CYLINDRICAL_SURFACE('',#1073,2.);
#1073=AXIS2_PLACEMENT_3D('',#1074,#1075,#1076);
#1074=CARTESIAN_POINT('',(0.,0.,0.));
#1075=DIRECTION('',(0.,0.,1.));
#1076=DIRECTION('',(1.,0.,0.));
#1077=FACE_OUTER_BOUND('',#1078,.T.);
#1078=EDGE_LOOP('',(#1415));
#1079=FACE_OUTER_BOUND('',#1080,.T.);
#1080=EDGE_LOOP('',(#1416));
#1081=CYLINDRICAL_SURFACE('',#1082,0.75);
#1082=AXIS2_PLACEMENT_3D('',#1083,#1084,#1085);
#1083=CARTESIAN_POINT('',(-8.24163588319665E-17,-3.5,-2.));
#1084=DIRECTION('',(0.,1.,6.12323399573677E-17));
#1085=DIRECTION('',(-1.,7.49879891330929E-33,-1.22464679914735E-16));
#1086=FACE_OUTER_BOUND('',#1087,.T.);
#1087=EDGE_LOOP('',(#1417));
#1088=FACE_OUTER_BOUND('',#1089,.T.);
#1089=EDGE_LOOP('',(#1418));
#1090=CYLINDRICAL_SURFACE('',#1091,0.75);
#1091=AXIS2_PLACEMENT_3D('',#1092,#1093,#1094);
#1092=CARTESIAN_POINT('',(-8.24163588319665E-17,-3.5,-2.));
#1093=DIRECTION('',(0.,1.,6.12323399573677E-17));
#1094=DIRECTION('',(-1.,7.49879891330929E-33,-1.22464679914735E-16));
#1095=FACE_BOUND('',#1096,.T.);
#1096=EDGE_LOOP('',(#1419));
#1097=FACE_BOUND('',#1098,.T.);
#1098=EDGE_LOOP('',(#1420));
#1099=PLANE('',#1100);
#1100=AXIS2_PLACEMENT_3D('',#1101,#1102,#1103);
#1101=CARTESIAN_POINT('',(0.,0.,0.));
#1102=DIRECTION('',(0.,0.,1.));
#1103=DIRECTION('',(1.,0.,0.));
#1104=FACE_BOUND('',#1105,.T.);
#1105=EDGE_LOOP('',(#1421));
#1106=FACE_BOUND('',#1107,.T.);
#1107=EDGE_LOOP('',(#1422));
#1108=PLANE('',#1109);
#1109=AXIS2_PLACEMENT_3D('',#1110,#1111,#1112);
#1110=CARTESIAN_POINT('',(0.,0.,-4.));
#1111=DIRECTION('',(0.,0.,-1.));
#1112=DIRECTION('',(-1.,0.,0.));
#1113=FACE_BOUND('',#1114,.T.);
#1114=EDGE_LOOP('',(#1423));
#1115=FACE_BOUND('',#1116,.T.);
#1116=EDGE_LOOP('',(#1424));
#1117=PLANE('',#1118);
#1118=AXIS2_PLACEMENT_3D('',#1119,#1120,#1121);
#1119=CARTESIAN_POINT('',(0.,0.,2.375));
#1120=DIRECTION('',(0.,0.,1.));
#1121=DIRECTION('',(1.,0.,0.));
#1122=FACE_OUTER_BOUND('',#1123,.T.);
#1123=EDGE_LOOP('',(#1425));
#1124=FACE_OUTER_BOUND('',#1125,.T.);
#1125=EDGE_LOOP('',(#1426));
#1126=CYLINDRICAL_SURFACE('',#1127,5.);
#1127=AXIS2_PLACEMENT_3D('',#1128,#1129,#1130);
#1128=CARTESIAN_POINT('',(0.,0.,0.));
#1129=DIRECTION('',(0.,0.,1.));
#1130=DIRECTION('',(1.,0.,0.));
#1131=FACE_OUTER_BOUND('',#1132,.T.);
#1132=EDGE_LOOP('',(#1427));
#1133=FACE_OUTER_BOUND('',#1134,.T.);
#1134=EDGE_LOOP('',(#1428));
#1135=FACE_BOUND('',#1136,.T.);
#1136=EDGE_LOOP('',(#1429));
#1137=FACE_BOUND('',#1138,.T.);
#1138=EDGE_LOOP('',(#1430));
#1139=CYLINDRICAL_SURFACE('',#1140,5.);
#1140=AXIS2_PLACEMENT_3D('',#1141,#1142,#1143);
#1141=CARTESIAN_POINT('',(0.,0.,0.));
#1142=DIRECTION('',(0.,0.,-1.));
#1143=DIRECTION('',(-1.,0.,0.));
#1144=FACE_OUTER_BOUND('',#1145,.T.);
#1145=EDGE_LOOP('',(#1431));
#1146=FACE_OUTER_BOUND('',#1147,.T.);
#1147=EDGE_LOOP('',(#1432));
#1148=FACE_BOUND('',#1149,.T.);
#1149=EDGE_LOOP('',(#1433));
#1150=FACE_BOUND('',#1151,.T.);
#1151=EDGE_LOOP('',(#1434));
#1152=CYLINDRICAL_SURFACE('',#1153,2.);
#1153=AXIS2_PLACEMENT_3D('',#1154,#1155,#1156);
#1154=CARTESIAN_POINT('',(0.,0.,0.));
#1155=DIRECTION('',(0.,0.,1.));
#1156=DIRECTION('',(1.,0.,0.));
#1157=FACE_OUTER_BOUND('',#1158,.T.);
#1158=EDGE_LOOP('',(#1435));
#1159=FACE_OUTER_BOUND('',#1160,.T.);
#1160=EDGE_LOOP('',(#1436));
#1161=CYLINDRICAL_SURFACE('',#1162,0.5);
#1162=AXIS2_PLACEMENT_3D('',#1163,#1164,#1165);
#1163=CARTESIAN_POINT('',(1.83697019872103E-16,-7.5,-2.));
#1164=DIRECTION('',(0.,1.,6.12323399573677E-17));
#1165=DIRECTION('',(6.12323399573677E-17,6.12323399573677E-17,-1.));
#1166=FACE_OUTER_BOUND('',#1167,.T.);
#1167=EDGE_LOOP('',(#1437));
#1168=FACE_OUTER_BOUND('',#1169,.T.);
#1169=EDGE_LOOP('',(#1438));
#1170=CYLINDRICAL_SURFACE('',#1171,0.5);
#1171=AXIS2_PLACEMENT_3D('',#1172,#1173,#1174);
#1172=CARTESIAN_POINT('',(1.83697019872103E-16,-7.5,-2.));
#1173=DIRECTION('',(0.,1.,6.12323399573677E-17));
#1174=DIRECTION('',(6.12323399573677E-17,6.12323399573677E-17,-1.));
#1175=FACE_BOUND('',#1176,.T.);
#1176=EDGE_LOOP('',(#1439));
#1177=FACE_BOUND('',#1178,.T.);
#1178=EDGE_LOOP('',(#1440));
#1179=PLANE('',#1180);
#1180=AXIS2_PLACEMENT_3D('',#1181,#1182,#1183);
#1181=CARTESIAN_POINT('',(0.,0.,0.));
#1182=DIRECTION('',(0.,0.,1.));
#1183=DIRECTION('',(1.,0.,0.));
#1184=FACE_BOUND('',#1185,.T.);
#1185=EDGE_LOOP('',(#1441));
#1186=FACE_BOUND('',#1187,.T.);
#1187=EDGE_LOOP('',(#1442));
#1188=PLANE('',#1189);
#1189=AXIS2_PLACEMENT_3D('',#1190,#1191,#1192);
#1190=CARTESIAN_POINT('',(0.,0.,-4.));
#1191=DIRECTION('',(0.,0.,-1.));
#1192=DIRECTION('',(-1.,0.,0.));
#1193=FACE_BOUND('',#1194,.T.);
#1194=EDGE_LOOP('',(#1443));
#1195=FACE_BOUND('',#1196,.T.);
#1196=EDGE_LOOP('',(#1444));
#1197=PLANE('',#1198);
#1198=AXIS2_PLACEMENT_3D('',#1199,#1200,#1201);
#1199=CARTESIAN_POINT('',(0.,0.,2.));
#1200=DIRECTION('',(0.,0.,1.));
#1201=DIRECTION('',(1.,0.,0.));
#1202=FACE_OUTER_BOUND('',#1203,.T.);
#1203=EDGE_LOOP('',(#1445));
#1204=FACE_OUTER_BOUND('',#1205,.T.);
#1205=EDGE_LOOP('',(#1446));
#1206=CYLINDRICAL_SURFACE('',#1207,11.);
#1207=AXIS2_PLACEMENT_3D('',#1208,#1209,#1210);
#1208=CARTESIAN_POINT('',(0.,0.,0.));
#1209=DIRECTION('',(0.,0.,1.));
#1210=DIRECTION('',(1.,0.,0.));
#1211=FACE_BOUND('',#1212,.T.);
#1212=EDGE_LOOP('',(#1447));
#1213=FACE_BOUND('',#1214,.T.);
#1214=EDGE_LOOP('',(#1448));
#1215=PLANE('',#1216);
#1216=AXIS2_PLACEMENT_3D('',#1217,#1218,#1219);
#1217=CARTESIAN_POINT('',(0.,0.,0.));
#1218=DIRECTION('',(0.,1.,6.12323399573677E-17));
#1219=DIRECTION('',(-1.,7.49879891330929E-33,-1.22464679914735E-16));
#1220=FACE_BOUND('',#1221,.T.);
#1221=EDGE_LOOP('',(#1449));
#1222=FACE_BOUND('',#1223,.T.);
#1223=EDGE_LOOP('',(#1450));
#1224=PLANE('',#1225);
#1225=AXIS2_PLACEMENT_3D('',#1226,#1227,#1228);
#1226=CARTESIAN_POINT('',(0.,2.5,1.53080849893419E-16));
#1227=DIRECTION('',(0.,1.,6.12323399573677E-17));
#1228=DIRECTION('',(-1.,7.49879891330929E-33,-1.22464679914735E-16));
#1229=FACE_OUTER_BOUND('',#1230,.T.);
#1230=EDGE_LOOP('',(#1451));
#1231=FACE_OUTER_BOUND('',#1232,.T.);
#1232=EDGE_LOOP('',(#1452));
#1233=CYLINDRICAL_SURFACE('',#1234,3.75);
#1234=AXIS2_PLACEMENT_3D('',#1235,#1236,#1237);
#1235=CARTESIAN_POINT('',(0.,0.,0.));
#1236=DIRECTION('',(0.,1.,6.12323399573677E-17));
#1237=DIRECTION('',(-1.,7.49879891330929E-33,-1.22464679914735E-16));
#1238=FACE_OUTER_BOUND('',#1239,.T.);
#1239=EDGE_LOOP('',(#1453));
#1240=FACE_OUTER_BOUND('',#1241,.T.);
#1241=EDGE_LOOP('',(#1454));
#1242=CYLINDRICAL_SURFACE('',#1243,4.5);
#1243=AXIS2_PLACEMENT_3D('',#1244,#1245,#1246);
#1244=CARTESIAN_POINT('',(0.,0.,0.));
#1245=DIRECTION('',(0.,1.,6.12323399573677E-17));
#1246=DIRECTION('',(-1.,7.49879891330929E-33,-1.22464679914735E-16));
#1247=FACE_BOUND('',#1248,.T.);
#1248=EDGE_LOOP('',(#1455));
#1249=FACE_BOUND('',#1250,.T.);
#1250=EDGE_LOOP('',(#1456));
#1251=PLANE('',#1252);
#1252=AXIS2_PLACEMENT_3D('',#1253,#1254,#1255);
#1253=CARTESIAN_POINT('',(0.,0.,0.));
#1254=DIRECTION('',(0.,1.,6.12323399573677E-17));
#1255=DIRECTION('',(-1.,7.49879891330929E-33,-1.22464679914735E-16));
#1256=FACE_OUTER_BOUND('',#1257,.T.);
#1257=EDGE_LOOP('',(#1457));
#1258=FACE_OUTER_BOUND('',#1259,.T.);
#1259=EDGE_LOOP('',(#1458));
#1260=CYLINDRICAL_SURFACE('',#1261,2.75);
#1261=AXIS2_PLACEMENT_3D('',#1262,#1263,#1264);
#1262=CARTESIAN_POINT('',(0.,0.,0.));
#1263=DIRECTION('',(0.,1.,6.12323399573677E-17));
#1264=DIRECTION('',(-1.,7.49879891330929E-33,-1.22464679914735E-16));
#1265=FACE_OUTER_BOUND('',#1266,.T.);
#1266=EDGE_LOOP('',(#1459));
#1267=FACE_OUTER_BOUND('',#1268,.T.);
#1268=EDGE_LOOP('',(#1460));
#1269=CYLINDRICAL_SURFACE('',#1270,2.);
#1270=AXIS2_PLACEMENT_3D('',#1271,#1272,#1273);
#1271=CARTESIAN_POINT('',(0.,0.,0.));
#1272=DIRECTION('',(0.,1.,6.12323399573677E-17));
#1273=DIRECTION('',(-1.,7.49879891330929E-33,-1.22464679914735E-16));
#1274=FACE_BOUND('',#1275,.T.);
#1275=EDGE_LOOP('',(#1461));
#1276=FACE_BOUND('',#1277,.T.);
#1277=EDGE_LOOP('',(#1462));
#1278=PLANE('',#1279);
#1279=AXIS2_PLACEMENT_3D('',#1280,#1281,#1282);
#1280=CARTESIAN_POINT('',(0.,2.5,1.53080849893419E-16));
#1281=DIRECTION('',(0.,1.,6.12323399573677E-17));
#1282=DIRECTION('',(-1.,7.49879891330929E-33,-1.22464679914735E-16));
#1283=FACE_BOUND('',#1284,.T.);
#1284=EDGE_LOOP('',(#1463));
#1285=FACE_BOUND('',#1286,.T.);
#1286=EDGE_LOOP('',(#1464));
#1287=PLANE('',#1288);
#1288=AXIS2_PLACEMENT_3D('',#1289,#1290,#1291);
#1289=CARTESIAN_POINT('',(0.,0.,0.));
#1290=DIRECTION('',(0.,0.,1.));
#1291=DIRECTION('',(1.,0.,0.));
#1292=FACE_BOUND('',#1293,.T.);
#1293=EDGE_LOOP('',(#1465));
#1294=FACE_BOUND('',#1295,.T.);
#1295=EDGE_LOOP('',(#1466));
#1296=PLANE('',#1297);
#1297=AXIS2_PLACEMENT_3D('',#1298,#1299,#1300);
#1298=CARTESIAN_POINT('',(0.,0.,2.));
#1299=DIRECTION('',(0.,0.,1.));
#1300=DIRECTION('',(1.,0.,0.));
#1301=FACE_OUTER_BOUND('',#1302,.T.);
#1302=EDGE_LOOP('',(#1467));
#1303=FACE_OUTER_BOUND('',#1304,.T.);
#1304=EDGE_LOOP('',(#1468));
#1305=CYLINDRICAL_SURFACE('',#1306,2.);
#1306=AXIS2_PLACEMENT_3D('',#1307,#1308,#1309);
#1307=CARTESIAN_POINT('',(0.,0.,0.));
#1308=DIRECTION('',(0.,0.,1.));
#1309=DIRECTION('',(1.,0.,0.));
#1310=FACE_OUTER_BOUND('',#1311,.T.);
#1311=EDGE_LOOP('',(#1469));
#1312=FACE_OUTER_BOUND('',#1313,.T.);
#1313=EDGE_LOOP('',(#1470));
#1314=CYLINDRICAL_SURFACE('',#1315,2.66666666666667);
#1315=AXIS2_PLACEMENT_3D('',#1316,#1317,#1318);
#1316=CARTESIAN_POINT('',(0.,0.,0.));
#1317=DIRECTION('',(0.,0.,1.));
#1318=DIRECTION('',(1.,0.,0.));
#1319=FACE_BOUND('',#1320,.T.);
#1320=EDGE_LOOP('',(#1471));
#1321=FACE_BOUND('',#1322,.T.);
#1322=EDGE_LOOP('',(#1472));
#1323=PLANE('',#1324);
#1324=AXIS2_PLACEMENT_3D('',#1325,#1326,#1327);
#1325=CARTESIAN_POINT('',(0.,0.,0.));
#1326=DIRECTION('',(0.,0.,1.));
#1327=DIRECTION('',(1.,0.,0.));
#1328=FACE_BOUND('',#1329,.T.);
#1329=EDGE_LOOP('',(#1473));
#1330=FACE_BOUND('',#1331,.T.);
#1331=EDGE_LOOP('',(#1474));
#1332=PLANE('',#1333);
#1333=AXIS2_PLACEMENT_3D('',#1334,#1335,#1336);
#1334=CARTESIAN_POINT('',(0.,0.,5.625));
#1335=DIRECTION('',(0.,0.,1.));
#1336=DIRECTION('',(1.,0.,0.));
#1337=FACE_OUTER_BOUND('',#1338,.T.);
#1338=EDGE_LOOP('',(#1475));
#1339=FACE_OUTER_BOUND('',#1340,.T.);
#1340=EDGE_LOOP('',(#1476));
#1341=CYLINDRICAL_SURFACE('',#1342,2.);
#1342=AXIS2_PLACEMENT_3D('',#1343,#1344,#1345);
#1343=CARTESIAN_POINT('',(0.,0.,0.));
#1344=DIRECTION('',(0.,0.,1.));
#1345=DIRECTION('',(1.,0.,0.));
#1346=FACE_OUTER_BOUND('',#1347,.T.);
#1347=EDGE_LOOP('',(#1477));
#1348=FACE_OUTER_BOUND('',#1349,.T.);
#1349=EDGE_LOOP('',(#1478));
#1350=CYLINDRICAL_SURFACE('',#1351,2.75);
#1351=AXIS2_PLACEMENT_3D('',#1352,#1353,#1354);
#1352=CARTESIAN_POINT('',(0.,0.,0.));
#1353=DIRECTION('',(0.,0.,1.));
#1354=DIRECTION('',(1.,0.,0.));
#1355=FACE_BOUND('',#1356,.T.);
#1356=EDGE_LOOP('',(#1479));
#1357=FACE_BOUND('',#1358,.T.);
#1358=EDGE_LOOP('',(#1480));
#1359=PLANE('',#1360);
#1360=AXIS2_PLACEMENT_3D('',#1361,#1362,#1363);
#1361=CARTESIAN_POINT('',(0.,0.,0.));
#1362=DIRECTION('',(0.,0.,1.));
#1363=DIRECTION('',(1.,0.,0.));
#1364=FACE_BOUND('',#1365,.T.);
#1365=EDGE_LOOP('',(#1481));
#1366=FACE_BOUND('',#1367,.T.);
#1367=EDGE_LOOP('',(#1482));
#1368=PLANE('',#1369);
#1369=AXIS2_PLACEMENT_3D('',#1370,#1371,#1372);
#1370=CARTESIAN_POINT('',(0.,0.,28.));
#1371=DIRECTION('',(0.,0.,1.));
#1372=DIRECTION('',(1.,0.,0.));
#1373=FACE_OUTER_BOUND('',#1374,.T.);
#1374=EDGE_LOOP('',(#1483));
#1375=FACE_OUTER_BOUND('',#1376,.T.);
#1376=EDGE_LOOP('',(#1484));
#1377=CYLINDRICAL_SURFACE('',#1378,2.);
#1378=AXIS2_PLACEMENT_3D('',#1379,#1380,#1381);
#1379=CARTESIAN_POINT('',(0.,0.,0.));
#1380=DIRECTION('',(0.,0.,1.));
#1381=DIRECTION('',(1.,0.,0.));
#1382=FACE_OUTER_BOUND('',#1383,.T.);
#1383=EDGE_LOOP('',(#1485));
#1384=FACE_OUTER_BOUND('',#1385,.T.);
#1385=EDGE_LOOP('',(#1486));
#1386=CYLINDRICAL_SURFACE('',#1387,2.66666666666667);
#1387=AXIS2_PLACEMENT_3D('',#1388,#1389,#1390);
#1388=CARTESIAN_POINT('',(0.,0.,0.));
#1389=DIRECTION('',(0.,0.,1.));
#1390=DIRECTION('',(1.,0.,0.));
#1391=ORIENTED_EDGE('',*,*,#1487,.T.);
#1392=ORIENTED_EDGE('',*,*,#1488,.T.);
#1393=ORIENTED_EDGE('',*,*,#1489,.F.);
#1394=ORIENTED_EDGE('',*,*,#1490,.T.);
#1395=ORIENTED_EDGE('',*,*,#1488,.F.);
#1396=ORIENTED_EDGE('',*,*,#1491,.T.);
#1397=ORIENTED_EDGE('',*,*,#1490,.F.);
#1398=ORIENTED_EDGE('',*,*,#1491,.F.);
#1399=ORIENTED_EDGE('',*,*,#1492,.T.);
#1400=ORIENTED_EDGE('',*,*,#1493,.T.);
#1401=ORIENTED_EDGE('',*,*,#1492,.F.);
#1402=ORIENTED_EDGE('',*,*,#1494,.F.);
#1403=ORIENTED_EDGE('',*,*,#1489,.T.);
#1404=ORIENTED_EDGE('',*,*,#1487,.F.);
#1405=ORIENTED_EDGE('',*,*,#1493,.F.);
#1406=ORIENTED_EDGE('',*,*,#1494,.T.);
#1407=ORIENTED_EDGE('',*,*,#1495,.T.);
#1408=ORIENTED_EDGE('',*,*,#1496,.F.);
#1409=ORIENTED_EDGE('',*,*,#1497,.T.);
#1410=ORIENTED_EDGE('',*,*,#1498,.T.);
#1411=ORIENTED_EDGE('',*,*,#1499,.F.);
#1412=ORIENTED_EDGE('',*,*,#1500,.F.);
#1413=ORIENTED_EDGE('',*,*,#1501,.T.);
#1414=ORIENTED_EDGE('',*,*,#1502,.T.);
#1415=ORIENTED_EDGE('',*,*,#1501,.F.);
#1416=ORIENTED_EDGE('',*,*,#1498,.F.);
#1417=ORIENTED_EDGE('',*,*,#1497,.F.);
#1418=ORIENTED_EDGE('',*,*,#1502,.F.);
#1419=ORIENTED_EDGE('',*,*,#1503,.F.);
#1420=ORIENTED_EDGE('',*,*,#1495,.F.);
#1421=ORIENTED_EDGE('',*,*,#1496,.T.);
#1422=ORIENTED_EDGE('',*,*,#1500,.T.);
#1423=ORIENTED_EDGE('',*,*,#1504,.T.);
#1424=ORIENTED_EDGE('',*,*,#1499,.T.);
#1425=ORIENTED_EDGE('',*,*,#1504,.F.);
#1426=ORIENTED_EDGE('',*,*,#1503,.T.);
#1427=ORIENTED_EDGE('',*,*,#1505,.T.);
#1428=ORIENTED_EDGE('',*,*,#1506,.F.);
#1429=ORIENTED_EDGE('',*,*,#1507,.T.);
#1430=ORIENTED_EDGE('',*,*,#1508,.T.);
#1431=ORIENTED_EDGE('',*,*,#1509,.F.);
#1432=ORIENTED_EDGE('',*,*,#1510,.F.);
#1433=ORIENTED_EDGE('',*,*,#1511,.T.);
#1434=ORIENTED_EDGE('',*,*,#1512,.T.);
#1435=ORIENTED_EDGE('',*,*,#1511,.F.);
#1436=ORIENTED_EDGE('',*,*,#1508,.F.);
#1437=ORIENTED_EDGE('',*,*,#1507,.F.);
#1438=ORIENTED_EDGE('',*,*,#1512,.F.);
#1439=ORIENTED_EDGE('',*,*,#1513,.F.);
#1440=ORIENTED_EDGE('',*,*,#1505,.F.);
#1441=ORIENTED_EDGE('',*,*,#1506,.T.);
#1442=ORIENTED_EDGE('',*,*,#1510,.T.);
#1443=ORIENTED_EDGE('',*,*,#1514,.T.);
#1444=ORIENTED_EDGE('',*,*,#1509,.T.);
#1445=ORIENTED_EDGE('',*,*,#1514,.F.);
#1446=ORIENTED_EDGE('',*,*,#1513,.T.);
#1447=ORIENTED_EDGE('',*,*,#1515,.F.);
#1448=ORIENTED_EDGE('',*,*,#1516,.T.);
#1449=ORIENTED_EDGE('',*,*,#1517,.T.);
#1450=ORIENTED_EDGE('',*,*,#1518,.T.);
#1451=ORIENTED_EDGE('',*,*,#1518,.F.);
#1452=ORIENTED_EDGE('',*,*,#1516,.F.);
#1453=ORIENTED_EDGE('',*,*,#1517,.F.);
#1454=ORIENTED_EDGE('',*,*,#1515,.T.);
#1455=ORIENTED_EDGE('',*,*,#1519,.F.);
#1456=ORIENTED_EDGE('',*,*,#1520,.T.);
#1457=ORIENTED_EDGE('',*,*,#1521,.F.);
#1458=ORIENTED_EDGE('',*,*,#1519,.T.);
#1459=ORIENTED_EDGE('',*,*,#1522,.F.);
#1460=ORIENTED_EDGE('',*,*,#1520,.F.);
#1461=ORIENTED_EDGE('',*,*,#1521,.T.);
#1462=ORIENTED_EDGE('',*,*,#1522,.T.);
#1463=ORIENTED_EDGE('',*,*,#1523,.F.);
#1464=ORIENTED_EDGE('',*,*,#1524,.T.);
#1465=ORIENTED_EDGE('',*,*,#1525,.T.);
#1466=ORIENTED_EDGE('',*,*,#1526,.T.);
#1467=ORIENTED_EDGE('',*,*,#1526,.F.);
#1468=ORIENTED_EDGE('',*,*,#1524,.F.);
#1469=ORIENTED_EDGE('',*,*,#1525,.F.);
#1470=ORIENTED_EDGE('',*,*,#1523,.T.);
#1471=ORIENTED_EDGE('',*,*,#1527,.F.);
#1472=ORIENTED_EDGE('',*,*,#1528,.T.);
#1473=ORIENTED_EDGE('',*,*,#1529,.T.);
#1474=ORIENTED_EDGE('',*,*,#1530,.T.);
#1475=ORIENTED_EDGE('',*,*,#1530,.F.);
#1476=ORIENTED_EDGE('',*,*,#1528,.F.);
#1477=ORIENTED_EDGE('',*,*,#1529,.F.);
#1478=ORIENTED_EDGE('',*,*,#1527,.T.);
#1479=ORIENTED_EDGE('',*,*,#1531,.F.);
#1480=ORIENTED_EDGE('',*,*,#1532,.T.);
#1481=ORIENTED_EDGE('',*,*,#1533,.T.);
#1482=ORIENTED_EDGE('',*,*,#1534,.T.);
#1483=ORIENTED_EDGE('',*,*,#1534,.F.);
#1484=ORIENTED_EDGE('',*,*,#1532,.F.);
#1485=ORIENTED_EDGE('',*,*,#1533,.F.);
#1486=ORIENTED_EDGE('',*,*,#1531,.T.);
#1487=EDGE_CURVE('',#1535,#1535,#1536,.T.);
#1488=EDGE_CURVE('',#1537,#1537,#1538,.T.);
#1489=EDGE_CURVE('',#1539,#1539,#1540,.T.);
#1490=EDGE_CURVE('',#1541,#1541,#1542,.T.);
#1491=EDGE_CURVE('',#1543,#1543,#1544,.T.);
#1492=EDGE_CURVE('',#1545,#1545,#1546,.T.);
#1493=EDGE_CURVE('',#1547,#1547,#1548,.T.);
#1494=EDGE_CURVE('',#1549,#1549,#1550,.T.);
#1495=EDGE_CURVE('',#1551,#1551,#1552,.T.);
#1496=EDGE_CURVE('',#1553,#1553,#1554,.T.);
#1497=EDGE_CURVE('',#1555,#1555,#1556,.F.);
#1498=EDGE_CURVE('',#1557,#1557,#1558,.F.);
#1499=EDGE_CURVE('',#1559,#1559,#1560,.F.);
#1500=EDGE_CURVE('',#1561,#1561,#1562,.F.);
#1501=EDGE_CURVE('',#1563,#1563,#1564,.T.);
#1502=EDGE_CURVE('',#1565,#1565,#1566,.T.);
#1503=EDGE_CURVE('',#1567,#1567,#1568,.T.);
#1504=EDGE_CURVE('',#1569,#1569,#1570,.T.);
#1505=EDGE_CURVE('',#1571,#1571,#1572,.T.);
#1506=EDGE_CURVE('',#1573,#1573,#1574,.T.);
#1507=EDGE_CURVE('',#1575,#1575,#1576,.F.);
#1508=EDGE_CURVE('',#1577,#1577,#1578,.F.);
#1509=EDGE_CURVE('',#1579,#1579,#1580,.F.);
#1510=EDGE_CURVE('',#1581,#1581,#1582,.F.);
#1511=EDGE_CURVE('',#1583,#1583,#1584,.T.);
#1512=EDGE_CURVE('',#1585,#1585,#1586,.T.);
#1513=EDGE_CURVE('',#1587,#1587,#1588,.T.);
#1514=EDGE_CURVE('',#1589,#1589,#1590,.T.);
#1515=EDGE_CURVE('',#1591,#1591,#1592,.T.);
#1516=EDGE_CURVE('',#1593,#1593,#1594,.T.);
#1517=EDGE_CURVE('',#1595,#1595,#1596,.T.);
#1518=EDGE_CURVE('',#1597,#1597,#1598,.F.);
#1519=EDGE_CURVE('',#1599,#1599,#1600,.T.);
#1520=EDGE_CURVE('',#1601,#1601,#1602,.T.);
#1521=EDGE_CURVE('',#1603,#1603,#1604,.T.);
#1522=EDGE_CURVE('',#1605,#1605,#1606,.F.);
#1523=EDGE_CURVE('',#1607,#1607,#1608,.T.);
#1524=EDGE_CURVE('',#1609,#1609,#1610,.T.);
#1525=EDGE_CURVE('',#1611,#1611,#1612,.T.);
#1526=EDGE_CURVE('',#1613,#1613,#1614,.F.);
#1527=EDGE_CURVE('',#1615,#1615,#1616,.T.);
#1528=EDGE_CURVE('',#1617,#1617,#1618,.T.);
#1529=EDGE_CURVE('',#1619,#1619,#1620,.T.);
#1530=EDGE_CURVE('',#1621,#1621,#1622,.F.);
#1531=EDGE_CURVE('',#1623,#1623,#1624,.T.);
#1532=EDGE_CURVE('',#1625,#1625,#1626,.T.);
#1533=EDGE_CURVE('',#1627,#1627,#1628,.T.);
#1534=EDGE_CURVE('',#1629,#1629,#1630,.F.);
#1535=VERTEX_POINT('',#1631);
#1536=CIRCLE('',#1632,1.5);
#1537=VERTEX_POINT('',#1636);
#1538=CIRCLE('',#1637,2.);
#1539=VERTEX_POINT('',#1641);
#1540=CIRCLE('',#1642,2.);
#1541=VERTEX_POINT('',#1646);
#1542=CIRCLE('',#1647,6.);
#1543=VERTEX_POINT('',#1651);
#1544=CIRCLE('',#1652,6.);
#1545=VERTEX_POINT('',#1656);
#1546=CIRCLE('',#1657,2.);
#1547=VERTEX_POINT('',#1661);
#1548=CIRCLE('',#1662,2.);
#1549=VERTEX_POINT('',#1666);
#1550=CIRCLE('',#1667,1.5);
#1551=VERTEX_POINT('',#1671);
#1552=CIRCLE('',#1672,3.);
#1553=VERTEX_POINT('',#1676);
#1554=CIRCLE('',#1677,3.);
#1555=VERTEX_POINT('',#1681);
#1556=B_SPLINE_CURVE_WITH_KNOTS('',3,
(#1682,#1683,#1684,#1685,#1686,#1687,#1688,#1689,#1690,#1691,#1692,#1693,#1694,#1695,
#1696,#1697,#1698,#1699,#1700,#1701,#1702,#1703,#1704,#1705,#1706,#1707,#1708,#1709,
#1710,#1711,#1712,#1713,#1714,#1715,#1716,#1717,#1718,#1719,#1720,#1721,#1722,#1723,
#1724,#1725,#1726,#1727,#1728,#1729,#1730,#1731,#1732,#1733),
.UNSPECIFIED.,.T.,.F.,
(4,1,1,1,1,1,1,1,1,1,1,1,1,1,1,1,1,1,1,1,1,1,1,1,1,1,1,1,1,1,1,1,1,1,1,1,1,1,1,1,
1,1,1,1,1,1,1,1,1,4),
(0.,0.0154957722549261,0.0365695620859339,0.0636442383834154,0.0910181808505783,
0.113096693656703,0.135006722746081,0.160394744551606,0.184749591476147,0.202517086302239,
0.217379396696516,0.234465875062396,0.249998715731774,0.253774683756698,0.274327544373589,
0.294884279074147,0.315436839153785,0.337540440987227,0.358486893762641,0.378279577272288,
0.402322766252898,0.432566667615551,0.462486553812603,0.484504236893017,0.499999461118047,
0.503420626977058,0.527039569087855,0.556645042835066,0.583119683029419,0.605168033291262,
0.62703924896499,0.652384958515071,0.676704552146755,0.694454446010395,0.70993729799846,
0.723356323419279,0.734694087648606,0.744354469835444,0.74999898779718,0.754415129345725,
0.764882097435406,0.778890673676852,0.798478468396435,0.825291804758166,0.854648038897101,
0.888783309018238,0.925515722171357,0.957224607574211,0.98188067140439,1.),
.UNSPECIFIED.);
#1557=VERTEX_POINT('',#1734);
#1558=B_SPLINE_CURVE_WITH_KNOTS('',3,
(#1735,#1736,#1737,#1738,#1739,#1740,#1741,#1742,#1743,#1744,#1745,#1746,#1747,#1748,
#1749,#1750,#1751,#1752,#1753,#1754,#1755,#1756,#1757,#1758,#1759,#1760,#1761,#1762,
#1763,#1764,#1765,#1766,#1767,#1768,#1769,#1770,#1771,#1772,#1773,#1774,#1775,#1776,
#1777,#1778,#1779,#1780,#1781,#1782,#1783,#1784,#1785,#1786),
.UNSPECIFIED.,.T.,.F.,
(4,1,1,1,1,1,1,1,1,1,1,1,1,1,1,1,1,1,1,1,1,1,1,1,1,1,1,1,1,1,1,1,1,1,1,1,1,1,1,1,
1,1,1,1,1,1,1,1,1,4),
(0.,0.0154957722549263,0.0365695620859343,0.0636442383834155,0.0910181808505784,
0.113096693656703,0.135006722746081,0.160394744551606,0.184749591476147,0.202517086302239,
0.217379396696517,0.234465875062396,0.249998715731774,0.253774683756697,0.274327544373588,
0.294884279074146,0.315436839153784,0.337540440987227,0.35848689376264,0.378279577272287,
0.402322766252897,0.43256666761555,0.462486553812603,0.484504236893017,0.499999461118046,
0.503420626977058,0.527039569087854,0.556645042835065,0.583119683029419,0.605168033291261,
0.62703924896499,0.652384958515071,0.676704552146755,0.694454446010394,0.709937297998459,
0.723356323419279,0.734694087648605,0.744354469835443,0.74999898779718,0.754415129345723,
0.764882097435404,0.778890673676849,0.798478468396432,0.825291804758164,0.854648038897098,
0.888783309018237,0.925515722171356,0.95722460757421,0.981880671404391,1.),
.UNSPECIFIED.);
#1559=VERTEX_POINT('',#1787);
#1560=CIRCLE('',#1788,2.);
#1561=VERTEX_POINT('',#1792);
#1562=CIRCLE('',#1793,2.);
#1563=VERTEX_POINT('',#1797);
#1564=B_SPLINE_CURVE_WITH_KNOTS('',3,
(#1798,#1799,#1800,#1801,#1802,#1803,#1804,#1805,#1806,#1807,#1808,#1809,#1810,#1811,
#1812,#1813,#1814,#1815,#1816,#1817,#1818,#1819,#1820,#1821,#1822,#1823,#1824,#1825,
#1826,#1827,#1828,#1829,#1830,#1831,#1832,#1833,#1834,#1835,#1836,#1837,#1838,#1839,
#1840,#1841,#1842,#1843,#1844,#1845),
.UNSPECIFIED.,.T.,.F.,
(4,1,1,1,1,1,1,1,1,1,1,1,1,1,1,1,1,1,1,1,1,1,1,1,1,1,1,1,1,1,1,1,1,1,1,1,1,1,1,1,
1,1,1,1,1,4),
(0.,0.0151079920708777,0.0354424770452586,0.0612060886948739,0.0925734794488938,
0.124509803124745,0.154950555763254,0.183521136315497,0.207884631872919,0.229849757810027,
0.249627274466549,0.250000401650795,0.269304360959193,0.288862973247364,0.308505531207812,
0.33045667300052,0.356946654157989,0.389577577572314,0.419635026694042,0.444958150399451,
0.463671527866311,0.482293581365709,0.499998956001095,0.500789265397137,0.519246280890547,
0.537659474378328,0.556071356388893,0.580554384462994,0.60969844626374,0.641589716742703,
0.668317666335024,0.690829093405752,0.711035059142756,0.730772791301252,0.74999947339838,
0.75050036714644,0.770180044745662,0.789742812334259,0.809387654980022,0.831336639190442,
0.8578156747477,0.890430971363991,0.926553189443896,0.957679228827991,0.982015973480526,
1.),
.UNSPECIFIED.);
#1565=VERTEX_POINT('',#1846);
#1566=B_SPLINE_CURVE_WITH_KNOTS('',3,
(#1847,#1848,#1849,#1850,#1851,#1852,#1853,#1854,#1855,#1856,#1857,#1858,#1859,#1860,
#1861,#1862,#1863,#1864,#1865,#1866,#1867,#1868,#1869,#1870,#1871,#1872,#1873,#1874,
#1875,#1876,#1877,#1878,#1879,#1880,#1881,#1882,#1883,#1884,#1885,#1886,#1887,#1888,
#1889,#1890,#1891,#1892,#1893,#1894),
.UNSPECIFIED.,.T.,.F.,
(4,1,1,1,1,1,1,1,1,1,1,1,1,1,1,1,1,1,1,1,1,1,1,1,1,1,1,1,1,1,1,1,1,1,1,1,1,1,1,1,
1,1,1,1,1,4),
(0.,0.015107992070878,0.0354424770452587,0.0612060886948739,0.0925734794488939,0.124509803124745,
0.154950555763254,0.183521136315497,0.207884631872919,0.229849757810027,0.24962727446655,
0.250000401650796,0.269304360959193,0.288862973247365,0.308505531207812,0.33045667300052,
0.356946654157989,0.389577577572314,0.419635026694043,0.444958150399452,0.463671527866311,
0.482293581365709,0.499998956001095,0.500789265397137,0.519246280890547,0.537659474378328,
0.556071356388893,0.580554384462994,0.609698446263741,0.641589716742703,0.668317666335024,
0.690829093405752,0.711035059142756,0.730772791301253,0.74999947339838,0.750500367146441,
0.770180044745663,0.789742812334261,0.809387654980025,0.831336639190445,0.857815674747702,
0.890430971363992,0.926553189443896,0.957679228827991,0.982015973480526,1.),
.UNSPECIFIED.);
#1567=VERTEX_POINT('',#1895);
#1568=CIRCLE('',#1896,5.);
#1569=VERTEX_POINT('',#1900);
#1570=CIRCLE('',#1901,5.);
#1571=VERTEX_POINT('',#1905);
#1572=CIRCLE('',#1906,5.);
#1573=VERTEX_POINT('',#1910);
#1574=CIRCLE('',#1911,5.);
#1575=VERTEX_POINT('',#1915);
#1576=B_SPLINE_CURVE_WITH_KNOTS('',3,
(#1916,#1917,#1918,#1919,#1920,#1921,#1922,#1923,#1924,#1925,#1926,#1927,#1928,#1929,
#1930,#1931,#1932,#1933,#1934,#1935,#1936,#1937,#1938,#1939,#1940,#1941,#1942,#1943,
#1944,#1945,#1946,#1947,#1948,#1949,#1950,#1951,#1952,#1953,#1954,#1955,#1956,#1957),
.UNSPECIFIED.,.T.,.F.,
(4,1,1,1,1,1,1,1,1,1,1,1,1,1,1,1,1,1,1,1,1,1,1,1,1,1,1,1,1,1,1,1,1,1,1,1,1,1,1,4),
(0.,0.0274937631246428,0.05164622463248,0.07246281203646,0.0924478480106521,0.11907665184091,
0.152335021313302,0.192199190303123,0.232013344125303,0.25000007707226,0.271798425703419,
0.311574511411833,0.351344198316144,0.384593834418481,0.41124009895015,0.43129608986318,
0.451275460996,0.471256280844006,0.487498372185883,0.499999993788194,0.506660223814792,
0.526656105237527,0.550389718972948,0.571206428240848,0.591191750853947,0.617821375401921,
0.651081177847854,0.690947118925927,0.730762529817419,0.749999929859455,0.770548215253023,
0.810324444551638,0.850094738874201,0.883342565246557,0.909986845850463,0.930040274971134,
0.950019387927566,0.969999996450746,0.98666108467362,1.),
.UNSPECIFIED.);
#1577=VERTEX_POINT('',#1958);
#1578=B_SPLINE_CURVE_WITH_KNOTS('',3,
(#1959,#1960,#1961,#1962,#1963,#1964,#1965,#1966,#1967,#1968,#1969,#1970,#1971,#1972,
#1973,#1974,#1975,#1976,#1977,#1978,#1979,#1980,#1981,#1982,#1983,#1984,#1985,#1986,
#1987,#1988,#1989,#1990,#1991,#1992,#1993,#1994,#1995,#1996,#1997,#1998,#1999,#2000,
#2001,#2002,#2003),
.UNSPECIFIED.,.T.,.F.,
(4,1,1,1,1,1,1,1,1,1,1,1,1,1,1,1,1,1,1,1,1,1,1,1,1,1,1,1,1,1,1,1,1,1,1,1,1,1,1,1,
1,1,4),
(0.,0.0183442094654781,0.038349631844433,0.0591800265198874,0.0822184037561793,0.108851301344563,
0.142113140609555,0.178731047850419,0.209781164943955,0.233069308054567,0.249997425057754,
0.255169515255488,0.28384542075123,0.320256604441205,0.356704555374452,0.389932293649069,
0.41658840739286,0.438815807693268,0.458822199166546,0.478803325090123,0.498783710240285,
0.499995093901476,0.518760539606224,0.538728721763552,0.558703064089487,0.580903561293428,
0.607559335651318,0.640841490424257,0.677612343707823,0.708802821198809,0.732230466365686,
0.749992317960519,0.754330489449933,0.782867729211974,0.819139687123327,0.855448171156287,
0.888674802533229,0.915329258637161,0.937555436284041,0.956449299493927,0.973371333872889,
0.987517062969668,1.),
.UNSPECIFIED.);
#1579=VERTEX_POINT('',#2004);
#1580=CIRCLE('',#2005,2.);
#1581=VERTEX_POINT('',#2009);
#1582=CIRCLE('',#2010,2.);
#1583=VERTEX_POINT('',#2014);
#1584=(BOUNDED_CURVE()B_SPLINE_CURVE(3,
(#2015,#2016,#2017,#2018,#2019,#2020,#2021,#2022,#2023,#2024,#2025,#2026,#2027,#2028,
#2029,#2030,#2031,#2032,#2033,#2034,#2035,#2036,#2037,#2038,#2039,#2040,#2041,#2042,
#2043,#2044,#2045,#2046,#2047,#2048,#2049,#2050,#2051,#2052,#2053,#2054,#2055,#2056),
.UNSPECIFIED.,.T.,.F.)B_SPLINE_CURVE_WITH_KNOTS((4,1,1,1,1,1,1,1,1,1,1,1,1,1,1,1,
1,1,1,1,1,1,1,1,1,1,1,1,1,1,1,1,1,1,1,1,1,1,1,4),
(0.,0.0186633835957637,0.0386077592084004,0.0598335994844467,0.0797554190001725,
0.106245248598449,0.139190121930722,0.178459438968335,0.215357165183743,0.247619670430808,
0.249996270736361,0.279786165230795,0.313979386913965,0.352518794228219,0.385339518049367,
0.411914537772575,0.432303434905012,0.452176420803418,0.472058196702962,0.488001386050222,
0.499998450690597,0.506624638686896,0.526564439012388,0.550462192142404,0.571689425036863,
0.591597894542984,0.618043473677949,0.650908217228673,0.69007243716003,0.728917608073639,
0.749996552189851,0.767572809917119,0.806165032098527,0.844726663450739,0.877475060750387,
0.910526654635811,0.937449235460622,0.963946521947063,0.982640297699598,1.),
.UNSPECIFIED.)CURVE()GEOMETRIC_REPRESENTATION_ITEM()RATIONAL_B_SPLINE_CURVE((1.,
1.,1.,1.,1.,1.,1.,1.,1.,1.,1.,1.,1.,1.,1.,1.,1.,1.,1.,1.,1.,1.,1.,1.,1.,1.,1.,1.,
1.,1.,1.,1.,1.,1.,1.,1.,1.,1.,1.,1.,1.,1.))REPRESENTATION_ITEM(''));
#1585=VERTEX_POINT('',#2057);
#1586=B_SPLINE_CURVE_WITH_KNOTS('',3,
(#2058,#2059,#2060,#2061,#2062,#2063,#2064,#2065,#2066,#2067,#2068,#2069,#2070,#2071,
#2072,#2073,#2074,#2075,#2076,#2077,#2078,#2079,#2080,#2081,#2082,#2083,#2084,#2085,
#2086,#2087,#2088,#2089,#2090,#2091,#2092,#2093,#2094,#2095,#2096,#2097,#2098,#2099),
.UNSPECIFIED.,.T.,.F.,
(4,1,1,1,1,1,1,1,1,1,1,1,1,1,1,1,1,1,1,1,1,1,1,1,1,1,1,1,1,1,1,1,1,1,1,1,1,1,1,4),
(0.,0.0186633835957637,0.0386077592084007,0.0598335994844468,0.0797554190001727,
0.106245248598449,0.139190121930723,0.178459438968335,0.215357165183743,0.247619670430808,
0.249996270736361,0.279786165230796,0.313979386913966,0.35251879422822,0.385339518049367,
0.411914537772576,0.432303434905012,0.452176420803418,0.472058196702962,0.488001386050222,
0.499998450690597,0.506624638686896,0.526564439012388,0.550462192142404,0.571689425036863,
0.591597894542984,0.618043473677949,0.650908217228673,0.690072437160031,0.72891760807364,
0.749996552189852,0.767572809917119,0.806165032098527,0.84472666345074,0.877475060750386,
0.910526654635811,0.937449235460622,0.963946521947064,0.982640297699598,1.),
.UNSPECIFIED.);
#1587=VERTEX_POINT('',#2100);
#1588=CIRCLE('',#2101,11.);
#1589=VERTEX_POINT('',#2105);
#1590=CIRCLE('',#2106,11.);
#1591=VERTEX_POINT('',#2110);
#1592=CIRCLE('',#2111,4.5);
#1593=VERTEX_POINT('',#2115);
#1594=CIRCLE('',#2116,3.75);
#1595=VERTEX_POINT('',#2120);
#1596=CIRCLE('',#2121,4.5);
#1597=VERTEX_POINT('',#2125);
#1598=CIRCLE('',#2126,3.75);
#1599=VERTEX_POINT('',#2130);
#1600=CIRCLE('',#2131,2.75);
#1601=VERTEX_POINT('',#2135);
#1602=CIRCLE('',#2136,2.);
#1603=VERTEX_POINT('',#2140);
#1604=CIRCLE('',#2141,2.75);
#1605=VERTEX_POINT('',#2145);
#1606=CIRCLE('',#2146,2.);
#1607=VERTEX_POINT('',#2150);
#1608=CIRCLE('',#2151,2.66666666666667);
#1609=VERTEX_POINT('',#2155);
#1610=CIRCLE('',#2156,2.);
#1611=VERTEX_POINT('',#2160);
#1612=CIRCLE('',#2161,2.66666666666667);
#1613=VERTEX_POINT('',#2165);
#1614=CIRCLE('',#2166,2.);
#1615=VERTEX_POINT('',#2170);
#1616=CIRCLE('',#2171,2.75);
#1617=VERTEX_POINT('',#2175);
#1618=CIRCLE('',#2176,2.);
#1619=VERTEX_POINT('',#2180);
#1620=CIRCLE('',#2181,2.75);
#1621=VERTEX_POINT('',#2185);
#1622=CIRCLE('',#2186,2.);
#1623=VERTEX_POINT('',#2190);
#1624=CIRCLE('',#2191,2.66666666666667);
#1625=VERTEX_POINT('',#2195);
#1626=CIRCLE('',#2196,2.);
#1627=VERTEX_POINT('',#2200);
#1628=CIRCLE('',#2201,2.66666666666667);
#1629=VERTEX_POINT('',#2205);
#1630=CIRCLE('',#2206,2.);
#1631=CARTESIAN_POINT('',(-4.0653286231897E-15,1.5,-31.9836814960603));
#1632=AXIS2_PLACEMENT_3D('',#1633,#1634,#1635);
#1633=CARTESIAN_POINT('',(0.,0.,-31.9836814960603));
#1634=DIRECTION('',(0.,0.,-1.));
#1635=DIRECTION('',(-2.9376534876824E-15,1.,0.));
#1636=CARTESIAN_POINT('',(-4.03833677664377E-15,2.,-21.9836814960603));
#1637=AXIS2_PLACEMENT_3D('',#1638,#1639,#1640);
#1638=CARTESIAN_POINT('',(0.,0.,-21.9836814960603));
#1639=DIRECTION('',(0.,0.,-1.));
#1640=DIRECTION('',(-2.01916838832188E-15,1.,0.));
#1641=CARTESIAN_POINT('',(-4.67690260762775E-15,2.,-31.4836814960603));
#1642=AXIS2_PLACEMENT_3D('',#1643,#1644,#1645);
#1643=CARTESIAN_POINT('',(0.,0.,-31.4836814960603));
#1644=DIRECTION('',(0.,0.,-1.));
#1645=DIRECTION('',(-2.01916838832189E-15,1.,0.));
#1646=CARTESIAN_POINT('',(-4.03833677664377E-15,6.,-21.9836814960603));
#1647=AXIS2_PLACEMENT_3D('',#1648,#1649,#1650);
#1648=CARTESIAN_POINT('',(0.,0.,-21.9836814960603));
#1649=DIRECTION('',(0.,0.,-1.));
#1650=DIRECTION('',(-6.73056129440629E-16,1.,0.));
#1651=CARTESIAN_POINT('',(-3.67094273689957E-15,6.,-19.9836814960603));
#1652=AXIS2_PLACEMENT_3D('',#1653,#1654,#1655);
#1653=CARTESIAN_POINT('',(0.,0.,-19.9836814960603));
#1654=DIRECTION('',(0.,0.,-1.));
#1655=DIRECTION('',(-6.11823789483261E-16,1.,0.));
#1656=CARTESIAN_POINT('',(-3.67094273689957E-15,2.,-19.9836814960603));
#1657=AXIS2_PLACEMENT_3D('',#1658,#1659,#1660);
#1658=CARTESIAN_POINT('',(0.,0.,-19.9836814960603));
#1659=DIRECTION('',(0.,0.,-1.));
#1660=DIRECTION('',(-1.83547136844978E-15,1.,0.));
#1661=CARTESIAN_POINT('',(4.7178878372598E-15,2.,26.5163185039397));
#1662=AXIS2_PLACEMENT_3D('',#1663,#1664,#1665);
#1663=CARTESIAN_POINT('',(0.,0.,26.5163185039397));
#1664=DIRECTION('',(0.,0.,-1.));
#1665=DIRECTION('',(2.48140859854463E-15,1.,0.));
#1666=CARTESIAN_POINT('',(3.53841587794485E-15,1.5,27.0163185039397));
#1667=AXIS2_PLACEMENT_3D('',#1668,#1669,#1670);
#1668=CARTESIAN_POINT('',(0.,0.,27.0163185039397));
#1669=DIRECTION('',(0.,0.,-1.));
#1670=DIRECTION('',(2.48140859854463E-15,1.,0.));
#1671=CARTESIAN_POINT('',(-3.,-3.67394039744206E-16,0.));
#1672=AXIS2_PLACEMENT_3D('',#1673,#1674,#1675);
#1673=CARTESIAN_POINT('',(0.,0.,0.));
#1674=DIRECTION('',(0.,0.,-1.));
#1675=DIRECTION('',(-1.,0.,0.));
#1676=CARTESIAN_POINT('',(-3.,-3.67394039744206E-16,-4.));
#1677=AXIS2_PLACEMENT_3D('',#1678,#1679,#1680);
#1678=CARTESIAN_POINT('',(0.,0.,-4.));
#1679=DIRECTION('',(0.,0.,-1.));
#1680=DIRECTION('',(-1.,0.,0.));
#1681=CARTESIAN_POINT('',(-0.75,2.90473750965585,-2.));
#1682=CARTESIAN_POINT('',(-0.749999999999965,2.90473750965572,-2.00000000000643));
#1683=CARTESIAN_POINT('',(-0.750000107682089,2.90473740815901,-1.97556269473877));
#1684=CARTESIAN_POINT('',(-0.747178863173635,2.90546752354396,-1.91788863380874));
#1685=CARTESIAN_POINT('',(-0.730744500199125,2.90967794091704,-1.8187157860453));
#1686=CARTESIAN_POINT('',(-0.693707266709743,2.91884168397672,-1.70541339047495));
#1687=CARTESIAN_POINT('',(-0.637343546529355,2.93175771141997,-1.5989677307222));
#1688=CARTESIAN_POINT('',(-0.570316788800348,2.94555811284144,-1.50928504164071));
#1689=CARTESIAN_POINT('',(-0.49386093123661,2.95947247568111,-1.43190670595704));
#1690=CARTESIAN_POINT('',(-0.403844551791847,2.97325597794576,-1.36440224585632));
#1691=CARTESIAN_POINT('',(-0.31001986237357,2.98441401066604,-1.3146484925874));
#1692=CARTESIAN_POINT('',(-0.225903392245768,2.99178800242349,-1.28344375934119));
#1693=CARTESIAN_POINT('',(-0.150034684917369,2.99655161743582,-1.26386464462691));
#1694=CARTESIAN_POINT('',(-0.0759527685190831,2.99936785360773,-1.25252360104211));
#1695=CARTESIAN_POINT('',(-0.0185433315850758,3.00007296153675,-1.24970814305679));
#1696=CARTESIAN_POINT('',(0.0443281782832043,2.99988584170495,-1.25045697874501));
#1697=CARTESIAN_POINT('',(0.114973757845139,2.99831262117534,-1.25673745042778));
#1698=CARTESIAN_POINT('',(0.209997600567621,2.99312955807223,-1.27781648365993));
#1699=CARTESIAN_POINT('',(0.303623577727162,2.98507743135653,-1.31174856581979));
#1700=CARTESIAN_POINT('',(0.392257272788348,2.97467067317434,-1.35808185798533));
#1701=CARTESIAN_POINT('',(0.472712037206254,2.96284168828722,-1.41510654612357));
#1702=CARTESIAN_POINT('',(0.547418989166135,2.94993342552406,-1.48387961211292));
#1703=CARTESIAN_POINT('',(0.621375893383019,2.93527078696563,-1.57355298541063));
#1704=CARTESIAN_POINT('',(0.68721932407258,2.92042925830524,-1.68861476840147));
#1705=CARTESIAN_POINT('',(0.72938105814778,2.9100273718272,-1.81136987482237));
#1706=CARTESIAN_POINT('',(0.747106020545273,2.90548619090562,-1.91640097578164));
#1707=CARTESIAN_POINT('',(0.750263670384782,2.90466945700702,-1.98095723440183));
#1708=CARTESIAN_POINT('',(0.749540023381549,2.90485613966188,-2.04804223716935));
#1709=CARTESIAN_POINT('',(0.74094427623018,2.90708224896925,-2.13721343119112));
#1710=CARTESIAN_POINT('',(0.708071990861511,2.91536964185374,-2.2588363518969));
#1711=CARTESIAN_POINT('',(0.655638984012357,2.92767706982594,-2.37013894012027));
#1712=CARTESIAN_POINT('',(0.593953519624366,2.94085243088391,-2.46181453753977));
#1713=CARTESIAN_POINT('',(0.521548006944653,2.95468276684802,-2.5427715031262));
#1714=CARTESIAN_POINT('',(0.435192569001614,2.96879221755001,-2.61454233978843));
#1715=CARTESIAN_POINT('',(0.344188927798838,2.98064411337742,-2.66883404620954));
#1716=CARTESIAN_POINT('',(0.261004695728564,2.98893091256349,-2.70457838354122));
#1717=CARTESIAN_POINT('',(0.190836499447094,2.99416939019114,-2.72638729802981));
#1718=CARTESIAN_POINT('',(0.128803808394165,2.99742006991537,-2.7396319435942));
#1719=CARTESIAN_POINT('',(0.0749663648519883,2.99919971465516,-2.74679669253161));
#1720=CARTESIAN_POINT('',(0.0330189741899806,2.99989270866841,-2.74957088223103));
#1721=CARTESIAN_POINT('',(0.00193654317453843,3.00003095543966,-2.75012381897463));
#1722=CARTESIAN_POINT('',(-0.030420370405681,2.99991838496388,-2.74967352304251));
#1723=CARTESIAN_POINT('',(-0.0759366701592467,2.99922546736496,-2.74690094747187));
#1724=CARTESIAN_POINT('',(-0.144836295497183,2.99684656943683,-2.73732484196826));
#1725=CARTESIAN_POINT('',(-0.237281923035781,2.9912240909716,-2.71431021550399));
#1726=CARTESIAN_POINT('',(-0.34776868600992,2.98056839458651,-2.66889241962511));
#1727=CARTESIAN_POINT('',(-0.467661818312722,2.96414031852499,-2.5926698888708));
#1728=CARTESIAN_POINT('',(-0.581393695091134,2.94380658034969,-2.48350455792288));
#1729=CARTESIAN_POINT('',(-0.670574239608391,2.92440316951903,-2.34865149022791));
#1730=CARTESIAN_POINT('',(-0.723676984389146,2.9114757498119,-2.21155684187532));
#1731=CARTESIAN_POINT('',(-0.746140504105906,2.90573684315667,-2.09602907490492));
#1732=CARTESIAN_POINT('',(-0.749999874086409,2.90473762833661,-2.02857473360806));
#1733=CARTESIAN_POINT('',(-0.749999999999965,2.90473750965572,-2.00000000000643));
#1734=CARTESIAN_POINT('',(-0.75,-2.90473750965585,-2.));
#1735=CARTESIAN_POINT('',(-0.749999999999965,-2.90473750965572,-1.99999999999357));
#1736=CARTESIAN_POINT('',(-0.750000107682089,-2.90473740815901,-2.02443730526123));
#1737=CARTESIAN_POINT('',(-0.747178863173634,-2.90546752354396,-2.08211136619126));
#1738=CARTESIAN_POINT('',(-0.730744500199126,-2.90967794091704,-2.1812842139547));
#1739=CARTESIAN_POINT('',(-0.693707266709742,-2.91884168397672,-2.29458660952506));
#1740=CARTESIAN_POINT('',(-0.637343546529355,-2.93175771141997,-2.4010322692778));
#1741=CARTESIAN_POINT('',(-0.570316788800347,-2.94555811284144,-2.4907149583593));
#1742=CARTESIAN_POINT('',(-0.493860931236609,-2.95947247568111,-2.56809329404296));
#1743=CARTESIAN_POINT('',(-0.403844551791847,-2.97325597794576,-2.63559775414368));
#1744=CARTESIAN_POINT('',(-0.31001986237357,-2.98441401066604,-2.6853515074126));
#1745=CARTESIAN_POINT('',(-0.225903392245768,-2.99178800242349,-2.71655624065881));
#1746=CARTESIAN_POINT('',(-0.150034684917368,-2.99655161743582,-2.73613535537309));
#1747=CARTESIAN_POINT('',(-0.0759527685190824,-2.99936785360773,-2.74747639895789));
#1748=CARTESIAN_POINT('',(-0.0185433315850751,-3.00007296153675,-2.75029185694321));
#1749=CARTESIAN_POINT('',(0.044328178283205,-2.99988584170495,-2.74954302125499));
#1750=CARTESIAN_POINT('',(0.114973757845137,-2.99831262117534,-2.74326254957222));
#1751=CARTESIAN_POINT('',(0.209997600567621,-2.99312955807223,-2.72218351634007));
#1752=CARTESIAN_POINT('',(0.303623577727162,-2.98507743135653,-2.68825143418021));
#1753=CARTESIAN_POINT('',(0.392257272788346,-2.97467067317434,-2.64191814201467));
#1754=CARTESIAN_POINT('',(0.472712037206252,-2.96284168828722,-2.58489345387643));
#1755=CARTESIAN_POINT('',(0.547418989166133,-2.94993342552406,-2.51612038788708));
#1756=CARTESIAN_POINT('',(0.621375893383018,-2.93527078696563,-2.42644701458937));
#1757=CARTESIAN_POINT('',(0.68721932407258,-2.92042925830524,-2.31138523159852));
#1758=CARTESIAN_POINT('',(0.729381058147781,-2.9100273718272,-2.18863012517764));
#1759=CARTESIAN_POINT('',(0.747106020545272,-2.90548619090562,-2.08359902421836));
#1760=CARTESIAN_POINT('',(0.750263670384784,-2.90466945700702,-2.01904276559818));
#1761=CARTESIAN_POINT('',(0.749540023381547,-2.90485613966188,-1.95195776283065));
#1762=CARTESIAN_POINT('',(0.74094427623018,-2.90708224896925,-1.86278656880888));
#1763=CARTESIAN_POINT('',(0.708071990861511,-2.91536964185374,-1.7411636481031));
#1764=CARTESIAN_POINT('',(0.655638984012357,-2.92767706982594,-1.62986105987973));
#1765=CARTESIAN_POINT('',(0.593953519624366,-2.94085243088391,-1.53818546246023));
#1766=CARTESIAN_POINT('',(0.521548006944655,-2.95468276684802,-1.4572284968738));
#1767=CARTESIAN_POINT('',(0.435192569001614,-2.96879221755001,-1.38545766021157));
#1768=CARTESIAN_POINT('',(0.344188927798838,-2.98064411337742,-1.33116595379046));
#1769=CARTESIAN_POINT('',(0.261004695728565,-2.9889309125635,-1.29542161645878));
#1770=CARTESIAN_POINT('',(0.190836499447095,-2.99416939019115,-1.27361270197018));
#1771=CARTESIAN_POINT('',(0.128803808394165,-2.99742006991537,-1.2603680564058));
#1772=CARTESIAN_POINT('',(0.0749663648519902,-2.99919971465517,-1.25320330746839));
#1773=CARTESIAN_POINT('',(0.0330189741899825,-2.9998927086684,-1.25042911776897));
#1774=CARTESIAN_POINT('',(0.00193654317454032,-3.00003095543966,-1.24987618102537));
#1775=CARTESIAN_POINT('',(-0.0304203704056779,-2.99991838496388,-1.25032647695749));
#1776=CARTESIAN_POINT('',(-0.0759366701592402,-2.99922546736497,-1.25309905252813));
#1777=CARTESIAN_POINT('',(-0.144836295497172,-2.99684656943683,-1.26267515803174));
#1778=CARTESIAN_POINT('',(-0.237281923035772,-2.9912240909716,-1.28568978449601));
#1779=CARTESIAN_POINT('',(-0.347768686009912,-2.98056839458651,-1.33110758037489));
#1780=CARTESIAN_POINT('',(-0.467661818312715,-2.964140318525,-1.40733011112919));
#1781=CARTESIAN_POINT('',(-0.581393695091132,-2.94380658034969,-1.51649544207712));
#1782=CARTESIAN_POINT('',(-0.67057423960839,-2.92440316951903,-1.65134850977209));
#1783=CARTESIAN_POINT('',(-0.723676984389146,-2.9114757498119,-1.78844315812468));
#1784=CARTESIAN_POINT('',(-0.746140504105907,-2.90573684315667,-1.90397092509508));
#1785=CARTESIAN_POINT('',(-0.749999874086409,-2.90473762833661,-1.97142526639194));
#1786=CARTESIAN_POINT('',(-0.749999999999965,-2.90473750965572,-1.99999999999357));
#1787=CARTESIAN_POINT('',(-2.,8.16431199431569E-17,2.375));
#1788=AXIS2_PLACEMENT_3D('',#1789,#1790,#1791);
#1789=CARTESIAN_POINT('',(0.,0.,2.375));
#1790=DIRECTION('',(0.,0.,1.));
#1791=DIRECTION('',(1.,0.,0.));
#1792=CARTESIAN_POINT('',(-2.,-2.44929359829471E-16,-4.));
#1793=AXIS2_PLACEMENT_3D('',#1794,#1795,#1796);
#1794=CARTESIAN_POINT('',(0.,0.,-4.));
#1795=DIRECTION('',(0.,0.,-1.));
#1796=DIRECTION('',(-1.,0.,0.));
#1797=CARTESIAN_POINT('',(-0.75,-1.85404962246851,-2.));
#1798=CARTESIAN_POINT('',(-0.749999999879274,-1.85404962217005,-1.99999999976207));
#1799=CARTESIAN_POINT('',(-0.750000177011848,-1.85404941130385,-2.02395367961459));
#1800=CARTESIAN_POINT('',(-0.747305006636382,-1.85514230476475,-2.08014874512574));
#1801=CARTESIAN_POINT('',(-0.73180726706198,-1.86136068041435,-2.17598567983109));
#1802=CARTESIAN_POINT('',(-0.694908561601449,-1.87564466700605,-2.29273091828642));
#1803=CARTESIAN_POINT('',(-0.629571393569496,-1.89897392828587,-2.41652336531798));
#1804=CARTESIAN_POINT('',(-0.537075989312159,-1.92752879422304,-2.53023557302465));
#1805=CARTESIAN_POINT('',(-0.427768618739209,-1.95489337159757,-2.621215368954));
#1806=CARTESIAN_POINT('',(-0.313465903583227,-1.97641632954193,-2.68516776039578));
#1807=CARTESIAN_POINT('',(-0.202110264725131,-1.99071709661271,-2.72503969086229));
#1808=CARTESIAN_POINT('',(-0.0993175639693528,-1.99834765128788,-2.74560701493642));
#1809=CARTESIAN_POINT('',(-0.03254504962325,-1.99998582193424,-2.74996218945398));
#1810=CARTESIAN_POINT('',(0.0300190871341517,-2.00001358491291,-2.75003622444882));
#1811=CARTESIAN_POINT('',(0.0922361255563615,-1.99857791989664,-2.7462198201961));
#1812=CARTESIAN_POINT('',(0.183418914978327,-1.99225962979886,-2.72920586762447));
#1813=CARTESIAN_POINT('',(0.275453024526418,-1.98166349744576,-2.69989199162963));
#1814=CARTESIAN_POINT('',(0.372358001262573,-1.96590986460997,-2.65436149329284));
#1815=CARTESIAN_POINT('',(0.477793058920296,-1.94317114372731,-2.58363522389948));
#1816=CARTESIAN_POINT('',(0.577398554896688,-1.91567366830048,-2.48609841093359));
#1817=CARTESIAN_POINT('',(0.655303058485283,-1.8899840390116,-2.37247912341244));
#1818=CARTESIAN_POINT('',(0.703662419599316,-1.87224955685894,-2.2664500182543));
#1819=CARTESIAN_POINT('',(0.731883462715926,-1.86131628756953,-2.17164109185864));
#1820=CARTESIAN_POINT('',(0.746761398905198,-1.85536432482079,-2.08566783511913));
#1821=CARTESIAN_POINT('',(0.750070347927016,-1.85402116399925,-2.02681820705053));
#1822=CARTESIAN_POINT('',(0.749923535397924,-1.85408054480619,-1.96823107432516));
#1823=CARTESIAN_POINT('',(0.746123905660382,-1.85562298528115,-1.90854356602403));
#1824=CARTESIAN_POINT('',(0.730400292033536,-1.86190075147819,-1.82235750061134));
#1825=CARTESIAN_POINT('',(0.702106949628468,-1.87283168742302,-1.72983183407793));
#1826=CARTESIAN_POINT('',(0.654713556308995,-1.89016592789576,-1.62696052120727));
#1827=CARTESIAN_POINT('',(0.5792158239538,-1.91507296747012,-1.51645503520059));
#1828=CARTESIAN_POINT('',(0.481867760413741,-1.94212940775796,-1.41982584789088));
#1829=CARTESIAN_POINT('',(0.376974742998857,-1.96505109269503,-1.34817988938654));
#1830=CARTESIAN_POINT('',(0.278420518448945,-1.98128610756066,-1.30115741942141));
#1831=CARTESIAN_POINT('',(0.184496299863064,-1.9921865304395,-1.27099006926002));
#1832=CARTESIAN_POINT('',(0.0922750298750982,-1.99858000378354,-1.25377481032064));
#1833=CARTESIAN_POINT('',(0.0296939106876462,-2.00001816255102,-1.24995156736431));
#1834=CARTESIAN_POINT('',(-0.0327950647268168,-1.99998094118994,-1.25005083060279));
#1835=CARTESIAN_POINT('',(-0.0958023272296291,-1.9984230107383,-1.25419238135562));
#1836=CARTESIAN_POINT('',(-0.187471307315566,-1.99188066210298,-1.27182548260137));
#1837=CARTESIAN_POINT('',(-0.279329437545438,-1.98111778316919,-1.3016470386153));
#1838=CARTESIAN_POINT('',(-0.375945473520152,-1.96522135769886,-1.34769600399229));
#1839=CARTESIAN_POINT('',(-0.480938732366171,-1.94238541834764,-1.41896107512584));
#1840=CARTESIAN_POINT('',(-0.586726339394379,-1.91300926438591,-1.52366319120774));
#1841=CARTESIAN_POINT('',(-0.67219794163924,-1.88413916381943,-1.65497970446247));
#1842=CARTESIAN_POINT('',(-0.724021756016802,-1.86446042555712,-1.79000918114632));
#1843=CARTESIAN_POINT('',(-0.74616784541004,-1.85560458207725,-1.90438849479394));
#1844=CARTESIAN_POINT('',(-0.749999789026839,-1.85404987317781,-1.9714863752059));
#1845=CARTESIAN_POINT('',(-0.749999999879274,-1.85404962217005,-1.99999999976207));
#1846=CARTESIAN_POINT('',(-0.75,1.85404962246851,-2.));
#1847=CARTESIAN_POINT('',(-0.749999999879274,1.85404962217005,-2.00000000023792));
#1848=CARTESIAN_POINT('',(-0.750000177011848,1.85404941130385,-1.97604632038541));
#1849=CARTESIAN_POINT('',(-0.747305006636382,1.85514230476475,-1.91985125487425));
#1850=CARTESIAN_POINT('',(-0.73180726706198,1.86136068041435,-1.82401432016891));
#1851=CARTESIAN_POINT('',(-0.694908561601449,1.87564466700605,-1.70726908171358));
#1852=CARTESIAN_POINT('',(-0.629571393569496,1.89897392828587,-1.58347663468202));
#1853=CARTESIAN_POINT('',(-0.537075989312159,1.92752879422304,-1.46976442697535));
#1854=CARTESIAN_POINT('',(-0.427768618739209,1.95489337159757,-1.378784631046));
#1855=CARTESIAN_POINT('',(-0.313465903583227,1.97641632954193,-1.31483223960422));
#1856=CARTESIAN_POINT('',(-0.202110264725132,1.99071709661271,-1.27496030913771));
#1857=CARTESIAN_POINT('',(-0.0993175639693525,1.99834765128788,-1.25439298506358));
#1858=CARTESIAN_POINT('',(-0.0325450496232515,1.99998582193423,-1.25003781054603));
#1859=CARTESIAN_POINT('',(0.0300190871341535,2.00001358491292,-1.24996377555117));
#1860=CARTESIAN_POINT('',(0.0922361255563608,1.99857791989664,-1.25378017980391));
#1861=CARTESIAN_POINT('',(0.183418914978328,1.99225962979886,-1.27079413237553));
#1862=CARTESIAN_POINT('',(0.275453024526418,1.98166349744576,-1.30010800837037));
#1863=CARTESIAN_POINT('',(0.372358001262574,1.96590986460997,-1.34563850670716));
#1864=CARTESIAN_POINT('',(0.477793058920295,1.94317114372731,-1.41636477610052));
#1865=CARTESIAN_POINT('',(0.577398554896688,1.91567366830048,-1.51390158906641));
#1866=CARTESIAN_POINT('',(0.655303058485283,1.8899840390116,-1.62752087658756));
#1867=CARTESIAN_POINT('',(0.703662419599316,1.87224955685894,-1.7335499817457));
#1868=CARTESIAN_POINT('',(0.731883462715926,1.86131628756953,-1.82835890814136));
#1869=CARTESIAN_POINT('',(0.746761398905198,1.85536432482079,-1.91433216488087));
#1870=CARTESIAN_POINT('',(0.750070347927016,1.85402116399926,-1.97318179294948));
#1871=CARTESIAN_POINT('',(0.749923535397924,1.85408054480618,-2.03176892567484));
#1872=CARTESIAN_POINT('',(0.746123905660382,1.85562298528116,-2.09145643397597));
#1873=CARTESIAN_POINT('',(0.730400292033536,1.86190075147819,-2.17764249938866));
#1874=CARTESIAN_POINT('',(0.702106949628468,1.87283168742302,-2.27016816592207));
#1875=CARTESIAN_POINT('',(0.654713556308994,1.89016592789576,-2.37303947879273));
#1876=CARTESIAN_POINT('',(0.5792158239538,1.91507296747012,-2.48354496479941));
#1877=CARTESIAN_POINT('',(0.481867760413742,1.94212940775796,-2.58017415210912));
#1878=CARTESIAN_POINT('',(0.376974742998858,1.96505109269504,-2.65182011061346));
#1879=CARTESIAN_POINT('',(0.278420518448943,1.98128610756066,-2.69884258057859));
#1880=CARTESIAN_POINT('',(0.184496299863064,1.9921865304395,-2.72900993073998));
#1881=CARTESIAN_POINT('',(0.0922750298750988,1.99858000378354,-2.74622518967936));
#1882=CARTESIAN_POINT('',(0.0296939106876404,2.00001816255102,-2.7500484326357));
#1883=CARTESIAN_POINT('',(-0.0327950647268155,1.99998094118994,-2.74994916939721));
#1884=CARTESIAN_POINT('',(-0.0958023272296366,1.9984230107383,-2.74580761864438));
#1885=CARTESIAN_POINT('',(-0.187471307315575,1.99188066210298,-2.72817451739863));
#1886=CARTESIAN_POINT('',(-0.27932943754545,1.98111778316919,-2.69835296138469));
#1887=CARTESIAN_POINT('',(-0.375945473520162,1.96522135769886,-2.6523039960077));
#1888=CARTESIAN_POINT('',(-0.480938732366178,1.94238541834764,-2.58103892487415));
#1889=CARTESIAN_POINT('',(-0.586726339394381,1.9130092643859,-2.47633680879226));
#1890=CARTESIAN_POINT('',(-0.672197941639241,1.88413916381943,-2.34502029553752));
#1891=CARTESIAN_POINT('',(-0.724021756016802,1.86446042555712,-2.20999081885368));
#1892=CARTESIAN_POINT('',(-0.74616784541004,1.85560458207725,-2.09561150520606));
#1893=CARTESIAN_POINT('',(-0.749999789026839,1.85404987317781,-2.0285136247941));
#1894=CARTESIAN_POINT('',(-0.749999999879274,1.85404962217005,-2.00000000023792));
#1895=CARTESIAN_POINT('',(5.,-6.12323399573677E-16,0.));
#1896=AXIS2_PLACEMENT_3D('',#1897,#1898,#1899);
#1897=CARTESIAN_POINT('',(0.,0.,0.));
#1898=DIRECTION('',(0.,0.,1.));
#1899=DIRECTION('',(1.,0.,0.));
#1900=CARTESIAN_POINT('',(5.,-6.12323399573677E-16,2.375));
#1901=AXIS2_PLACEMENT_3D('',#1902,#1903,#1904);
#1902=CARTESIAN_POINT('',(0.,0.,2.375));
#1903=DIRECTION('',(0.,0.,1.));
#1904=DIRECTION('',(1.,0.,0.));
#1905=CARTESIAN_POINT('',(-5.,-6.12323399573677E-16,0.));
#1906=AXIS2_PLACEMENT_3D('',#1907,#1908,#1909);
#1907=CARTESIAN_POINT('',(0.,0.,0.));
#1908=DIRECTION('',(0.,0.,-1.));
#1909=DIRECTION('',(-1.,0.,0.));
#1910=CARTESIAN_POINT('',(-5.,-6.12323399573677E-16,-4.));
#1911=AXIS2_PLACEMENT_3D('',#1912,#1913,#1914);
#1912=CARTESIAN_POINT('',(0.,0.,-4.));
#1913=DIRECTION('',(0.,0.,-1.));
#1914=DIRECTION('',(-1.,0.,0.));
#1915=CARTESIAN_POINT('',(2.75545529808154E-16,5.00000000000066,-2.5));
#1916=CARTESIAN_POINT('',(4.87375107285914E-10,5.00000000000033,-2.5));
#1917=CARTESIAN_POINT('',(-0.028797119468246,4.99999956378288,-2.49999856911113));
#1918=CARTESIAN_POINT('',(-0.0829097477303421,4.99952786872389,-2.4953137133365));
#1919=CARTESIAN_POINT('',(-0.156701344584043,4.99769435157387,-2.4765679439836));
#1920=CARTESIAN_POINT('',(-0.219747480434455,4.99527990430936,-2.45064796023455));
#1921=CARTESIAN_POINT('',(-0.281193213132335,4.99221474134527,-2.41561291937627));
#1922=CARTESIAN_POINT('',(-0.347227923537162,4.98809190181186,-2.36387855194844));
#1923=CARTESIAN_POINT('',(-0.416300495968165,4.98278978756777,-2.28484615723151));
#1924=CARTESIAN_POINT('',(-0.472244074437271,4.97771145687968,-2.1796262568404));
#1925=CARTESIAN_POINT('',(-0.496576276085907,4.97528102939873,-2.07941659424023));
#1926=CARTESIAN_POINT('',(-0.501291577141042,4.97480735759883,-1.99600595566818));
#1927=CARTESIAN_POINT('',(-0.495576977646142,4.97538223091704,-1.91263441848308));
#1928=CARTESIAN_POINT('',(-0.467857607097499,4.97813433710484,-1.80928918340304));
#1929=CARTESIAN_POINT('',(-0.409545966910781,4.98335901065668,-1.70554746762557));
#1930=CARTESIAN_POINT('',(-0.338730827775433,4.98868306499233,-1.62819743048011));
#1931=CARTESIAN_POINT('',(-0.27144897379633,4.99275833181758,-1.57795032107925));
#1932=CARTESIAN_POINT('',(-0.209888455113732,4.99570224481726,-1.54473268125155));
#1933=CARTESIAN_POINT('',(-0.151149562984074,4.99783507386682,-1.52201352369865));
#1934=CARTESIAN_POINT('',(-0.0939007284299939,4.99922379414752,-1.50779111107492));
#1935=CARTESIAN_POINT('',(-0.0431945010519536,4.99988163226644,-1.50118224411159));
#1936=CARTESIAN_POINT('',(-0.00611796212245883,5.00002739395408,-1.49972611663327));
#1937=CARTESIAN_POINT('',(0.0348926104398726,4.99994163516222,-1.50058390240978));
#1938=CARTESIAN_POINT('',(0.0875109993067042,4.99938889385213,-1.50611166602802));
#1939=CARTESIAN_POINT('',(0.153341012221315,4.99779664558198,-1.52237322105652));
#1940=CARTESIAN_POINT('',(0.216184311621661,4.9954362184672,-1.54763183437164));
#1941=CARTESIAN_POINT('',(0.277906643558329,4.99240009066692,-1.58218214426112));
#1942=CARTESIAN_POINT('',(0.34435004906977,4.98829377638424,-1.63339649348623));
#1943=CARTESIAN_POINT('',(0.414045388490075,4.98298109123065,-1.71188521127843));
#1944=CARTESIAN_POINT('',(0.470816260311946,4.97784960867936,-1.8166636661126));
#1945=CARTESIAN_POINT('',(0.496258179402544,4.97531318692815,-1.91796075830198));
#1946=CARTESIAN_POINT('',(0.501302164868718,4.974806293825,-2.00137362683475));
#1947=CARTESIAN_POINT('',(0.495916208194611,4.9753478202271,-2.08474570610601));
#1948=CARTESIAN_POINT('',(0.469341220951458,4.97799169556535,-2.18703101234104));
#1949=CARTESIAN_POINT('',(0.411844876903116,4.98316614018681,-2.29122834372385));
#1950=CARTESIAN_POINT('',(0.34164108914898,4.98848223478376,-2.36912962694134));
#1951=CARTESIAN_POINT('',(0.274762512727155,4.9925757651518,-2.41989954448149));
#1952=CARTESIAN_POINT('',(0.213471216083181,4.99554961938005,-2.45359816966821));
#1953=CARTESIAN_POINT('',(0.154917718549557,4.99771906547253,-2.47677840188175));
#1954=CARTESIAN_POINT('',(0.0973580551292282,4.9991597573037,-2.4915616816006));
#1955=CARTESIAN_POINT('',(0.0453883274229596,4.99986798628759,-2.49868273535211));
#1956=CARTESIAN_POINT('',(0.0139712543673996,5.00000021163624,-2.50000069421219));
#1957=CARTESIAN_POINT('',(4.87375107285914E-10,5.00000000000033,-2.5));
#1958=CARTESIAN_POINT('',(2.75545529808154E-16,-5.00000000034304,-2.5));
#1959=CARTESIAN_POINT('',(-4.00566980626738E-10,-5.00000000017152,-2.5));
#1960=CARTESIAN_POINT('',(0.019218499570549,-4.9999999289902,-2.49999973125772));
#1961=CARTESIAN_POINT('',(0.0594107647895314,-4.99976731085081,-2.497680179166));
#1962=CARTESIAN_POINT('',(0.120553409827877,-4.99867676218398,-2.48666549329757));
#1963=CARTESIAN_POINT('',(0.184476980172967,-4.99673449035,-2.46643082021797));
#1964=CARTESIAN_POINT('',(0.251303035899441,-4.99383649694678,-2.43461059881517));
#1965=CARTESIAN_POINT('',(0.32318061076639,-4.98972674777256,-2.38539633644496));
#1966=CARTESIAN_POINT('',(0.394773281306565,-4.98455235635727,-2.31337120663221));
#1967=CARTESIAN_POINT('',(0.451530771625078,-4.97963890174445,-2.22343435521064));
#1968=CARTESIAN_POINT('',(0.484384657301659,-4.97649545598257,-2.13352766906207));
#1969=CARTESIAN_POINT('',(0.497756503608782,-4.97516315670869,-2.05987021403428));
#1970=CARTESIAN_POINT('',(0.50028827113913,-4.97490822890714,-2.0123167741962));
#1971=CARTESIAN_POINT('',(0.499423807569849,-4.97499499956438,-1.95911869463553));
#1972=CARTESIAN_POINT('',(0.490386063749409,-4.97590645572873,-1.88576423163226));
#1973=CARTESIAN_POINT('',(0.455980250638396,-4.97924359020689,-1.78439240260881));
#1974=CARTESIAN_POINT('',(0.396972176927921,-4.98437390141571,-1.68945859315532));
#1975=CARTESIAN_POINT('',(0.326056389029701,-4.98953729127767,-1.61703512852001));
#1976=CARTESIAN_POINT('',(0.255260632604072,-4.99362985528135,-1.56777433346395));
#1977=CARTESIAN_POINT('',(0.190290174636434,-4.99650499673096,-1.53603617451005));
#1978=CARTESIAN_POINT('',(0.128345981383633,-4.99847617767934,-1.51539002298065));
#1979=CARTESIAN_POINT('',(0.0665986454545755,-4.99968634466497,-1.50312664616486));
#1980=CARTESIAN_POINT('',(0.0234760756098345,-4.99999154735467,-1.50008455675131));
#1981=CARTESIAN_POINT('',(-0.0183947542018323,-5.00000748875376,-1.49992511438782));
#1982=CARTESIAN_POINT('',(-0.0602528617143834,-4.9997594974773,-1.50239717368953));
#1983=CARTESIAN_POINT('',(-0.120880913298709,-4.99866298582405,-1.51347716820423));
#1984=CARTESIAN_POINT('',(-0.183066376078993,-4.99677608770848,-1.53314297361557));
#1985=CARTESIAN_POINT('',(-0.24847034173506,-4.99397482817043,-1.56383771224036));
#1986=CARTESIAN_POINT('',(-0.320055848852658,-4.98993080737219,-1.61199914023847));
#1987=CARTESIAN_POINT('',(-0.392370867940688,-4.98474614290651,-1.68359366334609));
#1988=CARTESIAN_POINT('',(-0.449979833154908,-4.97978201513928,-1.77338535258787));
#1989=CARTESIAN_POINT('',(-0.483582568948563,-4.97657433427163,-1.8635034146252));
#1990=CARTESIAN_POINT('',(-0.497588698999677,-4.97518015111064,-1.93823608962669));
#1991=CARTESIAN_POINT('',(-0.500253705320474,-4.97491170096846,-1.98593596264039));
#1992=CARTESIAN_POINT('',(-0.499530579592514,-4.97498428869116,-2.03898882840652));
#1993=CARTESIAN_POINT('',(-0.491046148897687,-4.97584041823748,-2.11122883933025));
#1994=CARTESIAN_POINT('',(-0.457444898412972,-4.979106240858,-2.21240298915377));
#1995=CARTESIAN_POINT('',(-0.399298712371455,-4.98418424022495,-2.30751743134312));
#1996=CARTESIAN_POINT('',(-0.329057885991923,-4.98933788768748,-2.38038843349921));
#1997=CARTESIAN_POINT('',(-0.258657149481837,-4.99345372360028,-2.43020154803432));
#1998=CARTESIAN_POINT('',(-0.194986190316093,-4.99631675018952,-2.46192828065241));
#1999=CARTESIAN_POINT('',(-0.137438644297475,-4.99820931662892,-2.48184028590268));
#2000=CARTESIAN_POINT('',(-0.0862772614639771,-4.99933337430678,-2.49330936167168));
#2001=CARTESIAN_POINT('',(-0.0409686441140447,-4.99989030912101,-2.49890483953651));
#2002=CARTESIAN_POINT('',(-0.0130778779405263,-5.00000004860925,-2.50000018287476));
#2003=CARTESIAN_POINT('',(-4.00566980626738E-10,-5.00000000017152,-2.5));
#2004=CARTESIAN_POINT('',(-2.,8.16431199431569E-17,2.));
#2005=AXIS2_PLACEMENT_3D('',#2006,#2007,#2008);
#2006=CARTESIAN_POINT('',(0.,0.,2.));
#2007=DIRECTION('',(0.,0.,1.));
#2008=DIRECTION('',(1.,0.,0.));
#2009=CARTESIAN_POINT('',(-2.,-2.44929359829471E-16,-4.));
#2010=AXIS2_PLACEMENT_3D('',#2011,#2012,#2013);
#2011=CARTESIAN_POINT('',(0.,0.,-4.));
#2012=DIRECTION('',(0.,0.,-1.));
#2013=DIRECTION('',(-1.,0.,0.));
#2014=CARTESIAN_POINT('',(2.75545529808154E-16,-2.00000000000159,-2.5));
#2015=CARTESIAN_POINT('',(-1.57009403742303E-9,-2.0000000000008,-2.5));
#2016=CARTESIAN_POINT('',(0.0196207171379367,-1.99999990406434,-2.49999969585324));
#2017=CARTESIAN_POINT('',(0.0602197103280248,-1.99939984125139,-2.49760692106779));
#2018=CARTESIAN_POINT('',(0.12217455089911,-1.99659863020154,-2.48629069612631));
#2019=CARTESIAN_POINT('',(0.183318187654839,-1.99188718434661,-2.46668217179829));
#2020=CARTESIAN_POINT('',(0.247495815376684,-1.98498087911462,-2.43649685433991));
#2021=CARTESIAN_POINT('',(0.316810928660746,-1.97521982347396,-2.39056599611089));
#2022=CARTESIAN_POINT('',(0.391004577107026,-1.96188111053123,-2.31845711769191));
#2023=CARTESIAN_POINT('',(0.453312584108837,-1.94818729856609,-2.22207126731044));
#2024=CARTESIAN_POINT('',(0.490914151419434,-1.93885647312493,-2.1140100538479));
#2025=CARTESIAN_POINT('',(0.499727148906851,-1.9365620516962,-2.03891773283008));
#2026=CARTESIAN_POINT('',(0.500234768291987,-1.93643104340988,-1.97117805738482));
#2027=CARTESIAN_POINT('',(0.493658037259878,-1.93814344123769,-1.90141612406376));
#2028=CARTESIAN_POINT('',(0.462135494185404,-1.94604875640463,-1.79795206409379));
#2029=CARTESIAN_POINT('',(0.406535784061285,-1.95865392595673,-1.70179225015938));
#2030=CARTESIAN_POINT('',(0.336755963008038,-1.97187821336512,-1.62650354692643));
#2031=CARTESIAN_POINT('',(0.269620520326635,-1.98208427610831,-1.57676610146194));
#2032=CARTESIAN_POINT('',(0.207843624588448,-1.98945287585741,-1.54378010481544));
#2033=CARTESIAN_POINT('',(0.148839144004937,-1.9947552600572,-1.52129933657826));
#2034=CARTESIAN_POINT('',(0.0919190300831957,-1.99814730766933,-1.5074352390782));
#2035=CARTESIAN_POINT('',(0.0419882916030302,-1.9997217263361,-1.50111194056235));
#2036=CARTESIAN_POINT('',(0.00564698626629238,-2.00006590996048,-1.49973639983469));
#2037=CARTESIAN_POINT('',(-0.0348978102502979,-1.99985417152529,-1.50058356187003));
#2038=CARTESIAN_POINT('',(-0.087767530335489,-1.99846523332512,-1.50613967198486));
#2039=CARTESIAN_POINT('',(-0.154248448101185,-1.99442739377142,-1.52261739536961));
#2040=CARTESIAN_POINT('',(-0.217524759128919,-1.98842282051876,-1.54825181788845));
#2041=CARTESIAN_POINT('',(-0.279158922813326,-1.98074605871966,-1.58305196390867));
#2042=CARTESIAN_POINT('',(-0.344721152181205,-1.97048467754928,-1.63385347654111));
#2043=CARTESIAN_POINT('',(-0.413260356054699,-1.95723203220638,-1.71104075687422));
#2044=CARTESIAN_POINT('',(-0.469317521476093,-1.94433222969584,-1.81345081002223));
#2045=CARTESIAN_POINT('',(-0.495808726330293,-1.93757514736511,-1.91482949313386));
#2046=CARTESIAN_POINT('',(-0.501228868427331,-1.93617429818044,-1.99631733310044));
#2047=CARTESIAN_POINT('',(-0.496726574352523,-1.93733638713074,-2.07753762385097));
#2048=CARTESIAN_POINT('',(-0.473619001625673,-1.94326398556048,-2.17503654493114));
#2049=CARTESIAN_POINT('',(-0.420642512602828,-1.95562165232499,-2.2779501765948));
#2050=CARTESIAN_POINT('',(-0.350288568007757,-1.96956636295364,-2.36173506083937));
#2051=CARTESIAN_POINT('',(-0.273859774083802,-1.98171319878107,-2.42186659452431));
#2052=CARTESIAN_POINT('',(-0.193303144490591,-1.99114845755186,-2.46367257970087));
#2053=CARTESIAN_POINT('',(-0.121053595351993,-1.9967440006561,-2.48688588430581));
#2054=CARTESIAN_POINT('',(-0.0561435728192812,-1.99947922682134,-2.49792303057707));
#2055=CARTESIAN_POINT('',(-0.0182501668707019,-2.00000008923587,-2.50000028290139));
#2056=CARTESIAN_POINT('',(-1.57009403742303E-9,-2.0000000000008,-2.5));
#2057=CARTESIAN_POINT('',(2.75545529808154E-16,2.00000000000159,-2.5));
#2058=CARTESIAN_POINT('',(1.57009366966165E-9,2.0000000000008,-2.5));
#2059=CARTESIAN_POINT('',(-0.0196207171379369,1.99999990406434,-2.49999969585325));
#2060=CARTESIAN_POINT('',(-0.0602197103280243,1.99939984125139,-2.49760692106779));
#2061=CARTESIAN_POINT('',(-0.12217455089911,1.99659863020154,-2.48629069612631));
#2062=CARTESIAN_POINT('',(-0.183318187654839,1.99188718434661,-2.46668217179829));
#2063=CARTESIAN_POINT('',(-0.247495815376684,1.98498087911462,-2.43649685433991));
#2064=CARTESIAN_POINT('',(-0.316810928660746,1.97521982347396,-2.39056599611089));
#2065=CARTESIAN_POINT('',(-0.391004577107026,1.96188111053123,-2.3184571176919));
#2066=CARTESIAN_POINT('',(-0.453312584108837,1.9481872985661,-2.22207126731044));
#2067=CARTESIAN_POINT('',(-0.490914151419435,1.93885647312493,-2.1140100538479));
#2068=CARTESIAN_POINT('',(-0.499727148906849,1.9365620516962,-2.03891773283008));
#2069=CARTESIAN_POINT('',(-0.500234768291988,1.93643104340988,-1.97117805738482));
#2070=CARTESIAN_POINT('',(-0.493658037259877,1.9381434412377,-1.90141612406376));
#2071=CARTESIAN_POINT('',(-0.462135494185403,1.94604875640463,-1.79795206409379));
#2072=CARTESIAN_POINT('',(-0.406535784061284,1.95865392595673,-1.70179225015938));
#2073=CARTESIAN_POINT('',(-0.336755963008035,1.97187821336512,-1.62650354692643));
#2074=CARTESIAN_POINT('',(-0.269620520326634,1.98208427610831,-1.57676610146194));
#2075=CARTESIAN_POINT('',(-0.207843624588446,1.98945287585741,-1.54378010481544));
#2076=CARTESIAN_POINT('',(-0.148839144004937,1.9947552600572,-1.52129933657826));
#2077=CARTESIAN_POINT('',(-0.0919190300831943,1.99814730766933,-1.5074352390782));
#2078=CARTESIAN_POINT('',(-0.0419882916030298,1.9997217263361,-1.50111194056235));
#2079=CARTESIAN_POINT('',(-0.00564698626629169,2.00006590996048,-1.49973639983469));
#2080=CARTESIAN_POINT('',(0.0348978102502986,1.99985417152529,-1.50058356187003));
#2081=CARTESIAN_POINT('',(0.0877675303354906,1.99846523332512,-1.50613967198486));
#2082=CARTESIAN_POINT('',(0.154248448101186,1.99442739377142,-1.52261739536961));
#2083=CARTESIAN_POINT('',(0.217524759128919,1.98842282051876,-1.54825181788845));
#2084=CARTESIAN_POINT('',(0.279158922813327,1.98074605871966,-1.58305196390867));
#2085=CARTESIAN_POINT('',(0.344721152181206,1.97048467754927,-1.63385347654111));
#2086=CARTESIAN_POINT('',(0.413260356054699,1.95723203220638,-1.71104075687423));
#2087=CARTESIAN_POINT('',(0.469317521476094,1.94433222969584,-1.81345081002223));
#2088=CARTESIAN_POINT('',(0.495808726330293,1.93757514736511,-1.91482949313386));
#2089=CARTESIAN_POINT('',(0.501228868427332,1.93617429818044,-1.99631733310044));
#2090=CARTESIAN_POINT('',(0.496726574352522,1.93733638713074,-2.07753762385097));
#2091=CARTESIAN_POINT('',(0.473619001625674,1.94326398556048,-2.17503654493114));
#2092=CARTESIAN_POINT('',(0.420642512602828,1.95562165232499,-2.2779501765948));
#2093=CARTESIAN_POINT('',(0.350288568007757,1.96956636295364,-2.36173506083937));
#2094=CARTESIAN_POINT('',(0.273859774083803,1.98171319878107,-2.42186659452431));
#2095=CARTESIAN_POINT('',(0.193303144490591,1.99114845755186,-2.46367257970087));
#2096=CARTESIAN_POINT('',(0.121053595351994,1.9967440006561,-2.48688588430581));
#2097=CARTESIAN_POINT('',(0.0561435728192807,1.99947922682134,-2.49792303057707));
#2098=CARTESIAN_POINT('',(0.0182501668707015,2.00000008923587,-2.50000028290139));
#2099=CARTESIAN_POINT('',(1.57009366966165E-9,2.0000000000008,-2.5));
#2100=CARTESIAN_POINT('',(11.,-1.34711147906209E-15,0.));
#2101=AXIS2_PLACEMENT_3D('',#2102,#2103,#2104);
#2102=CARTESIAN_POINT('',(0.,0.,0.));
#2103=DIRECTION('',(0.,0.,1.));
#2104=DIRECTION('',(1.,0.,0.));
#2105=CARTESIAN_POINT('',(11.,-1.34711147906209E-15,2.));
#2106=AXIS2_PLACEMENT_3D('',#2107,#2108,#2109);
#2107=CARTESIAN_POINT('',(0.,0.,2.));
#2108=DIRECTION('',(0.,0.,1.));
#2109=DIRECTION('',(1.,0.,0.));
#2110=CARTESIAN_POINT('',(-4.5,6.74891902197836E-32,-1.10218211923262E-15));
#2111=AXIS2_PLACEMENT_3D('',#2112,#2113,#2114);
#2112=CARTESIAN_POINT('',(0.,0.,0.));
#2113=DIRECTION('',(0.,1.,6.12323399573677E-17));
#2114=DIRECTION('',(-1.,7.49879891330929E-33,-1.22464679914735E-16));
#2115=CARTESIAN_POINT('',(-3.75,5.62409918498197E-32,-9.18485099360515E-16));
#2116=AXIS2_PLACEMENT_3D('',#2117,#2118,#2119);
#2117=CARTESIAN_POINT('',(0.,0.,0.));
#2118=DIRECTION('',(0.,1.,6.12323399573677E-17));
#2119=DIRECTION('',(-1.,7.49879891330929E-33,-1.22464679914735E-16));
#2120=CARTESIAN_POINT('',(-4.5,2.5,-9.49101269339199E-16));
#2121=AXIS2_PLACEMENT_3D('',#2122,#2123,#2124);
#2122=CARTESIAN_POINT('',(0.,2.5,1.53080849893419E-16));
#2123=DIRECTION('',(0.,1.,6.12323399573677E-17));
#2124=DIRECTION('',(-1.,7.49879891330929E-33,-1.22464679914735E-16));
#2125=CARTESIAN_POINT('',(-3.75,2.5,-7.65404249467096E-16));
#2126=AXIS2_PLACEMENT_3D('',#2127,#2128,#2129);
#2127=CARTESIAN_POINT('',(0.,2.5,1.53080849893419E-16));
#2128=DIRECTION('',(0.,1.,6.12323399573677E-17));
#2129=DIRECTION('',(-1.,7.49879891330929E-33,-1.22464679914735E-16));
#2130=CARTESIAN_POINT('',(-2.75,4.12433940232011E-32,-6.73555739531044E-16));
#2131=AXIS2_PLACEMENT_3D('',#2132,#2133,#2134);
#2132=CARTESIAN_POINT('',(0.,0.,0.));
#2133=DIRECTION('',(0.,1.,6.12323399573677E-17));
#2134=DIRECTION('',(-1.,7.49879891330929E-33,-1.22464679914735E-16));
#2135=CARTESIAN_POINT('',(-2.,2.99951956532372E-32,-4.89858719658941E-16));
#2136=AXIS2_PLACEMENT_3D('',#2137,#2138,#2139);
#2137=CARTESIAN_POINT('',(0.,0.,0.));
#2138=DIRECTION('',(0.,1.,6.12323399573677E-17));
#2139=DIRECTION('',(-1.,7.49879891330929E-33,-1.22464679914735E-16));
#2140=CARTESIAN_POINT('',(-2.75,2.5,-5.20474889637625E-16));
#2141=AXIS2_PLACEMENT_3D('',#2142,#2143,#2144);
#2142=CARTESIAN_POINT('',(0.,2.5,1.53080849893419E-16));
#2143=DIRECTION('',(0.,1.,6.12323399573677E-17));
#2144=DIRECTION('',(-1.,7.49879891330929E-33,-1.22464679914735E-16));
#2145=CARTESIAN_POINT('',(-2.,2.5,-3.36777869765522E-16));
#2146=AXIS2_PLACEMENT_3D('',#2147,#2148,#2149);
#2147=CARTESIAN_POINT('',(0.,2.5,1.53080849893419E-16));
#2148=DIRECTION('',(0.,1.,6.12323399573677E-17));
#2149=DIRECTION('',(-1.,7.49879891330929E-33,-1.22464679914735E-16));
#2150=CARTESIAN_POINT('',(2.66666666666667,-3.26572479772628E-16,0.));
#2151=AXIS2_PLACEMENT_3D('',#2152,#2153,#2154);
#2152=CARTESIAN_POINT('',(0.,0.,0.));
#2153=DIRECTION('',(0.,0.,1.));
#2154=DIRECTION('',(1.,0.,0.));
#2155=CARTESIAN_POINT('',(2.,-2.44929359829471E-16,0.));
#2156=AXIS2_PLACEMENT_3D('',#2157,#2158,#2159);
#2157=CARTESIAN_POINT('',(0.,0.,0.));
#2158=DIRECTION('',(0.,0.,1.));
#2159=DIRECTION('',(1.,0.,0.));
#2160=CARTESIAN_POINT('',(2.66666666666667,-3.26572479772628E-16,2.));
#2161=AXIS2_PLACEMENT_3D('',#2162,#2163,#2164);
#2162=CARTESIAN_POINT('',(0.,0.,2.));
#2163=DIRECTION('',(0.,0.,1.));
#2164=DIRECTION('',(1.,0.,0.));
#2165=CARTESIAN_POINT('',(2.,-2.44929359829471E-16,2.));
#2166=AXIS2_PLACEMENT_3D('',#2167,#2168,#2169);
#2167=CARTESIAN_POINT('',(0.,0.,2.));
#2168=DIRECTION('',(0.,0.,1.));
#2169=DIRECTION('',(1.,0.,0.));
#2170=CARTESIAN_POINT('',(2.75,-3.36777869765522E-16,0.));
#2171=AXIS2_PLACEMENT_3D('',#2172,#2173,#2174);
#2172=CARTESIAN_POINT('',(0.,0.,0.));
#2173=DIRECTION('',(0.,0.,1.));
#2174=DIRECTION('',(1.,0.,0.));
#2175=CARTESIAN_POINT('',(2.,-2.44929359829471E-16,0.));
#2176=AXIS2_PLACEMENT_3D('',#2177,#2178,#2179);
#2177=CARTESIAN_POINT('',(0.,0.,0.));
#2178=DIRECTION('',(0.,0.,1.));
#2179=DIRECTION('',(1.,0.,0.));
#2180=CARTESIAN_POINT('',(2.75,-3.36777869765522E-16,5.625));
#2181=AXIS2_PLACEMENT_3D('',#2182,#2183,#2184);
#2182=CARTESIAN_POINT('',(0.,0.,5.625));
#2183=DIRECTION('',(0.,0.,1.));
#2184=DIRECTION('',(1.,0.,0.));
#2185=CARTESIAN_POINT('',(2.,-2.44929359829471E-16,5.625));
#2186=AXIS2_PLACEMENT_3D('',#2187,#2188,#2189);
#2187=CARTESIAN_POINT('',(0.,0.,5.625));
#2188=DIRECTION('',(0.,0.,1.));
#2189=DIRECTION('',(1.,0.,0.));
#2190=CARTESIAN_POINT('',(2.66666666666667,-3.26572479772628E-16,0.));
#2191=AXIS2_PLACEMENT_3D('',#2192,#2193,#2194);
#2192=CARTESIAN_POINT('',(0.,0.,0.));
#2193=DIRECTION('',(0.,0.,1.));
#2194=DIRECTION('',(1.,0.,0.));
#2195=CARTESIAN_POINT('',(2.,-2.44929359829471E-16,0.));
#2196=AXIS2_PLACEMENT_3D('',#2197,#2198,#2199);
#2197=CARTESIAN_POINT('',(0.,0.,0.));
#2198=DIRECTION('',(0.,0.,1.));
#2199=DIRECTION('',(1.,0.,0.));
#2200=CARTESIAN_POINT('',(2.66666666666667,-3.26572479772628E-16,28.));
#2201=AXIS2_PLACEMENT_3D('',#2202,#2203,#2204);
#2202=CARTESIAN_POINT('',(0.,0.,28.));
#2203=DIRECTION('',(0.,0.,1.));
#2204=DIRECTION('',(1.,0.,0.));
#2205=CARTESIAN_POINT('',(2.,-2.44929359829471E-16,28.));
#2206=AXIS2_PLACEMENT_3D('',#2207,#2208,#2209);
#2207=CARTESIAN_POINT('',(0.,0.,28.));
#2208=DIRECTION('',(0.,0.,1.));
#2209=DIRECTION('',(1.,0.,0.));
ENDSEC;
END-ISO-10303-21;
