ISO-10303-21;
HEADER;
FILE_DESCRIPTION(('STEP AP242'),
    '1');
FILE_NAME('—борка',
    '',
    ('UNSPECIFIED'),
    ('UNSPECIFIED'),
    'C3D Converter',
    'C3D Toolkit',
    '');
FILE_SCHEMA(('AP242_MANAGED_MODEL_BASED_3D_ENGINEERING_MIM_LF { 1 0 10303 442 1 1 4 }'));
ENDSEC;

DATA;
#1=PRODUCT_DEFINITION('','UNSPECIFIED',#15,#18);
#2=SHAPE_DEFINITION_REPRESENTATION(#13,#3);
#3=SHAPE_REPRESENTATION('NONE',(#4,#40,#109,#177,#255,#281,#349,#427,#453,#521,#589,
#657),#8);
#4=AXIS2_PLACEMENT_3D('',#5,#6,#7);
#5=CARTESIAN_POINT('',(0.,0.,0.));
#6=DIRECTION('',(0.,0.,1.));
#7=DIRECTION('',(1.,0.,0.));
#8=(GEOMETRIC_REPRESENTATION_CONTEXT(3)GLOBAL_UNCERTAINTY_ASSIGNED_CONTEXT((#10))
GLOBAL_UNIT_ASSIGNED_CONTEXT((#9,#11,#12))REPRESENTATION_CONTEXT('NONE','NONE'));
#9=(LENGTH_UNIT()NAMED_UNIT(*)SI_UNIT(.MILLI.,.METRE.));
#10=UNCERTAINTY_MEASURE_WITH_UNIT(LENGTH_MEASURE(1.E-5),#9,'NONE','NONE');
#11=(NAMED_UNIT(*)PLANE_ANGLE_UNIT()SI_UNIT($,.RADIAN.));
#12=(NAMED_UNIT(*)SI_UNIT($,.STERADIAN.)SOLID_ANGLE_UNIT());
#13=PRODUCT_DEFINITION_SHAPE('NONE','NONE',#1);
#14=MECHANICAL_CONTEXT('NONE',#19,'mechanical');
#15=PRODUCT_DEFINITION_FORMATION_WITH_SPECIFIED_SOURCE('ANY','UNSPECIFIED',#16,.NOT_KNOWN.);
#16=PRODUCT('','\X2\04210431043E0440043A0430\X0\','NONE',(#14));
#17=PRODUCT_RELATED_PRODUCT_CATEGORY('assembly','',(#16));
#18=DESIGN_CONTEXT('detailed design',#19,'design');
#19=APPLICATION_CONTEXT('configuration controlled 3d designs of mechanical parts and assemblies');
#20=APPLICATION_PROTOCOL_DEFINITION('international standard','config_control_design',
1994,#19);
#21=CC_DESIGN_DATE_AND_TIME_ASSIGNMENT(#22,#26,(#1));
#22=DATE_AND_TIME(#23,#24);
#23=CALENDAR_DATE(0,1,1);
#24=LOCAL_TIME(0,0,0.,#25);
#25=COORDINATED_UNIVERSAL_TIME_OFFSET(0,0,.AHEAD.);
#26=DATE_TIME_ROLE('creation_date');
#27=CC_DESIGN_APPROVAL(#28,(#1));
#28=APPROVAL(#29,'UNSPECIFIED');
#29=APPROVAL_STATUS('not_yet_approved');
#30=APPROVAL_DATE_TIME(#31,#28);
#31=DATE_AND_TIME(#32,#33);
#32=CALENDAR_DATE(0,1,1);
#33=LOCAL_TIME(0,0,0.,#34);
#34=COORDINATED_UNIVERSAL_TIME_OFFSET(0,0,.AHEAD.);
#35=PERSON('UNSPECIFIED','gnomy','UNSPECIFIED',('UNSPECIFIED'),('UNSPECIFIED'),(
'UNSPECIFIED'));
#36=ORGANIZATION('UNSPECIFIED','UNSPECIFIED','UNSPECIFIED');
#37=PERSON_AND_ORGANIZATION(#35,#36);
#38=PERSON_AND_ORGANIZATION_ROLE('creator');
#39=CC_DESIGN_PERSON_AND_ORGANIZATION_ASSIGNMENT(#37,#38,(#15,#1));
#40=AXIS2_PLACEMENT_3D('',#41,#42,#43);
#41=CARTESIAN_POINT('',(-36.9223192138531,194.,130.));
#42=DIRECTION('',(-2.77555756156289E-17,1.91052250483214E-31,1.));
#43=DIRECTION('',(1.,6.85631060201856E-32,2.77555756156289E-17));
#44=PRODUCT_DEFINITION('','UNSPECIFIED',#62,#65);
#45=SHAPE_DEFINITION_REPRESENTATION(#60,#46);
#46=SHAPE_REPRESENTATION('NONE',(#4),#8);
#47=MANIFOLD_SOLID_BREP('',#48);
#48=CLOSED_SHELL('',(#683,#684,#685,#686,#687,#688,#689,#690,#691,#692,#693,#694,
#695,#696,#697));
#49=COLOUR_RGB('',0.564705882352941,0.564705882352941,0.564705882352941);
#50=FILL_AREA_STYLE_COLOUR('',#49);
#51=FILL_AREA_STYLE($,(#50));
#52=SURFACE_STYLE_FILL_AREA(#51);
#53=SURFACE_SIDE_STYLE('',(#52));
#54=SURFACE_STYLE_USAGE(.BOTH.,#53);
#55=PRESENTATION_STYLE_ASSIGNMENT((#54));
#56=MECHANICAL_DESIGN_GEOMETRIC_PRESENTATION_REPRESENTATION('NONE',(#57,#125,#193,
#203,#297,#365,#375,#469,#537,#605),#8);
#57=STYLED_ITEM('',(#55),#47);
#58=ADVANCED_BREP_SHAPE_REPRESENTATION('NONE',(#47),#8);
#59=SHAPE_REPRESENTATION_RELATIONSHIP('','',#46,#58);
#60=PRODUCT_DEFINITION_SHAPE('NONE','NONE',#44);
#61=MECHANICAL_CONTEXT('NONE',#66,'mechanical');
#62=PRODUCT_DEFINITION_FORMATION_WITH_SPECIFIED_SOURCE('ANY','UNSPECIFIED',#63,.NOT_KNOWN.);
#63=PRODUCT('','\X2\0414043504420430043B044C\X0\','NONE',(#61));
#64=PRODUCT_RELATED_PRODUCT_CATEGORY('detail','',(#63));
#65=DESIGN_CONTEXT('detailed design',#66,'design');
#66=APPLICATION_CONTEXT('configuration controlled 3d designs of mechanical parts and assemblies');
#67=APPLICATION_PROTOCOL_DEFINITION('international standard','config_control_design',
1994,#66);
#68=CC_DESIGN_DATE_AND_TIME_ASSIGNMENT(#69,#73,(#44));
#69=DATE_AND_TIME(#70,#71);
#70=CALENDAR_DATE(0,1,1);
#71=LOCAL_TIME(0,0,0.,#72);
#72=COORDINATED_UNIVERSAL_TIME_OFFSET(0,0,.AHEAD.);
#73=DATE_TIME_ROLE('creation_date');
#74=CC_DESIGN_APPROVAL(#75,(#44));
#75=APPROVAL(#76,'UNSPECIFIED');
#76=APPROVAL_STATUS('not_yet_approved');
#77=APPROVAL_DATE_TIME(#78,#75);
#78=DATE_AND_TIME(#79,#80);
#79=CALENDAR_DATE(0,1,1);
#80=LOCAL_TIME(0,0,0.,#81);
#81=COORDINATED_UNIVERSAL_TIME_OFFSET(0,0,.AHEAD.);
#82=PERSON('UNSPECIFIED','я','UNSPECIFIED',('UNSPECIFIED'),('UNSPECIFIED'),('UNSPECIFIED'));
#83=ORGANIZATION('UNSPECIFIED','UNSPECIFIED','UNSPECIFIED');
#84=PERSON_AND_ORGANIZATION(#82,#83);
#85=PERSON_AND_ORGANIZATION_ROLE('creator');
#86=CC_DESIGN_PERSON_AND_ORGANIZATION_ASSIGNMENT(#84,#85,(#62,#44));
#87=ITEM_DEFINED_TRANSFORMATION('','',#4,#40);
#88=(REPRESENTATION_RELATIONSHIP('','',#46,#3)REPRESENTATION_RELATIONSHIP_WITH_TRANSFORMATION(
#87)SHAPE_REPRESENTATION_RELATIONSHIP());
#89=NEXT_ASSEMBLY_USAGE_OCCURRENCE('ANY','\X2\04210431043E0440043A0430\X0\','',#1,
#44,'');
#90=CC_DESIGN_SECURITY_CLASSIFICATION(#91,(#89));
#91=SECURITY_CLASSIFICATION('','',#92);
#92=SECURITY_CLASSIFICATION_LEVEL('unclassified');
#93=CC_DESIGN_DATE_AND_TIME_ASSIGNMENT(#94,#98,(#91));
#94=DATE_AND_TIME(#95,#96);
#95=CALENDAR_DATE(0,1,1);
#96=LOCAL_TIME(0,0,0.,#97);
#97=COORDINATED_UNIVERSAL_TIME_OFFSET(0,0,.AHEAD.);
#98=DATE_TIME_ROLE('classification_date');
#99=CC_DESIGN_APPROVAL(#100,(#91));
#100=APPROVAL(#101,'UNSPECIFIED');
#101=APPROVAL_STATUS('not_yet_approved');
#102=APPROVAL_DATE_TIME(#103,#100);
#103=DATE_AND_TIME(#104,#105);
#104=CALENDAR_DATE(0,1,1);
#105=LOCAL_TIME(0,0,0.,#106);
#106=COORDINATED_UNIVERSAL_TIME_OFFSET(0,0,.AHEAD.);
#107=PRODUCT_DEFINITION_SHAPE('NONE','NONE',#89);
#108=CONTEXT_DEPENDENT_SHAPE_REPRESENTATION(#88,#107);
#109=AXIS2_PLACEMENT_3D('',#110,#111,#112);
#110=CARTESIAN_POINT('',(-23.9223192138532,-9.00000000000003,20.0000000000002));
#111=DIRECTION('',(1.4426021337517E-19,-1.,8.88178419700125E-16));
#112=DIRECTION('',(1.,1.44260213375204E-19,2.77239646369879E-17));
#113=PRODUCT_DEFINITION('','UNSPECIFIED',#130,#133);
#114=SHAPE_DEFINITION_REPRESENTATION(#128,#115);
#115=SHAPE_REPRESENTATION('NONE',(#4),#8);
#116=MANIFOLD_SOLID_BREP('',#117);
#117=CLOSED_SHELL('',(#698,#699,#700,#701,#702,#703,#704,#705,#706,#707,#708,#709,
#710,#711,#712,#713,#714,#715,#716,#717,#718,#719,#720,#721,#722,#723,#724,#725,
#726));
#118=COLOUR_RGB('',0.564705882352941,0.564705882352941,0.564705882352941);
#119=FILL_AREA_STYLE_COLOUR('',#118);
#120=FILL_AREA_STYLE($,(#119));
#121=SURFACE_STYLE_FILL_AREA(#120);
#122=SURFACE_SIDE_STYLE('',(#121));
#123=SURFACE_STYLE_USAGE(.BOTH.,#122);
#124=PRESENTATION_STYLE_ASSIGNMENT((#123));
#125=STYLED_ITEM('',(#124),#116);
#126=ADVANCED_BREP_SHAPE_REPRESENTATION('NONE',(#116),#8);
#127=SHAPE_REPRESENTATION_RELATIONSHIP('','',#115,#126);
#128=PRODUCT_DEFINITION_SHAPE('NONE','NONE',#113);
#129=MECHANICAL_CONTEXT('NONE',#134,'mechanical');
#130=PRODUCT_DEFINITION_FORMATION_WITH_SPECIFIED_SOURCE('ANY','UNSPECIFIED',#131,
.NOT_KNOWN.);
#131=PRODUCT('','\X2\0414043504420430043B044C\X0\','NONE',(#129));
#132=PRODUCT_RELATED_PRODUCT_CATEGORY('detail','',(#131));
#133=DESIGN_CONTEXT('detailed design',#134,'design');
#134=APPLICATION_CONTEXT('configuration controlled 3d designs of mechanical parts and assemblies');
#135=APPLICATION_PROTOCOL_DEFINITION('international standard','config_control_design',
1994,#134);
#136=CC_DESIGN_DATE_AND_TIME_ASSIGNMENT(#137,#141,(#113));
#137=DATE_AND_TIME(#138,#139);
#138=CALENDAR_DATE(0,1,1);
#139=LOCAL_TIME(0,0,0.,#140);
#140=COORDINATED_UNIVERSAL_TIME_OFFSET(0,0,.AHEAD.);
#141=DATE_TIME_ROLE('creation_date');
#142=CC_DESIGN_APPROVAL(#143,(#113));
#143=APPROVAL(#144,'UNSPECIFIED');
#144=APPROVAL_STATUS('not_yet_approved');
#145=APPROVAL_DATE_TIME(#146,#143);
#146=DATE_AND_TIME(#147,#148);
#147=CALENDAR_DATE(0,1,1);
#148=LOCAL_TIME(0,0,0.,#149);
#149=COORDINATED_UNIVERSAL_TIME_OFFSET(0,0,.AHEAD.);
#150=PERSON('UNSPECIFIED','gnomy','UNSPECIFIED',('UNSPECIFIED'),('UNSPECIFIED'),
('UNSPECIFIED'));
#151=ORGANIZATION('UNSPECIFIED','UNSPECIFIED','UNSPECIFIED');
#152=PERSON_AND_ORGANIZATION(#150,#151);
#153=PERSON_AND_ORGANIZATION_ROLE('creator');
#154=CC_DESIGN_PERSON_AND_ORGANIZATION_ASSIGNMENT(#152,#153,(#130,#113));
#155=ITEM_DEFINED_TRANSFORMATION('','',#4,#109);
#156=(REPRESENTATION_RELATIONSHIP('','',#115,#3)REPRESENTATION_RELATIONSHIP_WITH_TRANSFORMATION(
#155)SHAPE_REPRESENTATION_RELATIONSHIP());
#157=NEXT_ASSEMBLY_USAGE_OCCURRENCE('ANY','\X2\04210431043E0440043A0430\X0\','',
#1,#113,'');
#158=CC_DESIGN_SECURITY_CLASSIFICATION(#159,(#157));
#159=SECURITY_CLASSIFICATION('','',#160);
#160=SECURITY_CLASSIFICATION_LEVEL('unclassified');
#161=CC_DESIGN_DATE_AND_TIME_ASSIGNMENT(#162,#166,(#159));
#162=DATE_AND_TIME(#163,#164);
#163=CALENDAR_DATE(0,1,1);
#164=LOCAL_TIME(0,0,0.,#165);
#165=COORDINATED_UNIVERSAL_TIME_OFFSET(0,0,.AHEAD.);
#166=DATE_TIME_ROLE('classification_date');
#167=CC_DESIGN_APPROVAL(#168,(#159));
#168=APPROVAL(#169,'UNSPECIFIED');
#169=APPROVAL_STATUS('not_yet_approved');
#170=APPROVAL_DATE_TIME(#171,#168);
#171=DATE_AND_TIME(#172,#173);
#172=CALENDAR_DATE(0,1,1);
#173=LOCAL_TIME(0,0,0.,#174);
#174=COORDINATED_UNIVERSAL_TIME_OFFSET(0,0,.AHEAD.);
#175=PRODUCT_DEFINITION_SHAPE('NONE','NONE',#157);
#176=CONTEXT_DEPENDENT_SHAPE_REPRESENTATION(#156,#175);
#177=AXIS2_PLACEMENT_3D('',#178,#179,#180);
#178=CARTESIAN_POINT('',(-36.9223192138531,194.,130.));
#179=DIRECTION('',(-2.77555756156289E-17,1.91052250483214E-31,1.));
#180=DIRECTION('',(6.12323399573676E-17,1.,-1.84889274661175E-31));
#181=PRODUCT_DEFINITION('','UNSPECIFIED',#208,#211);
#182=SHAPE_DEFINITION_REPRESENTATION(#206,#183);
#183=SHAPE_REPRESENTATION('NONE',(#4),#8);
#184=MANIFOLD_SOLID_BREP('',#185);
#185=CLOSED_SHELL('',(#727,#728,#729,#730));
#186=COLOUR_RGB('',0.564705882352941,0.564705882352941,0.564705882352941);
#187=FILL_AREA_STYLE_COLOUR('',#186);
#188=FILL_AREA_STYLE($,(#187));
#189=SURFACE_STYLE_FILL_AREA(#188);
#190=SURFACE_SIDE_STYLE('',(#189));
#191=SURFACE_STYLE_USAGE(.BOTH.,#190);
#192=PRESENTATION_STYLE_ASSIGNMENT((#191));
#193=STYLED_ITEM('',(#192),#184);
#194=MANIFOLD_SOLID_BREP('',#195);
#195=CLOSED_SHELL('',(#731,#732,#733,#734));
#196=COLOUR_RGB('',0.564705882352941,0.564705882352941,0.564705882352941);
#197=FILL_AREA_STYLE_COLOUR('',#196);
#198=FILL_AREA_STYLE($,(#197));
#199=SURFACE_STYLE_FILL_AREA(#198);
#200=SURFACE_SIDE_STYLE('',(#199));
#201=SURFACE_STYLE_USAGE(.BOTH.,#200);
#202=PRESENTATION_STYLE_ASSIGNMENT((#201));
#203=STYLED_ITEM('',(#202),#194);
#204=ADVANCED_BREP_SHAPE_REPRESENTATION('NONE',(#184,#194),#8);
#205=SHAPE_REPRESENTATION_RELATIONSHIP('','',#183,#204);
#206=PRODUCT_DEFINITION_SHAPE('NONE','NONE',#181);
#207=MECHANICAL_CONTEXT('NONE',#212,'mechanical');
#208=PRODUCT_DEFINITION_FORMATION_WITH_SPECIFIED_SOURCE('ANY','UNSPECIFIED',#209,
.NOT_KNOWN.);
#209=PRODUCT('','\X2\0414043504420430043B044C\X0\','NONE',(#207));
#210=PRODUCT_RELATED_PRODUCT_CATEGORY('detail','',(#209));
#211=DESIGN_CONTEXT('detailed design',#212,'design');
#212=APPLICATION_CONTEXT('configuration controlled 3d designs of mechanical parts and assemblies');
#213=APPLICATION_PROTOCOL_DEFINITION('international standard','config_control_design',
1994,#212);
#214=CC_DESIGN_DATE_AND_TIME_ASSIGNMENT(#215,#219,(#181));
#215=DATE_AND_TIME(#216,#217);
#216=CALENDAR_DATE(0,1,1);
#217=LOCAL_TIME(0,0,0.,#218);
#218=COORDINATED_UNIVERSAL_TIME_OFFSET(0,0,.AHEAD.);
#219=DATE_TIME_ROLE('creation_date');
#220=CC_DESIGN_APPROVAL(#221,(#181));
#221=APPROVAL(#222,'UNSPECIFIED');
#222=APPROVAL_STATUS('not_yet_approved');
#223=APPROVAL_DATE_TIME(#224,#221);
#224=DATE_AND_TIME(#225,#226);
#225=CALENDAR_DATE(0,1,1);
#226=LOCAL_TIME(0,0,0.,#227);
#227=COORDINATED_UNIVERSAL_TIME_OFFSET(0,0,.AHEAD.);
#228=PERSON('UNSPECIFIED','gnomy','UNSPECIFIED',('UNSPECIFIED'),('UNSPECIFIED'),
('UNSPECIFIED'));
#229=ORGANIZATION('UNSPECIFIED','UNSPECIFIED','UNSPECIFIED');
#230=PERSON_AND_ORGANIZATION(#228,#229);
#231=PERSON_AND_ORGANIZATION_ROLE('creator');
#232=CC_DESIGN_PERSON_AND_ORGANIZATION_ASSIGNMENT(#230,#231,(#208,#181));
#233=ITEM_DEFINED_TRANSFORMATION('','',#4,#177);
#234=(REPRESENTATION_RELATIONSHIP('','',#183,#3)REPRESENTATION_RELATIONSHIP_WITH_TRANSFORMATION(
#233)SHAPE_REPRESENTATION_RELATIONSHIP());
#235=NEXT_ASSEMBLY_USAGE_OCCURRENCE('ANY','\X2\04210431043E0440043A0430\X0\','',
#1,#181,'');
#236=CC_DESIGN_SECURITY_CLASSIFICATION(#237,(#235));
#237=SECURITY_CLASSIFICATION('','',#238);
#238=SECURITY_CLASSIFICATION_LEVEL('unclassified');
#239=CC_DESIGN_DATE_AND_TIME_ASSIGNMENT(#240,#244,(#237));
#240=DATE_AND_TIME(#241,#242);
#241=CALENDAR_DATE(0,1,1);
#242=LOCAL_TIME(0,0,0.,#243);
#243=COORDINATED_UNIVERSAL_TIME_OFFSET(0,0,.AHEAD.);
#244=DATE_TIME_ROLE('classification_date');
#245=CC_DESIGN_APPROVAL(#246,(#237));
#246=APPROVAL(#247,'UNSPECIFIED');
#247=APPROVAL_STATUS('not_yet_approved');
#248=APPROVAL_DATE_TIME(#249,#246);
#249=DATE_AND_TIME(#250,#251);
#250=CALENDAR_DATE(0,1,1);
#251=LOCAL_TIME(0,0,0.,#252);
#252=COORDINATED_UNIVERSAL_TIME_OFFSET(0,0,.AHEAD.);
#253=PRODUCT_DEFINITION_SHAPE('NONE','NONE',#235);
#254=CONTEXT_DEPENDENT_SHAPE_REPRESENTATION(#234,#253);
#255=AXIS2_PLACEMENT_3D('',#256,#257,#258);
#256=CARTESIAN_POINT('',(-158.922319213853,194.,130.));
#257=DIRECTION('',(-2.77555756156289E-17,1.91052250483214E-31,1.));
#258=DIRECTION('',(6.12323399573676E-17,1.,-1.84889274661175E-31));
#259=ITEM_DEFINED_TRANSFORMATION('','',#4,#255);
#260=(REPRESENTATION_RELATIONSHIP('','',#183,#3)REPRESENTATION_RELATIONSHIP_WITH_TRANSFORMATION(
#259)SHAPE_REPRESENTATION_RELATIONSHIP());
#261=NEXT_ASSEMBLY_USAGE_OCCURRENCE('ANY','\X2\04210431043E0440043A0430\X0\','',
#1,#181,'');
#262=CC_DESIGN_SECURITY_CLASSIFICATION(#263,(#261));
#263=SECURITY_CLASSIFICATION('','',#264);
#264=SECURITY_CLASSIFICATION_LEVEL('unclassified');
#265=CC_DESIGN_DATE_AND_TIME_ASSIGNMENT(#266,#270,(#263));
#266=DATE_AND_TIME(#267,#268);
#267=CALENDAR_DATE(0,1,1);
#268=LOCAL_TIME(0,0,0.,#269);
#269=COORDINATED_UNIVERSAL_TIME_OFFSET(0,0,.AHEAD.);
#270=DATE_TIME_ROLE('classification_date');
#271=CC_DESIGN_APPROVAL(#272,(#263));
#272=APPROVAL(#273,'UNSPECIFIED');
#273=APPROVAL_STATUS('not_yet_approved');
#274=APPROVAL_DATE_TIME(#275,#272);
#275=DATE_AND_TIME(#276,#277);
#276=CALENDAR_DATE(0,1,1);
#277=LOCAL_TIME(0,0,0.,#278);
#278=COORDINATED_UNIVERSAL_TIME_OFFSET(0,0,.AHEAD.);
#279=PRODUCT_DEFINITION_SHAPE('NONE','NONE',#261);
#280=CONTEXT_DEPENDENT_SHAPE_REPRESENTATION(#260,#279);
#281=AXIS2_PLACEMENT_3D('',#282,#283,#284);
#282=CARTESIAN_POINT('',(-111.422319213853,194.,130.));
#283=DIRECTION('',(-2.77555756156289E-17,1.91052250483214E-31,1.));
#284=DIRECTION('',(-6.93889390390722E-17,-1.,1.84889274661175E-31));
#285=PRODUCT_DEFINITION('','UNSPECIFIED',#302,#305);
#286=SHAPE_DEFINITION_REPRESENTATION(#300,#287);
#287=SHAPE_REPRESENTATION('NONE',(#4),#8);
#288=MANIFOLD_SOLID_BREP('',#289);
#289=CLOSED_SHELL('',(#735,#736,#737,#738,#739,#740,#741,#742,#743,#744,#745,#746));
#290=COLOUR_RGB('',0.564705882352941,0.564705882352941,0.564705882352941);
#291=FILL_AREA_STYLE_COLOUR('',#290);
#292=FILL_AREA_STYLE($,(#291));
#293=SURFACE_STYLE_FILL_AREA(#292);
#294=SURFACE_SIDE_STYLE('',(#293));
#295=SURFACE_STYLE_USAGE(.BOTH.,#294);
#296=PRESENTATION_STYLE_ASSIGNMENT((#295));
#297=STYLED_ITEM('',(#296),#288);
#298=ADVANCED_BREP_SHAPE_REPRESENTATION('NONE',(#288),#8);
#299=SHAPE_REPRESENTATION_RELATIONSHIP('','',#287,#298);
#300=PRODUCT_DEFINITION_SHAPE('NONE','NONE',#285);
#301=MECHANICAL_CONTEXT('NONE',#306,'mechanical');
#302=PRODUCT_DEFINITION_FORMATION_WITH_SPECIFIED_SOURCE('ANY','UNSPECIFIED',#303,
.NOT_KNOWN.);
#303=PRODUCT('','\X2\0414043504420430043B044C\X0\','NONE',(#301));
#304=PRODUCT_RELATED_PRODUCT_CATEGORY('detail','',(#303));
#305=DESIGN_CONTEXT('detailed design',#306,'design');
#306=APPLICATION_CONTEXT('configuration controlled 3d designs of mechanical parts and assemblies');
#307=APPLICATION_PROTOCOL_DEFINITION('international standard','config_control_design',
1994,#306);
#308=CC_DESIGN_DATE_AND_TIME_ASSIGNMENT(#309,#313,(#285));
#309=DATE_AND_TIME(#310,#311);
#310=CALENDAR_DATE(0,1,1);
#311=LOCAL_TIME(0,0,0.,#312);
#312=COORDINATED_UNIVERSAL_TIME_OFFSET(0,0,.AHEAD.);
#313=DATE_TIME_ROLE('creation_date');
#314=CC_DESIGN_APPROVAL(#315,(#285));
#315=APPROVAL(#316,'UNSPECIFIED');
#316=APPROVAL_STATUS('not_yet_approved');
#317=APPROVAL_DATE_TIME(#318,#315);
#318=DATE_AND_TIME(#319,#320);
#319=CALENDAR_DATE(0,1,1);
#320=LOCAL_TIME(0,0,0.,#321);
#321=COORDINATED_UNIVERSAL_TIME_OFFSET(0,0,.AHEAD.);
#322=PERSON('UNSPECIFIED','gnomy','UNSPECIFIED',('UNSPECIFIED'),('UNSPECIFIED'),
('UNSPECIFIED'));
#323=ORGANIZATION('UNSPECIFIED','UNSPECIFIED','UNSPECIFIED');
#324=PERSON_AND_ORGANIZATION(#322,#323);
#325=PERSON_AND_ORGANIZATION_ROLE('creator');
#326=CC_DESIGN_PERSON_AND_ORGANIZATION_ASSIGNMENT(#324,#325,(#302,#285));
#327=ITEM_DEFINED_TRANSFORMATION('','',#4,#281);
#328=(REPRESENTATION_RELATIONSHIP('','',#287,#3)REPRESENTATION_RELATIONSHIP_WITH_TRANSFORMATION(
#327)SHAPE_REPRESENTATION_RELATIONSHIP());
#329=NEXT_ASSEMBLY_USAGE_OCCURRENCE('ANY','\X2\04210431043E0440043A0430\X0\','',
#1,#285,'');
#330=CC_DESIGN_SECURITY_CLASSIFICATION(#331,(#329));
#331=SECURITY_CLASSIFICATION('','',#332);
#332=SECURITY_CLASSIFICATION_LEVEL('unclassified');
#333=CC_DESIGN_DATE_AND_TIME_ASSIGNMENT(#334,#338,(#331));
#334=DATE_AND_TIME(#335,#336);
#335=CALENDAR_DATE(0,1,1);
#336=LOCAL_TIME(0,0,0.,#337);
#337=COORDINATED_UNIVERSAL_TIME_OFFSET(0,0,.AHEAD.);
#338=DATE_TIME_ROLE('classification_date');
#339=CC_DESIGN_APPROVAL(#340,(#331));
#340=APPROVAL(#341,'UNSPECIFIED');
#341=APPROVAL_STATUS('not_yet_approved');
#342=APPROVAL_DATE_TIME(#343,#340);
#343=DATE_AND_TIME(#344,#345);
#344=CALENDAR_DATE(0,1,1);
#345=LOCAL_TIME(0,0,0.,#346);
#346=COORDINATED_UNIVERSAL_TIME_OFFSET(0,0,.AHEAD.);
#347=PRODUCT_DEFINITION_SHAPE('NONE','NONE',#329);
#348=CONTEXT_DEPENDENT_SHAPE_REPRESENTATION(#328,#347);
#349=AXIS2_PLACEMENT_3D('',#350,#351,#352);
#350=CARTESIAN_POINT('',(-158.922319213853,94.0000000000002,130.));
#351=DIRECTION('',(-8.32667268468867E-17,-6.12323399573674E-17,1.));
#352=DIRECTION('',(2.83276944882399E-16,1.,6.12323399573675E-17));
#353=PRODUCT_DEFINITION('','UNSPECIFIED',#380,#383);
#354=SHAPE_DEFINITION_REPRESENTATION(#378,#355);
#355=SHAPE_REPRESENTATION('NONE',(#4),#8);
#356=MANIFOLD_SOLID_BREP('',#357);
#357=CLOSED_SHELL('',(#747,#748,#749,#750));
#358=COLOUR_RGB('',0.564705882352941,0.564705882352941,0.564705882352941);
#359=FILL_AREA_STYLE_COLOUR('',#358);
#360=FILL_AREA_STYLE($,(#359));
#361=SURFACE_STYLE_FILL_AREA(#360);
#362=SURFACE_SIDE_STYLE('',(#361));
#363=SURFACE_STYLE_USAGE(.BOTH.,#362);
#364=PRESENTATION_STYLE_ASSIGNMENT((#363));
#365=STYLED_ITEM('',(#364),#356);
#366=MANIFOLD_SOLID_BREP('',#367);
#367=CLOSED_SHELL('',(#751,#752,#753,#754));
#368=COLOUR_RGB('',0.564705882352941,0.564705882352941,0.564705882352941);
#369=FILL_AREA_STYLE_COLOUR('',#368);
#370=FILL_AREA_STYLE($,(#369));
#371=SURFACE_STYLE_FILL_AREA(#370);
#372=SURFACE_SIDE_STYLE('',(#371));
#373=SURFACE_STYLE_USAGE(.BOTH.,#372);
#374=PRESENTATION_STYLE_ASSIGNMENT((#373));
#375=STYLED_ITEM('',(#374),#366);
#376=ADVANCED_BREP_SHAPE_REPRESENTATION('NONE',(#356,#366),#8);
#377=SHAPE_REPRESENTATION_RELATIONSHIP('','',#355,#376);
#378=PRODUCT_DEFINITION_SHAPE('NONE','NONE',#353);
#379=MECHANICAL_CONTEXT('NONE',#384,'mechanical');
#380=PRODUCT_DEFINITION_FORMATION_WITH_SPECIFIED_SOURCE('ANY','UNSPECIFIED',#381,
.NOT_KNOWN.);
#381=PRODUCT('','\X2\0414043504420430043B044C\X0\','NONE',(#379));
#382=PRODUCT_RELATED_PRODUCT_CATEGORY('detail','',(#381));
#383=DESIGN_CONTEXT('detailed design',#384,'design');
#384=APPLICATION_CONTEXT('configuration controlled 3d designs of mechanical parts and assemblies');
#385=APPLICATION_PROTOCOL_DEFINITION('international standard','config_control_design',
1994,#384);
#386=CC_DESIGN_DATE_AND_TIME_ASSIGNMENT(#387,#391,(#353));
#387=DATE_AND_TIME(#388,#389);
#388=CALENDAR_DATE(0,1,1);
#389=LOCAL_TIME(0,0,0.,#390);
#390=COORDINATED_UNIVERSAL_TIME_OFFSET(0,0,.AHEAD.);
#391=DATE_TIME_ROLE('creation_date');
#392=CC_DESIGN_APPROVAL(#393,(#353));
#393=APPROVAL(#394,'UNSPECIFIED');
#394=APPROVAL_STATUS('not_yet_approved');
#395=APPROVAL_DATE_TIME(#396,#393);
#396=DATE_AND_TIME(#397,#398);
#397=CALENDAR_DATE(0,1,1);
#398=LOCAL_TIME(0,0,0.,#399);
#399=COORDINATED_UNIVERSAL_TIME_OFFSET(0,0,.AHEAD.);
#400=PERSON('UNSPECIFIED','gnomy','UNSPECIFIED',('UNSPECIFIED'),('UNSPECIFIED'),
('UNSPECIFIED'));
#401=ORGANIZATION('UNSPECIFIED','UNSPECIFIED','UNSPECIFIED');
#402=PERSON_AND_ORGANIZATION(#400,#401);
#403=PERSON_AND_ORGANIZATION_ROLE('creator');
#404=CC_DESIGN_PERSON_AND_ORGANIZATION_ASSIGNMENT(#402,#403,(#380,#353));
#405=ITEM_DEFINED_TRANSFORMATION('','',#4,#349);
#406=(REPRESENTATION_RELATIONSHIP('','',#355,#3)REPRESENTATION_RELATIONSHIP_WITH_TRANSFORMATION(
#405)SHAPE_REPRESENTATION_RELATIONSHIP());
#407=NEXT_ASSEMBLY_USAGE_OCCURRENCE('ANY','\X2\04210431043E0440043A0430\X0\','',
#1,#353,'');
#408=CC_DESIGN_SECURITY_CLASSIFICATION(#409,(#407));
#409=SECURITY_CLASSIFICATION('','',#410);
#410=SECURITY_CLASSIFICATION_LEVEL('unclassified');
#411=CC_DESIGN_DATE_AND_TIME_ASSIGNMENT(#412,#416,(#409));
#412=DATE_AND_TIME(#413,#414);
#413=CALENDAR_DATE(0,1,1);
#414=LOCAL_TIME(0,0,0.,#415);
#415=COORDINATED_UNIVERSAL_TIME_OFFSET(0,0,.AHEAD.);
#416=DATE_TIME_ROLE('classification_date');
#417=CC_DESIGN_APPROVAL(#418,(#409));
#418=APPROVAL(#419,'UNSPECIFIED');
#419=APPROVAL_STATUS('not_yet_approved');
#420=APPROVAL_DATE_TIME(#421,#418);
#421=DATE_AND_TIME(#422,#423);
#422=CALENDAR_DATE(0,1,1);
#423=LOCAL_TIME(0,0,0.,#424);
#424=COORDINATED_UNIVERSAL_TIME_OFFSET(0,0,.AHEAD.);
#425=PRODUCT_DEFINITION_SHAPE('NONE','NONE',#407);
#426=CONTEXT_DEPENDENT_SHAPE_REPRESENTATION(#406,#425);
#427=AXIS2_PLACEMENT_3D('',#428,#429,#430);
#428=CARTESIAN_POINT('',(-42.9223192138531,94.0000000000002,130.));
#429=DIRECTION('',(-8.32667268468867E-17,-6.12323399573674E-17,1.));
#430=DIRECTION('',(2.83276944882399E-16,1.,6.12323399573675E-17));
#431=ITEM_DEFINED_TRANSFORMATION('','',#4,#427);
#432=(REPRESENTATION_RELATIONSHIP('','',#355,#3)REPRESENTATION_RELATIONSHIP_WITH_TRANSFORMATION(
#431)SHAPE_REPRESENTATION_RELATIONSHIP());
#433=NEXT_ASSEMBLY_USAGE_OCCURRENCE('ANY','\X2\04210431043E0440043A0430\X0\','',
#1,#353,'');
#434=CC_DESIGN_SECURITY_CLASSIFICATION(#435,(#433));
#435=SECURITY_CLASSIFICATION('','',#436);
#436=SECURITY_CLASSIFICATION_LEVEL('unclassified');
#437=CC_DESIGN_DATE_AND_TIME_ASSIGNMENT(#438,#442,(#435));
#438=DATE_AND_TIME(#439,#440);
#439=CALENDAR_DATE(0,1,1);
#440=LOCAL_TIME(0,0,0.,#441);
#441=COORDINATED_UNIVERSAL_TIME_OFFSET(0,0,.AHEAD.);
#442=DATE_TIME_ROLE('classification_date');
#443=CC_DESIGN_APPROVAL(#444,(#435));
#444=APPROVAL(#445,'UNSPECIFIED');
#445=APPROVAL_STATUS('not_yet_approved');
#446=APPROVAL_DATE_TIME(#447,#444);
#447=DATE_AND_TIME(#448,#449);
#448=CALENDAR_DATE(0,1,1);
#449=LOCAL_TIME(0,0,0.,#450);
#450=COORDINATED_UNIVERSAL_TIME_OFFSET(0,0,.AHEAD.);
#451=PRODUCT_DEFINITION_SHAPE('NONE','NONE',#433);
#452=CONTEXT_DEPENDENT_SHAPE_REPRESENTATION(#432,#451);
#453=AXIS2_PLACEMENT_3D('',#454,#455,#456);
#454=CARTESIAN_POINT('',(83.0776807861469,94.0000000000001,130.));
#455=DIRECTION('',(1.,-2.83276944882399E-16,1.38777878078145E-17));
#456=DIRECTION('',(1.38777878078145E-17,1.60470447994764E-17,-1.));
#457=PRODUCT_DEFINITION('','UNSPECIFIED',#474,#477);
#458=SHAPE_DEFINITION_REPRESENTATION(#472,#459);
#459=SHAPE_REPRESENTATION('NONE',(#4),#8);
#460=MANIFOLD_SOLID_BREP('',#461);
#461=CLOSED_SHELL('',(#755,#756,#757,#758,#759,#760,#761,#762,#763,#764,#765,#766,
#767));
#462=COLOUR_RGB('',0.564705882352941,0.564705882352941,0.564705882352941);
#463=FILL_AREA_STYLE_COLOUR('',#462);
#464=FILL_AREA_STYLE($,(#463));
#465=SURFACE_STYLE_FILL_AREA(#464);
#466=SURFACE_SIDE_STYLE('',(#465));
#467=SURFACE_STYLE_USAGE(.BOTH.,#466);
#468=PRESENTATION_STYLE_ASSIGNMENT((#467));
#469=STYLED_ITEM('',(#468),#460);
#470=ADVANCED_BREP_SHAPE_REPRESENTATION('NONE',(#460),#8);
#471=SHAPE_REPRESENTATION_RELATIONSHIP('','',#459,#470);
#472=PRODUCT_DEFINITION_SHAPE('NONE','NONE',#457);
#473=MECHANICAL_CONTEXT('NONE',#478,'mechanical');
#474=PRODUCT_DEFINITION_FORMATION_WITH_SPECIFIED_SOURCE('ANY','UNSPECIFIED',#475,
.NOT_KNOWN.);
#475=PRODUCT('','\X2\0414043504420430043B044C\X0\','NONE',(#473));
#476=PRODUCT_RELATED_PRODUCT_CATEGORY('detail','',(#475));
#477=DESIGN_CONTEXT('detailed design',#478,'design');
#478=APPLICATION_CONTEXT('configuration controlled 3d designs of mechanical parts and assemblies');
#479=APPLICATION_PROTOCOL_DEFINITION('international standard','config_control_design',
1994,#478);
#480=CC_DESIGN_DATE_AND_TIME_ASSIGNMENT(#481,#485,(#457));
#481=DATE_AND_TIME(#482,#483);
#482=CALENDAR_DATE(0,1,1);
#483=LOCAL_TIME(0,0,0.,#484);
#484=COORDINATED_UNIVERSAL_TIME_OFFSET(0,0,.AHEAD.);
#485=DATE_TIME_ROLE('creation_date');
#486=CC_DESIGN_APPROVAL(#487,(#457));
#487=APPROVAL(#488,'UNSPECIFIED');
#488=APPROVAL_STATUS('not_yet_approved');
#489=APPROVAL_DATE_TIME(#490,#487);
#490=DATE_AND_TIME(#491,#492);
#491=CALENDAR_DATE(0,1,1);
#492=LOCAL_TIME(0,0,0.,#493);
#493=COORDINATED_UNIVERSAL_TIME_OFFSET(0,0,.AHEAD.);
#494=PERSON('UNSPECIFIED','gnomy','UNSPECIFIED',('UNSPECIFIED'),('UNSPECIFIED'),
('UNSPECIFIED'));
#495=ORGANIZATION('UNSPECIFIED','UNSPECIFIED','UNSPECIFIED');
#496=PERSON_AND_ORGANIZATION(#494,#495);
#497=PERSON_AND_ORGANIZATION_ROLE('creator');
#498=CC_DESIGN_PERSON_AND_ORGANIZATION_ASSIGNMENT(#496,#497,(#474,#457));
#499=ITEM_DEFINED_TRANSFORMATION('','',#4,#453);
#500=(REPRESENTATION_RELATIONSHIP('','',#459,#3)REPRESENTATION_RELATIONSHIP_WITH_TRANSFORMATION(
#499)SHAPE_REPRESENTATION_RELATIONSHIP());
#501=NEXT_ASSEMBLY_USAGE_OCCURRENCE('ANY','\X2\04210431043E0440043A0430\X0\','',
#1,#457,'');
#502=CC_DESIGN_SECURITY_CLASSIFICATION(#503,(#501));
#503=SECURITY_CLASSIFICATION('','',#504);
#504=SECURITY_CLASSIFICATION_LEVEL('unclassified');
#505=CC_DESIGN_DATE_AND_TIME_ASSIGNMENT(#506,#510,(#503));
#506=DATE_AND_TIME(#507,#508);
#507=CALENDAR_DATE(0,1,1);
#508=LOCAL_TIME(0,0,0.,#509);
#509=COORDINATED_UNIVERSAL_TIME_OFFSET(0,0,.AHEAD.);
#510=DATE_TIME_ROLE('classification_date');
#511=CC_DESIGN_APPROVAL(#512,(#503));
#512=APPROVAL(#513,'UNSPECIFIED');
#513=APPROVAL_STATUS('not_yet_approved');
#514=APPROVAL_DATE_TIME(#515,#512);
#515=DATE_AND_TIME(#516,#517);
#516=CALENDAR_DATE(0,1,1);
#517=LOCAL_TIME(0,0,0.,#518);
#518=COORDINATED_UNIVERSAL_TIME_OFFSET(0,0,.AHEAD.);
#519=PRODUCT_DEFINITION_SHAPE('NONE','NONE',#501);
#520=CONTEXT_DEPENDENT_SHAPE_REPRESENTATION(#500,#519);
#521=AXIS2_PLACEMENT_3D('',#522,#523,#524);
#522=CARTESIAN_POINT('',(-23.9223192138531,194.,130.));
#523=DIRECTION('',(6.12323399573677E-17,-3.83027423096755E-17,1.));
#524=DIRECTION('',(-1.11022302462516E-16,-1.,-3.83027423096754E-17));
#525=PRODUCT_DEFINITION('','UNSPECIFIED',#542,#545);
#526=SHAPE_DEFINITION_REPRESENTATION(#540,#527);
#527=SHAPE_REPRESENTATION('NONE',(#4),#8);
#528=MANIFOLD_SOLID_BREP('',#529);
#529=CLOSED_SHELL('',(#768,#769,#770,#771,#772,#773,#774,#775,#776,#777,#778,#779,
#780,#781,#782,#783,#784));
#530=COLOUR_RGB('',0.564705882352941,0.564705882352941,0.564705882352941);
#531=FILL_AREA_STYLE_COLOUR('',#530);
#532=FILL_AREA_STYLE($,(#531));
#533=SURFACE_STYLE_FILL_AREA(#532);
#534=SURFACE_SIDE_STYLE('',(#533));
#535=SURFACE_STYLE_USAGE(.BOTH.,#534);
#536=PRESENTATION_STYLE_ASSIGNMENT((#535));
#537=STYLED_ITEM('',(#536),#528);
#538=ADVANCED_BREP_SHAPE_REPRESENTATION('NONE',(#528),#8);
#539=SHAPE_REPRESENTATION_RELATIONSHIP('','',#527,#538);
#540=PRODUCT_DEFINITION_SHAPE('NONE','NONE',#525);
#541=MECHANICAL_CONTEXT('NONE',#546,'mechanical');
#542=PRODUCT_DEFINITION_FORMATION_WITH_SPECIFIED_SOURCE('ANY','UNSPECIFIED',#543,
.NOT_KNOWN.);
#543=PRODUCT('','\X2\0414043504420430043B044C\X0\','NONE',(#541));
#544=PRODUCT_RELATED_PRODUCT_CATEGORY('detail','',(#543));
#545=DESIGN_CONTEXT('detailed design',#546,'design');
#546=APPLICATION_CONTEXT('configuration controlled 3d designs of mechanical parts and assemblies');
#547=APPLICATION_PROTOCOL_DEFINITION('international standard','config_control_design',
1994,#546);
#548=CC_DESIGN_DATE_AND_TIME_ASSIGNMENT(#549,#553,(#525));
#549=DATE_AND_TIME(#550,#551);
#550=CALENDAR_DATE(0,1,1);
#551=LOCAL_TIME(0,0,0.,#552);
#552=COORDINATED_UNIVERSAL_TIME_OFFSET(0,0,.AHEAD.);
#553=DATE_TIME_ROLE('creation_date');
#554=CC_DESIGN_APPROVAL(#555,(#525));
#555=APPROVAL(#556,'UNSPECIFIED');
#556=APPROVAL_STATUS('not_yet_approved');
#557=APPROVAL_DATE_TIME(#558,#555);
#558=DATE_AND_TIME(#559,#560);
#559=CALENDAR_DATE(0,1,1);
#560=LOCAL_TIME(0,0,0.,#561);
#561=COORDINATED_UNIVERSAL_TIME_OFFSET(0,0,.AHEAD.);
#562=PERSON('UNSPECIFIED','gnomy','UNSPECIFIED',('UNSPECIFIED'),('UNSPECIFIED'),
('UNSPECIFIED'));
#563=ORGANIZATION('UNSPECIFIED','UNSPECIFIED','UNSPECIFIED');
#564=PERSON_AND_ORGANIZATION(#562,#563);
#565=PERSON_AND_ORGANIZATION_ROLE('creator');
#566=CC_DESIGN_PERSON_AND_ORGANIZATION_ASSIGNMENT(#564,#565,(#542,#525));
#567=ITEM_DEFINED_TRANSFORMATION('','',#4,#521);
#568=(REPRESENTATION_RELATIONSHIP('','',#527,#3)REPRESENTATION_RELATIONSHIP_WITH_TRANSFORMATION(
#567)SHAPE_REPRESENTATION_RELATIONSHIP());
#569=NEXT_ASSEMBLY_USAGE_OCCURRENCE('ANY','\X2\04210431043E0440043A0430\X0\','',
#1,#525,'');
#570=CC_DESIGN_SECURITY_CLASSIFICATION(#571,(#569));
#571=SECURITY_CLASSIFICATION('','',#572);
#572=SECURITY_CLASSIFICATION_LEVEL('unclassified');
#573=CC_DESIGN_DATE_AND_TIME_ASSIGNMENT(#574,#578,(#571));
#574=DATE_AND_TIME(#575,#576);
#575=CALENDAR_DATE(0,1,1);
#576=LOCAL_TIME(0,0,0.,#577);
#577=COORDINATED_UNIVERSAL_TIME_OFFSET(0,0,.AHEAD.);
#578=DATE_TIME_ROLE('classification_date');
#579=CC_DESIGN_APPROVAL(#580,(#571));
#580=APPROVAL(#581,'UNSPECIFIED');
#581=APPROVAL_STATUS('not_yet_approved');
#582=APPROVAL_DATE_TIME(#583,#580);
#583=DATE_AND_TIME(#584,#585);
#584=CALENDAR_DATE(0,1,1);
#585=LOCAL_TIME(0,0,0.,#586);
#586=COORDINATED_UNIVERSAL_TIME_OFFSET(0,0,.AHEAD.);
#587=PRODUCT_DEFINITION_SHAPE('NONE','NONE',#569);
#588=CONTEXT_DEPENDENT_SHAPE_REPRESENTATION(#568,#587);
#589=AXIS2_PLACEMENT_3D('',#590,#591,#592);
#590=CARTESIAN_POINT('',(-198.922319213853,194.,130.));
#591=DIRECTION('',(-6.22844215783852E-17,-6.10622663543836E-16,-1.));
#592=DIRECTION('',(-5.64310485813587E-17,-1.,6.10622663543836E-16));
#593=PRODUCT_DEFINITION('','UNSPECIFIED',#610,#613);
#594=SHAPE_DEFINITION_REPRESENTATION(#608,#595);
#595=SHAPE_REPRESENTATION('NONE',(#4),#8);
#596=MANIFOLD_SOLID_BREP('',#597);
#597=CLOSED_SHELL('',(#785,#786,#787,#788,#789,#790,#791,#792,#793,#794,#795,#796,
#797,#798,#799,#800,#801));
#598=COLOUR_RGB('',0.564705882352941,0.564705882352941,0.564705882352941);
#599=FILL_AREA_STYLE_COLOUR('',#598);
#600=FILL_AREA_STYLE($,(#599));
#601=SURFACE_STYLE_FILL_AREA(#600);
#602=SURFACE_SIDE_STYLE('',(#601));
#603=SURFACE_STYLE_USAGE(.BOTH.,#602);
#604=PRESENTATION_STYLE_ASSIGNMENT((#603));
#605=STYLED_ITEM('',(#604),#596);
#606=ADVANCED_BREP_SHAPE_REPRESENTATION('NONE',(#596),#8);
#607=SHAPE_REPRESENTATION_RELATIONSHIP('','',#595,#606);
#608=PRODUCT_DEFINITION_SHAPE('NONE','NONE',#593);
#609=MECHANICAL_CONTEXT('NONE',#614,'mechanical');
#610=PRODUCT_DEFINITION_FORMATION_WITH_SPECIFIED_SOURCE('ANY','UNSPECIFIED',#611,
.NOT_KNOWN.);
#611=PRODUCT('','\X2\0414043504420430043B044C\X0\','NONE',(#609));
#612=PRODUCT_RELATED_PRODUCT_CATEGORY('detail','',(#611));
#613=DESIGN_CONTEXT('detailed design',#614,'design');
#614=APPLICATION_CONTEXT('configuration controlled 3d designs of mechanical parts and assemblies');
#615=APPLICATION_PROTOCOL_DEFINITION('international standard','config_control_design',
1994,#614);
#616=CC_DESIGN_DATE_AND_TIME_ASSIGNMENT(#617,#621,(#593));
#617=DATE_AND_TIME(#618,#619);
#618=CALENDAR_DATE(0,1,1);
#619=LOCAL_TIME(0,0,0.,#620);
#620=COORDINATED_UNIVERSAL_TIME_OFFSET(0,0,.AHEAD.);
#621=DATE_TIME_ROLE('creation_date');
#622=CC_DESIGN_APPROVAL(#623,(#593));
#623=APPROVAL(#624,'UNSPECIFIED');
#624=APPROVAL_STATUS('not_yet_approved');
#625=APPROVAL_DATE_TIME(#626,#623);
#626=DATE_AND_TIME(#627,#628);
#627=CALENDAR_DATE(0,1,1);
#628=LOCAL_TIME(0,0,0.,#629);
#629=COORDINATED_UNIVERSAL_TIME_OFFSET(0,0,.AHEAD.);
#630=PERSON('UNSPECIFIED','gnomy','UNSPECIFIED',('UNSPECIFIED'),('UNSPECIFIED'),
('UNSPECIFIED'));
#631=ORGANIZATION('UNSPECIFIED','UNSPECIFIED','UNSPECIFIED');
#632=PERSON_AND_ORGANIZATION(#630,#631);
#633=PERSON_AND_ORGANIZATION_ROLE('creator');
#634=CC_DESIGN_PERSON_AND_ORGANIZATION_ASSIGNMENT(#632,#633,(#610,#593));
#635=ITEM_DEFINED_TRANSFORMATION('','',#4,#589);
#636=(REPRESENTATION_RELATIONSHIP('','',#595,#3)REPRESENTATION_RELATIONSHIP_WITH_TRANSFORMATION(
#635)SHAPE_REPRESENTATION_RELATIONSHIP());
#637=NEXT_ASSEMBLY_USAGE_OCCURRENCE('ANY','\X2\04210431043E0440043A0430\X0\','',
#1,#593,'');
#638=CC_DESIGN_SECURITY_CLASSIFICATION(#639,(#637));
#639=SECURITY_CLASSIFICATION('','',#640);
#640=SECURITY_CLASSIFICATION_LEVEL('unclassified');
#641=CC_DESIGN_DATE_AND_TIME_ASSIGNMENT(#642,#646,(#639));
#642=DATE_AND_TIME(#643,#644);
#643=CALENDAR_DATE(0,1,1);
#644=LOCAL_TIME(0,0,0.,#645);
#645=COORDINATED_UNIVERSAL_TIME_OFFSET(0,0,.AHEAD.);
#646=DATE_TIME_ROLE('classification_date');
#647=CC_DESIGN_APPROVAL(#648,(#639));
#648=APPROVAL(#649,'UNSPECIFIED');
#649=APPROVAL_STATUS('not_yet_approved');
#650=APPROVAL_DATE_TIME(#651,#648);
#651=DATE_AND_TIME(#652,#653);
#652=CALENDAR_DATE(0,1,1);
#653=LOCAL_TIME(0,0,0.,#654);
#654=COORDINATED_UNIVERSAL_TIME_OFFSET(0,0,.AHEAD.);
#655=PRODUCT_DEFINITION_SHAPE('NONE','NONE',#637);
#656=CONTEXT_DEPENDENT_SHAPE_REPRESENTATION(#636,#655);
#657=AXIS2_PLACEMENT_3D('',#658,#659,#660);
#658=CARTESIAN_POINT('',(-198.922319213853,-8.99999999999986,240.));
#659=DIRECTION('',(-3.43475248243408E-16,-1.,4.16363581293782E-17));
#660=DIRECTION('',(-1.,3.43475248243408E-16,6.16297582203916E-33));
#661=ITEM_DEFINED_TRANSFORMATION('','',#4,#657);
#662=(REPRESENTATION_RELATIONSHIP('','',#115,#3)REPRESENTATION_RELATIONSHIP_WITH_TRANSFORMATION(
#661)SHAPE_REPRESENTATION_RELATIONSHIP());
#663=NEXT_ASSEMBLY_USAGE_OCCURRENCE('ANY','\X2\04210431043E0440043A0430\X0\','',
#1,#113,'');
#664=CC_DESIGN_SECURITY_CLASSIFICATION(#665,(#663));
#665=SECURITY_CLASSIFICATION('','',#666);
#666=SECURITY_CLASSIFICATION_LEVEL('unclassified');
#667=CC_DESIGN_DATE_AND_TIME_ASSIGNMENT(#668,#672,(#665));
#668=DATE_AND_TIME(#669,#670);
#669=CALENDAR_DATE(0,1,1);
#670=LOCAL_TIME(0,0,0.,#671);
#671=COORDINATED_UNIVERSAL_TIME_OFFSET(0,0,.AHEAD.);
#672=DATE_TIME_ROLE('classification_date');
#673=CC_DESIGN_APPROVAL(#674,(#665));
#674=APPROVAL(#675,'UNSPECIFIED');
#675=APPROVAL_STATUS('not_yet_approved');
#676=APPROVAL_DATE_TIME(#677,#674);
#677=DATE_AND_TIME(#678,#679);
#678=CALENDAR_DATE(0,1,1);
#679=LOCAL_TIME(0,0,0.,#680);
#680=COORDINATED_UNIVERSAL_TIME_OFFSET(0,0,.AHEAD.);
#681=PRODUCT_DEFINITION_SHAPE('NONE','NONE',#663);
#682=CONTEXT_DEPENDENT_SHAPE_REPRESENTATION(#662,#681);
#683=ADVANCED_FACE('',(#802),#804,.T.);
#684=ADVANCED_FACE('',(#809,#811),#813,.T.);
#685=ADVANCED_FACE('',(#818,#820),#822,.T.);
#686=ADVANCED_FACE('',(#827,#829),#831,.T.);
#687=ADVANCED_FACE('',(#836,#838),#840,.T.);
#688=ADVANCED_FACE('',(#845,#847),#849,.T.);
#689=ADVANCED_FACE('',(#854,#856),#858,.T.);
#690=ADVANCED_FACE('',(#863,#865),#867,.T.);
#691=ADVANCED_FACE('',(#872,#874),#876,.T.);
#692=ADVANCED_FACE('',(#881,#883),#885,.T.);
#693=ADVANCED_FACE('',(#890,#892),#894,.T.);
#694=ADVANCED_FACE('',(#899,#901),#903,.T.);
#695=ADVANCED_FACE('',(#908,#910),#912,.T.);
#696=ADVANCED_FACE('',(#917,#919),#921,.T.);
#697=ADVANCED_FACE('',(#926),#928,.T.);
#698=ADVANCED_FACE('',(#933),#935,.F.);
#699=ADVANCED_FACE('',(#940),#942,.T.);
#700=ADVANCED_FACE('',(#947),#949,.T.);
#701=ADVANCED_FACE('',(#954),#956,.F.);
#702=ADVANCED_FACE('',(#961,#963),#965,.T.);
#703=ADVANCED_FACE('',(#970,#972),#974,.F.);
#704=ADVANCED_FACE('',(#979),#981,.F.);
#705=ADVANCED_FACE('',(#986),#988,.T.);
#706=ADVANCED_FACE('',(#993),#995,.F.);
#707=ADVANCED_FACE('',(#1000),#1002,.T.);
#708=ADVANCED_FACE('',(#1007),#1009,.F.);
#709=ADVANCED_FACE('',(#1014),#1016,.T.);
#710=ADVANCED_FACE('',(#1021),#1023,.F.);
#711=ADVANCED_FACE('',(#1028),#1030,.F.);
#712=ADVANCED_FACE('',(#1035),#1037,.T.);
#713=ADVANCED_FACE('',(#1042),#1044,.F.);
#714=ADVANCED_FACE('',(#1049),#1051,.T.);
#715=ADVANCED_FACE('',(#1056),#1058,.T.);
#716=ADVANCED_FACE('',(#1063),#1065,.T.);
#717=ADVANCED_FACE('',(#1070),#1072,.F.);
#718=ADVANCED_FACE('',(#1077),#1079,.T.);
#719=ADVANCED_FACE('',(#1084),#1086,.T.);
#720=ADVANCED_FACE('',(#1091),#1093,.T.);
#721=ADVANCED_FACE('',(#1098),#1100,.F.);
#722=ADVANCED_FACE('',(#1105),#1107,.F.);
#723=ADVANCED_FACE('',(#1112),#1114,.F.);
#724=ADVANCED_FACE('',(#1119),#1121,.F.);
#725=ADVANCED_FACE('',(#1126),#1128,.T.);
#726=ADVANCED_FACE('',(#1133),#1135,.T.);
#727=ADVANCED_FACE('',(#1140,#1142),#1144,.F.);
#728=ADVANCED_FACE('',(#1149,#1151),#1153,.T.);
#729=ADVANCED_FACE('',(#1158,#1160),#1162,.F.);
#730=ADVANCED_FACE('',(#1167,#1169),#1171,.T.);
#731=ADVANCED_FACE('',(#1176,#1178),#1180,.F.);
#732=ADVANCED_FACE('',(#1185,#1187),#1189,.T.);
#733=ADVANCED_FACE('',(#1194,#1196),#1198,.F.);
#734=ADVANCED_FACE('',(#1203,#1205),#1207,.T.);
#735=ADVANCED_FACE('',(#1212,#1214),#1216,.F.);
#736=ADVANCED_FACE('',(#1221,#1223),#1225,.T.);
#737=ADVANCED_FACE('',(#1230,#1232),#1234,.T.);
#738=ADVANCED_FACE('',(#1239,#1241),#1243,.T.);
#739=ADVANCED_FACE('',(#1248,#1250),#1252,.F.);
#740=ADVANCED_FACE('',(#1257,#1259),#1261,.T.);
#741=ADVANCED_FACE('',(#1266,#1268),#1270,.T.);
#742=ADVANCED_FACE('',(#1275,#1277),#1279,.T.);
#743=ADVANCED_FACE('',(#1284,#1286),#1288,.F.);
#744=ADVANCED_FACE('',(#1293,#1295),#1297,.T.);
#745=ADVANCED_FACE('',(#1302,#1304),#1306,.T.);
#746=ADVANCED_FACE('',(#1311,#1313),#1315,.T.);
#747=ADVANCED_FACE('',(#1320,#1322),#1324,.F.);
#748=ADVANCED_FACE('',(#1329,#1331),#1333,.T.);
#749=ADVANCED_FACE('',(#1338,#1340),#1342,.F.);
#750=ADVANCED_FACE('',(#1347,#1349),#1351,.T.);
#751=ADVANCED_FACE('',(#1356,#1358),#1360,.F.);
#752=ADVANCED_FACE('',(#1365,#1367),#1369,.T.);
#753=ADVANCED_FACE('',(#1374,#1376),#1378,.F.);
#754=ADVANCED_FACE('',(#1383,#1385),#1387,.T.);
#755=ADVANCED_FACE('',(#1392),#1394,.T.);
#756=ADVANCED_FACE('',(#1399,#1401),#1403,.T.);
#757=ADVANCED_FACE('',(#1408,#1410),#1412,.T.);
#758=ADVANCED_FACE('',(#1417,#1419),#1421,.T.);
#759=ADVANCED_FACE('',(#1426,#1428),#1430,.T.);
#760=ADVANCED_FACE('',(#1435,#1437),#1439,.T.);
#761=ADVANCED_FACE('',(#1444,#1446),#1448,.T.);
#762=ADVANCED_FACE('',(#1453,#1455),#1457,.T.);
#763=ADVANCED_FACE('',(#1462,#1464),#1466,.T.);
#764=ADVANCED_FACE('',(#1471,#1473),#1475,.T.);
#765=ADVANCED_FACE('',(#1480,#1482),#1484,.T.);
#766=ADVANCED_FACE('',(#1489,#1491),#1493,.T.);
#767=ADVANCED_FACE('',(#1498),#1500,.T.);
#768=ADVANCED_FACE('',(#1505,#1507),#1509,.T.);
#769=ADVANCED_FACE('',(#1514,#1516),#1518,.F.);
#770=ADVANCED_FACE('',(#1523,#1525),#1527,.T.);
#771=ADVANCED_FACE('',(#1532,#1534),#1536,.F.);
#772=ADVANCED_FACE('',(#1541,#1543),#1545,.T.);
#773=ADVANCED_FACE('',(#1550,#1552),#1554,.F.);
#774=ADVANCED_FACE('',(#1559,#1561,#1563),#1565,.F.);
#775=ADVANCED_FACE('',(#1570,#1572),#1574,.F.);
#776=ADVANCED_FACE('',(#1579),#1581,.T.);
#777=ADVANCED_FACE('',(#1586),#1588,.T.);
#778=ADVANCED_FACE('',(#1593),#1595,.T.);
#779=ADVANCED_FACE('',(#1600),#1602,.T.);
#780=ADVANCED_FACE('',(#1607,#1609),#1611,.T.);
#781=ADVANCED_FACE('',(#1616,#1618),#1620,.T.);
#782=ADVANCED_FACE('',(#1625,#1627),#1629,.T.);
#783=ADVANCED_FACE('',(#1634,#1636),#1638,.F.);
#784=ADVANCED_FACE('',(#1643),#1645,.F.);
#785=ADVANCED_FACE('',(#1650,#1652),#1654,.F.);
#786=ADVANCED_FACE('',(#1659,#1661),#1663,.T.);
#787=ADVANCED_FACE('',(#1668,#1670),#1672,.T.);
#788=ADVANCED_FACE('',(#1677,#1679),#1681,.F.);
#789=ADVANCED_FACE('',(#1686,#1688),#1690,.F.);
#790=ADVANCED_FACE('',(#1695,#1697),#1699,.T.);
#791=ADVANCED_FACE('',(#1704,#1706),#1708,.F.);
#792=ADVANCED_FACE('',(#1713,#1715,#1717),#1719,.F.);
#793=ADVANCED_FACE('',(#1724,#1726),#1728,.T.);
#794=ADVANCED_FACE('',(#1733),#1735,.T.);
#795=ADVANCED_FACE('',(#1740),#1742,.T.);
#796=ADVANCED_FACE('',(#1747),#1749,.T.);
#797=ADVANCED_FACE('',(#1754),#1756,.T.);
#798=ADVANCED_FACE('',(#1761,#1763),#1765,.T.);
#799=ADVANCED_FACE('',(#1770,#1772),#1774,.T.);
#800=ADVANCED_FACE('',(#1779,#1781),#1783,.F.);
#801=ADVANCED_FACE('',(#1788),#1790,.F.);
#802=FACE_BOUND('',#803,.T.);
#803=EDGE_LOOP('',(#1795));
#804=PLANE('',#805);
#805=AXIS2_PLACEMENT_3D('',#806,#807,#808);
#806=CARTESIAN_POINT('',(-264.,0.,0.));
#807=DIRECTION('',(-1.,0.,0.));
#808=DIRECTION('',(0.,-6.12323399573677E-17,1.));
#809=FACE_OUTER_BOUND('',#810,.T.);
#810=EDGE_LOOP('',(#1796));
#811=FACE_OUTER_BOUND('',#812,.T.);
#812=EDGE_LOOP('',(#1797));
#813=CYLINDRICAL_SURFACE('',#814,20.);
#814=AXIS2_PLACEMENT_3D('',#815,#816,#817);
#815=CARTESIAN_POINT('',(-182.,0.,0.));
#816=DIRECTION('',(-1.,0.,0.));
#817=DIRECTION('',(0.,-6.12323399573677E-17,1.));
#818=FACE_BOUND('',#819,.T.);
#819=EDGE_LOOP('',(#1798));
#820=FACE_BOUND('',#821,.T.);
#821=EDGE_LOOP('',(#1799));
#822=PLANE('',#823);
#823=AXIS2_PLACEMENT_3D('',#824,#825,#826);
#824=CARTESIAN_POINT('',(-182.,0.,0.));
#825=DIRECTION('',(-1.,0.,0.));
#826=DIRECTION('',(0.,-6.12323399573677E-17,1.));
#827=FACE_OUTER_BOUND('',#828,.T.);
#828=EDGE_LOOP('',(#1800));
#829=FACE_OUTER_BOUND('',#830,.T.);
#830=EDGE_LOOP('',(#1801));
#831=CYLINDRICAL_SURFACE('',#832,25.);
#832=AXIS2_PLACEMENT_3D('',#833,#834,#835);
#833=CARTESIAN_POINT('',(-122.,0.,0.));
#834=DIRECTION('',(-1.,0.,0.));
#835=DIRECTION('',(0.,-6.12323399573676E-17,1.));
#836=FACE_BOUND('',#837,.T.);
#837=EDGE_LOOP('',(#1802));
#838=FACE_BOUND('',#839,.T.);
#839=EDGE_LOOP('',(#1803));
#840=PLANE('',#841);
#841=AXIS2_PLACEMENT_3D('',#842,#843,#844);
#842=CARTESIAN_POINT('',(-122.,0.,0.));
#843=DIRECTION('',(-1.,0.,0.));
#844=DIRECTION('',(0.,-6.12323399573676E-17,1.));
#845=FACE_OUTER_BOUND('',#846,.T.);
#846=EDGE_LOOP('',(#1804));
#847=FACE_OUTER_BOUND('',#848,.T.);
#848=EDGE_LOOP('',(#1805));
#849=CYLINDRICAL_SURFACE('',#850,28.);
#850=AXIS2_PLACEMENT_3D('',#851,#852,#853);
#851=CARTESIAN_POINT('',(-112.,0.,0.));
#852=DIRECTION('',(-1.,0.,0.));
#853=DIRECTION('',(0.,-6.12323399573677E-17,1.));
#854=FACE_BOUND('',#855,.T.);
#855=EDGE_LOOP('',(#1806));
#856=FACE_BOUND('',#857,.T.);
#857=EDGE_LOOP('',(#1807));
#858=PLANE('',#859);
#859=AXIS2_PLACEMENT_3D('',#860,#861,#862);
#860=CARTESIAN_POINT('',(-112.,0.,0.));
#861=DIRECTION('',(-1.,0.,0.));
#862=DIRECTION('',(0.,-6.12323399573677E-17,1.));
#863=FACE_OUTER_BOUND('',#864,.T.);
#864=EDGE_LOOP('',(#1808));
#865=FACE_OUTER_BOUND('',#866,.T.);
#866=EDGE_LOOP('',(#1809));
#867=CYLINDRICAL_SURFACE('',#868,30.);
#868=AXIS2_PLACEMENT_3D('',#869,#870,#871);
#869=CARTESIAN_POINT('',(-37.,0.,0.));
#870=DIRECTION('',(-1.,0.,0.));
#871=DIRECTION('',(0.,-6.12323399573677E-17,1.));
#872=FACE_BOUND('',#873,.T.);
#873=EDGE_LOOP('',(#1810));
#874=FACE_BOUND('',#875,.T.);
#875=EDGE_LOOP('',(#1811));
#876=PLANE('',#877);
#877=AXIS2_PLACEMENT_3D('',#878,#879,#880);
#878=CARTESIAN_POINT('',(-37.,0.,0.));
#879=DIRECTION('',(-1.,0.,0.));
#880=DIRECTION('',(0.,-6.12323399573677E-17,1.));
#881=FACE_OUTER_BOUND('',#882,.T.);
#882=EDGE_LOOP('',(#1812));
#883=FACE_OUTER_BOUND('',#884,.T.);
#884=EDGE_LOOP('',(#1813));
#885=CYLINDRICAL_SURFACE('',#886,40.);
#886=AXIS2_PLACEMENT_3D('',#887,#888,#889);
#887=CARTESIAN_POINT('',(-32.,0.,0.));
#888=DIRECTION('',(-1.,0.,0.));
#889=DIRECTION('',(0.,-6.12323399573677E-17,1.));
#890=FACE_BOUND('',#891,.T.);
#891=EDGE_LOOP('',(#1814));
#892=FACE_BOUND('',#893,.T.);
#893=EDGE_LOOP('',(#1815));
#894=PLANE('',#895);
#895=AXIS2_PLACEMENT_3D('',#896,#897,#898);
#896=CARTESIAN_POINT('',(-32.,0.,0.));
#897=DIRECTION('',(1.,0.,0.));
#898=DIRECTION('',(0.,-6.12323399573677E-17,1.));
#899=FACE_OUTER_BOUND('',#900,.T.);
#900=EDGE_LOOP('',(#1816));
#901=FACE_OUTER_BOUND('',#902,.T.);
#902=EDGE_LOOP('',(#1817));
#903=CYLINDRICAL_SURFACE('',#904,28.);
#904=AXIS2_PLACEMENT_3D('',#905,#906,#907);
#905=CARTESIAN_POINT('',(-27.,0.,0.));
#906=DIRECTION('',(-1.,0.,0.));
#907=DIRECTION('',(0.,-6.12323399573677E-17,1.));
#908=FACE_BOUND('',#909,.T.);
#909=EDGE_LOOP('',(#1818));
#910=FACE_BOUND('',#911,.T.);
#911=EDGE_LOOP('',(#1819));
#912=PLANE('',#913);
#913=AXIS2_PLACEMENT_3D('',#914,#915,#916);
#914=CARTESIAN_POINT('',(-27.,0.,0.));
#915=DIRECTION('',(1.,0.,0.));
#916=DIRECTION('',(0.,-6.12323399573677E-17,1.));
#917=FACE_OUTER_BOUND('',#918,.T.);
#918=EDGE_LOOP('',(#1820));
#919=FACE_OUTER_BOUND('',#920,.T.);
#920=EDGE_LOOP('',(#1821));
#921=CYLINDRICAL_SURFACE('',#922,25.);
#922=AXIS2_PLACEMENT_3D('',#923,#924,#925);
#923=CARTESIAN_POINT('',(-3.57698130928161E-16,0.,0.));
#924=DIRECTION('',(-1.,0.,0.));
#925=DIRECTION('',(0.,-6.12323399573677E-17,1.));
#926=FACE_BOUND('',#927,.T.);
#927=EDGE_LOOP('',(#1822));
#928=PLANE('',#929);
#929=AXIS2_PLACEMENT_3D('',#930,#931,#932);
#930=CARTESIAN_POINT('',(-3.57698130928161E-16,0.,0.));
#931=DIRECTION('',(1.,0.,0.));
#932=DIRECTION('',(0.,-6.12323399573677E-17,1.));
#933=FACE_BOUND('',#934,.T.);
#934=EDGE_LOOP('',(#1823,#1824,#1825,#1826,#1827,#1828,#1829,#1830,#1831,#1832,#1833,
#1834));
#935=PLANE('',#936);
#936=AXIS2_PLACEMENT_3D('',#937,#938,#939);
#937=CARTESIAN_POINT('',(-40.,20.,-40.));
#938=DIRECTION('',(1.,-5.44237491205297E-33,8.42540793391423E-17));
#939=DIRECTION('',(8.42540793391423E-17,5.61693862260948E-17,-1.));
#940=FACE_BOUND('',#941,.T.);
#941=EDGE_LOOP('',(#1835,#1836,#1837,#1838));
#942=PLANE('',#943);
#943=AXIS2_PLACEMENT_3D('',#944,#945,#946);
#944=CARTESIAN_POINT('',(-175.,30.,-333.));
#945=DIRECTION('',(-1.68167081489316E-32,1.,5.33440492312388E-17));
#946=DIRECTION('',(-2.56051436309946E-16,-5.33440492312388E-17,1.));
#947=FACE_BOUND('',#948,.T.);
#948=EDGE_LOOP('',(#1839,#1840,#1841,#1842));
#949=PLANE('',#950);
#950=AXIS2_PLACEMENT_3D('',#951,#952,#953);
#951=CARTESIAN_POINT('',(-175.,30.,-333.));
#952=DIRECTION('',(-1.68167081489316E-32,1.,5.33440492312388E-17));
#953=DIRECTION('',(-2.56051436309946E-16,-5.33440492312388E-17,1.));
#954=FACE_BOUND('',#955,.T.);
#955=EDGE_LOOP('',(#1843,#1844,#1845,#1846,#1847,#1848,#1849,#1850,#1851,#1852,#1853,
#1854,#1855));
#956=PLANE('',#957);
#957=AXIS2_PLACEMENT_3D('',#958,#959,#960);
#958=CARTESIAN_POINT('',(-135.,20.,-293.));
#959=DIRECTION('',(-1.,0.,-1.1233877245219E-16));
#960=DIRECTION('',(-1.1233877245219E-16,-5.61693862260949E-17,1.));
#961=FACE_BOUND('',#962,.T.);
#962=EDGE_LOOP('',(#1856,#1857,#1858,#1859,#1860,#1861,#1862,#1863,#1864,#1865,#1866,
#1867));
#963=FACE_BOUND('',#964,.T.);
#964=EDGE_LOOP('',(#1868));
#965=PLANE('',#966);
#966=AXIS2_PLACEMENT_3D('',#967,#968,#969);
#967=CARTESIAN_POINT('',(-175.,2.03903692058034E-14,-333.));
#968=DIRECTION('',(-1.,0.,-2.56051436309946E-16));
#969=DIRECTION('',(-2.56051436309946E-16,-6.12323399573677E-17,1.));
#970=FACE_BOUND('',#971,.T.);
#971=EDGE_LOOP('',(#1869,#1870,#1871,#1872,#1873));
#972=FACE_OUTER_BOUND('',#973,.T.);
#973=EDGE_LOOP('',(#1874));
#974=CYLINDRICAL_SURFACE('',#975,6.);
#975=AXIS2_PLACEMENT_3D('',#976,#977,#978);
#976=CARTESIAN_POINT('',(-39.9999999999999,30.,-166.5));
#977=DIRECTION('',(-1.,0.,-2.56051436309946E-16));
#978=DIRECTION('',(-2.56051436309946E-16,-1.22464679914735E-16,1.));
#979=FACE_BOUND('',#980,.T.);
#980=EDGE_LOOP('',(#1875,#1876,#1877,#1878));
#981=PLANE('',#982);
#982=AXIS2_PLACEMENT_3D('',#983,#984,#985);
#983=CARTESIAN_POINT('',(-135.,20.,-40.));
#984=DIRECTION('',(-2.24381916555821E-16,-6.45947941600091E-17,1.));
#985=DIRECTION('',(1.,0.,2.24381916555821E-16));
#986=FACE_BOUND('',#987,.T.);
#987=EDGE_LOOP('',(#1879,#1880,#1881,#1882,#1883,#1884,#1885,#1886));
#988=PLANE('',#989);
#989=AXIS2_PLACEMENT_3D('',#990,#991,#992);
#990=CARTESIAN_POINT('',(0.,110.,6.73555739531044E-15));
#991=DIRECTION('',(0.,1.,6.12323399573677E-17));
#992=DIRECTION('',(6.12323399573677E-17,6.12323399573677E-17,-1.));
#993=FACE_BOUND('',#994,.T.);
#994=EDGE_LOOP('',(#1887,#1888,#1889,#1890));
#995=CYLINDRICAL_SURFACE('',#996,40.);
#996=AXIS2_PLACEMENT_3D('',#997,#998,#999);
#997=CARTESIAN_POINT('',(-175.,110.,-103.));
#998=DIRECTION('',(1.,-3.74939945665465E-33,6.12323399573677E-17));
#999=DIRECTION('',(6.12323399573677E-17,-1.22464679914735E-16,-1.));
#1000=FACE_BOUND('',#1001,.T.);
#1001=EDGE_LOOP('',(#1891,#1892,#1893,#1894));
#1002=PLANE('',#1003);
#1003=AXIS2_PLACEMENT_3D('',#1004,#1005,#1006);
#1004=CARTESIAN_POINT('',(0.,110.,6.73555739531044E-15));
#1005=DIRECTION('',(0.,1.,6.12323399573677E-17));
#1006=DIRECTION('',(6.12323399573677E-17,6.12323399573677E-17,-1.));
#1007=FACE_BOUND('',#1008,.T.);
#1008=EDGE_LOOP('',(#1895,#1896,#1897,#1898));
#1009=CYLINDRICAL_SURFACE('',#1010,55.);
#1010=AXIS2_PLACEMENT_3D('',#1011,#1012,#1013);
#1011=CARTESIAN_POINT('',(-175.,110.,-203.));
#1012=DIRECTION('',(1.,-3.74939945665465E-33,6.12323399573677E-17));
#1013=DIRECTION('',(6.12323399573677E-17,-1.22464679914735E-16,-1.));
#1014=FACE_BOUND('',#1015,.T.);
#1015=EDGE_LOOP('',(#1899,#1900,#1901,#1902,#1903,#1904,#1905,#1906));
#1016=PLANE('',#1017);
#1017=AXIS2_PLACEMENT_3D('',#1018,#1019,#1020);
#1018=CARTESIAN_POINT('',(0.,110.,6.73555739531044E-15));
#1019=DIRECTION('',(0.,1.,6.12323399573677E-17));
#1020=DIRECTION('',(6.12323399573677E-17,6.12323399573677E-17,-1.));
#1021=FACE_BOUND('',#1022,.T.);
#1022=EDGE_LOOP('',(#1907,#1908,#1909,#1910));
#1023=PLANE('',#1024);
#1024=AXIS2_PLACEMENT_3D('',#1025,#1026,#1027);
#1025=CARTESIAN_POINT('',(-39.9999999999999,20.,-293.));
#1026=DIRECTION('',(-5.9835177748219E-16,0.,-1.));
#1027=DIRECTION('',(-1.,0.,5.9835177748219E-16));
#1028=FACE_BOUND('',#1029,.T.);
#1029=EDGE_LOOP('',(#1911,#1912,#1913,#1914));
#1030=CYLINDRICAL_SURFACE('',#1031,55.);
#1031=AXIS2_PLACEMENT_3D('',#1032,#1033,#1034);
#1032=CARTESIAN_POINT('',(-175.,110.,-203.));
#1033=DIRECTION('',(1.,-3.74939945665465E-33,6.12323399573677E-17));
#1034=DIRECTION('',(6.12323399573677E-17,-1.22464679914735E-16,-1.));
#1035=FACE_BOUND('',#1036,.T.);
#1036=EDGE_LOOP('',(#1915,#1916,#1917,#1918));
#1037=PLANE('',#1038);
#1038=AXIS2_PLACEMENT_3D('',#1039,#1040,#1041);
#1039=CARTESIAN_POINT('',(0.,110.,6.73555739531044E-15));
#1040=DIRECTION('',(0.,1.,6.12323399573677E-17));
#1041=DIRECTION('',(6.12323399573677E-17,6.12323399573677E-17,-1.));
#1042=FACE_BOUND('',#1043,.T.);
#1043=EDGE_LOOP('',(#1919,#1920,#1921,#1922));
#1044=CYLINDRICAL_SURFACE('',#1045,40.);
#1045=AXIS2_PLACEMENT_3D('',#1046,#1047,#1048);
#1046=CARTESIAN_POINT('',(-175.,110.,-103.));
#1047=DIRECTION('',(1.,-3.74939945665465E-33,6.12323399573677E-17));
#1048=DIRECTION('',(6.12323399573677E-17,-1.22464679914735E-16,-1.));
#1049=FACE_BOUND('',#1050,.T.);
#1050=EDGE_LOOP('',(#1923,#1924,#1925));
#1051=PLANE('',#1052);
#1052=AXIS2_PLACEMENT_3D('',#1053,#1054,#1055);
#1053=CARTESIAN_POINT('',(1.30970309672537E-13,30.,-178.5));
#1054=DIRECTION('',(3.24819536347474E-16,0.,-1.));
#1055=DIRECTION('',(0.,-1.,0.));
#1056=FACE_BOUND('',#1057,.T.);
#1057=EDGE_LOOP('',(#1926,#1927,#1928,#1929));
#1058=PLANE('',#1059);
#1059=AXIS2_PLACEMENT_3D('',#1060,#1061,#1062);
#1060=CARTESIAN_POINT('',(1.30970309672537E-13,18.,-178.5));
#1061=DIRECTION('',(4.80829504134711E-32,-1.,-1.48029736616687E-16));
#1062=DIRECTION('',(-2.56051436309946E-16,-1.48029736616687E-16,1.));
#1063=FACE_BOUND('',#1064,.T.);
#1064=EDGE_LOOP('',(#1930,#1931,#1932));
#1065=PLANE('',#1066);
#1066=AXIS2_PLACEMENT_3D('',#1067,#1068,#1069);
#1067=CARTESIAN_POINT('',(1.24825075201099E-13,18.,-154.5));
#1068=DIRECTION('',(-3.24819536347474E-16,0.,1.));
#1069=DIRECTION('',(0.,1.,0.));
#1070=FACE_BOUND('',#1071,.T.);
#1071=EDGE_LOOP('',(#1933,#1934,#1935,#1936,#1937,#1938,#1939,#1940));
#1072=PLANE('',#1073);
#1073=AXIS2_PLACEMENT_3D('',#1074,#1075,#1076);
#1074=CARTESIAN_POINT('',(-175.,30.,-453.));
#1075=DIRECTION('',(0.707106781186548,0.707106781186548,2.1921011639564E-16));
#1076=DIRECTION('',(-2.4800793569288E-16,-6.20019839232199E-17,1.));
#1077=FACE_BOUND('',#1078,.T.);
#1078=EDGE_LOOP('',(#1941,#1942,#1943,#1944));
#1079=PLANE('',#1080);
#1080=AXIS2_PLACEMENT_3D('',#1081,#1082,#1083);
#1081=CARTESIAN_POINT('',(-175.,4.11935230816675E-30,-6.72741285248089E-14));
#1082=DIRECTION('',(-3.84423591570337E-16,-6.12323399573676E-17,1.));
#1083=DIRECTION('',(1.,-2.35391560466671E-32,3.84423591570337E-16));
#1084=FACE_BOUND('',#1085,.T.);
#1085=EDGE_LOOP('',(#1945,#1946,#1947,#1948));
#1086=PLANE('',#1087);
#1087=AXIS2_PLACEMENT_3D('',#1088,#1089,#1090);
#1088=CARTESIAN_POINT('',(7.72337880666115E-14,2.03903692058034E-14,-333.));
#1089=DIRECTION('',(0.,0.,-1.));
#1090=DIRECTION('',(-1.,0.,0.));
#1091=FACE_BOUND('',#1092,.T.);
#1092=EDGE_LOOP('',(#1949,#1950,#1951,#1952,#1953,#1954,#1955,#1956));
#1093=PLANE('',#1094);
#1094=AXIS2_PLACEMENT_3D('',#1095,#1096,#1097);
#1095=CARTESIAN_POINT('',(5.6843418860808E-14,3.48065554802404E-30,-5.6843418860808E-14));
#1096=DIRECTION('',(1.,-3.74939945665465E-33,6.12323399573677E-17));
#1097=DIRECTION('',(6.12323399573677E-17,6.12323399573677E-17,-1.));
#1098=FACE_BOUND('',#1099,.T.);
#1099=EDGE_LOOP('',(#1957,#1958,#1959,#1960));
#1100=PLANE('',#1101);
#1101=AXIS2_PLACEMENT_3D('',#1102,#1103,#1104);
#1102=CARTESIAN_POINT('',(120.,30.,-333.));
#1103=DIRECTION('',(0.,0.707106781186548,0.707106781186547));
#1104=DIRECTION('',(-1.,0.,0.));
#1105=FACE_BOUND('',#1106,.T.);
#1106=EDGE_LOOP('',(#1961,#1962,#1963,#1964));
#1107=PLANE('',#1108);
#1108=AXIS2_PLACEMENT_3D('',#1109,#1110,#1111);
#1109=CARTESIAN_POINT('',(0.,0.,0.));
#1110=DIRECTION('',(0.,1.,6.12323399573677E-17));
#1111=DIRECTION('',(6.12323399573677E-17,6.12323399573677E-17,-1.));
#1112=FACE_BOUND('',#1113,.T.);
#1113=EDGE_LOOP('',(#1965,#1966,#1967,#1968));
#1114=PLANE('',#1115);
#1115=AXIS2_PLACEMENT_3D('',#1116,#1117,#1118);
#1116=CARTESIAN_POINT('',(-295.,30.,-1.11567989314528E-13));
#1117=DIRECTION('',(2.65775159932066E-16,0.707106781186548,-0.707106781186547));
#1118=DIRECTION('',(1.,8.56075585253133E-18,3.84423591570337E-16));
#1119=FACE_BOUND('',#1120,.T.);
#1120=EDGE_LOOP('',(#1969,#1970,#1971,#1972));
#1121=PLANE('',#1122);
#1122=AXIS2_PLACEMENT_3D('',#1123,#1124,#1125);
#1123=CARTESIAN_POINT('',(4.94955380659239E-14,30.,120.));
#1124=DIRECTION('',(-0.707106781186548,0.707106781186547,5.44220467353426E-19));
#1125=DIRECTION('',(6.12323399573677E-17,6.20019839232199E-17,-1.));
#1126=FACE_BOUND('',#1127,.T.);
#1127=EDGE_LOOP('',(#1973,#1974,#1975,#1976));
#1128=CYLINDRICAL_SURFACE('',#1129,10.);
#1129=AXIS2_PLACEMENT_3D('',#1130,#1131,#1132);
#1130=CARTESIAN_POINT('',(-19.9999999999999,20.,-154.010004003203));
#1131=DIRECTION('',(1.,-4.58414668232322E-17,0.));
#1132=DIRECTION('',(2.86509167645203E-17,0.625000000000001,-0.780624749799799));
#1133=FACE_BOUND('',#1134,.T.);
#1134=EDGE_LOOP('',(#1977,#1978,#1979,#1980));
#1135=CYLINDRICAL_SURFACE('',#1136,10.);
#1136=AXIS2_PLACEMENT_3D('',#1137,#1138,#1139);
#1137=CARTESIAN_POINT('',(-19.9999999999999,20.,-178.989995996797));
#1138=DIRECTION('',(-1.,0.,-3.66731734585858E-16));
#1139=DIRECTION('',(-2.86279868554732E-16,0.625000000000001,0.780624749799799));
#1140=FACE_BOUND('',#1141,.T.);
#1141=EDGE_LOOP('',(#1981));
#1142=FACE_BOUND('',#1143,.T.);
#1143=EDGE_LOOP('',(#1982));
#1144=PLANE('',#1145);
#1145=AXIS2_PLACEMENT_3D('',#1146,#1147,#1148);
#1146=CARTESIAN_POINT('',(0.,0.,0.));
#1147=DIRECTION('',(0.,1.,6.12323399573677E-17));
#1148=DIRECTION('',(-1.,7.49879891330929E-33,-1.22464679914735E-16));
#1149=FACE_BOUND('',#1150,.T.);
#1150=EDGE_LOOP('',(#1983));
#1151=FACE_BOUND('',#1152,.T.);
#1152=EDGE_LOOP('',(#1984));
#1153=PLANE('',#1154);
#1154=AXIS2_PLACEMENT_3D('',#1155,#1156,#1157);
#1155=CARTESIAN_POINT('',(0.,27.,1.65327317884893E-15));
#1156=DIRECTION('',(0.,1.,6.12323399573677E-17));
#1157=DIRECTION('',(-1.,7.49879891330929E-33,-1.22464679914735E-16));
#1158=FACE_OUTER_BOUND('',#1159,.T.);
#1159=EDGE_LOOP('',(#1985));
#1160=FACE_OUTER_BOUND('',#1161,.T.);
#1161=EDGE_LOOP('',(#1986));
#1162=CYLINDRICAL_SURFACE('',#1163,47.);
#1163=AXIS2_PLACEMENT_3D('',#1164,#1165,#1166);
#1164=CARTESIAN_POINT('',(0.,0.,0.));
#1165=DIRECTION('',(0.,1.,6.12323399573677E-17));
#1166=DIRECTION('',(-1.,7.49879891330929E-33,-1.22464679914735E-16));
#1167=FACE_OUTER_BOUND('',#1168,.T.);
#1168=EDGE_LOOP('',(#1987));
#1169=FACE_OUTER_BOUND('',#1170,.T.);
#1170=EDGE_LOOP('',(#1988));
#1171=CYLINDRICAL_SURFACE('',#1172,55.);
#1172=AXIS2_PLACEMENT_3D('',#1173,#1174,#1175);
#1173=CARTESIAN_POINT('',(0.,0.,0.));
#1174=DIRECTION('',(0.,1.,6.12323399573677E-17));
#1175=DIRECTION('',(-1.,7.49879891330929E-33,-1.22464679914735E-16));
#1176=FACE_BOUND('',#1177,.T.);
#1177=EDGE_LOOP('',(#1989));
#1178=FACE_BOUND('',#1179,.T.);
#1179=EDGE_LOOP('',(#1990));
#1180=PLANE('',#1181);
#1181=AXIS2_PLACEMENT_3D('',#1182,#1183,#1184);
#1182=CARTESIAN_POINT('',(0.,0.,0.));
#1183=DIRECTION('',(0.,1.,6.12323399573677E-17));
#1184=DIRECTION('',(-1.,7.49879891330929E-33,-1.22464679914735E-16));
#1185=FACE_OUTER_BOUND('',#1186,.T.);
#1186=EDGE_LOOP('',(#1991));
#1187=FACE_OUTER_BOUND('',#1188,.T.);
#1188=EDGE_LOOP('',(#1992));
#1189=CYLINDRICAL_SURFACE('',#1190,32.);
#1190=AXIS2_PLACEMENT_3D('',#1191,#1192,#1193);
#1191=CARTESIAN_POINT('',(0.,0.,0.));
#1192=DIRECTION('',(0.,1.,6.12323399573677E-17));
#1193=DIRECTION('',(-1.,7.49879891330929E-33,-1.22464679914735E-16));
#1194=FACE_OUTER_BOUND('',#1195,.T.);
#1195=EDGE_LOOP('',(#1993));
#1196=FACE_OUTER_BOUND('',#1197,.T.);
#1197=EDGE_LOOP('',(#1994));
#1198=CYLINDRICAL_SURFACE('',#1199,25.);
#1199=AXIS2_PLACEMENT_3D('',#1200,#1201,#1202);
#1200=CARTESIAN_POINT('',(0.,0.,0.));
#1201=DIRECTION('',(0.,1.,6.12323399573677E-17));
#1202=DIRECTION('',(-1.,7.49879891330929E-33,-1.22464679914735E-16));
#1203=FACE_BOUND('',#1204,.T.);
#1204=EDGE_LOOP('',(#1995));
#1205=FACE_BOUND('',#1206,.T.);
#1206=EDGE_LOOP('',(#1996));
#1207=PLANE('',#1208);
#1208=AXIS2_PLACEMENT_3D('',#1209,#1210,#1211);
#1209=CARTESIAN_POINT('',(0.,27.,1.65327317884893E-15));
#1210=DIRECTION('',(0.,1.,6.12323399573677E-17));
#1211=DIRECTION('',(-1.,7.49879891330929E-33,-1.22464679914735E-16));
#1212=FACE_OUTER_BOUND('',#1213,.T.);
#1213=EDGE_LOOP('',(#1997));
#1214=FACE_OUTER_BOUND('',#1215,.T.);
#1215=EDGE_LOOP('',(#1998));
#1216=CYLINDRICAL_SURFACE('',#1217,30.);
#1217=AXIS2_PLACEMENT_3D('',#1218,#1219,#1220);
#1218=CARTESIAN_POINT('',(0.,-37.5,0.));
#1219=DIRECTION('',(0.,-1.,0.));
#1220=DIRECTION('',(1.,0.,0.));
#1221=FACE_BOUND('',#1222,.T.);
#1222=EDGE_LOOP('',(#1999));
#1223=FACE_BOUND('',#1224,.T.);
#1224=EDGE_LOOP('',(#2000));
#1225=PLANE('',#1226);
#1226=AXIS2_PLACEMENT_3D('',#1227,#1228,#1229);
#1227=CARTESIAN_POINT('',(0.,-37.5,0.));
#1228=DIRECTION('',(0.,-1.,0.));
#1229=DIRECTION('',(1.,0.,0.));
#1230=FACE_OUTER_BOUND('',#1231,.T.);
#1231=EDGE_LOOP('',(#2001));
#1232=FACE_OUTER_BOUND('',#1233,.T.);
#1233=EDGE_LOOP('',(#2002));
#1234=CYLINDRICAL_SURFACE('',#1235,50.);
#1235=AXIS2_PLACEMENT_3D('',#1236,#1237,#1238);
#1236=CARTESIAN_POINT('',(0.,-6.00000000000001,0.));
#1237=DIRECTION('',(0.,-1.,0.));
#1238=DIRECTION('',(1.,0.,0.));
#1239=FACE_BOUND('',#1240,.T.);
#1240=EDGE_LOOP('',(#2003));
#1241=FACE_BOUND('',#1242,.T.);
#1242=EDGE_LOOP('',(#2004));
#1243=PLANE('',#1244);
#1244=AXIS2_PLACEMENT_3D('',#1245,#1246,#1247);
#1245=CARTESIAN_POINT('',(0.,-6.00000000000001,0.));
#1246=DIRECTION('',(0.,-1.,0.));
#1247=DIRECTION('',(1.,0.,0.));
#1248=FACE_OUTER_BOUND('',#1249,.T.);
#1249=EDGE_LOOP('',(#2005));
#1250=FACE_OUTER_BOUND('',#1251,.T.);
#1251=EDGE_LOOP('',(#2006));
#1252=CYLINDRICAL_SURFACE('',#1253,69.);
#1253=AXIS2_PLACEMENT_3D('',#1254,#1255,#1256);
#1254=CARTESIAN_POINT('',(0.,-20.5,0.));
#1255=DIRECTION('',(0.,-1.,0.));
#1256=DIRECTION('',(1.,0.,0.));
#1257=FACE_BOUND('',#1258,.T.);
#1258=EDGE_LOOP('',(#2007));
#1259=FACE_BOUND('',#1260,.T.);
#1260=EDGE_LOOP('',(#2008));
#1261=PLANE('',#1262);
#1262=AXIS2_PLACEMENT_3D('',#1263,#1264,#1265);
#1263=CARTESIAN_POINT('',(0.,-20.5,0.));
#1264=DIRECTION('',(0.,-1.,0.));
#1265=DIRECTION('',(1.,0.,0.));
#1266=FACE_OUTER_BOUND('',#1267,.T.);
#1267=EDGE_LOOP('',(#2009));
#1268=FACE_OUTER_BOUND('',#1269,.T.);
#1269=EDGE_LOOP('',(#2010));
#1270=CYLINDRICAL_SURFACE('',#1271,82.);
#1271=AXIS2_PLACEMENT_3D('',#1272,#1273,#1274);
#1272=CARTESIAN_POINT('',(0.,22.5,0.));
#1273=DIRECTION('',(0.,-1.,0.));
#1274=DIRECTION('',(1.,0.,0.));
#1275=FACE_BOUND('',#1276,.T.);
#1276=EDGE_LOOP('',(#2011));
#1277=FACE_BOUND('',#1278,.T.);
#1278=EDGE_LOOP('',(#2012));
#1279=PLANE('',#1280);
#1280=AXIS2_PLACEMENT_3D('',#1281,#1282,#1283);
#1281=CARTESIAN_POINT('',(0.,22.5,0.));
#1282=DIRECTION('',(0.,1.,0.));
#1283=DIRECTION('',(1.,0.,0.));
#1284=FACE_OUTER_BOUND('',#1285,.T.);
#1285=EDGE_LOOP('',(#2013));
#1286=FACE_OUTER_BOUND('',#1287,.T.);
#1287=EDGE_LOOP('',(#2014));
#1288=CYLINDRICAL_SURFACE('',#1289,69.);
#1289=AXIS2_PLACEMENT_3D('',#1290,#1291,#1292);
#1290=CARTESIAN_POINT('',(0.,5.99999999999999,0.));
#1291=DIRECTION('',(0.,-1.,0.));
#1292=DIRECTION('',(1.,0.,0.));
#1293=FACE_BOUND('',#1294,.T.);
#1294=EDGE_LOOP('',(#2015));
#1295=FACE_BOUND('',#1296,.T.);
#1296=EDGE_LOOP('',(#2016));
#1297=PLANE('',#1298);
#1298=AXIS2_PLACEMENT_3D('',#1299,#1300,#1301);
#1299=CARTESIAN_POINT('',(0.,5.99999999999999,0.));
#1300=DIRECTION('',(0.,1.,0.));
#1301=DIRECTION('',(1.,0.,0.));
#1302=FACE_OUTER_BOUND('',#1303,.T.);
#1303=EDGE_LOOP('',(#2017));
#1304=FACE_OUTER_BOUND('',#1305,.T.);
#1305=EDGE_LOOP('',(#2018));
#1306=CYLINDRICAL_SURFACE('',#1307,50.);
#1307=AXIS2_PLACEMENT_3D('',#1308,#1309,#1310);
#1308=CARTESIAN_POINT('',(0.,37.5,0.));
#1309=DIRECTION('',(0.,-1.,0.));
#1310=DIRECTION('',(1.,0.,0.));
#1311=FACE_BOUND('',#1312,.T.);
#1312=EDGE_LOOP('',(#2019));
#1313=FACE_BOUND('',#1314,.T.);
#1314=EDGE_LOOP('',(#2020));
#1315=PLANE('',#1316);
#1316=AXIS2_PLACEMENT_3D('',#1317,#1318,#1319);
#1317=CARTESIAN_POINT('',(0.,37.5,0.));
#1318=DIRECTION('',(0.,1.,0.));
#1319=DIRECTION('',(1.,0.,0.));
#1320=FACE_BOUND('',#1321,.T.);
#1321=EDGE_LOOP('',(#2021));
#1322=FACE_BOUND('',#1323,.T.);
#1323=EDGE_LOOP('',(#2022));
#1324=PLANE('',#1325);
#1325=AXIS2_PLACEMENT_3D('',#1326,#1327,#1328);
#1326=CARTESIAN_POINT('',(0.,0.,0.));
#1327=DIRECTION('',(0.,1.,6.12323399573677E-17));
#1328=DIRECTION('',(-1.,7.49879891330929E-33,-1.22464679914735E-16));
#1329=FACE_BOUND('',#1330,.T.);
#1330=EDGE_LOOP('',(#2023));
#1331=FACE_BOUND('',#1332,.T.);
#1332=EDGE_LOOP('',(#2024));
#1333=PLANE('',#1334);
#1334=AXIS2_PLACEMENT_3D('',#1335,#1336,#1337);
#1335=CARTESIAN_POINT('',(0.,21.,1.28587913910472E-15));
#1336=DIRECTION('',(0.,1.,6.12323399573677E-17));
#1337=DIRECTION('',(-1.,7.49879891330929E-33,-1.22464679914735E-16));
#1338=FACE_OUTER_BOUND('',#1339,.T.);
#1339=EDGE_LOOP('',(#2025));
#1340=FACE_OUTER_BOUND('',#1341,.T.);
#1341=EDGE_LOOP('',(#2026));
#1342=CYLINDRICAL_SURFACE('',#1343,33.);
#1343=AXIS2_PLACEMENT_3D('',#1344,#1345,#1346);
#1344=CARTESIAN_POINT('',(0.,0.,0.));
#1345=DIRECTION('',(0.,1.,6.12323399573677E-17));
#1346=DIRECTION('',(-1.,7.49879891330929E-33,-1.22464679914735E-16));
#1347=FACE_OUTER_BOUND('',#1348,.T.);
#1348=EDGE_LOOP('',(#2027));
#1349=FACE_OUTER_BOUND('',#1350,.T.);
#1350=EDGE_LOOP('',(#2028));
#1351=CYLINDRICAL_SURFACE('',#1352,40.);
#1352=AXIS2_PLACEMENT_3D('',#1353,#1354,#1355);
#1353=CARTESIAN_POINT('',(0.,0.,0.));
#1354=DIRECTION('',(0.,1.,6.12323399573677E-17));
#1355=DIRECTION('',(-1.,7.49879891330929E-33,-1.22464679914735E-16));
#1356=FACE_BOUND('',#1357,.T.);
#1357=EDGE_LOOP('',(#2029));
#1358=FACE_BOUND('',#1359,.T.);
#1359=EDGE_LOOP('',(#2030));
#1360=PLANE('',#1361);
#1361=AXIS2_PLACEMENT_3D('',#1362,#1363,#1364);
#1362=CARTESIAN_POINT('',(0.,0.,0.));
#1363=DIRECTION('',(0.,1.,6.12323399573677E-17));
#1364=DIRECTION('',(-1.,7.49879891330929E-33,-1.22464679914735E-16));
#1365=FACE_OUTER_BOUND('',#1366,.T.);
#1366=EDGE_LOOP('',(#2031));
#1367=FACE_OUTER_BOUND('',#1368,.T.);
#1368=EDGE_LOOP('',(#2032));
#1369=CYLINDRICAL_SURFACE('',#1370,24.5);
#1370=AXIS2_PLACEMENT_3D('',#1371,#1372,#1373);
#1371=CARTESIAN_POINT('',(0.,0.,0.));
#1372=DIRECTION('',(0.,1.,6.12323399573677E-17));
#1373=DIRECTION('',(-1.,7.49879891330929E-33,-1.22464679914735E-16));
#1374=FACE_OUTER_BOUND('',#1375,.T.);
#1375=EDGE_LOOP('',(#2033));
#1376=FACE_OUTER_BOUND('',#1377,.T.);
#1377=EDGE_LOOP('',(#2034));
#1378=CYLINDRICAL_SURFACE('',#1379,17.5);
#1379=AXIS2_PLACEMENT_3D('',#1380,#1381,#1382);
#1380=CARTESIAN_POINT('',(0.,0.,0.));
#1381=DIRECTION('',(0.,1.,6.12323399573677E-17));
#1382=DIRECTION('',(-1.,7.49879891330929E-33,-1.22464679914735E-16));
#1383=FACE_BOUND('',#1384,.T.);
#1384=EDGE_LOOP('',(#2035));
#1385=FACE_BOUND('',#1386,.T.);
#1386=EDGE_LOOP('',(#2036));
#1387=PLANE('',#1388);
#1388=AXIS2_PLACEMENT_3D('',#1389,#1390,#1391);
#1389=CARTESIAN_POINT('',(0.,21.,1.28587913910472E-15));
#1390=DIRECTION('',(0.,1.,6.12323399573677E-17));
#1391=DIRECTION('',(-1.,7.49879891330929E-33,-1.22464679914735E-16));
#1392=FACE_BOUND('',#1393,.T.);
#1393=EDGE_LOOP('',(#2037));
#1394=PLANE('',#1395);
#1395=AXIS2_PLACEMENT_3D('',#1396,#1397,#1398);
#1396=CARTESIAN_POINT('',(0.,0.,-263.));
#1397=DIRECTION('',(0.,0.,-1.));
#1398=DIRECTION('',(-1.,9.20234594787869E-16,0.));
#1399=FACE_OUTER_BOUND('',#1400,.T.);
#1400=EDGE_LOOP('',(#2038));
#1401=FACE_OUTER_BOUND('',#1402,.T.);
#1402=EDGE_LOOP('',(#2039));
#1403=CYLINDRICAL_SURFACE('',#1404,17.5);
#1404=AXIS2_PLACEMENT_3D('',#1405,#1406,#1407);
#1405=CARTESIAN_POINT('',(0.,0.,-242.));
#1406=DIRECTION('',(0.,0.,-1.));
#1407=DIRECTION('',(-1.,8.46755786839028E-16,0.));
#1408=FACE_BOUND('',#1409,.T.);
#1409=EDGE_LOOP('',(#2040));
#1410=FACE_BOUND('',#1411,.T.);
#1411=EDGE_LOOP('',(#2041));
#1412=PLANE('',#1413);
#1413=AXIS2_PLACEMENT_3D('',#1414,#1415,#1416);
#1414=CARTESIAN_POINT('',(0.,0.,-242.));
#1415=DIRECTION('',(0.,0.,-1.));
#1416=DIRECTION('',(-1.,7.40911313484149E-16,0.));
#1417=FACE_OUTER_BOUND('',#1418,.T.);
#1418=EDGE_LOOP('',(#2042));
#1419=FACE_OUTER_BOUND('',#1420,.T.);
#1420=EDGE_LOOP('',(#2043));
#1421=CYLINDRICAL_SURFACE('',#1422,20.);
#1422=AXIS2_PLACEMENT_3D('',#1423,#1424,#1425);
#1423=CARTESIAN_POINT('',(0.,0.,-217.));
#1424=DIRECTION('',(0.,0.,-1.));
#1425=DIRECTION('',(-1.,6.6437088853744E-16,0.));
#1426=FACE_BOUND('',#1427,.T.);
#1427=EDGE_LOOP('',(#2044));
#1428=FACE_BOUND('',#1429,.T.);
#1429=EDGE_LOOP('',(#2045));
#1430=PLANE('',#1431);
#1431=AXIS2_PLACEMENT_3D('',#1432,#1433,#1434);
#1432=CARTESIAN_POINT('',(0.,0.,-217.));
#1433=DIRECTION('',(0.,0.,-1.));
#1434=DIRECTION('',(-1.,5.90551900922168E-16,0.));
#1435=FACE_OUTER_BOUND('',#1436,.T.);
#1436=EDGE_LOOP('',(#2046));
#1437=FACE_OUTER_BOUND('',#1438,.T.);
#1438=EDGE_LOOP('',(#2047));
#1439=CYLINDRICAL_SURFACE('',#1440,22.5);
#1440=AXIS2_PLACEMENT_3D('',#1441,#1442,#1443);
#1441=CARTESIAN_POINT('',(0.,0.,-172.));
#1442=DIRECTION('',(0.,0.,-1.));
#1443=DIRECTION('',(-1.,4.68087221007433E-16,0.));
#1444=FACE_BOUND('',#1445,.T.);
#1445=EDGE_LOOP('',(#2048));
#1446=FACE_BOUND('',#1447,.T.);
#1447=EDGE_LOOP('',(#2049));
#1448=PLANE('',#1449);
#1449=AXIS2_PLACEMENT_3D('',#1450,#1451,#1452);
#1450=CARTESIAN_POINT('',(0.,0.,-172.));
#1451=DIRECTION('',(0.,0.,1.));
#1452=DIRECTION('',(-1.,4.68087221007433E-16,0.));
#1453=FACE_OUTER_BOUND('',#1454,.T.);
#1454=EDGE_LOOP('',(#2050));
#1455=FACE_OUTER_BOUND('',#1456,.T.);
#1456=EDGE_LOOP('',(#2051));
#1457=CYLINDRICAL_SURFACE('',#1458,20.);
#1458=AXIS2_PLACEMENT_3D('',#1459,#1460,#1461);
#1459=CARTESIAN_POINT('',(0.,0.,-147.));
#1460=DIRECTION('',(0.,0.,-1.));
#1461=DIRECTION('',(-1.,4.50057698686653E-16,0.));
#1462=FACE_BOUND('',#1463,.T.);
#1463=EDGE_LOOP('',(#2052));
#1464=FACE_BOUND('',#1465,.T.);
#1465=EDGE_LOOP('',(#2053));
#1466=PLANE('',#1467);
#1467=AXIS2_PLACEMENT_3D('',#1468,#1469,#1470);
#1468=CARTESIAN_POINT('',(0.,0.,-147.));
#1469=DIRECTION('',(0.,0.,1.));
#1470=DIRECTION('',(-1.,4.50057698686653E-16,0.));
#1471=FACE_OUTER_BOUND('',#1472,.T.);
#1472=EDGE_LOOP('',(#2054));
#1473=FACE_OUTER_BOUND('',#1474,.T.);
#1474=EDGE_LOOP('',(#2055));
#1475=CYLINDRICAL_SURFACE('',#1476,17.5);
#1476=AXIS2_PLACEMENT_3D('',#1477,#1478,#1479);
#1477=CARTESIAN_POINT('',(0.,0.,-98.));
#1478=DIRECTION('',(0.,0.,-1.));
#1479=DIRECTION('',(-1.,3.42901103761259E-16,0.));
#1480=FACE_BOUND('',#1481,.T.);
#1481=EDGE_LOOP('',(#2056));
#1482=FACE_BOUND('',#1483,.T.);
#1483=EDGE_LOOP('',(#2057));
#1484=PLANE('',#1485);
#1485=AXIS2_PLACEMENT_3D('',#1486,#1487,#1488);
#1486=CARTESIAN_POINT('',(0.,0.,-98.));
#1487=DIRECTION('',(0.,0.,1.));
#1488=DIRECTION('',(-1.,3.42901103761259E-16,0.));
#1489=FACE_OUTER_BOUND('',#1490,.T.);
#1490=EDGE_LOOP('',(#2058));
#1491=FACE_OUTER_BOUND('',#1492,.T.);
#1492=EDGE_LOOP('',(#2059));
#1493=CYLINDRICAL_SURFACE('',#1494,14.);
#1494=AXIS2_PLACEMENT_3D('',#1495,#1496,#1497);
#1495=CARTESIAN_POINT('',(0.,0.,-38.));
#1496=DIRECTION('',(0.,0.,-1.));
#1497=DIRECTION('',(-1.,1.66202065598569E-16,0.));
#1498=FACE_BOUND('',#1499,.T.);
#1499=EDGE_LOOP('',(#2060));
#1500=PLANE('',#1501);
#1501=AXIS2_PLACEMENT_3D('',#1502,#1503,#1504);
#1502=CARTESIAN_POINT('',(0.,0.,-38.));
#1503=DIRECTION('',(0.,0.,1.));
#1504=DIRECTION('',(-1.,1.66202065598569E-16,0.));
#1505=FACE_BOUND('',#1506,.T.);
#1506=EDGE_LOOP('',(#2061));
#1507=FACE_BOUND('',#1508,.T.);
#1508=EDGE_LOOP('',(#2062));
#1509=PLANE('',#1510);
#1510=AXIS2_PLACEMENT_3D('',#1511,#1512,#1513);
#1511=CARTESIAN_POINT('',(0.,-19.,-1.16341445918999E-15));
#1512=DIRECTION('',(0.,-1.,-6.12323399573677E-17));
#1513=DIRECTION('',(1.,0.,0.));
#1514=FACE_OUTER_BOUND('',#1515,.T.);
#1515=EDGE_LOOP('',(#2063));
#1516=FACE_OUTER_BOUND('',#1517,.T.);
#1517=EDGE_LOOP('',(#2064));
#1518=CYLINDRICAL_SURFACE('',#1519,28.);
#1519=AXIS2_PLACEMENT_3D('',#1520,#1521,#1522);
#1520=CARTESIAN_POINT('',(100.,-7.49879891330929E-31,1.22464679914735E-14));
#1521=DIRECTION('',(0.,-1.,-6.12323399573676E-17));
#1522=DIRECTION('',(1.,0.,0.));
#1523=FACE_BOUND('',#1524,.T.);
#1524=EDGE_LOOP('',(#2065));
#1525=FACE_BOUND('',#1526,.T.);
#1526=EDGE_LOOP('',(#2066));
#1527=PLANE('',#1528);
#1528=AXIS2_PLACEMENT_3D('',#1529,#1530,#1531);
#1529=CARTESIAN_POINT('',(0.,-10.,-6.12323399573677E-16));
#1530=DIRECTION('',(0.,-1.,-6.12323399573677E-17));
#1531=DIRECTION('',(1.,0.,0.));
#1532=FACE_OUTER_BOUND('',#1533,.T.);
#1533=EDGE_LOOP('',(#2067));
#1534=FACE_OUTER_BOUND('',#1535,.T.);
#1535=EDGE_LOOP('',(#2068));
#1536=CYLINDRICAL_SURFACE('',#1537,34.);
#1537=AXIS2_PLACEMENT_3D('',#1538,#1539,#1540);
#1538=CARTESIAN_POINT('',(100.,-10.,1.16341445918999E-14));
#1539=DIRECTION('',(0.,-1.,-6.12323399573677E-17));
#1540=DIRECTION('',(1.,0.,0.));
#1541=FACE_OUTER_BOUND('',#1542,.T.);
#1542=EDGE_LOOP('',(#2069));
#1543=FACE_OUTER_BOUND('',#1544,.T.);
#1544=EDGE_LOOP('',(#2070));
#1545=CYLINDRICAL_SURFACE('',#1546,40.);
#1546=AXIS2_PLACEMENT_3D('',#1547,#1548,#1549);
#1547=CARTESIAN_POINT('',(100.,-7.49879891330929E-31,1.22464679914735E-14));
#1548=DIRECTION('',(0.,-1.,-6.12323399573676E-17));
#1549=DIRECTION('',(1.,0.,0.));
#1550=FACE_BOUND('',#1551,.T.);
#1551=EDGE_LOOP('',(#2071));
#1552=FACE_BOUND('',#1553,.T.);
#1553=EDGE_LOOP('',(#2072));
#1554=PLANE('',#1555);
#1555=AXIS2_PLACEMENT_3D('',#1556,#1557,#1558);
#1556=CARTESIAN_POINT('',(0.,0.,0.));
#1557=DIRECTION('',(0.,1.,6.12323399573677E-17));
#1558=DIRECTION('',(-1.,7.49879891330929E-33,-1.22464679914735E-16));
#1559=FACE_BOUND('',#1560,.T.);
#1560=EDGE_LOOP('',(#2073,#2074,#2075,#2076));
#1561=FACE_BOUND('',#1562,.T.);
#1562=EDGE_LOOP('',(#2077));
#1563=FACE_BOUND('',#1564,.T.);
#1564=EDGE_LOOP('',(#2078));
#1565=PLANE('',#1566);
#1566=AXIS2_PLACEMENT_3D('',#1567,#1568,#1569);
#1567=CARTESIAN_POINT('',(0.,0.,0.));
#1568=DIRECTION('',(0.,1.,6.12323399573677E-17));
#1569=DIRECTION('',(-1.,7.49879891330929E-33,-1.22464679914735E-16));
#1570=FACE_OUTER_BOUND('',#1571,.T.);
#1571=EDGE_LOOP('',(#2079));
#1572=FACE_OUTER_BOUND('',#1573,.T.);
#1573=EDGE_LOOP('',(#2080));
#1574=CYLINDRICAL_SURFACE('',#1575,17.5);
#1575=AXIS2_PLACEMENT_3D('',#1576,#1577,#1578);
#1576=CARTESIAN_POINT('',(100.,-7.49879891330929E-31,1.22464679914735E-14));
#1577=DIRECTION('',(0.,1.,6.12323399573677E-17));
#1578=DIRECTION('',(-1.,7.49879891330929E-33,-1.22464679914735E-16));
#1579=FACE_BOUND('',#1580,.T.);
#1580=EDGE_LOOP('',(#2081,#2082,#2083,#2084));
#1581=CYLINDRICAL_SURFACE('',#1582,56.);
#1582=AXIS2_PLACEMENT_3D('',#1583,#1584,#1585);
#1583=CARTESIAN_POINT('',(100.,-7.49879891330929E-31,1.22464679914735E-14));
#1584=DIRECTION('',(0.,1.,6.12323399573677E-17));
#1585=DIRECTION('',(0.19,-6.01169371830386E-17,0.981784090317214));
#1586=FACE_BOUND('',#1587,.T.);
#1587=EDGE_LOOP('',(#2085,#2086,#2087,#2088));
#1588=PLANE('',#1589);
#1589=AXIS2_PLACEMENT_3D('',#1590,#1591,#1592);
#1590=CARTESIAN_POINT('',(14.25,-4.5087702887279E-15,73.6338067737911));
#1591=DIRECTION('',(0.19,0.,0.981784090317214));
#1592=DIRECTION('',(0.981784090317214,1.16341445918998E-17,-0.19));
#1593=FACE_BOUND('',#1594,.T.);
#1594=EDGE_LOOP('',(#2089,#2090,#2091,#2092));
#1595=CYLINDRICAL_SURFACE('',#1596,75.);
#1596=AXIS2_PLACEMENT_3D('',#1597,#1598,#1599);
#1597=CARTESIAN_POINT('',(0.,0.,0.));
#1598=DIRECTION('',(0.,1.,6.12323399573677E-17));
#1599=DIRECTION('',(0.19,6.01169371830386E-17,-0.981784090317214));
#1600=FACE_BOUND('',#1601,.T.);
#1601=EDGE_LOOP('',(#2093,#2094,#2095,#2096));
#1602=PLANE('',#1603);
#1603=AXIS2_PLACEMENT_3D('',#1604,#1605,#1606);
#1604=CARTESIAN_POINT('',(110.64,3.36654848225016E-15,-54.979909057764));
#1605=DIRECTION('',(0.19,0.,-0.981784090317214));
#1606=DIRECTION('',(-0.981784090317214,1.16341445918999E-17,-0.19));
#1607=FACE_OUTER_BOUND('',#1608,.T.);
#1608=EDGE_LOOP('',(#2097));
#1609=FACE_OUTER_BOUND('',#1610,.T.);
#1610=EDGE_LOOP('',(#2098));
#1611=CYLINDRICAL_SURFACE('',#1612,55.);
#1612=AXIS2_PLACEMENT_3D('',#1613,#1614,#1615);
#1613=CARTESIAN_POINT('',(0.,0.,0.));
#1614=DIRECTION('',(0.,-1.,-6.12323399573677E-17));
#1615=DIRECTION('',(1.,0.,0.));
#1616=FACE_BOUND('',#1617,.T.);
#1617=EDGE_LOOP('',(#2099,#2100,#2101,#2102));
#1618=FACE_BOUND('',#1619,.T.);
#1619=EDGE_LOOP('',(#2103));
#1620=PLANE('',#1621);
#1621=AXIS2_PLACEMENT_3D('',#1622,#1623,#1624);
#1622=CARTESIAN_POINT('',(0.,7.,4.28626379701574E-16));
#1623=DIRECTION('',(0.,1.,6.12323399573677E-17));
#1624=DIRECTION('',(-1.,7.49879891330929E-33,-1.22464679914735E-16));
#1625=FACE_BOUND('',#1626,.T.);
#1626=EDGE_LOOP('',(#2104));
#1627=FACE_BOUND('',#1628,.T.);
#1628=EDGE_LOOP('',(#2105));
#1629=PLANE('',#1630);
#1630=AXIS2_PLACEMENT_3D('',#1631,#1632,#1633);
#1631=CARTESIAN_POINT('',(0.,-13.,-7.9602041944578E-16));
#1632=DIRECTION('',(0.,-1.,-6.12323399573677E-17));
#1633=DIRECTION('',(1.,0.,0.));
#1634=FACE_OUTER_BOUND('',#1635,.T.);
#1635=EDGE_LOOP('',(#2106));
#1636=FACE_OUTER_BOUND('',#1637,.T.);
#1637=EDGE_LOOP('',(#2107));
#1638=CYLINDRICAL_SURFACE('',#1639,48.);
#1639=AXIS2_PLACEMENT_3D('',#1640,#1641,#1642);
#1640=CARTESIAN_POINT('',(0.,0.,0.));
#1641=DIRECTION('',(0.,-1.,-6.12323399573677E-17));
#1642=DIRECTION('',(1.,0.,0.));
#1643=FACE_BOUND('',#1644,.T.);
#1644=EDGE_LOOP('',(#2108));
#1645=PLANE('',#1646);
#1646=AXIS2_PLACEMENT_3D('',#1647,#1648,#1649);
#1647=CARTESIAN_POINT('',(0.,0.,0.));
#1648=DIRECTION('',(0.,1.,6.12323399573677E-17));
#1649=DIRECTION('',(-1.,7.49879891330929E-33,-1.22464679914735E-16));
#1650=FACE_OUTER_BOUND('',#1651,.T.);
#1651=EDGE_LOOP('',(#2109));
#1652=FACE_OUTER_BOUND('',#1653,.T.);
#1653=EDGE_LOOP('',(#2110));
#1654=CYLINDRICAL_SURFACE('',#1655,36.);
#1655=AXIS2_PLACEMENT_3D('',#1656,#1657,#1658);
#1656=CARTESIAN_POINT('',(0.,0.,0.));
#1657=DIRECTION('',(0.,-1.,-6.12323399573677E-17));
#1658=DIRECTION('',(1.,0.,0.));
#1659=FACE_BOUND('',#1660,.T.);
#1660=EDGE_LOOP('',(#2111));
#1661=FACE_BOUND('',#1662,.T.);
#1662=EDGE_LOOP('',(#2112));
#1663=PLANE('',#1664);
#1664=AXIS2_PLACEMENT_3D('',#1665,#1666,#1667);
#1665=CARTESIAN_POINT('',(0.,-13.,-7.9602041944578E-16));
#1666=DIRECTION('',(0.,-1.,-6.12323399573677E-17));
#1667=DIRECTION('',(1.,0.,0.));
#1668=FACE_BOUND('',#1669,.T.);
#1669=EDGE_LOOP('',(#2113));
#1670=FACE_BOUND('',#1671,.T.);
#1671=EDGE_LOOP('',(#2114));
#1672=PLANE('',#1673);
#1673=AXIS2_PLACEMENT_3D('',#1674,#1675,#1676);
#1674=CARTESIAN_POINT('',(0.,-10.,-6.12323399573677E-16));
#1675=DIRECTION('',(0.,-1.,-6.12323399573677E-17));
#1676=DIRECTION('',(1.,0.,0.));
#1677=FACE_OUTER_BOUND('',#1678,.T.);
#1678=EDGE_LOOP('',(#2115));
#1679=FACE_OUTER_BOUND('',#1680,.T.);
#1680=EDGE_LOOP('',(#2116));
#1681=CYLINDRICAL_SURFACE('',#1682,48.);
#1682=AXIS2_PLACEMENT_3D('',#1683,#1684,#1685);
#1683=CARTESIAN_POINT('',(0.,-10.,-6.12323399573677E-16));
#1684=DIRECTION('',(0.,-1.,-6.12323399573677E-17));
#1685=DIRECTION('',(1.,0.,0.));
#1686=FACE_BOUND('',#1687,.T.);
#1687=EDGE_LOOP('',(#2117));
#1688=FACE_BOUND('',#1689,.T.);
#1689=EDGE_LOOP('',(#2118));
#1690=PLANE('',#1691);
#1691=AXIS2_PLACEMENT_3D('',#1692,#1693,#1694);
#1692=CARTESIAN_POINT('',(0.,0.,0.));
#1693=DIRECTION('',(0.,1.,6.12323399573677E-17));
#1694=DIRECTION('',(-1.,7.49879891330929E-33,-1.22464679914735E-16));
#1695=FACE_OUTER_BOUND('',#1696,.T.);
#1696=EDGE_LOOP('',(#2119));
#1697=FACE_OUTER_BOUND('',#1698,.T.);
#1698=EDGE_LOOP('',(#2120));
#1699=CYLINDRICAL_SURFACE('',#1700,55.);
#1700=AXIS2_PLACEMENT_3D('',#1701,#1702,#1703);
#1701=CARTESIAN_POINT('',(0.,0.,0.));
#1702=DIRECTION('',(0.,-1.,-6.12323399573677E-17));
#1703=DIRECTION('',(1.,0.,0.));
#1704=FACE_OUTER_BOUND('',#1705,.T.);
#1705=EDGE_LOOP('',(#2121));
#1706=FACE_OUTER_BOUND('',#1707,.T.);
#1707=EDGE_LOOP('',(#2122));
#1708=CYLINDRICAL_SURFACE('',#1709,25.);
#1709=AXIS2_PLACEMENT_3D('',#1710,#1711,#1712);
#1710=CARTESIAN_POINT('',(0.,0.,0.));
#1711=DIRECTION('',(0.,1.,6.12323399573677E-17));
#1712=DIRECTION('',(-1.,7.49879891330929E-33,-1.22464679914735E-16));
#1713=FACE_BOUND('',#1714,.T.);
#1714=EDGE_LOOP('',(#2123,#2124,#2125,#2126));
#1715=FACE_BOUND('',#1716,.T.);
#1716=EDGE_LOOP('',(#2127));
#1717=FACE_BOUND('',#1718,.T.);
#1718=EDGE_LOOP('',(#2128));
#1719=PLANE('',#1720);
#1720=AXIS2_PLACEMENT_3D('',#1721,#1722,#1723);
#1721=CARTESIAN_POINT('',(0.,0.,0.));
#1722=DIRECTION('',(0.,1.,6.12323399573677E-17));
#1723=DIRECTION('',(-1.,7.49879891330929E-33,-1.22464679914735E-16));
#1724=FACE_BOUND('',#1725,.T.);
#1725=EDGE_LOOP('',(#2129,#2130,#2131,#2132));
#1726=FACE_BOUND('',#1727,.T.);
#1727=EDGE_LOOP('',(#2133));
#1728=PLANE('',#1729);
#1729=AXIS2_PLACEMENT_3D('',#1730,#1731,#1732);
#1730=CARTESIAN_POINT('',(0.,7.,4.28626379701574E-16));
#1731=DIRECTION('',(0.,1.,6.12323399573677E-17));
#1732=DIRECTION('',(-1.,7.49879891330929E-33,-1.22464679914735E-16));
#1733=FACE_BOUND('',#1734,.T.);
#1734=EDGE_LOOP('',(#2134,#2135,#2136,#2137));
#1735=CYLINDRICAL_SURFACE('',#1736,56.);
#1736=AXIS2_PLACEMENT_3D('',#1737,#1738,#1739);
#1737=CARTESIAN_POINT('',(100.,-7.49879891330929E-31,1.22464679914735E-14));
#1738=DIRECTION('',(0.,1.,6.12323399573677E-17));
#1739=DIRECTION('',(0.19,-6.01169371830386E-17,0.981784090317214));
#1740=FACE_BOUND('',#1741,.T.);
#1741=EDGE_LOOP('',(#2138,#2139,#2140,#2141));
#1742=PLANE('',#1743);
#1743=AXIS2_PLACEMENT_3D('',#1744,#1745,#1746);
#1744=CARTESIAN_POINT('',(14.25,-4.5087702887279E-15,73.6338067737911));
#1745=DIRECTION('',(0.19,0.,0.981784090317214));
#1746=DIRECTION('',(0.981784090317214,1.16341445918998E-17,-0.19));
#1747=FACE_BOUND('',#1748,.T.);
#1748=EDGE_LOOP('',(#2142,#2143,#2144,#2145));
#1749=CYLINDRICAL_SURFACE('',#1750,75.);
#1750=AXIS2_PLACEMENT_3D('',#1751,#1752,#1753);
#1751=CARTESIAN_POINT('',(0.,0.,0.));
#1752=DIRECTION('',(0.,1.,6.12323399573677E-17));
#1753=DIRECTION('',(0.19,6.01169371830386E-17,-0.981784090317214));
#1754=FACE_BOUND('',#1755,.T.);
#1755=EDGE_LOOP('',(#2146,#2147,#2148,#2149));
#1756=PLANE('',#1757);
#1757=AXIS2_PLACEMENT_3D('',#1758,#1759,#1760);
#1758=CARTESIAN_POINT('',(110.64,3.36654848225016E-15,-54.979909057764));
#1759=DIRECTION('',(0.19,0.,-0.981784090317214));
#1760=DIRECTION('',(-0.981784090317214,1.16341445918999E-17,-0.19));
#1761=FACE_OUTER_BOUND('',#1762,.T.);
#1762=EDGE_LOOP('',(#2150));
#1763=FACE_OUTER_BOUND('',#1764,.T.);
#1764=EDGE_LOOP('',(#2151));
#1765=CYLINDRICAL_SURFACE('',#1766,40.);
#1766=AXIS2_PLACEMENT_3D('',#1767,#1768,#1769);
#1767=CARTESIAN_POINT('',(100.,-7.49879891330929E-31,1.22464679914735E-14));
#1768=DIRECTION('',(0.,-1.,-6.12323399573676E-17));
#1769=DIRECTION('',(1.,0.,0.));
#1770=FACE_BOUND('',#1771,.T.);
#1771=EDGE_LOOP('',(#2152));
#1772=FACE_BOUND('',#1773,.T.);
#1773=EDGE_LOOP('',(#2153));
#1774=PLANE('',#1775);
#1775=AXIS2_PLACEMENT_3D('',#1776,#1777,#1778);
#1776=CARTESIAN_POINT('',(0.,-19.,-1.16341445918999E-15));
#1777=DIRECTION('',(0.,-1.,-6.12323399573677E-17));
#1778=DIRECTION('',(1.,0.,0.));
#1779=FACE_OUTER_BOUND('',#1780,.T.);
#1780=EDGE_LOOP('',(#2154));
#1781=FACE_OUTER_BOUND('',#1782,.T.);
#1782=EDGE_LOOP('',(#2155));
#1783=CYLINDRICAL_SURFACE('',#1784,28.);
#1784=AXIS2_PLACEMENT_3D('',#1785,#1786,#1787);
#1785=CARTESIAN_POINT('',(100.,-7.49879891330929E-31,1.22464679914735E-14));
#1786=DIRECTION('',(0.,-1.,-6.12323399573676E-17));
#1787=DIRECTION('',(1.,0.,0.));
#1788=FACE_BOUND('',#1789,.T.);
#1789=EDGE_LOOP('',(#2156));
#1790=PLANE('',#1791);
#1791=AXIS2_PLACEMENT_3D('',#1792,#1793,#1794);
#1792=CARTESIAN_POINT('',(0.,0.,0.));
#1793=DIRECTION('',(0.,1.,6.12323399573677E-17));
#1794=DIRECTION('',(-1.,7.49879891330929E-33,-1.22464679914735E-16));
#1795=ORIENTED_EDGE('',*,*,#2157,.T.);
#1796=ORIENTED_EDGE('',*,*,#2158,.T.);
#1797=ORIENTED_EDGE('',*,*,#2157,.F.);
#1798=ORIENTED_EDGE('',*,*,#2159,.T.);
#1799=ORIENTED_EDGE('',*,*,#2158,.F.);
#1800=ORIENTED_EDGE('',*,*,#2160,.T.);
#1801=ORIENTED_EDGE('',*,*,#2159,.F.);
#1802=ORIENTED_EDGE('',*,*,#2161,.T.);
#1803=ORIENTED_EDGE('',*,*,#2160,.F.);
#1804=ORIENTED_EDGE('',*,*,#2162,.T.);
#1805=ORIENTED_EDGE('',*,*,#2161,.F.);
#1806=ORIENTED_EDGE('',*,*,#2163,.T.);
#1807=ORIENTED_EDGE('',*,*,#2162,.F.);
#1808=ORIENTED_EDGE('',*,*,#2164,.T.);
#1809=ORIENTED_EDGE('',*,*,#2163,.F.);
#1810=ORIENTED_EDGE('',*,*,#2165,.T.);
#1811=ORIENTED_EDGE('',*,*,#2164,.F.);
#1812=ORIENTED_EDGE('',*,*,#2166,.T.);
#1813=ORIENTED_EDGE('',*,*,#2165,.F.);
#1814=ORIENTED_EDGE('',*,*,#2166,.F.);
#1815=ORIENTED_EDGE('',*,*,#2167,.T.);
#1816=ORIENTED_EDGE('',*,*,#2168,.T.);
#1817=ORIENTED_EDGE('',*,*,#2167,.F.);
#1818=ORIENTED_EDGE('',*,*,#2168,.F.);
#1819=ORIENTED_EDGE('',*,*,#2169,.T.);
#1820=ORIENTED_EDGE('',*,*,#2170,.T.);
#1821=ORIENTED_EDGE('',*,*,#2169,.F.);
#1822=ORIENTED_EDGE('',*,*,#2170,.F.);
#1823=ORIENTED_EDGE('',*,*,#2171,.F.);
#1824=ORIENTED_EDGE('',*,*,#2172,.T.);
#1825=ORIENTED_EDGE('',*,*,#2173,.F.);
#1826=ORIENTED_EDGE('',*,*,#2174,.F.);
#1827=ORIENTED_EDGE('',*,*,#2175,.T.);
#1828=ORIENTED_EDGE('',*,*,#2176,.F.);
#1829=ORIENTED_EDGE('',*,*,#2177,.T.);
#1830=ORIENTED_EDGE('',*,*,#2178,.F.);
#1831=ORIENTED_EDGE('',*,*,#2179,.T.);
#1832=ORIENTED_EDGE('',*,*,#2180,.F.);
#1833=ORIENTED_EDGE('',*,*,#2181,.F.);
#1834=ORIENTED_EDGE('',*,*,#2182,.F.);
#1835=ORIENTED_EDGE('',*,*,#2183,.T.);
#1836=ORIENTED_EDGE('',*,*,#2184,.T.);
#1837=ORIENTED_EDGE('',*,*,#2185,.T.);
#1838=ORIENTED_EDGE('',*,*,#2174,.T.);
#1839=ORIENTED_EDGE('',*,*,#2186,.T.);
#1840=ORIENTED_EDGE('',*,*,#2182,.T.);
#1841=ORIENTED_EDGE('',*,*,#2187,.T.);
#1842=ORIENTED_EDGE('',*,*,#2188,.T.);
#1843=ORIENTED_EDGE('',*,*,#2189,.F.);
#1844=ORIENTED_EDGE('',*,*,#2188,.F.);
#1845=ORIENTED_EDGE('',*,*,#2190,.T.);
#1846=ORIENTED_EDGE('',*,*,#2191,.F.);
#1847=ORIENTED_EDGE('',*,*,#2192,.T.);
#1848=ORIENTED_EDGE('',*,*,#2193,.F.);
#1849=ORIENTED_EDGE('',*,*,#2194,.T.);
#1850=ORIENTED_EDGE('',*,*,#2195,.F.);
#1851=ORIENTED_EDGE('',*,*,#2196,.F.);
#1852=ORIENTED_EDGE('',*,*,#2184,.F.);
#1853=ORIENTED_EDGE('',*,*,#2197,.F.);
#1854=ORIENTED_EDGE('',*,*,#2198,.T.);
#1855=ORIENTED_EDGE('',*,*,#2199,.T.);
#1856=ORIENTED_EDGE('',*,*,#2200,.T.);
#1857=ORIENTED_EDGE('',*,*,#2201,.T.);
#1858=ORIENTED_EDGE('',*,*,#2202,.T.);
#1859=ORIENTED_EDGE('',*,*,#2203,.T.);
#1860=ORIENTED_EDGE('',*,*,#2204,.T.);
#1861=ORIENTED_EDGE('',*,*,#2205,.F.);
#1862=ORIENTED_EDGE('',*,*,#2206,.T.);
#1863=ORIENTED_EDGE('',*,*,#2207,.F.);
#1864=ORIENTED_EDGE('',*,*,#2208,.T.);
#1865=ORIENTED_EDGE('',*,*,#2209,.F.);
#1866=ORIENTED_EDGE('',*,*,#2210,.F.);
#1867=ORIENTED_EDGE('',*,*,#2211,.T.);
#1868=ORIENTED_EDGE('',*,*,#2212,.T.);
#1869=ORIENTED_EDGE('',*,*,#2172,.F.);
#1870=ORIENTED_EDGE('',*,*,#2213,.F.);
#1871=ORIENTED_EDGE('',*,*,#2199,.F.);
#1872=ORIENTED_EDGE('',*,*,#2198,.F.);
#1873=ORIENTED_EDGE('',*,*,#2214,.F.);
#1874=ORIENTED_EDGE('',*,*,#2212,.F.);
#1875=ORIENTED_EDGE('',*,*,#2185,.F.);
#1876=ORIENTED_EDGE('',*,*,#2196,.T.);
#1877=ORIENTED_EDGE('',*,*,#2215,.F.);
#1878=ORIENTED_EDGE('',*,*,#2175,.F.);
#1879=ORIENTED_EDGE('',*,*,#2216,.T.);
#1880=ORIENTED_EDGE('',*,*,#2205,.T.);
#1881=ORIENTED_EDGE('',*,*,#2217,.T.);
#1882=ORIENTED_EDGE('',*,*,#2218,.T.);
#1883=ORIENTED_EDGE('',*,*,#2219,.T.);
#1884=ORIENTED_EDGE('',*,*,#2176,.T.);
#1885=ORIENTED_EDGE('',*,*,#2215,.T.);
#1886=ORIENTED_EDGE('',*,*,#2195,.T.);
#1887=ORIENTED_EDGE('',*,*,#2220,.F.);
#1888=ORIENTED_EDGE('',*,*,#2177,.F.);
#1889=ORIENTED_EDGE('',*,*,#2219,.F.);
#1890=ORIENTED_EDGE('',*,*,#2221,.F.);
#1891=ORIENTED_EDGE('',*,*,#2222,.T.);
#1892=ORIENTED_EDGE('',*,*,#2178,.T.);
#1893=ORIENTED_EDGE('',*,*,#2220,.T.);
#1894=ORIENTED_EDGE('',*,*,#2223,.T.);
#1895=ORIENTED_EDGE('',*,*,#2224,.F.);
#1896=ORIENTED_EDGE('',*,*,#2179,.F.);
#1897=ORIENTED_EDGE('',*,*,#2222,.F.);
#1898=ORIENTED_EDGE('',*,*,#2225,.F.);
#1899=ORIENTED_EDGE('',*,*,#2226,.T.);
#1900=ORIENTED_EDGE('',*,*,#2191,.T.);
#1901=ORIENTED_EDGE('',*,*,#2227,.T.);
#1902=ORIENTED_EDGE('',*,*,#2180,.T.);
#1903=ORIENTED_EDGE('',*,*,#2224,.T.);
#1904=ORIENTED_EDGE('',*,*,#2228,.T.);
#1905=ORIENTED_EDGE('',*,*,#2229,.T.);
#1906=ORIENTED_EDGE('',*,*,#2209,.T.);
#1907=ORIENTED_EDGE('',*,*,#2187,.F.);
#1908=ORIENTED_EDGE('',*,*,#2181,.T.);
#1909=ORIENTED_EDGE('',*,*,#2227,.F.);
#1910=ORIENTED_EDGE('',*,*,#2190,.F.);
#1911=ORIENTED_EDGE('',*,*,#2226,.F.);
#1912=ORIENTED_EDGE('',*,*,#2208,.F.);
#1913=ORIENTED_EDGE('',*,*,#2230,.F.);
#1914=ORIENTED_EDGE('',*,*,#2192,.F.);
#1915=ORIENTED_EDGE('',*,*,#2230,.T.);
#1916=ORIENTED_EDGE('',*,*,#2207,.T.);
#1917=ORIENTED_EDGE('',*,*,#2231,.T.);
#1918=ORIENTED_EDGE('',*,*,#2193,.T.);
#1919=ORIENTED_EDGE('',*,*,#2231,.F.);
#1920=ORIENTED_EDGE('',*,*,#2206,.F.);
#1921=ORIENTED_EDGE('',*,*,#2216,.F.);
#1922=ORIENTED_EDGE('',*,*,#2194,.F.);
#1923=ORIENTED_EDGE('',*,*,#2232,.T.);
#1924=ORIENTED_EDGE('',*,*,#2233,.T.);
#1925=ORIENTED_EDGE('',*,*,#2200,.F.);
#1926=ORIENTED_EDGE('',*,*,#2234,.T.);
#1927=ORIENTED_EDGE('',*,*,#2235,.T.);
#1928=ORIENTED_EDGE('',*,*,#2201,.F.);
#1929=ORIENTED_EDGE('',*,*,#2233,.F.);
#1930=ORIENTED_EDGE('',*,*,#2236,.T.);
#1931=ORIENTED_EDGE('',*,*,#2202,.F.);
#1932=ORIENTED_EDGE('',*,*,#2235,.F.);
#1933=ORIENTED_EDGE('',*,*,#2236,.F.);
#1934=ORIENTED_EDGE('',*,*,#2234,.F.);
#1935=ORIENTED_EDGE('',*,*,#2232,.F.);
#1936=ORIENTED_EDGE('',*,*,#2211,.F.);
#1937=ORIENTED_EDGE('',*,*,#2237,.F.);
#1938=ORIENTED_EDGE('',*,*,#2238,.T.);
#1939=ORIENTED_EDGE('',*,*,#2239,.T.);
#1940=ORIENTED_EDGE('',*,*,#2203,.F.);
#1941=ORIENTED_EDGE('',*,*,#2240,.T.);
#1942=ORIENTED_EDGE('',*,*,#2241,.T.);
#1943=ORIENTED_EDGE('',*,*,#2217,.F.);
#1944=ORIENTED_EDGE('',*,*,#2204,.F.);
#1945=ORIENTED_EDGE('',*,*,#2242,.T.);
#1946=ORIENTED_EDGE('',*,*,#2210,.T.);
#1947=ORIENTED_EDGE('',*,*,#2229,.F.);
#1948=ORIENTED_EDGE('',*,*,#2243,.F.);
#1949=ORIENTED_EDGE('',*,*,#2244,.T.);
#1950=ORIENTED_EDGE('',*,*,#2243,.T.);
#1951=ORIENTED_EDGE('',*,*,#2228,.F.);
#1952=ORIENTED_EDGE('',*,*,#2225,.T.);
#1953=ORIENTED_EDGE('',*,*,#2223,.F.);
#1954=ORIENTED_EDGE('',*,*,#2221,.T.);
#1955=ORIENTED_EDGE('',*,*,#2218,.F.);
#1956=ORIENTED_EDGE('',*,*,#2241,.F.);
#1957=ORIENTED_EDGE('',*,*,#2242,.F.);
#1958=ORIENTED_EDGE('',*,*,#2245,.F.);
#1959=ORIENTED_EDGE('',*,*,#2246,.T.);
#1960=ORIENTED_EDGE('',*,*,#2237,.T.);
#1961=ORIENTED_EDGE('',*,*,#2238,.F.);
#1962=ORIENTED_EDGE('',*,*,#2246,.F.);
#1963=ORIENTED_EDGE('',*,*,#2247,.F.);
#1964=ORIENTED_EDGE('',*,*,#2248,.F.);
#1965=ORIENTED_EDGE('',*,*,#2240,.F.);
#1966=ORIENTED_EDGE('',*,*,#2239,.F.);
#1967=ORIENTED_EDGE('',*,*,#2248,.T.);
#1968=ORIENTED_EDGE('',*,*,#2249,.T.);
#1969=ORIENTED_EDGE('',*,*,#2244,.F.);
#1970=ORIENTED_EDGE('',*,*,#2249,.F.);
#1971=ORIENTED_EDGE('',*,*,#2247,.T.);
#1972=ORIENTED_EDGE('',*,*,#2245,.T.);
#1973=ORIENTED_EDGE('',*,*,#2183,.F.);
#1974=ORIENTED_EDGE('',*,*,#2173,.T.);
#1975=ORIENTED_EDGE('',*,*,#2214,.T.);
#1976=ORIENTED_EDGE('',*,*,#2197,.T.);
#1977=ORIENTED_EDGE('',*,*,#2186,.F.);
#1978=ORIENTED_EDGE('',*,*,#2189,.T.);
#1979=ORIENTED_EDGE('',*,*,#2213,.T.);
#1980=ORIENTED_EDGE('',*,*,#2171,.T.);
#1981=ORIENTED_EDGE('',*,*,#2250,.F.);
#1982=ORIENTED_EDGE('',*,*,#2251,.T.);
#1983=ORIENTED_EDGE('',*,*,#2252,.T.);
#1984=ORIENTED_EDGE('',*,*,#2253,.T.);
#1985=ORIENTED_EDGE('',*,*,#2253,.F.);
#1986=ORIENTED_EDGE('',*,*,#2251,.F.);
#1987=ORIENTED_EDGE('',*,*,#2252,.F.);
#1988=ORIENTED_EDGE('',*,*,#2250,.T.);
#1989=ORIENTED_EDGE('',*,*,#2254,.F.);
#1990=ORIENTED_EDGE('',*,*,#2255,.T.);
#1991=ORIENTED_EDGE('',*,*,#2256,.F.);
#1992=ORIENTED_EDGE('',*,*,#2254,.T.);
#1993=ORIENTED_EDGE('',*,*,#2257,.F.);
#1994=ORIENTED_EDGE('',*,*,#2255,.F.);
#1995=ORIENTED_EDGE('',*,*,#2256,.T.);
#1996=ORIENTED_EDGE('',*,*,#2257,.T.);
#1997=ORIENTED_EDGE('',*,*,#2258,.F.);
#1998=ORIENTED_EDGE('',*,*,#2259,.T.);
#1999=ORIENTED_EDGE('',*,*,#2260,.T.);
#2000=ORIENTED_EDGE('',*,*,#2259,.F.);
#2001=ORIENTED_EDGE('',*,*,#2261,.T.);
#2002=ORIENTED_EDGE('',*,*,#2260,.F.);
#2003=ORIENTED_EDGE('',*,*,#2262,.T.);
#2004=ORIENTED_EDGE('',*,*,#2261,.F.);
#2005=ORIENTED_EDGE('',*,*,#2262,.F.);
#2006=ORIENTED_EDGE('',*,*,#2263,.T.);
#2007=ORIENTED_EDGE('',*,*,#2264,.T.);
#2008=ORIENTED_EDGE('',*,*,#2263,.F.);
#2009=ORIENTED_EDGE('',*,*,#2265,.T.);
#2010=ORIENTED_EDGE('',*,*,#2264,.F.);
#2011=ORIENTED_EDGE('',*,*,#2265,.F.);
#2012=ORIENTED_EDGE('',*,*,#2266,.T.);
#2013=ORIENTED_EDGE('',*,*,#2266,.F.);
#2014=ORIENTED_EDGE('',*,*,#2267,.T.);
#2015=ORIENTED_EDGE('',*,*,#2267,.F.);
#2016=ORIENTED_EDGE('',*,*,#2268,.T.);
#2017=ORIENTED_EDGE('',*,*,#2269,.T.);
#2018=ORIENTED_EDGE('',*,*,#2268,.F.);
#2019=ORIENTED_EDGE('',*,*,#2269,.F.);
#2020=ORIENTED_EDGE('',*,*,#2258,.T.);
#2021=ORIENTED_EDGE('',*,*,#2270,.F.);
#2022=ORIENTED_EDGE('',*,*,#2271,.T.);
#2023=ORIENTED_EDGE('',*,*,#2272,.T.);
#2024=ORIENTED_EDGE('',*,*,#2273,.T.);
#2025=ORIENTED_EDGE('',*,*,#2273,.F.);
#2026=ORIENTED_EDGE('',*,*,#2271,.F.);
#2027=ORIENTED_EDGE('',*,*,#2272,.F.);
#2028=ORIENTED_EDGE('',*,*,#2270,.T.);
#2029=ORIENTED_EDGE('',*,*,#2274,.F.);
#2030=ORIENTED_EDGE('',*,*,#2275,.T.);
#2031=ORIENTED_EDGE('',*,*,#2276,.F.);
#2032=ORIENTED_EDGE('',*,*,#2274,.T.);
#2033=ORIENTED_EDGE('',*,*,#2277,.F.);
#2034=ORIENTED_EDGE('',*,*,#2275,.F.);
#2035=ORIENTED_EDGE('',*,*,#2276,.T.);
#2036=ORIENTED_EDGE('',*,*,#2277,.T.);
#2037=ORIENTED_EDGE('',*,*,#2278,.T.);
#2038=ORIENTED_EDGE('',*,*,#2279,.T.);
#2039=ORIENTED_EDGE('',*,*,#2278,.F.);
#2040=ORIENTED_EDGE('',*,*,#2280,.T.);
#2041=ORIENTED_EDGE('',*,*,#2279,.F.);
#2042=ORIENTED_EDGE('',*,*,#2281,.T.);
#2043=ORIENTED_EDGE('',*,*,#2280,.F.);
#2044=ORIENTED_EDGE('',*,*,#2282,.T.);
#2045=ORIENTED_EDGE('',*,*,#2281,.F.);
#2046=ORIENTED_EDGE('',*,*,#2283,.T.);
#2047=ORIENTED_EDGE('',*,*,#2282,.F.);
#2048=ORIENTED_EDGE('',*,*,#2283,.F.);
#2049=ORIENTED_EDGE('',*,*,#2284,.T.);
#2050=ORIENTED_EDGE('',*,*,#2285,.T.);
#2051=ORIENTED_EDGE('',*,*,#2284,.F.);
#2052=ORIENTED_EDGE('',*,*,#2285,.F.);
#2053=ORIENTED_EDGE('',*,*,#2286,.T.);
#2054=ORIENTED_EDGE('',*,*,#2287,.T.);
#2055=ORIENTED_EDGE('',*,*,#2286,.F.);
#2056=ORIENTED_EDGE('',*,*,#2287,.F.);
#2057=ORIENTED_EDGE('',*,*,#2288,.T.);
#2058=ORIENTED_EDGE('',*,*,#2289,.T.);
#2059=ORIENTED_EDGE('',*,*,#2288,.F.);
#2060=ORIENTED_EDGE('',*,*,#2289,.F.);
#2061=ORIENTED_EDGE('',*,*,#2290,.T.);
#2062=ORIENTED_EDGE('',*,*,#2291,.T.);
#2063=ORIENTED_EDGE('',*,*,#2292,.T.);
#2064=ORIENTED_EDGE('',*,*,#2293,.T.);
#2065=ORIENTED_EDGE('',*,*,#2294,.T.);
#2066=ORIENTED_EDGE('',*,*,#2293,.F.);
#2067=ORIENTED_EDGE('',*,*,#2294,.F.);
#2068=ORIENTED_EDGE('',*,*,#2291,.F.);
#2069=ORIENTED_EDGE('',*,*,#2295,.T.);
#2070=ORIENTED_EDGE('',*,*,#2290,.F.);
#2071=ORIENTED_EDGE('',*,*,#2292,.F.);
#2072=ORIENTED_EDGE('',*,*,#2296,.T.);
#2073=ORIENTED_EDGE('',*,*,#2297,.F.);
#2074=ORIENTED_EDGE('',*,*,#2298,.F.);
#2075=ORIENTED_EDGE('',*,*,#2299,.F.);
#2076=ORIENTED_EDGE('',*,*,#2300,.F.);
#2077=ORIENTED_EDGE('',*,*,#2295,.F.);
#2078=ORIENTED_EDGE('',*,*,#2301,.F.);
#2079=ORIENTED_EDGE('',*,*,#2302,.F.);
#2080=ORIENTED_EDGE('',*,*,#2296,.F.);
#2081=ORIENTED_EDGE('',*,*,#2297,.T.);
#2082=ORIENTED_EDGE('',*,*,#2303,.T.);
#2083=ORIENTED_EDGE('',*,*,#2304,.F.);
#2084=ORIENTED_EDGE('',*,*,#2305,.F.);
#2085=ORIENTED_EDGE('',*,*,#2298,.T.);
#2086=ORIENTED_EDGE('',*,*,#2305,.T.);
#2087=ORIENTED_EDGE('',*,*,#2306,.F.);
#2088=ORIENTED_EDGE('',*,*,#2307,.F.);
#2089=ORIENTED_EDGE('',*,*,#2299,.T.);
#2090=ORIENTED_EDGE('',*,*,#2307,.T.);
#2091=ORIENTED_EDGE('',*,*,#2308,.F.);
#2092=ORIENTED_EDGE('',*,*,#2309,.F.);
#2093=ORIENTED_EDGE('',*,*,#2300,.T.);
#2094=ORIENTED_EDGE('',*,*,#2309,.T.);
#2095=ORIENTED_EDGE('',*,*,#2310,.F.);
#2096=ORIENTED_EDGE('',*,*,#2303,.F.);
#2097=ORIENTED_EDGE('',*,*,#2301,.T.);
#2098=ORIENTED_EDGE('',*,*,#2311,.F.);
#2099=ORIENTED_EDGE('',*,*,#2310,.T.);
#2100=ORIENTED_EDGE('',*,*,#2308,.T.);
#2101=ORIENTED_EDGE('',*,*,#2306,.T.);
#2102=ORIENTED_EDGE('',*,*,#2304,.T.);
#2103=ORIENTED_EDGE('',*,*,#2302,.T.);
#2104=ORIENTED_EDGE('',*,*,#2311,.T.);
#2105=ORIENTED_EDGE('',*,*,#2312,.T.);
#2106=ORIENTED_EDGE('',*,*,#2313,.T.);
#2107=ORIENTED_EDGE('',*,*,#2312,.F.);
#2108=ORIENTED_EDGE('',*,*,#2313,.F.);
#2109=ORIENTED_EDGE('',*,*,#2314,.T.);
#2110=ORIENTED_EDGE('',*,*,#2315,.T.);
#2111=ORIENTED_EDGE('',*,*,#2316,.T.);
#2112=ORIENTED_EDGE('',*,*,#2317,.T.);
#2113=ORIENTED_EDGE('',*,*,#2318,.T.);
#2114=ORIENTED_EDGE('',*,*,#2315,.F.);
#2115=ORIENTED_EDGE('',*,*,#2318,.F.);
#2116=ORIENTED_EDGE('',*,*,#2317,.F.);
#2117=ORIENTED_EDGE('',*,*,#2314,.F.);
#2118=ORIENTED_EDGE('',*,*,#2319,.T.);
#2119=ORIENTED_EDGE('',*,*,#2320,.T.);
#2120=ORIENTED_EDGE('',*,*,#2316,.F.);
#2121=ORIENTED_EDGE('',*,*,#2321,.F.);
#2122=ORIENTED_EDGE('',*,*,#2319,.F.);
#2123=ORIENTED_EDGE('',*,*,#2322,.F.);
#2124=ORIENTED_EDGE('',*,*,#2323,.F.);
#2125=ORIENTED_EDGE('',*,*,#2324,.F.);
#2126=ORIENTED_EDGE('',*,*,#2325,.F.);
#2127=ORIENTED_EDGE('',*,*,#2326,.F.);
#2128=ORIENTED_EDGE('',*,*,#2320,.F.);
#2129=ORIENTED_EDGE('',*,*,#2327,.T.);
#2130=ORIENTED_EDGE('',*,*,#2328,.T.);
#2131=ORIENTED_EDGE('',*,*,#2329,.T.);
#2132=ORIENTED_EDGE('',*,*,#2330,.T.);
#2133=ORIENTED_EDGE('',*,*,#2321,.T.);
#2134=ORIENTED_EDGE('',*,*,#2322,.T.);
#2135=ORIENTED_EDGE('',*,*,#2331,.T.);
#2136=ORIENTED_EDGE('',*,*,#2330,.F.);
#2137=ORIENTED_EDGE('',*,*,#2332,.F.);
#2138=ORIENTED_EDGE('',*,*,#2323,.T.);
#2139=ORIENTED_EDGE('',*,*,#2332,.T.);
#2140=ORIENTED_EDGE('',*,*,#2329,.F.);
#2141=ORIENTED_EDGE('',*,*,#2333,.F.);
#2142=ORIENTED_EDGE('',*,*,#2324,.T.);
#2143=ORIENTED_EDGE('',*,*,#2333,.T.);
#2144=ORIENTED_EDGE('',*,*,#2328,.F.);
#2145=ORIENTED_EDGE('',*,*,#2334,.F.);
#2146=ORIENTED_EDGE('',*,*,#2325,.T.);
#2147=ORIENTED_EDGE('',*,*,#2334,.T.);
#2148=ORIENTED_EDGE('',*,*,#2327,.F.);
#2149=ORIENTED_EDGE('',*,*,#2331,.F.);
#2150=ORIENTED_EDGE('',*,*,#2326,.T.);
#2151=ORIENTED_EDGE('',*,*,#2335,.F.);
#2152=ORIENTED_EDGE('',*,*,#2335,.T.);
#2153=ORIENTED_EDGE('',*,*,#2336,.T.);
#2154=ORIENTED_EDGE('',*,*,#2337,.T.);
#2155=ORIENTED_EDGE('',*,*,#2336,.F.);
#2156=ORIENTED_EDGE('',*,*,#2337,.F.);
#2157=EDGE_CURVE('',#2338,#2338,#2339,.T.);
#2158=EDGE_CURVE('',#2340,#2340,#2341,.T.);
#2159=EDGE_CURVE('',#2342,#2342,#2343,.T.);
#2160=EDGE_CURVE('',#2344,#2344,#2345,.T.);
#2161=EDGE_CURVE('',#2346,#2346,#2347,.T.);
#2162=EDGE_CURVE('',#2348,#2348,#2349,.T.);
#2163=EDGE_CURVE('',#2350,#2350,#2351,.T.);
#2164=EDGE_CURVE('',#2352,#2352,#2353,.T.);
#2165=EDGE_CURVE('',#2354,#2354,#2355,.T.);
#2166=EDGE_CURVE('',#2356,#2356,#2357,.T.);
#2167=EDGE_CURVE('',#2358,#2358,#2359,.T.);
#2168=EDGE_CURVE('',#2360,#2360,#2361,.T.);
#2169=EDGE_CURVE('',#2362,#2362,#2363,.T.);
#2170=EDGE_CURVE('',#2364,#2364,#2365,.T.);
#2171=EDGE_CURVE('',#2366,#2367,#2368,.F.);
#2172=EDGE_CURVE('',#2366,#2369,#2370,.T.);
#2173=EDGE_CURVE('',#2371,#2369,#2372,.F.);
#2174=EDGE_CURVE('',#2373,#2371,#2374,.F.);
#2175=EDGE_CURVE('',#2373,#2375,#2376,.T.);
#2176=EDGE_CURVE('',#2377,#2375,#2378,.F.);
#2177=EDGE_CURVE('',#2377,#2379,#2380,.T.);
#2178=EDGE_CURVE('',#2381,#2379,#2382,.F.);
#2179=EDGE_CURVE('',#2381,#2383,#2384,.T.);
#2180=EDGE_CURVE('',#2385,#2383,#2386,.F.);
#2181=EDGE_CURVE('',#2387,#2385,#2388,.T.);
#2182=EDGE_CURVE('',#2367,#2387,#2389,.F.);
#2183=EDGE_CURVE('',#2371,#2390,#2391,.T.);
#2184=EDGE_CURVE('',#2390,#2392,#2393,.F.);
#2185=EDGE_CURVE('',#2392,#2373,#2394,.F.);
#2186=EDGE_CURVE('',#2395,#2367,#2396,.F.);
#2187=EDGE_CURVE('',#2387,#2397,#2398,.F.);
#2188=EDGE_CURVE('',#2397,#2395,#2399,.F.);
#2189=EDGE_CURVE('',#2395,#2400,#2401,.F.);
#2190=EDGE_CURVE('',#2397,#2402,#2403,.T.);
#2191=EDGE_CURVE('',#2404,#2402,#2405,.F.);
#2192=EDGE_CURVE('',#2404,#2406,#2407,.F.);
#2193=EDGE_CURVE('',#2408,#2406,#2409,.F.);
#2194=EDGE_CURVE('',#2408,#2410,#2411,.F.);
#2195=EDGE_CURVE('',#2412,#2410,#2413,.F.);
#2196=EDGE_CURVE('',#2392,#2412,#2414,.T.);
#2197=EDGE_CURVE('',#2415,#2390,#2416,.F.);
#2198=EDGE_CURVE('',#2415,#2417,#2418,.T.);
#2199=EDGE_CURVE('',#2417,#2400,#2419,.T.);
#2200=EDGE_CURVE('',#2420,#2421,#2422,.T.);
#2201=EDGE_CURVE('',#2421,#2423,#2424,.T.);
#2202=EDGE_CURVE('',#2423,#2425,#2426,.T.);
#2203=EDGE_CURVE('',#2425,#2427,#2428,.T.);
#2204=EDGE_CURVE('',#2427,#2429,#2430,.T.);
#2205=EDGE_CURVE('',#2431,#2429,#2432,.T.);
#2206=EDGE_CURVE('',#2431,#2433,#2434,.T.);
#2207=EDGE_CURVE('',#2435,#2433,#2436,.T.);
#2208=EDGE_CURVE('',#2435,#2437,#2438,.T.);
#2209=EDGE_CURVE('',#2439,#2437,#2440,.T.);
#2210=EDGE_CURVE('',#2441,#2439,#2442,.T.);
#2211=EDGE_CURVE('',#2441,#2420,#2443,.T.);
#2212=EDGE_CURVE('',#2444,#2444,#2445,.F.);
#2213=EDGE_CURVE('',#2400,#2366,#2446,.F.);
#2214=EDGE_CURVE('',#2369,#2415,#2447,.T.);
#2215=EDGE_CURVE('',#2375,#2412,#2448,.F.);
#2216=EDGE_CURVE('',#2410,#2431,#2449,.F.);
#2217=EDGE_CURVE('',#2429,#2450,#2451,.T.);
#2218=EDGE_CURVE('',#2450,#2452,#2453,.T.);
#2219=EDGE_CURVE('',#2452,#2377,#2454,.F.);
#2220=EDGE_CURVE('',#2379,#2455,#2456,.T.);
#2221=EDGE_CURVE('',#2455,#2452,#2457,.F.);
#2222=EDGE_CURVE('',#2458,#2381,#2459,.F.);
#2223=EDGE_CURVE('',#2455,#2458,#2460,.T.);
#2224=EDGE_CURVE('',#2383,#2461,#2462,.T.);
#2225=EDGE_CURVE('',#2461,#2458,#2463,.F.);
#2226=EDGE_CURVE('',#2437,#2404,#2464,.T.);
#2227=EDGE_CURVE('',#2402,#2385,#2465,.F.);
#2228=EDGE_CURVE('',#2461,#2466,#2467,.T.);
#2229=EDGE_CURVE('',#2466,#2439,#2468,.T.);
#2230=EDGE_CURVE('',#2406,#2435,#2469,.F.);
#2231=EDGE_CURVE('',#2433,#2408,#2470,.T.);
#2232=EDGE_CURVE('',#2420,#2471,#2472,.F.);
#2233=EDGE_CURVE('',#2471,#2421,#2473,.T.);
#2234=EDGE_CURVE('',#2471,#2474,#2475,.F.);
#2235=EDGE_CURVE('',#2474,#2423,#2476,.T.);
#2236=EDGE_CURVE('',#2474,#2425,#2477,.F.);
#2237=EDGE_CURVE('',#2478,#2441,#2479,.F.);
#2238=EDGE_CURVE('',#2478,#2480,#2481,.T.);
#2239=EDGE_CURVE('',#2480,#2427,#2482,.F.);
#2240=EDGE_CURVE('',#2427,#2483,#2484,.T.);
#2241=EDGE_CURVE('',#2483,#2450,#2485,.T.);
#2242=EDGE_CURVE('',#2486,#2441,#2487,.T.);
#2243=EDGE_CURVE('',#2486,#2466,#2488,.T.);
#2244=EDGE_CURVE('',#2483,#2486,#2489,.T.);
#2245=EDGE_CURVE('',#2490,#2486,#2491,.F.);
#2246=EDGE_CURVE('',#2490,#2478,#2492,.T.);
#2247=EDGE_CURVE('',#2493,#2490,#2494,.T.);
#2248=EDGE_CURVE('',#2480,#2493,#2495,.T.);
#2249=EDGE_CURVE('',#2493,#2483,#2496,.F.);
#2250=EDGE_CURVE('',#2497,#2497,#2498,.T.);
#2251=EDGE_CURVE('',#2499,#2499,#2500,.T.);
#2252=EDGE_CURVE('',#2501,#2501,#2502,.T.);
#2253=EDGE_CURVE('',#2503,#2503,#2504,.F.);
#2254=EDGE_CURVE('',#2505,#2505,#2506,.T.);
#2255=EDGE_CURVE('',#2507,#2507,#2508,.T.);
#2256=EDGE_CURVE('',#2509,#2509,#2510,.T.);
#2257=EDGE_CURVE('',#2511,#2511,#2512,.F.);
#2258=EDGE_CURVE('',#2513,#2513,#2514,.T.);
#2259=EDGE_CURVE('',#2515,#2515,#2516,.T.);
#2260=EDGE_CURVE('',#2517,#2517,#2518,.T.);
#2261=EDGE_CURVE('',#2519,#2519,#2520,.T.);
#2262=EDGE_CURVE('',#2521,#2521,#2522,.T.);
#2263=EDGE_CURVE('',#2523,#2523,#2524,.T.);
#2264=EDGE_CURVE('',#2525,#2525,#2526,.T.);
#2265=EDGE_CURVE('',#2527,#2527,#2528,.T.);
#2266=EDGE_CURVE('',#2529,#2529,#2530,.T.);
#2267=EDGE_CURVE('',#2531,#2531,#2532,.T.);
#2268=EDGE_CURVE('',#2533,#2533,#2534,.T.);
#2269=EDGE_CURVE('',#2535,#2535,#2536,.T.);
#2270=EDGE_CURVE('',#2537,#2537,#2538,.T.);
#2271=EDGE_CURVE('',#2539,#2539,#2540,.T.);
#2272=EDGE_CURVE('',#2541,#2541,#2542,.T.);
#2273=EDGE_CURVE('',#2543,#2543,#2544,.F.);
#2274=EDGE_CURVE('',#2545,#2545,#2546,.T.);
#2275=EDGE_CURVE('',#2547,#2547,#2548,.T.);
#2276=EDGE_CURVE('',#2549,#2549,#2550,.T.);
#2277=EDGE_CURVE('',#2551,#2551,#2552,.F.);
#2278=EDGE_CURVE('',#2553,#2553,#2554,.T.);
#2279=EDGE_CURVE('',#2555,#2555,#2556,.T.);
#2280=EDGE_CURVE('',#2557,#2557,#2558,.T.);
#2281=EDGE_CURVE('',#2559,#2559,#2560,.T.);
#2282=EDGE_CURVE('',#2561,#2561,#2562,.T.);
#2283=EDGE_CURVE('',#2563,#2563,#2564,.T.);
#2284=EDGE_CURVE('',#2565,#2565,#2566,.T.);
#2285=EDGE_CURVE('',#2567,#2567,#2568,.T.);
#2286=EDGE_CURVE('',#2569,#2569,#2570,.T.);
#2287=EDGE_CURVE('',#2571,#2571,#2572,.T.);
#2288=EDGE_CURVE('',#2573,#2573,#2574,.T.);
#2289=EDGE_CURVE('',#2575,#2575,#2576,.T.);
#2290=EDGE_CURVE('',#2577,#2577,#2578,.T.);
#2291=EDGE_CURVE('',#2579,#2579,#2580,.F.);
#2292=EDGE_CURVE('',#2581,#2581,#2582,.F.);
#2293=EDGE_CURVE('',#2583,#2583,#2584,.T.);
#2294=EDGE_CURVE('',#2585,#2585,#2586,.T.);
#2295=EDGE_CURVE('',#2587,#2587,#2588,.T.);
#2296=EDGE_CURVE('',#2589,#2589,#2590,.T.);
#2297=EDGE_CURVE('',#2591,#2592,#2593,.T.);
#2298=EDGE_CURVE('',#2594,#2591,#2595,.T.);
#2299=EDGE_CURVE('',#2596,#2594,#2597,.T.);
#2300=EDGE_CURVE('',#2592,#2596,#2598,.T.);
#2301=EDGE_CURVE('',#2599,#2599,#2600,.T.);
#2302=EDGE_CURVE('',#2601,#2601,#2602,.F.);
#2303=EDGE_CURVE('',#2592,#2603,#2604,.T.);
#2304=EDGE_CURVE('',#2605,#2603,#2606,.T.);
#2305=EDGE_CURVE('',#2591,#2605,#2607,.T.);
#2306=EDGE_CURVE('',#2608,#2605,#2609,.T.);
#2307=EDGE_CURVE('',#2594,#2608,#2610,.T.);
#2308=EDGE_CURVE('',#2611,#2608,#2612,.T.);
#2309=EDGE_CURVE('',#2596,#2611,#2613,.T.);
#2310=EDGE_CURVE('',#2603,#2611,#2614,.T.);
#2311=EDGE_CURVE('',#2615,#2615,#2616,.T.);
#2312=EDGE_CURVE('',#2617,#2617,#2618,.F.);
#2313=EDGE_CURVE('',#2619,#2619,#2620,.F.);
#2314=EDGE_CURVE('',#2621,#2621,#2622,.F.);
#2315=EDGE_CURVE('',#2623,#2623,#2624,.T.);
#2316=EDGE_CURVE('',#2625,#2625,#2626,.T.);
#2317=EDGE_CURVE('',#2627,#2627,#2628,.F.);
#2318=EDGE_CURVE('',#2629,#2629,#2630,.T.);
#2319=EDGE_CURVE('',#2631,#2631,#2632,.T.);
#2320=EDGE_CURVE('',#2633,#2633,#2634,.T.);
#2321=EDGE_CURVE('',#2635,#2635,#2636,.F.);
#2322=EDGE_CURVE('',#2637,#2638,#2639,.T.);
#2323=EDGE_CURVE('',#2640,#2637,#2641,.T.);
#2324=EDGE_CURVE('',#2642,#2640,#2643,.T.);
#2325=EDGE_CURVE('',#2638,#2642,#2644,.T.);
#2326=EDGE_CURVE('',#2645,#2645,#2646,.T.);
#2327=EDGE_CURVE('',#2647,#2648,#2649,.T.);
#2328=EDGE_CURVE('',#2648,#2650,#2651,.T.);
#2329=EDGE_CURVE('',#2650,#2652,#2653,.T.);
#2330=EDGE_CURVE('',#2652,#2647,#2654,.T.);
#2331=EDGE_CURVE('',#2638,#2647,#2655,.T.);
#2332=EDGE_CURVE('',#2637,#2652,#2656,.T.);
#2333=EDGE_CURVE('',#2640,#2650,#2657,.T.);
#2334=EDGE_CURVE('',#2642,#2648,#2658,.T.);
#2335=EDGE_CURVE('',#2659,#2659,#2660,.T.);
#2336=EDGE_CURVE('',#2661,#2661,#2662,.F.);
#2337=EDGE_CURVE('',#2663,#2663,#2664,.F.);
#2338=VERTEX_POINT('',#2665);
#2339=CIRCLE('',#2666,20.);
#2340=VERTEX_POINT('',#2670);
#2341=CIRCLE('',#2671,20.);
#2342=VERTEX_POINT('',#2675);
#2343=CIRCLE('',#2676,25.);
#2344=VERTEX_POINT('',#2680);
#2345=CIRCLE('',#2681,25.);
#2346=VERTEX_POINT('',#2685);
#2347=CIRCLE('',#2686,28.);
#2348=VERTEX_POINT('',#2690);
#2349=CIRCLE('',#2691,28.);
#2350=VERTEX_POINT('',#2695);
#2351=CIRCLE('',#2696,30.);
#2352=VERTEX_POINT('',#2700);
#2353=CIRCLE('',#2701,30.);
#2354=VERTEX_POINT('',#2705);
#2355=CIRCLE('',#2706,40.);
#2356=VERTEX_POINT('',#2710);
#2357=CIRCLE('',#2711,40.);
#2358=VERTEX_POINT('',#2715);
#2359=CIRCLE('',#2716,28.);
#2360=VERTEX_POINT('',#2720);
#2361=CIRCLE('',#2721,28.);
#2362=VERTEX_POINT('',#2725);
#2363=CIRCLE('',#2726,25.);
#2364=VERTEX_POINT('',#2730);
#2365=CIRCLE('',#2731,25.);
#2366=VERTEX_POINT('',#2735);
#2367=VERTEX_POINT('',#2736);
#2368=CIRCLE('',#2737,10.);
#2369=VERTEX_POINT('',#2741);
#2370=CIRCLE('',#2742,6.);
#2371=VERTEX_POINT('',#2746);
#2372=CIRCLE('',#2747,10.);
#2373=VERTEX_POINT('',#2751);
#2374=LINE('',#2752,#2753);
#2375=VERTEX_POINT('',#2755);
#2376=LINE('',#2756,#2757);
#2377=VERTEX_POINT('',#2759);
#2378=LINE('',#2760,#2761);
#2379=VERTEX_POINT('',#2763);
#2380=CIRCLE('',#2764,40.);
#2381=VERTEX_POINT('',#2768);
#2382=LINE('',#2769,#2770);
#2383=VERTEX_POINT('',#2772);
#2384=CIRCLE('',#2773,55.);
#2385=VERTEX_POINT('',#2777);
#2386=LINE('',#2778,#2779);
#2387=VERTEX_POINT('',#2781);
#2388=LINE('',#2782,#2783);
#2389=LINE('',#2785,#2786);
#2390=VERTEX_POINT('',#2788);
#2391=LINE('',#2789,#2790);
#2392=VERTEX_POINT('',#2792);
#2393=LINE('',#2793,#2794);
#2394=LINE('',#2796,#2797);
#2395=VERTEX_POINT('',#2799);
#2396=LINE('',#2800,#2801);
#2397=VERTEX_POINT('',#2803);
#2398=LINE('',#2804,#2805);
#2399=LINE('',#2807,#2808);
#2400=VERTEX_POINT('',#2810);
#2401=CIRCLE('',#2811,9.99999999999999);
#2402=VERTEX_POINT('',#2815);
#2403=LINE('',#2816,#2817);
#2404=VERTEX_POINT('',#2819);
#2405=LINE('',#2820,#2821);
#2406=VERTEX_POINT('',#2823);
#2407=CIRCLE('',#2824,55.);
#2408=VERTEX_POINT('',#2828);
#2409=LINE('',#2829,#2830);
#2410=VERTEX_POINT('',#2832);
#2411=CIRCLE('',#2833,40.);
#2412=VERTEX_POINT('',#2837);
#2413=LINE('',#2838,#2839);
#2414=LINE('',#2841,#2842);
#2415=VERTEX_POINT('',#2844);
#2416=CIRCLE('',#2845,10.);
#2417=VERTEX_POINT('',#2849);
#2418=CIRCLE('',#2850,5.99999999999933);
#2419=CIRCLE('',#2854,6.);
#2420=VERTEX_POINT('',#2858);
#2421=VERTEX_POINT('',#2859);
#2422=LINE('',#2860,#2861);
#2423=VERTEX_POINT('',#2863);
#2424=LINE('',#2864,#2865);
#2425=VERTEX_POINT('',#2867);
#2426=LINE('',#2868,#2869);
#2427=VERTEX_POINT('',#2871);
#2428=LINE('',#2872,#2873);
#2429=VERTEX_POINT('',#2875);
#2430=LINE('',#2876,#2877);
#2431=VERTEX_POINT('',#2879);
#2432=LINE('',#2880,#2881);
#2433=VERTEX_POINT('',#2883);
#2434=CIRCLE('',#2884,40.);
#2435=VERTEX_POINT('',#2888);
#2436=LINE('',#2889,#2890);
#2437=VERTEX_POINT('',#2892);
#2438=CIRCLE('',#2893,55.);
#2439=VERTEX_POINT('',#2897);
#2440=LINE('',#2898,#2899);
#2441=VERTEX_POINT('',#2901);
#2442=LINE('',#2902,#2903);
#2443=LINE('',#2905,#2906);
#2444=VERTEX_POINT('',#2908);
#2445=CIRCLE('',#2909,6.);
#2446=LINE('',#2913,#2914);
#2447=LINE('',#2916,#2917);
#2448=LINE('',#2919,#2920);
#2449=LINE('',#2922,#2923);
#2450=VERTEX_POINT('',#2925);
#2451=LINE('',#2926,#2927);
#2452=VERTEX_POINT('',#2929);
#2453=LINE('',#2930,#2931);
#2454=LINE('',#2933,#2934);
#2455=VERTEX_POINT('',#2936);
#2456=LINE('',#2937,#2938);
#2457=CIRCLE('',#2940,40.);
#2458=VERTEX_POINT('',#2944);
#2459=LINE('',#2945,#2946);
#2460=LINE('',#2948,#2949);
#2461=VERTEX_POINT('',#2951);
#2462=LINE('',#2952,#2953);
#2463=CIRCLE('',#2955,55.);
#2464=LINE('',#2959,#2960);
#2465=LINE('',#2962,#2963);
#2466=VERTEX_POINT('',#2965);
#2467=LINE('',#2966,#2967);
#2468=LINE('',#2969,#2970);
#2469=LINE('',#2972,#2973);
#2470=LINE('',#2975,#2976);
#2471=VERTEX_POINT('',#2978);
#2472=LINE('',#2979,#2980);
#2473=LINE('',#2982,#2983);
#2474=VERTEX_POINT('',#2985);
#2475=LINE('',#2986,#2987);
#2476=LINE('',#2989,#2990);
#2477=LINE('',#2992,#2993);
#2478=VERTEX_POINT('',#2995);
#2479=LINE('',#2996,#2997);
#2480=VERTEX_POINT('',#2999);
#2481=LINE('',#3000,#3001);
#2482=LINE('',#3003,#3004);
#2483=VERTEX_POINT('',#3006);
#2484=LINE('',#3007,#3008);
#2485=LINE('',#3010,#3011);
#2486=VERTEX_POINT('',#3013);
#2487=LINE('',#3014,#3015);
#2488=LINE('',#3017,#3018);
#2489=LINE('',#3020,#3021);
#2490=VERTEX_POINT('',#3023);
#2491=LINE('',#3024,#3025);
#2492=LINE('',#3027,#3028);
#2493=VERTEX_POINT('',#3030);
#2494=LINE('',#3031,#3032);
#2495=LINE('',#3034,#3035);
#2496=LINE('',#3037,#3038);
#2497=VERTEX_POINT('',#3040);
#2498=CIRCLE('',#3041,55.);
#2499=VERTEX_POINT('',#3045);
#2500=CIRCLE('',#3046,47.);
#2501=VERTEX_POINT('',#3050);
#2502=CIRCLE('',#3051,55.);
#2503=VERTEX_POINT('',#3055);
#2504=CIRCLE('',#3056,47.);
#2505=VERTEX_POINT('',#3060);
#2506=CIRCLE('',#3061,32.);
#2507=VERTEX_POINT('',#3065);
#2508=CIRCLE('',#3066,25.);
#2509=VERTEX_POINT('',#3070);
#2510=CIRCLE('',#3071,32.);
#2511=VERTEX_POINT('',#3075);
#2512=CIRCLE('',#3076,25.);
#2513=VERTEX_POINT('',#3080);
#2514=CIRCLE('',#3081,30.);
#2515=VERTEX_POINT('',#3085);
#2516=CIRCLE('',#3086,30.);
#2517=VERTEX_POINT('',#3090);
#2518=CIRCLE('',#3091,50.);
#2519=VERTEX_POINT('',#3095);
#2520=CIRCLE('',#3096,50.);
#2521=VERTEX_POINT('',#3100);
#2522=CIRCLE('',#3101,69.);
#2523=VERTEX_POINT('',#3105);
#2524=CIRCLE('',#3106,69.);
#2525=VERTEX_POINT('',#3110);
#2526=CIRCLE('',#3111,82.);
#2527=VERTEX_POINT('',#3115);
#2528=CIRCLE('',#3116,82.);
#2529=VERTEX_POINT('',#3120);
#2530=CIRCLE('',#3121,69.);
#2531=VERTEX_POINT('',#3125);
#2532=CIRCLE('',#3126,69.);
#2533=VERTEX_POINT('',#3130);
#2534=CIRCLE('',#3131,50.);
#2535=VERTEX_POINT('',#3135);
#2536=CIRCLE('',#3136,50.);
#2537=VERTEX_POINT('',#3140);
#2538=CIRCLE('',#3141,40.);
#2539=VERTEX_POINT('',#3145);
#2540=CIRCLE('',#3146,33.);
#2541=VERTEX_POINT('',#3150);
#2542=CIRCLE('',#3151,40.);
#2543=VERTEX_POINT('',#3155);
#2544=CIRCLE('',#3156,33.);
#2545=VERTEX_POINT('',#3160);
#2546=CIRCLE('',#3161,24.5);
#2547=VERTEX_POINT('',#3165);
#2548=CIRCLE('',#3166,17.5);
#2549=VERTEX_POINT('',#3170);
#2550=CIRCLE('',#3171,24.5);
#2551=VERTEX_POINT('',#3175);
#2552=CIRCLE('',#3176,17.5);
#2553=VERTEX_POINT('',#3180);
#2554=CIRCLE('',#3181,17.5);
#2555=VERTEX_POINT('',#3185);
#2556=CIRCLE('',#3186,17.5);
#2557=VERTEX_POINT('',#3190);
#2558=CIRCLE('',#3191,20.);
#2559=VERTEX_POINT('',#3195);
#2560=CIRCLE('',#3196,20.);
#2561=VERTEX_POINT('',#3200);
#2562=CIRCLE('',#3201,22.5);
#2563=VERTEX_POINT('',#3205);
#2564=CIRCLE('',#3206,22.5);
#2565=VERTEX_POINT('',#3210);
#2566=CIRCLE('',#3211,20.);
#2567=VERTEX_POINT('',#3215);
#2568=CIRCLE('',#3216,20.);
#2569=VERTEX_POINT('',#3220);
#2570=CIRCLE('',#3221,17.5);
#2571=VERTEX_POINT('',#3225);
#2572=CIRCLE('',#3226,17.5);
#2573=VERTEX_POINT('',#3230);
#2574=CIRCLE('',#3231,14.);
#2575=VERTEX_POINT('',#3235);
#2576=CIRCLE('',#3236,14.);
#2577=VERTEX_POINT('',#3240);
#2578=CIRCLE('',#3241,40.);
#2579=VERTEX_POINT('',#3245);
#2580=CIRCLE('',#3246,34.);
#2581=VERTEX_POINT('',#3250);
#2582=CIRCLE('',#3251,28.);
#2583=VERTEX_POINT('',#3255);
#2584=CIRCLE('',#3256,28.);
#2585=VERTEX_POINT('',#3260);
#2586=CIRCLE('',#3261,34.);
#2587=VERTEX_POINT('',#3265);
#2588=CIRCLE('',#3266,40.);
#2589=VERTEX_POINT('',#3270);
#2590=CIRCLE('',#3271,17.5);
#2591=VERTEX_POINT('',#3275);
#2592=VERTEX_POINT('',#3276);
#2593=CIRCLE('',#3277,56.);
#2594=VERTEX_POINT('',#3281);
#2595=LINE('',#3282,#3283);
#2596=VERTEX_POINT('',#3285);
#2597=CIRCLE('',#3286,75.);
#2598=LINE('',#3290,#3291);
#2599=VERTEX_POINT('',#3293);
#2600=CIRCLE('',#3294,55.);
#2601=VERTEX_POINT('',#3298);
#2602=CIRCLE('',#3299,17.5);
#2603=VERTEX_POINT('',#3303);
#2604=LINE('',#3304,#3305);
#2605=VERTEX_POINT('',#3307);
#2606=CIRCLE('',#3308,56.);
#2607=LINE('',#3312,#3313);
#2608=VERTEX_POINT('',#3315);
#2609=LINE('',#3316,#3317);
#2610=LINE('',#3319,#3320);
#2611=VERTEX_POINT('',#3322);
#2612=CIRCLE('',#3323,75.);
#2613=LINE('',#3327,#3328);
#2614=LINE('',#3330,#3331);
#2615=VERTEX_POINT('',#3333);
#2616=CIRCLE('',#3334,55.);
#2617=VERTEX_POINT('',#3338);
#2618=CIRCLE('',#3339,48.);
#2619=VERTEX_POINT('',#3343);
#2620=CIRCLE('',#3344,48.);
#2621=VERTEX_POINT('',#3348);
#2622=CIRCLE('',#3349,36.);
#2623=VERTEX_POINT('',#3353);
#2624=CIRCLE('',#3354,36.);
#2625=VERTEX_POINT('',#3358);
#2626=CIRCLE('',#3359,55.);
#2627=VERTEX_POINT('',#3363);
#2628=CIRCLE('',#3364,48.);
#2629=VERTEX_POINT('',#3368);
#2630=CIRCLE('',#3369,48.);
#2631=VERTEX_POINT('',#3373);
#2632=CIRCLE('',#3374,25.);
#2633=VERTEX_POINT('',#3378);
#2634=CIRCLE('',#3379,55.);
#2635=VERTEX_POINT('',#3383);
#2636=CIRCLE('',#3384,25.);
#2637=VERTEX_POINT('',#3388);
#2638=VERTEX_POINT('',#3389);
#2639=CIRCLE('',#3390,56.);
#2640=VERTEX_POINT('',#3394);
#2641=LINE('',#3395,#3396);
#2642=VERTEX_POINT('',#3398);
#2643=CIRCLE('',#3399,75.);
#2644=LINE('',#3403,#3404);
#2645=VERTEX_POINT('',#3406);
#2646=CIRCLE('',#3407,40.);
#2647=VERTEX_POINT('',#3411);
#2648=VERTEX_POINT('',#3412);
#2649=LINE('',#3413,#3414);
#2650=VERTEX_POINT('',#3416);
#2651=CIRCLE('',#3417,75.);
#2652=VERTEX_POINT('',#3421);
#2653=LINE('',#3422,#3423);
#2654=CIRCLE('',#3425,56.);
#2655=LINE('',#3429,#3430);
#2656=LINE('',#3432,#3433);
#2657=LINE('',#3435,#3436);
#2658=LINE('',#3438,#3439);
#2659=VERTEX_POINT('',#3441);
#2660=CIRCLE('',#3442,40.);
#2661=VERTEX_POINT('',#3446);
#2662=CIRCLE('',#3447,28.);
#2663=VERTEX_POINT('',#3451);
#2664=CIRCLE('',#3452,28.);
#2665=CARTESIAN_POINT('',(-264.,-1.22464679914735E-15,20.));
#2666=AXIS2_PLACEMENT_3D('',#2667,#2668,#2669);
#2667=CARTESIAN_POINT('',(-264.,0.,0.));
#2668=DIRECTION('',(-1.,0.,0.));
#2669=DIRECTION('',(0.,-6.12323399573677E-17,1.));
#2670=CARTESIAN_POINT('',(-182.,-1.22464679914735E-15,20.));
#2671=AXIS2_PLACEMENT_3D('',#2672,#2673,#2674);
#2672=CARTESIAN_POINT('',(-182.,0.,0.));
#2673=DIRECTION('',(-1.,0.,0.));
#2674=DIRECTION('',(0.,-6.12323399573677E-17,1.));
#2675=CARTESIAN_POINT('',(-182.,-1.53080849893419E-15,25.));
#2676=AXIS2_PLACEMENT_3D('',#2677,#2678,#2679);
#2677=CARTESIAN_POINT('',(-182.,0.,0.));
#2678=DIRECTION('',(-1.,0.,0.));
#2679=DIRECTION('',(0.,-6.12323399573677E-17,1.));
#2680=CARTESIAN_POINT('',(-122.,-1.53080849893419E-15,25.));
#2681=AXIS2_PLACEMENT_3D('',#2682,#2683,#2684);
#2682=CARTESIAN_POINT('',(-122.,0.,0.));
#2683=DIRECTION('',(-1.,0.,0.));
#2684=DIRECTION('',(0.,-6.12323399573676E-17,1.));
#2685=CARTESIAN_POINT('',(-122.,-1.71450551880629E-15,28.));
#2686=AXIS2_PLACEMENT_3D('',#2687,#2688,#2689);
#2687=CARTESIAN_POINT('',(-122.,0.,0.));
#2688=DIRECTION('',(-1.,0.,0.));
#2689=DIRECTION('',(0.,-6.12323399573676E-17,1.));
#2690=CARTESIAN_POINT('',(-112.,-1.71450551880629E-15,28.));
#2691=AXIS2_PLACEMENT_3D('',#2692,#2693,#2694);
#2692=CARTESIAN_POINT('',(-112.,0.,0.));
#2693=DIRECTION('',(-1.,0.,0.));
#2694=DIRECTION('',(0.,-6.12323399573677E-17,1.));
#2695=CARTESIAN_POINT('',(-112.,-1.83697019872103E-15,30.));
#2696=AXIS2_PLACEMENT_3D('',#2697,#2698,#2699);
#2697=CARTESIAN_POINT('',(-112.,0.,0.));
#2698=DIRECTION('',(-1.,0.,0.));
#2699=DIRECTION('',(0.,-6.12323399573677E-17,1.));
#2700=CARTESIAN_POINT('',(-37.,-1.83697019872103E-15,30.));
#2701=AXIS2_PLACEMENT_3D('',#2702,#2703,#2704);
#2702=CARTESIAN_POINT('',(-37.,0.,0.));
#2703=DIRECTION('',(-1.,0.,0.));
#2704=DIRECTION('',(0.,-6.12323399573677E-17,1.));
#2705=CARTESIAN_POINT('',(-37.,-2.44929359829471E-15,40.));
#2706=AXIS2_PLACEMENT_3D('',#2707,#2708,#2709);
#2707=CARTESIAN_POINT('',(-37.,0.,0.));
#2708=DIRECTION('',(-1.,0.,0.));
#2709=DIRECTION('',(0.,-6.12323399573677E-17,1.));
#2710=CARTESIAN_POINT('',(-32.,-2.44929359829471E-15,40.));
#2711=AXIS2_PLACEMENT_3D('',#2712,#2713,#2714);
#2712=CARTESIAN_POINT('',(-32.,0.,0.));
#2713=DIRECTION('',(-1.,0.,0.));
#2714=DIRECTION('',(0.,-6.12323399573677E-17,1.));
#2715=CARTESIAN_POINT('',(-32.,-1.71450551880629E-15,28.));
#2716=AXIS2_PLACEMENT_3D('',#2717,#2718,#2719);
#2717=CARTESIAN_POINT('',(-32.,0.,0.));
#2718=DIRECTION('',(-1.,0.,0.));
#2719=DIRECTION('',(0.,-6.12323399573677E-17,1.));
#2720=CARTESIAN_POINT('',(-27.,-1.71450551880629E-15,28.));
#2721=AXIS2_PLACEMENT_3D('',#2722,#2723,#2724);
#2722=CARTESIAN_POINT('',(-27.,0.,0.));
#2723=DIRECTION('',(-1.,0.,0.));
#2724=DIRECTION('',(0.,-6.12323399573677E-17,1.));
#2725=CARTESIAN_POINT('',(-27.,-1.53080849893419E-15,25.));
#2726=AXIS2_PLACEMENT_3D('',#2727,#2728,#2729);
#2727=CARTESIAN_POINT('',(-27.,0.,0.));
#2728=DIRECTION('',(-1.,0.,0.));
#2729=DIRECTION('',(0.,-6.12323399573677E-17,1.));
#2730=CARTESIAN_POINT('',(-3.57698130928161E-16,-1.53080849893419E-15,25.));
#2731=AXIS2_PLACEMENT_3D('',#2732,#2733,#2734);
#2732=CARTESIAN_POINT('',(-3.57698130928161E-16,0.,0.));
#2733=DIRECTION('',(-1.,0.,0.));
#2734=DIRECTION('',(0.,-6.12323399573677E-17,1.));
#2735=CARTESIAN_POINT('',(-39.9999999999999,26.25,-171.183748498799));
#2736=CARTESIAN_POINT('',(-39.9999999999999,30.,-178.989995996797));
#2737=AXIS2_PLACEMENT_3D('',#2738,#2739,#2740);
#2738=CARTESIAN_POINT('',(-39.9999999999999,20.,-178.989995996797));
#2739=DIRECTION('',(1.,-5.44237491205297E-33,8.42540793391423E-17));
#2740=DIRECTION('',(-2.34022121218278E-31,1.,2.8421709430404E-15));
#2741=CARTESIAN_POINT('',(-39.9999999999999,26.25,-161.816251501201));
#2742=AXIS2_PLACEMENT_3D('',#2743,#2744,#2745);
#2743=CARTESIAN_POINT('',(-39.9999999999999,30.,-166.5));
#2744=DIRECTION('',(-1.,5.44237491205297E-33,-8.42540793391423E-17));
#2745=DIRECTION('',(6.57708196037304E-17,-0.625,-0.7806247497998));
#2746=CARTESIAN_POINT('',(-39.9999999999999,30.,-154.010004003203));
#2747=AXIS2_PLACEMENT_3D('',#2748,#2749,#2750);
#2748=CARTESIAN_POINT('',(-39.9999999999999,20.,-154.010004003203));
#2749=DIRECTION('',(1.,-5.44237491205297E-33,8.42540793391423E-17));
#2750=DIRECTION('',(6.57708196037305E-17,0.624999999999999,-0.7806247497998));
#2751=CARTESIAN_POINT('',(-39.9999999999999,30.,-40.));
#2752=CARTESIAN_POINT('',(-39.9999999999999,30.,-154.010004003203));
#2753=VECTOR('',#2754,1.);
#2754=DIRECTION('',(0.,-6.23228410499957E-17,1.));
#2755=CARTESIAN_POINT('',(-40.,110.,-40.));
#2756=CARTESIAN_POINT('',(-40.,30.,-40.));
#2757=VECTOR('',#2758,1.);
#2758=DIRECTION('',(0.,1.,8.88178419700125E-17));
#2759=CARTESIAN_POINT('',(-39.9999999999999,110.,-63.0000000000001));
#2760=CARTESIAN_POINT('',(-40.,110.,-40.));
#2761=VECTOR('',#2762,1.);
#2762=DIRECTION('',(3.08931624243521E-16,0.,-1.));
#2763=CARTESIAN_POINT('',(-39.9999999999999,110.,-143.));
#2764=AXIS2_PLACEMENT_3D('',#2765,#2766,#2767);
#2765=CARTESIAN_POINT('',(-39.9999999999999,110.,-103.));
#2766=DIRECTION('',(1.,-5.44237491205297E-33,8.42540793391423E-17));
#2767=DIRECTION('',(-8.42540793391423E-17,-3.5527136788005E-16,1.));
#2768=CARTESIAN_POINT('',(-39.9999999999999,110.,-148.));
#2769=CARTESIAN_POINT('',(-39.9999999999999,110.,-143.));
#2770=VECTOR('',#2771,1.);
#2771=DIRECTION('',(0.,0.,-1.));
#2772=CARTESIAN_POINT('',(-39.9999999999999,110.,-258.));
#2773=AXIS2_PLACEMENT_3D('',#2774,#2775,#2776);
#2774=CARTESIAN_POINT('',(-39.9999999999999,110.,-203.));
#2775=DIRECTION('',(1.,-5.44237491205297E-33,8.42540793391423E-17));
#2776=DIRECTION('',(-8.42540793391423E-17,-2.4455588673785E-49,1.));
#2777=CARTESIAN_POINT('',(-39.9999999999999,110.,-293.));
#2778=CARTESIAN_POINT('',(-39.9999999999999,110.,-258.));
#2779=VECTOR('',#2780,1.);
#2780=DIRECTION('',(0.,0.,-1.));
#2781=CARTESIAN_POINT('',(-39.9999999999999,30.,-293.));
#2782=CARTESIAN_POINT('',(-39.9999999999999,30.,-293.));
#2783=VECTOR('',#2784,1.);
#2784=DIRECTION('',(0.,1.,0.));
#2785=CARTESIAN_POINT('',(-39.9999999999999,30.,-293.));
#2786=VECTOR('',#2787,1.);
#2787=DIRECTION('',(-6.23228410499956E-17,-6.23228410499956E-17,1.));
#2788=CARTESIAN_POINT('',(-135.,30.,-154.010004003203));
#2789=CARTESIAN_POINT('',(-39.9999999999999,30.,-154.010004003203));
#2790=VECTOR('',#2791,1.);
#2791=DIRECTION('',(-1.,0.,0.));
#2792=CARTESIAN_POINT('',(-135.,30.,-40.));
#2793=CARTESIAN_POINT('',(-135.,30.,-40.0000000000001));
#2794=VECTOR('',#2795,1.);
#2795=DIRECTION('',(0.,6.23228410499957E-17,-1.));
#2796=CARTESIAN_POINT('',(-39.9999999999999,30.,-40.0000000000001));
#2797=VECTOR('',#2798,1.);
#2798=DIRECTION('',(-1.,0.,7.47939721852737E-17));
#2799=CARTESIAN_POINT('',(-135.,30.,-178.989995996797));
#2800=CARTESIAN_POINT('',(-39.9999999999999,30.,-178.989995996797));
#2801=VECTOR('',#2802,1.);
#2802=DIRECTION('',(-1.,0.,-5.98351777482189E-16));
#2803=CARTESIAN_POINT('',(-135.,30.,-293.));
#2804=CARTESIAN_POINT('',(-135.,30.,-293.));
#2805=VECTOR('',#2806,1.);
#2806=DIRECTION('',(1.,0.,-5.98351777482189E-16));
#2807=CARTESIAN_POINT('',(-135.,30.,-178.989995996797));
#2808=VECTOR('',#2809,1.);
#2809=DIRECTION('',(0.,6.23228410499956E-17,-1.));
#2810=CARTESIAN_POINT('',(-135.,26.25,-171.183748498799));
#2811=AXIS2_PLACEMENT_3D('',#2812,#2813,#2814);
#2812=CARTESIAN_POINT('',(-135.,20.,-178.989995996797));
#2813=DIRECTION('',(-1.,0.,-1.1233877245219E-16));
#2814=DIRECTION('',(-8.76944261383072E-17,0.625000000000001,0.780624749799799));
#2815=CARTESIAN_POINT('',(-135.,110.,-293.));
#2816=CARTESIAN_POINT('',(-135.,30.,-293.));
#2817=VECTOR('',#2818,1.);
#2818=DIRECTION('',(-3.5527136788005E-16,1.,0.));
#2819=CARTESIAN_POINT('',(-135.,110.,-258.));
#2820=CARTESIAN_POINT('',(-135.,110.,-293.));
#2821=VECTOR('',#2822,1.);
#2822=DIRECTION('',(0.,0.,1.));
#2823=CARTESIAN_POINT('',(-135.,110.,-148.));
#2824=AXIS2_PLACEMENT_3D('',#2825,#2826,#2827);
#2825=CARTESIAN_POINT('',(-135.,110.,-203.));
#2826=DIRECTION('',(1.,-2.73691106313441E-48,1.1233877245219E-16));
#2827=DIRECTION('',(-1.1233877245219E-16,3.07461229143337E-64,1.));
#2828=CARTESIAN_POINT('',(-135.,110.,-143.));
#2829=CARTESIAN_POINT('',(-135.,110.,-148.));
#2830=VECTOR('',#2831,1.);
#2831=DIRECTION('',(0.,0.,1.));
#2832=CARTESIAN_POINT('',(-135.,110.,-63.0000000000001));
#2833=AXIS2_PLACEMENT_3D('',#2834,#2835,#2836);
#2834=CARTESIAN_POINT('',(-135.,110.,-103.));
#2835=DIRECTION('',(1.,-2.73691106313441E-48,1.1233877245219E-16));
#2836=DIRECTION('',(-1.1233877245219E-16,-3.5527136788005E-16,1.));
#2837=CARTESIAN_POINT('',(-135.,110.,-40.));
#2838=CARTESIAN_POINT('',(-135.,110.,-63.0000000000001));
#2839=VECTOR('',#2840,1.);
#2840=DIRECTION('',(0.,0.,1.));
#2841=CARTESIAN_POINT('',(-135.,30.,-40.));
#2842=VECTOR('',#2843,1.);
#2843=DIRECTION('',(0.,1.,3.5527136788005E-16));
#2844=CARTESIAN_POINT('',(-135.,26.2499999999999,-161.816251501201));
#2845=AXIS2_PLACEMENT_3D('',#2846,#2847,#2848);
#2846=CARTESIAN_POINT('',(-135.,20.,-154.010004003202));
#2847=DIRECTION('',(-1.,0.,-1.1233877245219E-16));
#2848=DIRECTION('',(1.11750098194154E-29,1.,-9.94759830064139E-14));
#2849=CARTESIAN_POINT('',(-135.,30.,-160.5));
#2850=AXIS2_PLACEMENT_3D('',#2851,#2852,#2853);
#2851=CARTESIAN_POINT('',(-135.,30.,-166.499999999999));
#2852=DIRECTION('',(-1.,0.,-1.1233877245219E-16));
#2853=DIRECTION('',(-8.7694426138301E-17,-0.62500000000007,0.780624749799744));
#2854=AXIS2_PLACEMENT_3D('',#2855,#2856,#2857);
#2855=CARTESIAN_POINT('',(-135.,30.,-166.5));
#2856=DIRECTION('',(-1.,-2.73691106313441E-48,-1.1233877245219E-16));
#2857=DIRECTION('',(-1.1233877245219E-16,-3.07461229143337E-64,1.));
#2858=CARTESIAN_POINT('',(-175.,30.,-178.5));
#2859=CARTESIAN_POINT('',(-175.,18.,-178.5));
#2860=CARTESIAN_POINT('',(-175.,30.,-178.5));
#2861=VECTOR('',#2862,1.);
#2862=DIRECTION('',(0.,-1.,0.));
#2863=CARTESIAN_POINT('',(-175.,18.,-154.5));
#2864=CARTESIAN_POINT('',(-175.,18.,-178.5));
#2865=VECTOR('',#2866,1.);
#2866=DIRECTION('',(-2.368475785867E-15,0.,1.));
#2867=CARTESIAN_POINT('',(-175.,30.,-154.5));
#2868=CARTESIAN_POINT('',(-175.,18.,-154.5));
#2869=VECTOR('',#2870,1.);
#2870=DIRECTION('',(0.,1.,0.));
#2871=CARTESIAN_POINT('',(-175.,30.,-6.77864734013687E-14));
#2872=CARTESIAN_POINT('',(-175.,30.,-154.5));
#2873=VECTOR('',#2874,1.);
#2874=DIRECTION('',(-1.83959284339185E-16,-6.89847316271942E-17,1.));
#2875=CARTESIAN_POINT('',(-175.,110.,-6.02170414405757E-14));
#2876=CARTESIAN_POINT('',(-175.,30.,-6.02218034940874E-14));
#2877=VECTOR('',#2878,1.);
#2878=DIRECTION('',(0.,1.,6.12323399573676E-17));
#2879=CARTESIAN_POINT('',(-175.,110.,-63.0000000000001));
#2880=CARTESIAN_POINT('',(-175.,110.,-63.0000000000001));
#2881=VECTOR('',#2882,1.);
#2882=DIRECTION('',(0.,0.,1.));
#2883=CARTESIAN_POINT('',(-175.,110.,-143.));
#2884=AXIS2_PLACEMENT_3D('',#2885,#2886,#2887);
#2885=CARTESIAN_POINT('',(-175.,110.,-103.));
#2886=DIRECTION('',(1.,0.,2.56051436309946E-16));
#2887=DIRECTION('',(-2.56051436309946E-16,-3.5527136788005E-16,1.));
#2888=CARTESIAN_POINT('',(-175.,110.,-148.));
#2889=CARTESIAN_POINT('',(-175.,110.,-148.));
#2890=VECTOR('',#2891,1.);
#2891=DIRECTION('',(-5.68434188608083E-15,0.,1.));
#2892=CARTESIAN_POINT('',(-175.,110.,-258.));
#2893=AXIS2_PLACEMENT_3D('',#2894,#2895,#2896);
#2894=CARTESIAN_POINT('',(-175.,110.,-203.));
#2895=DIRECTION('',(1.,0.,2.56051436309946E-16));
#2896=DIRECTION('',(-2.56051436309946E-16,-2.58379176640036E-16,1.));
#2897=CARTESIAN_POINT('',(-175.,110.,-333.));
#2898=CARTESIAN_POINT('',(-175.,110.,-333.));
#2899=VECTOR('',#2900,1.);
#2900=DIRECTION('',(-3.7895612573872E-16,-1.8947806286936E-16,1.));
#2901=CARTESIAN_POINT('',(-175.,30.,-333.));
#2902=CARTESIAN_POINT('',(-175.,30.,-333.));
#2903=VECTOR('',#2904,1.);
#2904=DIRECTION('',(0.,1.,0.));
#2905=CARTESIAN_POINT('',(-175.,30.,-333.));
#2906=VECTOR('',#2907,1.);
#2907=DIRECTION('',(-1.83959284339185E-16,-6.89847316271942E-17,1.));
#2908=CARTESIAN_POINT('',(-175.,30.,-160.5));
#2909=AXIS2_PLACEMENT_3D('',#2910,#2911,#2912);
#2910=CARTESIAN_POINT('',(-175.,30.,-166.5));
#2911=DIRECTION('',(-1.,0.,-2.56051436309946E-16));
#2912=DIRECTION('',(-2.56051436309946E-16,-1.22464679914735E-16,1.));
#2913=CARTESIAN_POINT('',(-39.9999999999999,26.25,-171.183748498799));
#2914=VECTOR('',#2915,1.);
#2915=DIRECTION('',(-1.,0.,-2.99175888741095E-16));
#2916=CARTESIAN_POINT('',(-39.9999999999999,26.25,-161.816251501201));
#2917=VECTOR('',#2918,1.);
#2918=DIRECTION('',(-1.,0.,-2.99175888741094E-16));
#2919=CARTESIAN_POINT('',(-135.,110.,-40.));
#2920=VECTOR('',#2921,1.);
#2921=DIRECTION('',(1.,0.,2.99175888741095E-16));
#2922=CARTESIAN_POINT('',(-175.,110.,-63.0000000000001));
#2923=VECTOR('',#2924,1.);
#2924=DIRECTION('',(1.,0.,0.));
#2925=CARTESIAN_POINT('',(2.8421709430404E-14,110.,-2.16861520350936E-14));
#2926=CARTESIAN_POINT('',(-175.,110.,-6.05385711294985E-14));
#2927=VECTOR('',#2928,1.);
#2928=DIRECTION('',(1.,0.,3.84423591570337E-16));
#2929=CARTESIAN_POINT('',(6.07010562781222E-14,110.,-63.0000000000001));
#2930=CARTESIAN_POINT('',(5.6843418860808E-14,110.,-5.01078614654976E-14));
#2931=VECTOR('',#2932,1.);
#2932=DIRECTION('',(6.12323399573678E-17,0.,-1.));
#2933=CARTESIAN_POINT('',(-39.9999999999999,110.,-63.0000000000001));
#2934=VECTOR('',#2935,1.);
#2935=DIRECTION('',(1.,0.,1.77635683940025E-16));
#2936=CARTESIAN_POINT('',(6.55996434747116E-14,110.,-143.));
#2937=CARTESIAN_POINT('',(-39.9999999999999,110.,-143.));
#2938=VECTOR('',#2939,1.);
#2939=DIRECTION('',(1.,0.,0.));
#2940=AXIS2_PLACEMENT_3D('',#2941,#2942,#2943);
#2941=CARTESIAN_POINT('',(6.31503498764169E-14,110.,-103.));
#2942=DIRECTION('',(1.,-3.74939945665465E-33,6.12323399573677E-17));
#2943=DIRECTION('',(-6.12323399573677E-17,-3.5527136788005E-16,1.));
#2944=CARTESIAN_POINT('',(6.59058051744984E-14,110.,-148.));
#2945=CARTESIAN_POINT('',(-39.9999999999999,110.,-148.));
#2946=VECTOR('',#2947,1.);
#2947=DIRECTION('',(1.,0.,0.));
#2948=CARTESIAN_POINT('',(6.55996434747116E-14,110.,-143.));
#2949=VECTOR('',#2950,1.);
#2950=DIRECTION('',(6.12323399573676E-17,0.,-1.));
#2951=CARTESIAN_POINT('',(7.26413625698089E-14,110.,-258.));
#2952=CARTESIAN_POINT('',(-39.9999999999999,110.,-258.));
#2953=VECTOR('',#2954,1.);
#2954=DIRECTION('',(1.,0.,0.));
#2955=AXIS2_PLACEMENT_3D('',#2956,#2957,#2958);
#2956=CARTESIAN_POINT('',(6.92735838721537E-14,110.,-203.));
#2957=DIRECTION('',(1.,-3.74939945665465E-33,6.12323399573677E-17));
#2958=DIRECTION('',(-6.12323399573677E-17,4.03330179465239E-64,1.));
#2959=CARTESIAN_POINT('',(-175.,110.,-258.));
#2960=VECTOR('',#2961,1.);
#2961=DIRECTION('',(1.,0.,0.));
#2962=CARTESIAN_POINT('',(-39.9999999999999,110.,-293.));
#2963=VECTOR('',#2964,1.);
#2964=DIRECTION('',(-1.,0.,5.9835177748219E-16));
#2965=CARTESIAN_POINT('',(7.72337880666115E-14,110.,-333.));
#2966=CARTESIAN_POINT('',(7.26413625698089E-14,110.,-258.));
#2967=VECTOR('',#2968,1.);
#2968=DIRECTION('',(6.12323399573677E-17,0.,-1.));
#2969=CARTESIAN_POINT('',(7.72337880666115E-14,110.,-333.));
#2970=VECTOR('',#2971,1.);
#2971=DIRECTION('',(-1.,0.,0.));
#2972=CARTESIAN_POINT('',(-175.,110.,-148.));
#2973=VECTOR('',#2974,1.);
#2974=DIRECTION('',(1.,0.,0.));
#2975=CARTESIAN_POINT('',(-175.,110.,-143.));
#2976=VECTOR('',#2977,1.);
#2977=DIRECTION('',(1.,0.,0.));
#2978=CARTESIAN_POINT('',(-163.,18.,-178.5));
#2979=CARTESIAN_POINT('',(-163.,18.,-178.5));
#2980=VECTOR('',#2981,1.);
#2981=DIRECTION('',(-0.707106781186547,0.707106781186548,0.));
#2982=CARTESIAN_POINT('',(-163.,18.,-178.5));
#2983=VECTOR('',#2984,1.);
#2984=DIRECTION('',(-1.,0.,-2.36847578586701E-15));
#2985=CARTESIAN_POINT('',(-163.,18.,-154.5));
#2986=CARTESIAN_POINT('',(-163.,18.,-154.5));
#2987=VECTOR('',#2988,1.);
#2988=DIRECTION('',(2.36847578586699E-15,0.,-1.));
#2989=CARTESIAN_POINT('',(-163.,18.,-154.5));
#2990=VECTOR('',#2991,1.);
#2991=DIRECTION('',(-1.,0.,0.));
#2992=CARTESIAN_POINT('',(-175.,30.,-154.5));
#2993=VECTOR('',#2994,1.);
#2994=DIRECTION('',(0.707106781186548,-0.707106781186547,0.));
#2995=CARTESIAN_POINT('',(-145.,1.92110831579626E-14,-303.));
#2996=CARTESIAN_POINT('',(-175.,30.,-333.));
#2997=VECTOR('',#2998,1.);
#2998=DIRECTION('',(0.577350269189625,-0.577350269189625,0.577350269189626));
#2999=CARTESIAN_POINT('',(-145.,6.12323399573677E-16,-30.));
#3000=CARTESIAN_POINT('',(-145.,1.4605770021742E-14,-303.));
#3001=VECTOR('',#3002,1.);
#3002=DIRECTION('',(-3.12326477257187E-16,-5.66433764167827E-17,1.));
#3003=CARTESIAN_POINT('',(-175.,30.,-6.1140288593448E-14));
#3004=VECTOR('',#3005,1.);
#3005=DIRECTION('',(0.577350269189626,-0.577350269189626,-0.577350269189625));
#3006=CARTESIAN_POINT('',(4.2632564145606E-14,30.,-3.9478479657165E-14));
#3007=CARTESIAN_POINT('',(-175.,30.,-6.54371583260879E-14));
#3008=VECTOR('',#3009,1.);
#3009=DIRECTION('',(1.,4.06024420434343E-17,3.84423591570337E-16));
#3010=CARTESIAN_POINT('',(2.8421709430404E-14,30.,-2.6584739231683E-14));
#3011=VECTOR('',#3012,1.);
#3012=DIRECTION('',(0.,1.,6.12323399573676E-17));
#3013=CARTESIAN_POINT('',(6.85834820863601E-14,30.,-333.));
#3014=CARTESIAN_POINT('',(5.99331761061087E-14,30.,-333.));
#3015=VECTOR('',#3016,1.);
#3016=DIRECTION('',(-1.,0.,0.));
#3017=CARTESIAN_POINT('',(7.72337880666115E-14,30.,-333.));
#3018=VECTOR('',#3019,1.);
#3019=DIRECTION('',(0.,1.,0.));
#3020=CARTESIAN_POINT('',(5.6843418860808E-14,30.,-7.72412158342505E-14));
#3021=VECTOR('',#3022,1.);
#3022=DIRECTION('',(6.12323399573677E-17,6.40128590774865E-17,-1.));
#3023=CARTESIAN_POINT('',(-29.9999999999999,2.27637968367631E-14,-303.));
#3024=CARTESIAN_POINT('',(5.99331761061087E-14,30.,-333.));
#3025=VECTOR('',#3026,1.);
#3026=DIRECTION('',(-0.577350269189626,-0.577350269189626,0.577350269189625));
#3027=CARTESIAN_POINT('',(-29.9999999999999,2.34875542187432E-14,-303.));
#3028=VECTOR('',#3029,1.);
#3029=DIRECTION('',(-1.,0.,0.));
#3030=CARTESIAN_POINT('',(-29.9999999999999,5.34927497130768E-15,-30.));
#3031=CARTESIAN_POINT('',(-29.9999999999999,4.47119877816102E-15,-30.0000000000001));
#3032=VECTOR('',#3033,1.);
#3033=DIRECTION('',(5.20544128761978E-17,5.66433764167827E-17,-1.));
#3034=CARTESIAN_POINT('',(-145.,2.69484193876077E-15,-30.));
#3035=VECTOR('',#3036,1.);
#3036=DIRECTION('',(1.,1.54465812121761E-17,3.70717949092226E-16));
#3037=CARTESIAN_POINT('',(5.6843418860808E-14,30.,-5.59249337614475E-14));
#3038=VECTOR('',#3039,1.);
#3039=DIRECTION('',(-0.577350269189626,-0.577350269189626,-0.577350269189626));
#3040=CARTESIAN_POINT('',(-55.,8.24867880464022E-31,-1.34711147906209E-14));
#3041=AXIS2_PLACEMENT_3D('',#3042,#3043,#3044);
#3042=CARTESIAN_POINT('',(0.,0.,0.));
#3043=DIRECTION('',(0.,1.,6.12323399573677E-17));
#3044=DIRECTION('',(-1.,7.49879891330929E-33,-1.22464679914735E-16));
#3045=CARTESIAN_POINT('',(-47.,7.04887097851073E-31,-1.15116799119851E-14));
#3046=AXIS2_PLACEMENT_3D('',#3047,#3048,#3049);
#3047=CARTESIAN_POINT('',(0.,0.,0.));
#3048=DIRECTION('',(0.,1.,6.12323399573677E-17));
#3049=DIRECTION('',(-1.,7.49879891330929E-33,-1.22464679914735E-16));
#3050=CARTESIAN_POINT('',(-55.,27.,-1.1817841611772E-14));
#3051=AXIS2_PLACEMENT_3D('',#3052,#3053,#3054);
#3052=CARTESIAN_POINT('',(0.,27.,1.65327317884893E-15));
#3053=DIRECTION('',(0.,1.,6.12323399573677E-17));
#3054=DIRECTION('',(-1.,7.49879891330929E-33,-1.22464679914735E-16));
#3055=CARTESIAN_POINT('',(-47.,27.,-9.85840673313619E-15));
#3056=AXIS2_PLACEMENT_3D('',#3057,#3058,#3059);
#3057=CARTESIAN_POINT('',(0.,27.,1.65327317884893E-15));
#3058=DIRECTION('',(0.,1.,6.12323399573677E-17));
#3059=DIRECTION('',(-1.,7.49879891330929E-33,-1.22464679914735E-16));
#3060=CARTESIAN_POINT('',(-32.,4.79923130451794E-31,-7.83773951454306E-15));
#3061=AXIS2_PLACEMENT_3D('',#3062,#3063,#3064);
#3062=CARTESIAN_POINT('',(0.,0.,0.));
#3063=DIRECTION('',(0.,1.,6.12323399573677E-17));
#3064=DIRECTION('',(-1.,7.49879891330929E-33,-1.22464679914735E-16));
#3065=CARTESIAN_POINT('',(-25.,3.74939945665464E-31,-6.12323399573677E-15));
#3066=AXIS2_PLACEMENT_3D('',#3067,#3068,#3069);
#3067=CARTESIAN_POINT('',(0.,0.,0.));
#3068=DIRECTION('',(0.,1.,6.12323399573677E-17));
#3069=DIRECTION('',(-1.,7.49879891330929E-33,-1.22464679914735E-16));
#3070=CARTESIAN_POINT('',(-32.,27.,-6.18446633569413E-15));
#3071=AXIS2_PLACEMENT_3D('',#3072,#3073,#3074);
#3072=CARTESIAN_POINT('',(0.,27.,1.65327317884893E-15));
#3073=DIRECTION('',(0.,1.,6.12323399573677E-17));
#3074=DIRECTION('',(-1.,7.49879891330929E-33,-1.22464679914735E-16));
#3075=CARTESIAN_POINT('',(-25.,27.,-4.46996081688784E-15));
#3076=AXIS2_PLACEMENT_3D('',#3077,#3078,#3079);
#3077=CARTESIAN_POINT('',(0.,27.,1.65327317884893E-15));
#3078=DIRECTION('',(0.,1.,6.12323399573677E-17));
#3079=DIRECTION('',(-1.,7.49879891330929E-33,-1.22464679914735E-16));
#3080=CARTESIAN_POINT('',(30.,37.5,0.));
#3081=AXIS2_PLACEMENT_3D('',#3082,#3083,#3084);
#3082=CARTESIAN_POINT('',(0.,37.5,0.));
#3083=DIRECTION('',(0.,-1.,0.));
#3084=DIRECTION('',(1.,0.,0.));
#3085=CARTESIAN_POINT('',(30.,-37.5,0.));
#3086=AXIS2_PLACEMENT_3D('',#3087,#3088,#3089);
#3087=CARTESIAN_POINT('',(0.,-37.5,0.));
#3088=DIRECTION('',(0.,-1.,0.));
#3089=DIRECTION('',(1.,0.,0.));
#3090=CARTESIAN_POINT('',(50.,-37.5,0.));
#3091=AXIS2_PLACEMENT_3D('',#3092,#3093,#3094);
#3092=CARTESIAN_POINT('',(0.,-37.5,0.));
#3093=DIRECTION('',(0.,-1.,0.));
#3094=DIRECTION('',(1.,0.,0.));
#3095=CARTESIAN_POINT('',(50.,-6.00000000000001,0.));
#3096=AXIS2_PLACEMENT_3D('',#3097,#3098,#3099);
#3097=CARTESIAN_POINT('',(0.,-6.00000000000001,0.));
#3098=DIRECTION('',(0.,-1.,0.));
#3099=DIRECTION('',(1.,0.,0.));
#3100=CARTESIAN_POINT('',(69.,-6.00000000000001,0.));
#3101=AXIS2_PLACEMENT_3D('',#3102,#3103,#3104);
#3102=CARTESIAN_POINT('',(0.,-6.00000000000001,0.));
#3103=DIRECTION('',(0.,-1.,0.));
#3104=DIRECTION('',(1.,0.,0.));
#3105=CARTESIAN_POINT('',(69.,-20.5,0.));
#3106=AXIS2_PLACEMENT_3D('',#3107,#3108,#3109);
#3107=CARTESIAN_POINT('',(0.,-20.5,0.));
#3108=DIRECTION('',(0.,-1.,0.));
#3109=DIRECTION('',(1.,0.,0.));
#3110=CARTESIAN_POINT('',(82.,-20.5,0.));
#3111=AXIS2_PLACEMENT_3D('',#3112,#3113,#3114);
#3112=CARTESIAN_POINT('',(0.,-20.5,0.));
#3113=DIRECTION('',(0.,-1.,0.));
#3114=DIRECTION('',(1.,0.,0.));
#3115=CARTESIAN_POINT('',(82.,22.5,0.));
#3116=AXIS2_PLACEMENT_3D('',#3117,#3118,#3119);
#3117=CARTESIAN_POINT('',(0.,22.5,0.));
#3118=DIRECTION('',(0.,-1.,0.));
#3119=DIRECTION('',(1.,0.,0.));
#3120=CARTESIAN_POINT('',(69.,22.5,0.));
#3121=AXIS2_PLACEMENT_3D('',#3122,#3123,#3124);
#3122=CARTESIAN_POINT('',(0.,22.5,0.));
#3123=DIRECTION('',(0.,-1.,0.));
#3124=DIRECTION('',(1.,0.,0.));
#3125=CARTESIAN_POINT('',(69.,5.99999999999999,0.));
#3126=AXIS2_PLACEMENT_3D('',#3127,#3128,#3129);
#3127=CARTESIAN_POINT('',(0.,5.99999999999999,0.));
#3128=DIRECTION('',(0.,-1.,0.));
#3129=DIRECTION('',(1.,0.,0.));
#3130=CARTESIAN_POINT('',(50.,6.,0.));
#3131=AXIS2_PLACEMENT_3D('',#3132,#3133,#3134);
#3132=CARTESIAN_POINT('',(0.,5.99999999999999,0.));
#3133=DIRECTION('',(0.,-1.,0.));
#3134=DIRECTION('',(1.,0.,0.));
#3135=CARTESIAN_POINT('',(50.,37.5,0.));
#3136=AXIS2_PLACEMENT_3D('',#3137,#3138,#3139);
#3137=CARTESIAN_POINT('',(0.,37.5,0.));
#3138=DIRECTION('',(0.,-1.,0.));
#3139=DIRECTION('',(1.,0.,0.));
#3140=CARTESIAN_POINT('',(-40.,5.99903913064743E-31,-9.79717439317882E-15));
#3141=AXIS2_PLACEMENT_3D('',#3142,#3143,#3144);
#3142=CARTESIAN_POINT('',(0.,0.,0.));
#3143=DIRECTION('',(0.,1.,6.12323399573677E-17));
#3144=DIRECTION('',(-1.,7.49879891330929E-33,-1.22464679914735E-16));
#3145=CARTESIAN_POINT('',(-33.,4.94920728278413E-31,-8.08266887437253E-15));
#3146=AXIS2_PLACEMENT_3D('',#3147,#3148,#3149);
#3147=CARTESIAN_POINT('',(0.,0.,0.));
#3148=DIRECTION('',(0.,1.,6.12323399573677E-17));
#3149=DIRECTION('',(-1.,7.49879891330929E-33,-1.22464679914735E-16));
#3150=CARTESIAN_POINT('',(-40.,21.,-8.5112952540741E-15));
#3151=AXIS2_PLACEMENT_3D('',#3152,#3153,#3154);
#3152=CARTESIAN_POINT('',(0.,21.,1.28587913910472E-15));
#3153=DIRECTION('',(0.,1.,6.12323399573677E-17));
#3154=DIRECTION('',(-1.,7.49879891330929E-33,-1.22464679914735E-16));
#3155=CARTESIAN_POINT('',(-33.,21.,-6.79678973526781E-15));
#3156=AXIS2_PLACEMENT_3D('',#3157,#3158,#3159);
#3157=CARTESIAN_POINT('',(0.,21.,1.28587913910472E-15));
#3158=DIRECTION('',(0.,1.,6.12323399573677E-17));
#3159=DIRECTION('',(-1.,7.49879891330929E-33,-1.22464679914735E-16));
#3160=CARTESIAN_POINT('',(-24.5,3.67441146752155E-31,-6.00076931582203E-15));
#3161=AXIS2_PLACEMENT_3D('',#3162,#3163,#3164);
#3162=CARTESIAN_POINT('',(0.,0.,0.));
#3163=DIRECTION('',(0.,1.,6.12323399573677E-17));
#3164=DIRECTION('',(-1.,7.49879891330929E-33,-1.22464679914735E-16));
#3165=CARTESIAN_POINT('',(-17.5,2.62457961965825E-31,-4.28626379701574E-15));
#3166=AXIS2_PLACEMENT_3D('',#3167,#3168,#3169);
#3167=CARTESIAN_POINT('',(0.,0.,0.));
#3168=DIRECTION('',(0.,1.,6.12323399573677E-17));
#3169=DIRECTION('',(-1.,7.49879891330929E-33,-1.22464679914735E-16));
#3170=CARTESIAN_POINT('',(-24.5,21.,-4.71489017671731E-15));
#3171=AXIS2_PLACEMENT_3D('',#3172,#3173,#3174);
#3172=CARTESIAN_POINT('',(0.,21.,1.28587913910472E-15));
#3173=DIRECTION('',(0.,1.,6.12323399573677E-17));
#3174=DIRECTION('',(-1.,7.49879891330929E-33,-1.22464679914735E-16));
#3175=CARTESIAN_POINT('',(-17.5,21.,-3.00038465791102E-15));
#3176=AXIS2_PLACEMENT_3D('',#3177,#3178,#3179);
#3177=CARTESIAN_POINT('',(0.,21.,1.28587913910472E-15));
#3178=DIRECTION('',(0.,1.,6.12323399573677E-17));
#3179=DIRECTION('',(-1.,7.49879891330929E-33,-1.22464679914735E-16));
#3180=CARTESIAN_POINT('',(-17.5,1.61041054087877E-14,-263.));
#3181=AXIS2_PLACEMENT_3D('',#3182,#3183,#3184);
#3182=CARTESIAN_POINT('',(0.,0.,-263.));
#3183=DIRECTION('',(0.,0.,-1.));
#3184=DIRECTION('',(-1.,9.20234594787869E-16,0.));
#3185=CARTESIAN_POINT('',(-17.5,1.4818226269683E-14,-242.));
#3186=AXIS2_PLACEMENT_3D('',#3187,#3188,#3189);
#3187=CARTESIAN_POINT('',(0.,0.,-242.));
#3188=DIRECTION('',(0.,0.,-1.));
#3189=DIRECTION('',(-1.,7.40911313484149E-16,0.));
#3190=CARTESIAN_POINT('',(-20.,1.4818226269683E-14,-242.));
#3191=AXIS2_PLACEMENT_3D('',#3192,#3193,#3194);
#3192=CARTESIAN_POINT('',(0.,0.,-242.));
#3193=DIRECTION('',(0.,0.,-1.));
#3194=DIRECTION('',(-1.,7.40911313484149E-16,0.));
#3195=CARTESIAN_POINT('',(-20.,1.32874177707488E-14,-217.));
#3196=AXIS2_PLACEMENT_3D('',#3197,#3198,#3199);
#3197=CARTESIAN_POINT('',(0.,0.,-217.));
#3198=DIRECTION('',(0.,0.,-1.));
#3199=DIRECTION('',(-1.,5.90551900922168E-16,0.));
#3200=CARTESIAN_POINT('',(-22.5,1.32874177707488E-14,-217.));
#3201=AXIS2_PLACEMENT_3D('',#3202,#3203,#3204);
#3202=CARTESIAN_POINT('',(0.,0.,-217.));
#3203=DIRECTION('',(0.,0.,-1.));
#3204=DIRECTION('',(-1.,5.90551900922168E-16,0.));
#3205=CARTESIAN_POINT('',(-22.5,1.05319624726672E-14,-172.));
#3206=AXIS2_PLACEMENT_3D('',#3207,#3208,#3209);
#3207=CARTESIAN_POINT('',(0.,0.,-172.));
#3208=DIRECTION('',(0.,0.,-1.));
#3209=DIRECTION('',(-1.,4.68087221007433E-16,0.));
#3210=CARTESIAN_POINT('',(-20.,1.05319624726672E-14,-172.));
#3211=AXIS2_PLACEMENT_3D('',#3212,#3213,#3214);
#3212=CARTESIAN_POINT('',(0.,0.,-172.));
#3213=DIRECTION('',(0.,0.,-1.));
#3214=DIRECTION('',(-1.,4.68087221007433E-16,0.));
#3215=CARTESIAN_POINT('',(-20.,9.00115397373304E-15,-147.));
#3216=AXIS2_PLACEMENT_3D('',#3217,#3218,#3219);
#3217=CARTESIAN_POINT('',(0.,0.,-147.));
#3218=DIRECTION('',(0.,0.,-1.));
#3219=DIRECTION('',(-1.,4.50057698686653E-16,0.));
#3220=CARTESIAN_POINT('',(-17.5,9.00115397373304E-15,-147.));
#3221=AXIS2_PLACEMENT_3D('',#3222,#3223,#3224);
#3222=CARTESIAN_POINT('',(0.,0.,-147.));
#3223=DIRECTION('',(0.,0.,-1.));
#3224=DIRECTION('',(-1.,4.50057698686653E-16,0.));
#3225=CARTESIAN_POINT('',(-17.5,6.00076931582203E-15,-98.));
#3226=AXIS2_PLACEMENT_3D('',#3227,#3228,#3229);
#3227=CARTESIAN_POINT('',(0.,0.,-98.));
#3228=DIRECTION('',(0.,0.,-1.));
#3229=DIRECTION('',(-1.,3.42901103761259E-16,0.));
#3230=CARTESIAN_POINT('',(-14.,6.00076931582203E-15,-98.));
#3231=AXIS2_PLACEMENT_3D('',#3232,#3233,#3234);
#3232=CARTESIAN_POINT('',(0.,0.,-98.));
#3233=DIRECTION('',(0.,0.,-1.));
#3234=DIRECTION('',(-1.,3.42901103761259E-16,0.));
#3235=CARTESIAN_POINT('',(-14.,2.32682891837997E-15,-38.));
#3236=AXIS2_PLACEMENT_3D('',#3237,#3238,#3239);
#3237=CARTESIAN_POINT('',(0.,0.,-38.));
#3238=DIRECTION('',(0.,0.,-1.));
#3239=DIRECTION('',(-1.,1.66202065598569E-16,0.));
#3240=CARTESIAN_POINT('',(140.,-19.,6.18446633569413E-15));
#3241=AXIS2_PLACEMENT_3D('',#3242,#3243,#3244);
#3242=CARTESIAN_POINT('',(100.,-19.,1.10830535322835E-14));
#3243=DIRECTION('',(0.,-1.,-6.12323399573677E-17));
#3244=DIRECTION('',(1.,0.,0.));
#3245=CARTESIAN_POINT('',(134.,-19.,6.91925441518255E-15));
#3246=AXIS2_PLACEMENT_3D('',#3247,#3248,#3249);
#3247=CARTESIAN_POINT('',(100.,-19.,1.10830535322835E-14));
#3248=DIRECTION('',(0.,-1.,-6.12323399573677E-17));
#3249=DIRECTION('',(1.,0.,0.));
#3250=CARTESIAN_POINT('',(128.,-5.39913521758269E-31,8.81745695386094E-15));
#3251=AXIS2_PLACEMENT_3D('',#3252,#3253,#3254);
#3252=CARTESIAN_POINT('',(100.,-7.49879891330929E-31,1.22464679914735E-14));
#3253=DIRECTION('',(0.,-1.,-6.12323399573677E-17));
#3254=DIRECTION('',(1.,0.,0.));
#3255=CARTESIAN_POINT('',(128.,-10.,8.20513355428727E-15));
#3256=AXIS2_PLACEMENT_3D('',#3257,#3258,#3259);
#3257=CARTESIAN_POINT('',(100.,-10.,1.16341445918999E-14));
#3258=DIRECTION('',(0.,-1.,-6.12323399573677E-17));
#3259=DIRECTION('',(1.,0.,0.));
#3260=CARTESIAN_POINT('',(134.,-10.,7.47034547479885E-15));
#3261=AXIS2_PLACEMENT_3D('',#3262,#3263,#3264);
#3262=CARTESIAN_POINT('',(100.,-10.,1.16341445918999E-14));
#3263=DIRECTION('',(0.,-1.,-6.12323399573677E-17));
#3264=DIRECTION('',(1.,0.,0.));
#3265=CARTESIAN_POINT('',(140.,-4.49927934798557E-31,7.34788079488412E-15));
#3266=AXIS2_PLACEMENT_3D('',#3267,#3268,#3269);
#3267=CARTESIAN_POINT('',(100.,-7.49879891330929E-31,1.22464679914735E-14));
#3268=DIRECTION('',(0.,-1.,-6.12323399573677E-17));
#3269=DIRECTION('',(1.,0.,0.));
#3270=CARTESIAN_POINT('',(82.5,-4.87421929365104E-31,7.96020419445779E-15));
#3271=AXIS2_PLACEMENT_3D('',#3272,#3273,#3274);
#3272=CARTESIAN_POINT('',(100.,-7.49879891330929E-31,1.22464679914735E-14));
#3273=DIRECTION('',(0.,1.,6.12323399573677E-17));
#3274=DIRECTION('',(-1.,7.49879891330929E-33,-1.22464679914735E-16));
#3275=CARTESIAN_POINT('',(110.64,-3.36654848225016E-15,54.979909057764));
#3276=CARTESIAN_POINT('',(110.64,3.36654848225016E-15,-54.979909057764));
#3277=AXIS2_PLACEMENT_3D('',#3278,#3279,#3280);
#3278=CARTESIAN_POINT('',(100.,-7.49879891330929E-31,1.22464679914735E-14));
#3279=DIRECTION('',(0.,1.,6.12323399573677E-17));
#3280=DIRECTION('',(0.19,-6.01169371830386E-17,0.981784090317214));
#3281=CARTESIAN_POINT('',(14.25,-4.5087702887279E-15,73.6338067737911));
#3282=CARTESIAN_POINT('',(14.25,-4.5087702887279E-15,73.6338067737911));
#3283=VECTOR('',#3284,1.);
#3284=DIRECTION('',(0.981784090317214,1.16341445918998E-17,-0.19));
#3285=CARTESIAN_POINT('',(14.25,4.5087702887279E-15,-73.6338067737911));
#3286=AXIS2_PLACEMENT_3D('',#3287,#3288,#3289);
#3287=CARTESIAN_POINT('',(0.,0.,0.));
#3288=DIRECTION('',(0.,1.,6.12323399573677E-17));
#3289=DIRECTION('',(0.19,6.01169371830386E-17,-0.981784090317214));
#3290=CARTESIAN_POINT('',(110.64,3.36654848225016E-15,-54.979909057764));
#3291=VECTOR('',#3292,1.);
#3292=DIRECTION('',(-0.981784090317214,1.16341445918999E-17,-0.19));
#3293=CARTESIAN_POINT('',(55.,4.12433940232011E-31,-6.73555739531044E-15));
#3294=AXIS2_PLACEMENT_3D('',#3295,#3296,#3297);
#3295=CARTESIAN_POINT('',(0.,0.,0.));
#3296=DIRECTION('',(0.,-1.,-6.12323399573677E-17));
#3297=DIRECTION('',(1.,0.,0.));
#3298=CARTESIAN_POINT('',(82.5,7.,8.38883057415937E-15));
#3299=AXIS2_PLACEMENT_3D('',#3300,#3301,#3302);
#3300=CARTESIAN_POINT('',(100.,7.,1.26750943711751E-14));
#3301=DIRECTION('',(0.,1.,6.12323399573677E-17));
#3302=DIRECTION('',(-1.,7.49879891330929E-33,-1.22464679914735E-16));
#3303=CARTESIAN_POINT('',(110.64,7.,-54.979909057764));
#3304=CARTESIAN_POINT('',(110.64,3.36654848225016E-15,-54.979909057764));
#3305=VECTOR('',#3306,1.);
#3306=DIRECTION('',(0.,1.,0.));
#3307=CARTESIAN_POINT('',(110.64,7.,54.979909057764));
#3308=AXIS2_PLACEMENT_3D('',#3309,#3310,#3311);
#3309=CARTESIAN_POINT('',(100.,7.,1.26750943711751E-14));
#3310=DIRECTION('',(0.,1.,6.12323399573677E-17));
#3311=DIRECTION('',(0.19,-6.01169371830386E-17,0.981784090317214));
#3312=CARTESIAN_POINT('',(110.64,-3.36654848225016E-15,54.979909057764));
#3313=VECTOR('',#3314,1.);
#3314=DIRECTION('',(0.,1.,0.));
#3315=CARTESIAN_POINT('',(14.25,7.,73.6338067737911));
#3316=CARTESIAN_POINT('',(14.25,7.,73.6338067737911));
#3317=VECTOR('',#3318,1.);
#3318=DIRECTION('',(0.981784090317214,9.04657580479996E-18,-0.19));
#3319=CARTESIAN_POINT('',(14.25,-4.5087702887279E-15,73.6338067737911));
#3320=VECTOR('',#3321,1.);
#3321=DIRECTION('',(0.,1.,0.));
#3322=CARTESIAN_POINT('',(14.25,7.,-73.6338067737911));
#3323=AXIS2_PLACEMENT_3D('',#3324,#3325,#3326);
#3324=CARTESIAN_POINT('',(0.,7.,4.28626379701574E-16));
#3325=DIRECTION('',(0.,1.,6.12323399573677E-17));
#3326=DIRECTION('',(0.19,6.01169371830386E-17,-0.981784090317214));
#3327=CARTESIAN_POINT('',(14.25,4.5087702887279E-15,-73.6338067737911));
#3328=VECTOR('',#3329,1.);
#3329=DIRECTION('',(0.,1.,0.));
#3330=CARTESIAN_POINT('',(110.64,7.,-54.979909057764));
#3331=VECTOR('',#3332,1.);
#3332=DIRECTION('',(-0.981784090317214,9.04657580479996E-18,-0.19));
#3333=CARTESIAN_POINT('',(55.,-13.,-7.53157781475622E-15));
#3334=AXIS2_PLACEMENT_3D('',#3335,#3336,#3337);
#3335=CARTESIAN_POINT('',(0.,-13.,-7.9602041944578E-16));
#3336=DIRECTION('',(0.,-1.,-6.12323399573677E-17));
#3337=DIRECTION('',(1.,0.,0.));
#3338=CARTESIAN_POINT('',(48.,-13.,-6.67432505535307E-15));
#3339=AXIS2_PLACEMENT_3D('',#3340,#3341,#3342);
#3340=CARTESIAN_POINT('',(0.,-13.,-7.9602041944578E-16));
#3341=DIRECTION('',(0.,-1.,-6.12323399573677E-17));
#3342=DIRECTION('',(1.,0.,0.));
#3343=CARTESIAN_POINT('',(48.,3.59942347838846E-31,-5.87830463590729E-15));
#3344=AXIS2_PLACEMENT_3D('',#3345,#3346,#3347);
#3345=CARTESIAN_POINT('',(0.,0.,0.));
#3346=DIRECTION('',(0.,-1.,-6.12323399573677E-17));
#3347=DIRECTION('',(1.,0.,0.));
#3348=CARTESIAN_POINT('',(36.,2.69956760879134E-31,-4.40872847693047E-15));
#3349=AXIS2_PLACEMENT_3D('',#3350,#3351,#3352);
#3350=CARTESIAN_POINT('',(0.,0.,0.));
#3351=DIRECTION('',(0.,-1.,-6.12323399573677E-17));
#3352=DIRECTION('',(1.,0.,0.));
#3353=CARTESIAN_POINT('',(36.,-10.,-5.02105187650415E-15));
#3354=AXIS2_PLACEMENT_3D('',#3355,#3356,#3357);
#3355=CARTESIAN_POINT('',(0.,-10.,-6.12323399573677E-16));
#3356=DIRECTION('',(0.,-1.,-6.12323399573677E-17));
#3357=DIRECTION('',(1.,0.,0.));
#3358=CARTESIAN_POINT('',(55.,-13.,-7.53157781475622E-15));
#3359=AXIS2_PLACEMENT_3D('',#3360,#3361,#3362);
#3360=CARTESIAN_POINT('',(0.,-13.,-7.9602041944578E-16));
#3361=DIRECTION('',(0.,-1.,-6.12323399573677E-17));
#3362=DIRECTION('',(1.,0.,0.));
#3363=CARTESIAN_POINT('',(48.,-13.,-6.67432505535307E-15));
#3364=AXIS2_PLACEMENT_3D('',#3365,#3366,#3367);
#3365=CARTESIAN_POINT('',(0.,-13.,-7.9602041944578E-16));
#3366=DIRECTION('',(0.,-1.,-6.12323399573677E-17));
#3367=DIRECTION('',(1.,0.,0.));
#3368=CARTESIAN_POINT('',(48.,-10.,-6.49062803548097E-15));
#3369=AXIS2_PLACEMENT_3D('',#3370,#3371,#3372);
#3370=CARTESIAN_POINT('',(0.,-10.,-6.12323399573677E-16));
#3371=DIRECTION('',(0.,-1.,-6.12323399573677E-17));
#3372=DIRECTION('',(1.,0.,0.));
#3373=CARTESIAN_POINT('',(-25.,3.74939945665464E-31,-6.12323399573677E-15));
#3374=AXIS2_PLACEMENT_3D('',#3375,#3376,#3377);
#3375=CARTESIAN_POINT('',(0.,0.,0.));
#3376=DIRECTION('',(0.,1.,6.12323399573677E-17));
#3377=DIRECTION('',(-1.,7.49879891330929E-33,-1.22464679914735E-16));
#3378=CARTESIAN_POINT('',(55.,4.12433940232011E-31,-6.73555739531044E-15));
#3379=AXIS2_PLACEMENT_3D('',#3380,#3381,#3382);
#3380=CARTESIAN_POINT('',(0.,0.,0.));
#3381=DIRECTION('',(0.,-1.,-6.12323399573677E-17));
#3382=DIRECTION('',(1.,0.,0.));
#3383=CARTESIAN_POINT('',(-25.,7.,-5.69460761603519E-15));
#3384=AXIS2_PLACEMENT_3D('',#3385,#3386,#3387);
#3385=CARTESIAN_POINT('',(0.,7.,4.28626379701574E-16));
#3386=DIRECTION('',(0.,1.,6.12323399573677E-17));
#3387=DIRECTION('',(-1.,7.49879891330929E-33,-1.22464679914735E-16));
#3388=CARTESIAN_POINT('',(110.64,-3.36654848225016E-15,54.979909057764));
#3389=CARTESIAN_POINT('',(110.64,3.36654848225016E-15,-54.979909057764));
#3390=AXIS2_PLACEMENT_3D('',#3391,#3392,#3393);
#3391=CARTESIAN_POINT('',(100.,-7.49879891330929E-31,1.22464679914735E-14));
#3392=DIRECTION('',(0.,1.,6.12323399573677E-17));
#3393=DIRECTION('',(0.19,-6.01169371830386E-17,0.981784090317214));
#3394=CARTESIAN_POINT('',(14.25,-4.5087702887279E-15,73.6338067737911));
#3395=CARTESIAN_POINT('',(14.25,-4.5087702887279E-15,73.6338067737911));
#3396=VECTOR('',#3397,1.);
#3397=DIRECTION('',(0.981784090317214,1.16341445918998E-17,-0.19));
#3398=CARTESIAN_POINT('',(14.25,4.5087702887279E-15,-73.6338067737911));
#3399=AXIS2_PLACEMENT_3D('',#3400,#3401,#3402);
#3400=CARTESIAN_POINT('',(0.,0.,0.));
#3401=DIRECTION('',(0.,1.,6.12323399573677E-17));
#3402=DIRECTION('',(0.19,6.01169371830386E-17,-0.981784090317214));
#3403=CARTESIAN_POINT('',(110.64,3.36654848225016E-15,-54.979909057764));
#3404=VECTOR('',#3405,1.);
#3405=DIRECTION('',(-0.981784090317214,1.16341445918999E-17,-0.19));
#3406=CARTESIAN_POINT('',(140.,-4.49927934798557E-31,7.34788079488412E-15));
#3407=AXIS2_PLACEMENT_3D('',#3408,#3409,#3410);
#3408=CARTESIAN_POINT('',(100.,-7.49879891330929E-31,1.22464679914735E-14));
#3409=DIRECTION('',(0.,-1.,-6.12323399573677E-17));
#3410=DIRECTION('',(1.,0.,0.));
#3411=CARTESIAN_POINT('',(110.64,7.,-54.979909057764));
#3412=CARTESIAN_POINT('',(14.25,7.,-73.6338067737911));
#3413=CARTESIAN_POINT('',(110.64,7.,-54.979909057764));
#3414=VECTOR('',#3415,1.);
#3415=DIRECTION('',(-0.981784090317214,9.04657580479996E-18,-0.19));
#3416=CARTESIAN_POINT('',(14.25,7.,73.6338067737911));
#3417=AXIS2_PLACEMENT_3D('',#3418,#3419,#3420);
#3418=CARTESIAN_POINT('',(0.,7.,4.28626379701574E-16));
#3419=DIRECTION('',(0.,1.,6.12323399573677E-17));
#3420=DIRECTION('',(0.19,6.01169371830386E-17,-0.981784090317214));
#3421=CARTESIAN_POINT('',(110.64,7.,54.979909057764));
#3422=CARTESIAN_POINT('',(14.25,7.,73.6338067737911));
#3423=VECTOR('',#3424,1.);
#3424=DIRECTION('',(0.981784090317214,9.04657580479996E-18,-0.19));
#3425=AXIS2_PLACEMENT_3D('',#3426,#3427,#3428);
#3426=CARTESIAN_POINT('',(100.,7.,1.26750943711751E-14));
#3427=DIRECTION('',(0.,1.,6.12323399573677E-17));
#3428=DIRECTION('',(0.19,-6.01169371830386E-17,0.981784090317214));
#3429=CARTESIAN_POINT('',(110.64,3.36654848225016E-15,-54.979909057764));
#3430=VECTOR('',#3431,1.);
#3431=DIRECTION('',(0.,1.,0.));
#3432=CARTESIAN_POINT('',(110.64,-3.36654848225016E-15,54.979909057764));
#3433=VECTOR('',#3434,1.);
#3434=DIRECTION('',(0.,1.,0.));
#3435=CARTESIAN_POINT('',(14.25,-4.5087702887279E-15,73.6338067737911));
#3436=VECTOR('',#3437,1.);
#3437=DIRECTION('',(0.,1.,0.));
#3438=CARTESIAN_POINT('',(14.25,4.5087702887279E-15,-73.6338067737911));
#3439=VECTOR('',#3440,1.);
#3440=DIRECTION('',(0.,1.,0.));
#3441=CARTESIAN_POINT('',(140.,-19.,6.18446633569413E-15));
#3442=AXIS2_PLACEMENT_3D('',#3443,#3444,#3445);
#3443=CARTESIAN_POINT('',(100.,-19.,1.10830535322835E-14));
#3444=DIRECTION('',(0.,-1.,-6.12323399573677E-17));
#3445=DIRECTION('',(1.,0.,0.));
#3446=CARTESIAN_POINT('',(128.,-19.,7.65404249467096E-15));
#3447=AXIS2_PLACEMENT_3D('',#3448,#3449,#3450);
#3448=CARTESIAN_POINT('',(100.,-19.,1.10830535322835E-14));
#3449=DIRECTION('',(0.,-1.,-6.12323399573677E-17));
#3450=DIRECTION('',(1.,0.,0.));
#3451=CARTESIAN_POINT('',(128.,-5.39913521758269E-31,8.81745695386094E-15));
#3452=AXIS2_PLACEMENT_3D('',#3453,#3454,#3455);
#3453=CARTESIAN_POINT('',(100.,-7.49879891330929E-31,1.22464679914735E-14));
#3454=DIRECTION('',(0.,-1.,-6.12323399573677E-17));
#3455=DIRECTION('',(1.,0.,0.));
ENDSEC;
END-ISO-10303-21;
