model2_sim1-Solution_1                        Fri Dec 19 13:49:59 2025
$ TMGVER:     10.0.293
$ 
$ FEMNAM: C:\last work Q\model2_sim1.sim                                        
$ FESNAM: Solution_1                                                            
$ 
$ UNITS  5  0.1000000E+04  0.1000000E+04  0.1000000E+01 -0.2731500E+03
$ PART ORIGIN  0.0000000E+00  0.0000000E+00  0.0000000E+00
$ PART X_AXIS  0.1000000E+01  0.0000000E+00  0.0000000E+00
$ PART Y_AXIS  0.0000000E+00  0.1000000E+01  0.0000000E+00
$ PART Z_AXIS  0.0000000E+00  0.0000000E+00  0.1000000E+01
-1
M            231     $ Program Control   
N            512     $ Output Control    
IST            0     $ SINDA Cond Number 
IA             0     $ SINDA Load Case   
TLIN  0.0000E+00     $ Rad Linearize Temp
SIGMA 5.6690E-08     $ Stefan-Boltz Const
PSUN  0.0000E+00     $ Sun Rad Source Pow
PIR   0.0000E+00     $ Earth IR Heat Src 
MESH           3     $ Element Subdivsion
KSP            0     $ Residual View Fac 
RK    0.0000E+00     $ Small Raditve Cond
$ Steady-State run
$      GRADNT          TABS     DTP            DT           TST      TF
  1.00000E-03  -2.73150E+02       0   1.00000E+00   0.00000E+00   10000
-1
RESTART OFF
-1
$ 
$ Thermal Nodes - User Model:       2895
$ 
         1  1.0000000E+01  3.3494577E+02  3.0466733E+02
         2  1.0000000E+01  3.2476962E+02  3.0425342E+02
         3  1.0000000E+01  3.1429349E+02  3.0375827E+02
         4  1.0000000E+01  3.0375427E+02  3.0385870E+02
         5  1.0000000E+01  2.9331668E+02  3.0390079E+02
         6  1.0000000E+01  2.8268359E+02  3.0377115E+02
         7  1.0000000E+01  2.7196869E+02  3.0421893E+02
         8  1.0000000E+01  2.6115576E+02  3.0471768E+02
         9  1.0000000E+01  2.5082870E+02  3.0492056E+02
        10  1.0000000E+01  2.4072231E+02  3.0499023E+02
        11  1.0000000E+01  2.3062866E+02  3.0505118E+02
        12  1.0000000E+01  2.2036252E+02  3.0520538E+02
        13  1.0000000E+01  2.0937881E+02  3.0575546E+02
        14  1.0000000E+01  2.0430209E+02  3.1036420E+02
        15  1.0000000E+01  1.9739999E+02  3.0573383E+02
        16  1.0000000E+01  1.8603313E+02  3.0515408E+02
        17  1.0000000E+01  1.7531419E+02  3.0495975E+02
        18  1.0000000E+01  1.6468750E+02  3.0468750E+02
        19  1.0000000E+01  1.5500000E+02  3.0468750E+02
        20  1.0000000E+01  1.4562500E+02  3.0453125E+02
        21  1.0000000E+01  1.3625000E+02  3.0437500E+02
        22  1.0000000E+01  1.2687500E+02  3.0437500E+02
        23  1.0000000E+01  1.1750000E+02  3.0437500E+02
        24  1.0000000E+01  1.0812500E+02  3.0437500E+02
        25  1.0000000E+01  9.8750000E+01  3.0437500E+02
        26  1.0000000E+01  8.9375000E+01  3.0453125E+02
        27  1.0000000E+01  7.0312500E+01  3.0468750E+02
        28  1.0000000E+01  8.0000000E+01  3.0468750E+02
        29  1.0000000E+01  7.0312500E+01  2.9500000E+02
        30  1.0000000E+01  7.0156250E+01  2.8500000E+02
        31  1.0000000E+01  7.0000000E+01  2.7500000E+02
        32  1.0000000E+01  7.0000000E+01  2.6500000E+02
        33  1.0000000E+01  7.0000000E+01  2.5500000E+02
        34  1.0000000E+01  7.0000000E+01  2.4500000E+02
        35  1.0000000E+01  7.0000000E+01  2.3500000E+02
        36  1.0000000E+01  7.0000000E+01  2.2500000E+02
        37  1.0000000E+01  7.0000000E+01  2.1500000E+02
        38  1.0000000E+01  7.0156250E+01  2.0500000E+02
        39  1.0000000E+01  7.0312500E+01  1.9500000E+02
        40  1.0000000E+01  7.0312500E+01  1.8531250E+02
        41  1.0000000E+01  7.2476242E+01  1.7658540E+02
        42  1.0000000E+01  7.2998405E+01  1.6655162E+02
        43  1.0000000E+01  7.2998405E+01  1.5659767E+02
        44  1.0000000E+01  7.3167686E+01  1.4698228E+02
        45  1.0000000E+01  7.3336967E+01  1.3736690E+02
        46  1.0000000E+01  7.3336967E+01  1.2775152E+02
        47  1.0000000E+01  7.3336967E+01  1.1813613E+02
        48  1.0000000E+01  7.3336967E+01  1.0852075E+02
        49  1.0000000E+01  7.3336967E+01  9.8905365E+01
        50  1.0000000E+01  7.3336967E+01  8.9289978E+01
        51  1.0000000E+01  6.4487457E+01  8.0058281E+01
        52  1.0000000E+01  5.5394295E+01  8.0233788E+01
        53  1.0000000E+01  4.6231846E+01  8.0311203E+01
        54  1.0000000E+01  3.7044739E+01  8.0319107E+01
        55  1.0000000E+01  2.7827690E+01  8.0276039E+01
        56  1.0000000E+01  1.8575817E+01  8.0199509E+01
        57  1.0000000E+01  9.2956724E+00  8.0104218E+01
        58  1.0000000E+01  9.3224268E+00  7.0216660E+01
        59  1.0000000E+01  9.3847723E+00  6.0341606E+01
        60  1.0000000E+01  9.5017023E+00  5.0472546E+01
        61  1.0000000E+01  9.6653929E+00  4.0589588E+01
        62  1.0000000E+01  9.8636179E+00  3.0602865E+01
        63  1.0000000E+01  9.9781981E+00  2.0506454E+01
        64  1.0000000E+01  1.0014326E+01  1.0353685E+01
        65  1.0000000E+01  2.0064875E+01  1.0728472E+01
        66  1.0000000E+01  3.0190281E+01  1.1093614E+01
        67  1.0000000E+01  4.0430782E+01  1.1394429E+01
        68  1.0000000E+01  5.0727673E+01  1.1474825E+01
        69  1.0000000E+01  6.1030991E+01  1.1477354E+01
        70  1.0000000E+01  7.1388344E+01  1.1510607E+01
        71  1.0000000E+01  8.1515541E+01  1.1567840E+01
        72  1.0000000E+01  9.1652496E+01  1.1597041E+01
        73  1.0000000E+01  1.0179850E+02  1.1623762E+01
        74  1.0000000E+01  1.1194683E+02  1.1696987E+01
        75  1.0000000E+01  1.2209566E+02  1.1788318E+01
        76  1.0000000E+01  1.3224452E+02  1.1892930E+01
        77  1.0000000E+01  1.4239091E+02  1.2051728E+01
        78  1.0000000E+01  1.5252576E+02  1.2239215E+01
        79  1.0000000E+01  1.6257002E+02  1.2450953E+01
        80  1.0000000E+01  1.7258858E+02  1.3231712E+01
        81  1.0000000E+01  1.8304529E+02  1.4336188E+01
        82  1.0000000E+01  1.9326620E+02  1.4878099E+01
        83  1.0000000E+01  2.0333174E+02  1.5113284E+01
        84  1.0000000E+01  2.1334663E+02  1.5250909E+01
        85  1.0000000E+01  2.2333815E+02  1.5355453E+01
        86  1.0000000E+01  2.3330342E+02  1.5444261E+01
        87  1.0000000E+01  2.4320332E+02  1.5512176E+01
        88  1.0000000E+01  2.5290494E+02  1.5524038E+01
        89  1.0000000E+01  2.6170068E+02  1.5287059E+01
        90  1.0000000E+01  2.6305563E+02  2.5710932E+01
        91  1.0000000E+01  2.6328943E+02  3.5784077E+01
        92  1.0000000E+01  2.6332870E+02  4.5796352E+01
        93  1.0000000E+01  2.6333530E+02  5.5798424E+01
        94  1.0000000E+01  2.6333640E+02  6.5798767E+01
        95  1.0000000E+01  2.6333658E+02  7.5798828E+01
        96  1.0000000E+01  2.6333661E+02  8.5798836E+01
        97  1.0000000E+01  2.6333661E+02  9.5798836E+01
        98  1.0000000E+01  2.6333661E+02  1.0579883E+02
        99  1.0000000E+01  2.6333655E+02  1.1579880E+02
       100  1.0000000E+01  2.6333618E+02  1.2579864E+02
       101  1.0000000E+01  2.6333408E+02  1.3579770E+02
       102  1.0000000E+01  2.6332166E+02  1.4579210E+02
       103  1.0000000E+01  2.6324838E+02  1.5575906E+02
       104  1.0000000E+01  2.6263553E+02  1.6549637E+02
       105  1.0000000E+01  2.6239798E+02  1.7528365E+02
       106  1.0000000E+01  2.6260019E+02  1.8512865E+02
       107  1.0000000E+01  2.6322153E+02  1.9502086E+02
       108  1.0000000E+01  2.6331784E+02  2.0500356E+02
       109  1.0000000E+01  2.6333350E+02  2.1500060E+02
       110  1.0000000E+01  2.6333624E+02  2.2500005E+02
       111  1.0000000E+01  2.6333743E+02  2.3499966E+02
       112  1.0000000E+01  2.6334204E+02  2.4499783E+02
       113  1.0000000E+01  2.6336902E+02  2.5498711E+02
       114  1.0000000E+01  2.6352930E+02  2.6492328E+02
       115  1.0000000E+01  2.7262106E+02  2.7404865E+02
       116  1.0000000E+01  2.8126370E+02  2.7384351E+02
       117  1.0000000E+01  2.9018616E+02  2.7394736E+02
       118  1.0000000E+01  2.9930136E+02  2.7394778E+02
       119  1.0000000E+01  3.0829590E+02  2.7376843E+02
       120  1.0000000E+01  3.1718658E+02  2.7386676E+02
       121  1.0000000E+01  3.2624298E+02  2.7429556E+02
       122  1.0000000E+01  3.3556396E+02  2.7467282E+02
       123  1.0000000E+01  3.3536533E+02  2.8442465E+02
       124  1.0000000E+01  3.3502280E+02  2.9440659E+02
       125  1.0000000E+01  2.5464847E+02  1.6591621E+02
       126  1.0000000E+01  1.7478308E+02  2.3691288E+01
       127  1.0000000E+01  1.7543237E+02  3.3893414E+01
       128  1.0000000E+01  1.7556595E+02  4.3807495E+01
       129  1.0000000E+01  1.7557101E+02  5.3652359E+01
       130  1.0000000E+01  1.7556331E+02  6.3496346E+01
       131  1.0000000E+01  1.7551456E+02  7.3397820E+01
       132  1.0000000E+01  1.7535233E+02  8.3500381E+01
       133  1.0000000E+01  1.7480173E+02  9.4298393E+01
       134  1.0000000E+01  1.7481956E+02  1.0598417E+02
       135  1.0000000E+01  1.7537254E+02  1.1692704E+02
       136  1.0000000E+01  1.7552859E+02  1.2704839E+02
       137  1.0000000E+01  1.7558717E+02  1.3694510E+02
       138  1.0000000E+01  1.7564848E+02  1.4677148E+02
       139  1.0000000E+01  1.7567448E+02  1.5656325E+02
       140  1.0000000E+01  1.8612833E+02  1.6623380E+02
       141  1.0000000E+01  1.9632951E+02  1.6621092E+02
       142  1.0000000E+01  2.0638777E+02  1.6619998E+02
       143  1.0000000E+01  2.1636967E+02  1.6619099E+02
       144  1.0000000E+01  2.2627710E+02  1.6617685E+02
       145  1.0000000E+01  2.3605875E+02  1.6614653E+02
       146  1.0000000E+01  2.4559373E+02  1.6607712E+02
       147  1.0000000E+01  1.5500000E+02  1.6655162E+02
       148  1.0000000E+01  1.6495395E+02  1.5659767E+02
       149  1.0000000E+01  1.6478467E+02  1.4698228E+02
       150  1.0000000E+01  1.6461539E+02  1.3736690E+02
       151  1.0000000E+01  1.6461539E+02  1.2775152E+02
       152  1.0000000E+01  1.6461539E+02  1.1813613E+02
       153  1.0000000E+01  1.6461539E+02  1.0852075E+02
       154  1.0000000E+01  1.6461539E+02  9.8905365E+01
       155  1.0000000E+01  1.6461539E+02  8.9289978E+01
       156  1.0000000E+01  1.6461539E+02  7.9674599E+01
       157  1.0000000E+01  1.6461539E+02  7.0059212E+01
       158  1.0000000E+01  1.6461539E+02  6.0443829E+01
       159  1.0000000E+01  1.6461539E+02  5.0828442E+01
       160  1.0000000E+01  1.6478467E+02  4.1213058E+01
       161  1.0000000E+01  1.6495395E+02  3.1597673E+01
       162  1.0000000E+01  1.5500000E+02  2.1643721E+01
       163  1.0000000E+01  1.4470747E+02  2.1474438E+01
       164  1.0000000E+01  1.3441496E+02  2.1305153E+01
       165  1.0000000E+01  1.2412244E+02  2.1305153E+01
       166  1.0000000E+01  1.1382992E+02  2.1305153E+01
       167  1.0000000E+01  1.0353740E+02  2.1305153E+01
       168  1.0000000E+01  9.3244873E+01  2.1474438E+01
       169  1.0000000E+01  8.2952354E+01  2.1643721E+01
       170  1.0000000E+01  7.2998405E+01  3.1597673E+01
       171  1.0000000E+01  7.3167686E+01  4.1213058E+01
       172  1.0000000E+01  7.3336967E+01  5.0828442E+01
       173  1.0000000E+01  7.3336967E+01  6.0443829E+01
       174  1.0000000E+01  7.3336967E+01  7.0059212E+01
       175  1.0000000E+01  7.3336967E+01  7.9674599E+01
       176  1.0000000E+01  8.2952354E+01  1.6655162E+02
       177  1.0000000E+01  9.3244873E+01  1.6672092E+02
       178  1.0000000E+01  1.0353740E+02  1.6689018E+02
       179  1.0000000E+01  1.1382992E+02  1.6689018E+02
       180  1.0000000E+01  1.2412244E+02  1.6689018E+02
       181  1.0000000E+01  1.3441496E+02  1.6689018E+02
       182  1.0000000E+01  1.4470747E+02  1.6672092E+02
       183  1.0000000E+01  1.6468750E+02  2.9500000E+02
       184  1.0000000E+01  1.6484375E+02  2.8500000E+02
       185  1.0000000E+01  1.6500000E+02  2.7500000E+02
       186  1.0000000E+01  1.6500000E+02  2.6500000E+02
       187  1.0000000E+01  1.6500000E+02  2.5500000E+02
       188  1.0000000E+01  1.6500000E+02  2.4500000E+02
       189  1.0000000E+01  1.6500000E+02  2.3500000E+02
       190  1.0000000E+01  1.6500000E+02  2.2500000E+02
       191  1.0000000E+01  1.6500000E+02  2.1500000E+02
       192  1.0000000E+01  1.6484375E+02  2.0500000E+02
       193  1.0000000E+01  1.6468750E+02  1.9500000E+02
       194  1.0000000E+01  1.5500000E+02  1.8531250E+02
       195  1.0000000E+01  1.4562500E+02  1.8546875E+02
       196  1.0000000E+01  1.3625000E+02  1.8562500E+02
       197  1.0000000E+01  1.2687500E+02  1.8562500E+02
       198  1.0000000E+01  1.1750000E+02  1.8562500E+02
       199  1.0000000E+01  1.0812500E+02  1.8562500E+02
       200  1.0000000E+01  9.8750000E+01  1.8562500E+02
       201  1.0000000E+01  8.9375000E+01  1.8546875E+02
       202  1.0000000E+01  8.0000000E+01  1.8531250E+02
       203  1.0000000E+01  2.6854965E+02  2.9379688E+02
       204  1.0000000E+01  2.6584091E+02  2.8399011E+02
       205  1.0000000E+01  2.6454883E+02  2.7451425E+02
       206  1.0000000E+01  2.5461620E+02  1.8523186E+02
       207  1.0000000E+01  2.4558163E+02  1.8530991E+02
       208  1.0000000E+01  2.3605107E+02  1.8535574E+02
       209  1.0000000E+01  2.2627148E+02  1.8537973E+02
       210  1.0000000E+01  2.1636636E+02  1.8539223E+02
       211  1.0000000E+01  2.0638515E+02  1.8540031E+02
       212  1.0000000E+01  1.9632430E+02  1.8540875E+02
       213  1.0000000E+01  1.7560194E+02  1.9513387E+02
       214  1.0000000E+01  1.8610973E+02  1.8542189E+02
       215  1.0000000E+01  1.7568840E+02  2.0503951E+02
       216  1.0000000E+01  1.7575259E+02  2.1501135E+02
       217  1.0000000E+01  1.7577138E+02  2.2500330E+02
       218  1.0000000E+01  1.7577676E+02  2.3500087E+02
       219  1.0000000E+01  1.7577782E+02  2.4500021E+02
       220  1.0000000E+01  1.7577652E+02  2.5499995E+02
       221  1.0000000E+01  1.7577026E+02  2.6499963E+02
       222  1.0000000E+01  1.7574867E+02  2.7499866E+02
       223  1.0000000E+01  1.7567406E+02  2.8499640E+02
       224  1.0000000E+01  1.7555183E+02  2.9498911E+02
       225  1.0000000E+01  3.2482141E+02  2.9356110E+02
       226  1.0000000E+01  3.1355920E+02  2.9182172E+02
       227  1.0000000E+01  3.0228516E+02  2.9292307E+02
       228  1.0000000E+01  2.9168332E+02  2.9299112E+02
       229  1.0000000E+01  2.8011917E+02  2.9196280E+02
       230  1.0000000E+01  8.1541077E+01  1.7622273E+02
       231  1.0000000E+01  6.4267693E+01  7.0365227E+01
       232  1.0000000E+01  5.5168610E+01  7.0587723E+01
       233  1.0000000E+01  4.6074379E+01  7.0705986E+01
       234  1.0000000E+01  3.6975155E+01  7.0707253E+01
       235  1.0000000E+01  2.7832186E+01  7.0594490E+01
       236  1.0000000E+01  1.8609707E+01  7.0420448E+01
       237  1.0000000E+01  1.8711155E+01  6.0675129E+01
       238  1.0000000E+01  1.8895235E+01  5.0987476E+01
       239  1.0000000E+01  1.9241009E+01  4.1260666E+01
       240  1.0000000E+01  1.9769451E+01  3.1296410E+01
       241  1.0000000E+01  2.0013977E+01  2.1050936E+01
       242  1.0000000E+01  3.0224714E+01  2.1651188E+01
       243  1.0000000E+01  4.0785824E+01  2.2224236E+01
       244  1.0000000E+01  5.1447079E+01  2.2025955E+01
       245  1.0000000E+01  6.2018196E+01  2.1774874E+01
       246  1.0000000E+01  7.2998405E+01  2.1643721E+01
       247  1.0000000E+01  1.6495395E+02  2.1643721E+01
       248  1.0000000E+01  2.5419574E+02  1.7551733E+02
       249  1.0000000E+01  2.7433719E+02  2.8264246E+02
       250  1.0000000E+01  2.8243701E+02  2.8239789E+02
       251  1.0000000E+01  2.9112747E+02  2.8304269E+02
       252  1.0000000E+01  3.0034946E+02  2.8301813E+02
       253  1.0000000E+01  3.0898563E+02  2.8223737E+02
       254  1.0000000E+01  3.1720758E+02  2.8243790E+02
       255  1.0000000E+01  3.2591577E+02  2.8365738E+02
       256  1.0000000E+01  1.6982787E+02  9.9449310E+01
       257  1.0000000E+01  1.7557062E+02  1.6629813E+02
       258  1.0000000E+01  1.8601282E+02  1.7583585E+02
       259  1.0000000E+01  1.9625569E+02  1.7581383E+02
       260  1.0000000E+01  2.0633888E+02  1.7580069E+02
       261  1.0000000E+01  2.1632150E+02  1.7578876E+02
       262  1.0000000E+01  2.2619931E+02  1.7577007E+02
       263  1.0000000E+01  2.3590817E+02  1.7573293E+02
       264  1.0000000E+01  2.4531003E+02  1.7565810E+02
       265  1.0000000E+01  1.6495395E+02  1.6655162E+02
       266  1.0000000E+01  1.5505328E+02  1.7596951E+02
       267  1.0000000E+01  6.2671856E+01  3.1890493E+01
       268  1.0000000E+01  6.3388241E+01  4.1659286E+01
       269  1.0000000E+01  6.3847324E+01  5.1226562E+01
       270  1.0000000E+01  6.4095078E+01  6.0771458E+01
       271  1.0000000E+01  9.0824631E+01  1.7640886E+02
       272  1.0000000E+01  9.9392479E+01  1.7714706E+02
       273  1.0000000E+01  1.0758103E+02  1.7718874E+02
       274  1.0000000E+01  1.1620535E+02  1.7651735E+02
       275  1.0000000E+01  1.2567782E+02  1.7631442E+02
       276  1.0000000E+01  1.3540063E+02  1.7623051E+02
       277  1.0000000E+01  1.4519936E+02  1.7609361E+02
       278  1.0000000E+01  1.6468750E+02  1.8531250E+02
       279  1.0000000E+01  1.7548700E+02  1.8544342E+02
       280  1.0000000E+01  5.4945881E+01  6.1063812E+01
       281  1.0000000E+01  4.5916653E+01  6.1266953E+01
       282  1.0000000E+01  3.6946110E+01  6.1246281E+01
       283  1.0000000E+01  2.7895948E+01  6.1009655E+01
       284  1.0000000E+01  2.8086596E+01  5.1545616E+01
       285  1.0000000E+01  2.8583755E+01  4.2118565E+01
       286  1.0000000E+01  2.9905357E+01  3.2225853E+01
       287  1.0000000E+01  4.1077381E+01  3.3906651E+01
       288  1.0000000E+01  5.2304276E+01  3.2520359E+01
       289  1.0000000E+01  1.7552493E+02  1.7587657E+02
       290  1.0000000E+01  1.6503317E+02  1.7592892E+02
       291  1.0000000E+01  5.3924229E+01  4.2323208E+01
       292  1.0000000E+01  5.4601452E+01  5.1666500E+01
       293  1.0000000E+01  4.5694592E+01  5.2090496E+01
       294  1.0000000E+01  3.6969852E+01  5.2055325E+01
       295  1.0000000E+01  3.7167007E+01  4.3347034E+01
       296  1.0000000E+01  4.5297722E+01  4.3419361E+01
       297  3.5527137E-15  3.3494577E+02  3.0466733E+02
       298  1.7763568E-15  3.2476962E+02  3.0425342E+02
       299  8.1198116E-23  3.1429349E+02  3.0375827E+02
       300  1.7763568E-15  3.0375427E+02  3.0385870E+02
       301  1.7763577E-15  2.9331668E+02  3.0390079E+02
       302  1.7763560E-15  2.8268359E+02  3.0377115E+02
       303  5.3290705E-15  2.7196869E+02  3.0421893E+02
       304  3.5526931E-15  2.6115576E+02  3.0471768E+02
       305 -3.5527196E-15  2.5082870E+02  3.0492056E+02
       306 -1.7763567E-15  2.4072231E+02  3.0499023E+02
       307 -1.7763564E-15  2.3062866E+02  3.0505118E+02
       308  1.7763566E-15  2.2036252E+02  3.0520538E+02
       309  1.2694637E-22  2.0937881E+02  3.0575546E+02
       310  1.7763571E-15  2.0430209E+02  3.1036420E+02
       311 -1.7763567E-15  1.9739999E+02  3.0573383E+02
       312  1.7763571E-15  1.8603313E+02  3.0515408E+02
       313 -1.7763568E-15  1.7531419E+02  3.0495975E+02
       314 -1.7763567E-15  1.6468750E+02  3.0468750E+02
       315 -1.7763568E-15  1.5500000E+02  3.0468750E+02
       316 -1.7763571E-15  1.4562500E+02  3.0453125E+02
       317 -1.7763568E-15  1.3625000E+02  3.0437500E+02
       318 -1.7763568E-15  1.2687500E+02  3.0437500E+02
       319  1.7763568E-15  1.1750000E+02  3.0437500E+02
       320  2.4962760E-23  1.0812500E+02  3.0437500E+02
       321  5.3290705E-15  9.8750000E+01  3.0437500E+02
       322  3.5527137E-15  8.9375000E+01  3.0453125E+02
       323  4.3732006E-23  7.0312500E+01  3.0468750E+02
       324  5.1491992E-24  8.0000000E+01  3.0468750E+02
       325 -1.7763568E-15  7.0312500E+01  2.9500000E+02
       326  5.0803106E-23  7.0156250E+01  2.8500000E+02
       327  7.3321805E-24  7.0000000E+01  2.7500000E+02
       328 -2.2865791E-22  7.0000000E+01  2.6500000E+02
       329  1.7763568E-15  7.0000000E+01  2.5500000E+02
       330  5.3258152E-23  7.0000000E+01  2.4500000E+02
       331 -5.3290705E-15  7.0000000E+01  2.3500000E+02
       332  1.3191786E-22  7.0000000E+01  2.2500000E+02
       333  1.7763568E-15  7.0000000E+01  2.1500000E+02
       334 -1.7763568E-15  7.0156250E+01  2.0500000E+02
       335 -6.2987217E-23  7.0312500E+01  1.9500000E+02
       336  1.7763568E-15  7.0312500E+01  1.8531250E+02
       337  1.7763568E-15  7.2476242E+01  1.7658540E+02
       338  6.4713315E-23  7.2998405E+01  1.6655162E+02
       339  3.5527137E-15  7.2998405E+01  1.5659767E+02
       340  1.7763568E-15  7.3167686E+01  1.4698228E+02
       341 -3.5527137E-15  7.3336967E+01  1.3736690E+02
       342 -1.7763568E-15  7.3336967E+01  1.2775152E+02
       343 -1.7763568E-15  7.3336967E+01  1.1813613E+02
       344 -3.6334555E-24  7.3336967E+01  1.0852075E+02
       345 -1.7763568E-15  7.3336967E+01  9.8905365E+01
       346 -1.7763568E-15  7.3336967E+01  8.9289978E+01
       347 -1.7763568E-15  6.4487457E+01  8.0058281E+01
       348 -5.4248186E-24  5.5394295E+01  8.0233788E+01
       349  1.7763568E-15  4.6231846E+01  8.0311203E+01
       350 -1.7763568E-15  3.7044739E+01  8.0319107E+01
       351 -1.7763568E-15  2.7827690E+01  8.0276039E+01
       352  1.7763568E-15  1.8575817E+01  8.0199509E+01
       353  1.7763568E-15  9.2956724E+00  8.0104218E+01
       354 -1.3258316E-24  9.3224268E+00  7.0216660E+01
       355 -1.7763568E-15  9.3847723E+00  6.0341606E+01
       356  3.5527137E-15  9.5017023E+00  5.0472546E+01
       357  3.5527137E-15  9.6653929E+00  4.0589588E+01
       358 -1.7763568E-15  9.8636179E+00  3.0602865E+01
       359 -3.5527137E-15  9.9781981E+00  2.0506454E+01
       360  1.7763568E-15  1.0014326E+01  1.0353685E+01
       361  4.8060889E-24  2.0064875E+01  1.0728472E+01
       362  3.0745834E-24  3.0190281E+01  1.1093614E+01
       363  9.2257213E-23  4.0430782E+01  1.1394429E+01
       364  7.3940940E-22  5.0727673E+01  1.1474825E+01
       365 -1.7763568E-15  6.1030991E+01  1.1477354E+01
       366  1.7763567E-15  7.1388344E+01  1.1510607E+01
       367 -1.7763567E-15  8.1515541E+01  1.1567840E+01
       368  1.0186479E-23  9.1652496E+01  1.1597041E+01
       369 -1.7763567E-15  1.0179850E+02  1.1623762E+01
       370 -1.7763568E-15  1.1194683E+02  1.1696987E+01
       371  1.7763571E-15  1.2209566E+02  1.1788318E+01
       372  3.5527137E-15  1.3224452E+02  1.1892930E+01
       373  1.7763568E-15  1.4239091E+02  1.2051728E+01
       374  1.7763568E-15  1.5252576E+02  1.2239215E+01
       375  2.8302421E-22  1.6257002E+02  1.2450953E+01
       376  2.0842754E-22  1.7258858E+02  1.3231712E+01
       377 -1.7763566E-15  1.8304529E+02  1.4336188E+01
       378  1.0520328E-22  1.9326620E+02  1.4878099E+01
       379 -1.7763568E-15  2.0333174E+02  1.5113284E+01
       380  1.7763571E-15  2.1334663E+02  1.5250909E+01
       381 -1.7763567E-15  2.2333815E+02  1.5355453E+01
       382 -5.3290705E-15  2.3330342E+02  1.5444261E+01
       383  1.7763568E-15  2.4320332E+02  1.5512176E+01
       384 -1.7763568E-15  2.5290494E+02  1.5524038E+01
       385 -1.7763568E-15  2.6170068E+02  1.5287059E+01
       386 -2.1007206E-22  2.6305563E+02  2.5710932E+01
       387  1.7763568E-15  2.6328943E+02  3.5784077E+01
       388  5.1684798E-22  2.6332870E+02  4.5796352E+01
       389 -1.7763565E-15  2.6333530E+02  5.5798424E+01
       390  3.5527126E-15  2.6333640E+02  6.5798767E+01
       391 -2.9860390E-21  2.6333658E+02  7.5798828E+01
       392 -1.7763583E-15  2.6333661E+02  8.5798836E+01
       393  2.6123399E-23  2.6333661E+02  9.5798836E+01
       394  1.7763581E-15  2.6333661E+02  1.0579883E+02
       395 -3.5527124E-15  2.6333655E+02  1.1579880E+02
       396  1.7763583E-15  2.6333618E+02  1.2579864E+02
       397 -1.7763568E-15  2.6333408E+02  1.3579770E+02
       398  1.7763581E-15  2.6332166E+02  1.4579210E+02
       399  3.5527135E-15  2.6324838E+02  1.5575906E+02
       400  2.0097193E-22  2.6263553E+02  1.6549637E+02
       401  6.3321645E-22  2.6239798E+02  1.7528365E+02
       402 -1.7763556E-15  2.6260019E+02  1.8512865E+02
       403 -3.5527128E-15  2.6322153E+02  1.9502086E+02
       404  1.3606280E-22  2.6331784E+02  2.0500356E+02
       405  1.7763598E-15  2.6333350E+02  2.1500060E+02
       406  7.1054282E-15  2.6333624E+02  2.2500005E+02
       407  1.7763573E-15  2.6333743E+02  2.3499966E+02
       408 -6.7904421E-23  2.6334204E+02  2.4499783E+02
       409 -1.7763567E-15  2.6336902E+02  2.5498711E+02
       410  1.7763568E-15  2.6352930E+02  2.6492328E+02
       411  5.3290705E-15  2.7262106E+02  2.7404865E+02
       412 -6.2951031E-23  2.8126370E+02  2.7384351E+02
       413  1.7763568E-15  2.9018616E+02  2.7394736E+02
       414 -1.7763568E-15  2.9930136E+02  2.7394778E+02
       415  1.7763568E-15  3.0829590E+02  2.7376843E+02
       416 -4.4965020E-24  3.1718658E+02  2.7386676E+02
       417 -1.7763568E-15  3.2624298E+02  2.7429556E+02
       418  1.7763568E-15  3.3556396E+02  2.7467282E+02
       419  3.5527137E-15  3.3536533E+02  2.8442465E+02
       420 -2.6107889E-25  3.3502280E+02  2.9440659E+02
       421 -1.7763568E-15  2.5464847E+02  1.6591621E+02
       422  3.5527137E-15  1.7478308E+02  2.3691288E+01
       423 -1.7763568E-15  1.7543237E+02  3.3893414E+01
       424 -1.7763568E-15  1.7556595E+02  4.3807495E+01
       425  1.7763568E-15  1.7557101E+02  5.3652359E+01
       426  3.5527137E-15  1.7556331E+02  6.3496346E+01
       427  8.6340211E-24  1.7551456E+02  7.3397820E+01
       428  5.3290705E-15  1.7535233E+02  8.3500381E+01
       429 -3.5527137E-15  1.7480173E+02  9.4298393E+01
       430  3.5527137E-15  1.7481956E+02  1.0598417E+02
       431 -1.7763566E-15  1.7537254E+02  1.1692704E+02
       432 -1.5672487E-23  1.7552859E+02  1.2704839E+02
       433 -1.1045446E-23  1.7558717E+02  1.3694510E+02
       434 -3.5527137E-15  1.7564848E+02  1.4677148E+02
       435  1.7763568E-15  1.7567448E+02  1.5656325E+02
       436  1.5652908E-22  1.8612833E+02  1.6623380E+02
       437 -7.1617684E-23  1.9632951E+02  1.6621092E+02
       438  3.5527137E-15  2.0638777E+02  1.6619998E+02
       439 -3.5527137E-15  2.1636967E+02  1.6619099E+02
       440 -1.7763568E-15  2.2627710E+02  1.6617685E+02
       441 -1.7763568E-15  2.3605875E+02  1.6614653E+02
       442  1.7763568E-15  2.4559373E+02  1.6607712E+02
       443 -1.7763568E-15  1.5500000E+02  1.6655162E+02
       444  7.6375266E-23  1.6495395E+02  1.5659767E+02
       445 -6.6794833E-24  1.6478467E+02  1.4698228E+02
       446 -1.7763568E-15  1.6461539E+02  1.3736690E+02
       447 -1.7763568E-15  1.6461539E+02  1.2775152E+02
       448  1.7763568E-15  1.6461539E+02  1.1813613E+02
       449 -1.7763568E-15  1.6461539E+02  1.0852075E+02
       450 -1.7763568E-15  1.6461539E+02  9.8905365E+01
       451 -8.2891573E-23  1.6461539E+02  8.9289978E+01
       452 -3.5527137E-15  1.6461539E+02  7.9674599E+01
       453  1.7763581E-15  1.6461539E+02  7.0059212E+01
       454 -5.7083862E-23  1.6461539E+02  6.0443829E+01
       455 -1.7763568E-15  1.6461539E+02  5.0828442E+01
       456 -1.7763568E-15  1.6478467E+02  4.1213058E+01
       457  1.7763568E-15  1.6495395E+02  3.1597673E+01
       458  1.7763568E-15  1.5500000E+02  2.1643721E+01
       459  1.7763568E-15  1.4470747E+02  2.1474438E+01
       460 -1.7763566E-15  1.3441496E+02  2.1305153E+01
       461 -1.7763568E-15  1.2412244E+02  2.1305153E+01
       462  1.7763573E-15  1.1382992E+02  2.1305153E+01
       463 -1.7763577E-15  1.0353740E+02  2.1305153E+01
       464 -1.7983844E-22  9.3244873E+01  2.1474438E+01
       465 -1.7763571E-15  8.2952354E+01  2.1643721E+01
       466 -3.4947572E-24  7.2998405E+01  3.1597673E+01
       467  1.7763568E-15  7.3167686E+01  4.1213058E+01
       468 -3.5527137E-15  7.3336967E+01  5.0828442E+01
       469 -1.7763568E-15  7.3336967E+01  6.0443829E+01
       470 -1.7763568E-15  7.3336967E+01  7.0059212E+01
       471 -1.7763568E-15  7.3336967E+01  7.9674599E+01
       472 -2.1829813E-24  8.2952354E+01  1.6655162E+02
       473  1.7612486E-23  9.3244873E+01  1.6672092E+02
       474  1.7763567E-15  1.0353740E+02  1.6689018E+02
       475 -1.7763568E-15  1.1382992E+02  1.6689018E+02
       476 -3.5527137E-15  1.2412244E+02  1.6689018E+02
       477 -1.7763568E-15  1.3441496E+02  1.6689018E+02
       478 -3.5527137E-15  1.4470747E+02  1.6672092E+02
       479 -4.3659625E-24  1.6468750E+02  2.9500000E+02
       480  1.7763568E-15  1.6484375E+02  2.8500000E+02
       481  3.5527137E-15  1.6500000E+02  2.7500000E+02
       482 -1.7763571E-15  1.6500000E+02  2.6500000E+02
       483  1.7763568E-15  1.6500000E+02  2.5500000E+02
       484 -1.5933567E-23  1.6500000E+02  2.4500000E+02
       485  5.1905583E-23  1.6500000E+02  2.3500000E+02
       486  2.2808859E-23  1.6500000E+02  2.2500000E+02
       487  1.7763568E-15  1.6500000E+02  2.1500000E+02
       488  1.7763568E-15  1.6484375E+02  2.0500000E+02
       489 -1.7763568E-15  1.6468750E+02  1.9500000E+02
       490 -6.5269723E-26  1.5500000E+02  1.8531250E+02
       491 -6.5269562E-26  1.4562500E+02  1.8546875E+02
       492  1.7763568E-15  1.3625000E+02  1.8562500E+02
       493 -1.7763568E-15  1.2687500E+02  1.8562500E+02
       494 -2.4440603E-24  1.1750000E+02  1.8562500E+02
       495  1.7763568E-15  1.0812500E+02  1.8562500E+02
       496 -1.7763568E-15  9.8750000E+01  1.8562500E+02
       497  7.1054274E-15  8.9375000E+01  1.8546875E+02
       498 -5.3290574E-15  8.0000000E+01  1.8531250E+02
       499  1.7763568E-15  2.6854965E+02  2.9379688E+02
       500  1.7763568E-15  2.6584091E+02  2.8399011E+02
       501  2.7240093E-23  2.6454883E+02  2.7451425E+02
       502 -3.5527137E-15  2.5461620E+02  1.8523186E+02
       503 -1.7763568E-15  2.4558163E+02  1.8530991E+02
       504  1.7763563E-15  2.3605107E+02  1.8535574E+02
       505  1.7763568E-15  2.2627148E+02  1.8537973E+02
       506  1.7763568E-15  2.1636636E+02  1.8539223E+02
       507 -1.7763568E-15  2.0638515E+02  1.8540031E+02
       508 -3.5527137E-15  1.9632430E+02  1.8540875E+02
       509 -2.5093299E-24  1.7560194E+02  1.9513387E+02
       510  1.7763568E-15  1.8610973E+02  1.8542189E+02
       511  1.7763568E-15  1.7568840E+02  2.0503951E+02
       512  1.7763568E-15  1.7575259E+02  2.1501135E+02
       513  5.8911413E-23  1.7577138E+02  2.2500330E+02
       514  3.5527137E-15  1.7577676E+02  2.3500087E+02
       515 -1.7763568E-15  1.7577782E+02  2.4500021E+02
       516  4.7575807E-24  1.7577652E+02  2.5499995E+02
       517  3.5527137E-15  1.7577026E+02  2.6499963E+02
       518  1.1306525E-23  1.7574867E+02  2.7499866E+02
       519  1.7763568E-15  1.7567406E+02  2.8499640E+02
       520  1.7763568E-15  1.7555183E+02  2.9498911E+02
       521  1.3358967E-23  3.2482141E+02  2.9356110E+02
       522 -3.5527137E-15  3.1355920E+02  2.9182172E+02
       523 -3.5527137E-15  3.0228516E+02  2.9292307E+02
       524 -1.7763568E-15  2.9168332E+02  2.9299112E+02
       525 -2.2351971E-23  2.8011917E+02  2.9196280E+02
       526  1.7763566E-15  8.1541077E+01  1.7622273E+02
       527  1.7763568E-15  6.4267693E+01  7.0365227E+01
       528 -1.7763568E-15  5.5168610E+01  7.0587723E+01
       529  3.5527137E-15  4.6074379E+01  7.0705986E+01
       530 -2.3135208E-24  3.6975155E+01  7.0707253E+01
       531  7.8598314E-25  2.7832186E+01  7.0594490E+01
       532  1.7763568E-15  1.8609707E+01  7.0420448E+01
       533 -1.7763568E-15  1.8711155E+01  6.0675129E+01
       534 -3.5527137E-15  1.8895235E+01  5.0987476E+01
       535  1.7763568E-15  1.9241009E+01  4.1260666E+01
       536 -1.1078081E-24  1.9769451E+01  3.1296410E+01
       537 -4.1094076E-24  2.0013977E+01  2.1050936E+01
       538 -1.7763568E-15  3.0224714E+01  2.1651188E+01
       539 -5.7838019E-25  4.0785824E+01  2.2224236E+01
       540 -1.7763568E-15  5.1447079E+01  2.2025955E+01
       541 -1.7763568E-15  6.2018196E+01  2.1774874E+01
       542 -1.7763568E-15  7.2998405E+01  2.1643721E+01
       543  1.7763571E-15  1.6495395E+02  2.1643721E+01
       544 -1.7763568E-15  2.5419574E+02  1.7551733E+02
       545 -1.7763568E-15  2.7433719E+02  2.8264246E+02
       546 -3.6102557E-23  2.8243701E+02  2.8239789E+02
       547 -1.7763568E-15  2.9112747E+02  2.8304269E+02
       548 -1.7763568E-15  3.0034946E+02  2.8301813E+02
       549  1.7763568E-15  3.0898563E+02  2.8223737E+02
       550 -4.0337980E-23  3.1720758E+02  2.8243790E+02
       551  1.7763568E-15  3.2591577E+02  2.8365738E+02
       552 -1.7763568E-15  1.6982787E+02  9.9449310E+01
       553 -3.5972016E-23  1.7557062E+02  1.6629813E+02
       554  1.7763568E-15  1.8601282E+02  1.7583585E+02
       555 -1.7763568E-15  1.9625569E+02  1.7581383E+02
       556 -1.7763615E-15  2.0633888E+02  1.7580069E+02
       557 -1.7763571E-15  2.1632150E+02  1.7578876E+02
       558  6.6794833E-24  2.2619931E+02  1.7577007E+02
       559 -1.7763568E-15  2.3590817E+02  1.7573293E+02
       560 -3.5527137E-15  2.4531003E+02  1.7565810E+02
       561 -1.7763568E-15  1.6495395E+02  1.6655162E+02
       562 -4.4899751E-23  1.5505328E+02  1.7596951E+02
       563  1.0751732E-24  6.2671856E+01  3.1890493E+01
       564 -1.7763568E-15  6.3388241E+01  4.1659286E+01
       565 -1.7763568E-15  6.3847324E+01  5.1226562E+01
       566 -1.1078080E-24  6.4095078E+01  6.0771458E+01
       567  1.7763568E-15  9.0824631E+01  1.7640886E+02
       568 -1.7763568E-15  9.9392479E+01  1.7714706E+02
       569  1.7763568E-15  1.0758103E+02  1.7718874E+02
       570  3.5527137E-15  1.1620535E+02  1.7651735E+02
       571  3.5527137E-15  1.2567782E+02  1.7631442E+02
       572 -1.7763568E-15  1.3540063E+02  1.7623051E+02
       573 -1.7763568E-15  1.4519936E+02  1.7609361E+02
       574 -1.7763568E-15  1.6468750E+02  1.8531250E+02
       575  6.8100232E-24  1.7548700E+02  1.8544342E+02
       576 -3.5527137E-15  5.4945881E+01  6.1063812E+01
       577 -1.3310015E-23  4.5916653E+01  6.1266953E+01
       578 -1.7763568E-15  3.6946110E+01  6.1246281E+01
       579  3.5527137E-15  2.7895948E+01  6.1009655E+01
       580 -2.8466645E-25  2.8086596E+01  5.1545616E+01
       581 -1.7763568E-15  2.8583755E+01  4.2118565E+01
       582  2.2363765E-23  2.9905357E+01  3.2225853E+01
       583  1.7763568E-15  4.1077381E+01  3.3906651E+01
       584 -1.7763568E-15  5.2304276E+01  3.2520359E+01
       585 -1.7763568E-15  1.7552493E+02  1.7587657E+02
       586  1.7763568E-15  1.6503317E+02  1.7592892E+02
       587  3.5527137E-15  5.3924229E+01  4.2323208E+01
       588 -1.7763568E-15  5.4601452E+01  5.1666500E+01
       589 -1.7763568E-15  4.5694592E+01  5.2090496E+01
       590  1.7763568E-15  3.6969852E+01  5.2055325E+01
       591  1.8734833E-23  3.7167007E+01  4.3347034E+01
       592 -1.7763568E-15  4.5297722E+01  4.3419361E+01
       593 -1.0000000E+01  3.3494577E+02  3.0466733E+02
       594 -1.0000000E+01  3.2476962E+02  3.0425342E+02
       595 -1.0000000E+01  3.1429349E+02  3.0375827E+02
       596 -1.0000000E+01  3.0375427E+02  3.0385870E+02
       597 -1.0000000E+01  2.9331668E+02  3.0390079E+02
       598 -1.0000000E+01  2.8268359E+02  3.0377115E+02
       599 -1.0000000E+01  2.7196869E+02  3.0421893E+02
       600 -1.0000000E+01  2.6115576E+02  3.0471768E+02
       601 -1.0000000E+01  2.5082870E+02  3.0492056E+02
       602 -1.0000000E+01  2.4072231E+02  3.0499023E+02
       603 -1.0000000E+01  2.3062866E+02  3.0505118E+02
       604 -1.0000000E+01  2.2036252E+02  3.0520538E+02
       605 -1.0000000E+01  2.0937881E+02  3.0575546E+02
       606 -1.0000000E+01  2.0430209E+02  3.1036420E+02
       607 -1.0000000E+01  1.9739999E+02  3.0573383E+02
       608 -1.0000000E+01  1.8603313E+02  3.0515408E+02
       609 -1.0000000E+01  1.7531419E+02  3.0495975E+02
       610 -1.0000000E+01  1.6468750E+02  3.0468750E+02
       611 -1.0000000E+01  1.5500000E+02  3.0468750E+02
       612 -1.0000000E+01  1.4562500E+02  3.0453125E+02
       613 -1.0000000E+01  1.3625000E+02  3.0437500E+02
       614 -1.0000000E+01  1.2687500E+02  3.0437500E+02
       615 -1.0000000E+01  1.1750000E+02  3.0437500E+02
       616 -1.0000000E+01  1.0812500E+02  3.0437500E+02
       617 -1.0000000E+01  9.8750000E+01  3.0437500E+02
       618 -1.0000000E+01  8.9375000E+01  3.0453125E+02
       619 -1.0000000E+01  7.0312500E+01  3.0468750E+02
       620 -1.0000000E+01  8.0000000E+01  3.0468750E+02
       621 -1.0000000E+01  7.0312500E+01  2.9500000E+02
       622 -1.0000000E+01  7.0156250E+01  2.8500000E+02
       623 -1.0000000E+01  7.0000000E+01  2.7500000E+02
       624 -1.0000000E+01  7.0000000E+01  2.6500000E+02
       625 -1.0000000E+01  7.0000000E+01  2.5500000E+02
       626 -1.0000000E+01  7.0000000E+01  2.4500000E+02
       627 -1.0000000E+01  7.0000000E+01  2.3500000E+02
       628 -1.0000000E+01  7.0000000E+01  2.2500000E+02
       629 -1.0000000E+01  7.0000000E+01  2.1500000E+02
       630 -1.0000000E+01  7.0156250E+01  2.0500000E+02
       631 -1.0000000E+01  7.0312500E+01  1.9500000E+02
       632 -1.0000000E+01  7.0312500E+01  1.8531250E+02
       633 -1.0000000E+01  7.2476242E+01  1.7658540E+02
       634 -1.0000000E+01  7.2998405E+01  1.6655162E+02
       635 -1.0000000E+01  7.2998405E+01  1.5659767E+02
       636 -1.0000000E+01  7.3167686E+01  1.4698228E+02
       637 -1.0000000E+01  7.3336967E+01  1.3736690E+02
       638 -1.0000000E+01  7.3336967E+01  1.2775152E+02
       639 -1.0000000E+01  7.3336967E+01  1.1813613E+02
       640 -1.0000000E+01  7.3336967E+01  1.0852075E+02
       641 -1.0000000E+01  7.3336967E+01  9.8905365E+01
       642 -1.0000000E+01  7.3336967E+01  8.9289978E+01
       643 -1.0000000E+01  6.4487457E+01  8.0058281E+01
       644 -1.0000000E+01  5.5394295E+01  8.0233788E+01
       645 -1.0000000E+01  4.6231846E+01  8.0311203E+01
       646 -1.0000000E+01  3.7044739E+01  8.0319107E+01
       647 -1.0000000E+01  2.7827690E+01  8.0276039E+01
       648 -1.0000000E+01  1.8575817E+01  8.0199509E+01
       649 -1.0000000E+01  9.2956724E+00  8.0104218E+01
       650 -1.0000000E+01  9.3224268E+00  7.0216660E+01
       651 -1.0000000E+01  9.3847723E+00  6.0341606E+01
       652 -1.0000000E+01  9.5017023E+00  5.0472546E+01
       653 -1.0000000E+01  9.6653929E+00  4.0589588E+01
       654 -1.0000000E+01  9.8636179E+00  3.0602865E+01
       655 -1.0000000E+01  9.9781981E+00  2.0506454E+01
       656 -1.0000000E+01  1.0014326E+01  1.0353685E+01
       657 -1.0000000E+01  2.0064875E+01  1.0728472E+01
       658 -1.0000000E+01  3.0190281E+01  1.1093614E+01
       659 -1.0000000E+01  4.0430782E+01  1.1394429E+01
       660 -1.0000000E+01  5.0727673E+01  1.1474825E+01
       661 -1.0000000E+01  6.1030991E+01  1.1477354E+01
       662 -1.0000000E+01  7.1388344E+01  1.1510607E+01
       663 -1.0000000E+01  8.1515541E+01  1.1567840E+01
       664 -1.0000000E+01  9.1652496E+01  1.1597041E+01
       665 -1.0000000E+01  1.0179850E+02  1.1623762E+01
       666 -1.0000000E+01  1.1194683E+02  1.1696987E+01
       667 -1.0000000E+01  1.2209566E+02  1.1788318E+01
       668 -1.0000000E+01  1.3224452E+02  1.1892930E+01
       669 -1.0000000E+01  1.4239091E+02  1.2051728E+01
       670 -1.0000000E+01  1.5252576E+02  1.2239215E+01
       671 -1.0000000E+01  1.6257002E+02  1.2450953E+01
       672 -1.0000000E+01  1.7258858E+02  1.3231712E+01
       673 -1.0000000E+01  1.8304529E+02  1.4336188E+01
       674 -1.0000000E+01  1.9326620E+02  1.4878099E+01
       675 -1.0000000E+01  2.0333174E+02  1.5113284E+01
       676 -1.0000000E+01  2.1334663E+02  1.5250909E+01
       677 -1.0000000E+01  2.2333815E+02  1.5355453E+01
       678 -1.0000000E+01  2.3330342E+02  1.5444261E+01
       679 -1.0000000E+01  2.4320332E+02  1.5512176E+01
       680 -1.0000000E+01  2.5290494E+02  1.5524038E+01
       681 -1.0000000E+01  2.6170068E+02  1.5287059E+01
       682 -1.0000000E+01  2.6305563E+02  2.5710932E+01
       683 -1.0000000E+01  2.6328943E+02  3.5784077E+01
       684 -1.0000000E+01  2.6332870E+02  4.5796352E+01
       685 -1.0000000E+01  2.6333530E+02  5.5798424E+01
       686 -1.0000000E+01  2.6333640E+02  6.5798767E+01
       687 -1.0000000E+01  2.6333658E+02  7.5798828E+01
       688 -1.0000000E+01  2.6333661E+02  8.5798836E+01
       689 -1.0000000E+01  2.6333661E+02  9.5798836E+01
       690 -1.0000000E+01  2.6333661E+02  1.0579883E+02
       691 -1.0000000E+01  2.6333655E+02  1.1579880E+02
       692 -1.0000000E+01  2.6333618E+02  1.2579864E+02
       693 -1.0000000E+01  2.6333408E+02  1.3579770E+02
       694 -1.0000000E+01  2.6332166E+02  1.4579210E+02
       695 -1.0000000E+01  2.6324838E+02  1.5575906E+02
       696 -1.0000000E+01  2.6263553E+02  1.6549637E+02
       697 -1.0000000E+01  2.6239798E+02  1.7528365E+02
       698 -1.0000000E+01  2.6260019E+02  1.8512865E+02
       699 -1.0000000E+01  2.6322153E+02  1.9502086E+02
       700 -1.0000000E+01  2.6331784E+02  2.0500356E+02
       701 -1.0000000E+01  2.6333350E+02  2.1500060E+02
       702 -1.0000000E+01  2.6333624E+02  2.2500005E+02
       703 -1.0000000E+01  2.6333743E+02  2.3499966E+02
       704 -1.0000000E+01  2.6334204E+02  2.4499783E+02
       705 -1.0000000E+01  2.6336902E+02  2.5498711E+02
       706 -1.0000000E+01  2.6352930E+02  2.6492328E+02
       707 -1.0000000E+01  2.7262106E+02  2.7404865E+02
       708 -1.0000000E+01  2.8126370E+02  2.7384351E+02
       709 -1.0000000E+01  2.9018616E+02  2.7394736E+02
       710 -1.0000000E+01  2.9930136E+02  2.7394778E+02
       711 -1.0000000E+01  3.0829590E+02  2.7376843E+02
       712 -1.0000000E+01  3.1718658E+02  2.7386676E+02
       713 -1.0000000E+01  3.2624298E+02  2.7429556E+02
       714 -1.0000000E+01  3.3556396E+02  2.7467282E+02
       715 -1.0000000E+01  3.3536533E+02  2.8442465E+02
       716 -1.0000000E+01  3.3502280E+02  2.9440659E+02
       717 -1.0000000E+01  2.5464847E+02  1.6591621E+02
       718 -1.0000000E+01  1.7478308E+02  2.3691288E+01
       719 -1.0000000E+01  1.7543237E+02  3.3893414E+01
       720 -1.0000000E+01  1.7556595E+02  4.3807495E+01
       721 -1.0000000E+01  1.7557101E+02  5.3652359E+01
       722 -1.0000000E+01  1.7556331E+02  6.3496346E+01
       723 -1.0000000E+01  1.7551456E+02  7.3397820E+01
       724 -1.0000000E+01  1.7535233E+02  8.3500381E+01
       725 -1.0000000E+01  1.7480173E+02  9.4298393E+01
       726 -1.0000000E+01  1.7481956E+02  1.0598417E+02
       727 -1.0000000E+01  1.7537254E+02  1.1692704E+02
       728 -1.0000000E+01  1.7552859E+02  1.2704839E+02
       729 -1.0000000E+01  1.7558717E+02  1.3694510E+02
       730 -1.0000000E+01  1.7564848E+02  1.4677148E+02
       731 -1.0000000E+01  1.7567448E+02  1.5656325E+02
       732 -1.0000000E+01  1.8612833E+02  1.6623380E+02
       733 -1.0000000E+01  1.9632951E+02  1.6621092E+02
       734 -1.0000000E+01  2.0638777E+02  1.6619998E+02
       735 -1.0000000E+01  2.1636967E+02  1.6619099E+02
       736 -1.0000000E+01  2.2627710E+02  1.6617685E+02
       737 -1.0000000E+01  2.3605875E+02  1.6614653E+02
       738 -1.0000000E+01  2.4559373E+02  1.6607712E+02
       739 -1.0000000E+01  1.5500000E+02  1.6655162E+02
       740 -1.0000000E+01  1.6495395E+02  1.5659767E+02
       741 -1.0000000E+01  1.6478467E+02  1.4698228E+02
       742 -1.0000000E+01  1.6461539E+02  1.3736690E+02
       743 -1.0000000E+01  1.6461539E+02  1.2775152E+02
       744 -1.0000000E+01  1.6461539E+02  1.1813613E+02
       745 -1.0000000E+01  1.6461539E+02  1.0852075E+02
       746 -1.0000000E+01  1.6461539E+02  9.8905365E+01
       747 -1.0000000E+01  1.6461539E+02  8.9289978E+01
       748 -1.0000000E+01  1.6461539E+02  7.9674599E+01
       749 -1.0000000E+01  1.6461539E+02  7.0059212E+01
       750 -1.0000000E+01  1.6461539E+02  6.0443829E+01
       751 -1.0000000E+01  1.6461539E+02  5.0828442E+01
       752 -1.0000000E+01  1.6478467E+02  4.1213058E+01
       753 -1.0000000E+01  1.6495395E+02  3.1597673E+01
       754 -1.0000000E+01  1.5500000E+02  2.1643721E+01
       755 -1.0000000E+01  1.4470747E+02  2.1474438E+01
       756 -1.0000000E+01  1.3441496E+02  2.1305153E+01
       757 -1.0000000E+01  1.2412244E+02  2.1305153E+01
       758 -1.0000000E+01  1.1382992E+02  2.1305153E+01
       759 -1.0000000E+01  1.0353740E+02  2.1305153E+01
       760 -1.0000000E+01  9.3244873E+01  2.1474438E+01
       761 -1.0000000E+01  8.2952354E+01  2.1643721E+01
       762 -1.0000000E+01  7.2998405E+01  3.1597673E+01
       763 -1.0000000E+01  7.3167686E+01  4.1213058E+01
       764 -1.0000000E+01  7.3336967E+01  5.0828442E+01
       765 -1.0000000E+01  7.3336967E+01  6.0443829E+01
       766 -1.0000000E+01  7.3336967E+01  7.0059212E+01
       767 -1.0000000E+01  7.3336967E+01  7.9674599E+01
       768 -1.0000000E+01  8.2952354E+01  1.6655162E+02
       769 -1.0000000E+01  9.3244873E+01  1.6672092E+02
       770 -1.0000000E+01  1.0353740E+02  1.6689018E+02
       771 -1.0000000E+01  1.1382992E+02  1.6689018E+02
       772 -1.0000000E+01  1.2412244E+02  1.6689018E+02
       773 -1.0000000E+01  1.3441496E+02  1.6689018E+02
       774 -1.0000000E+01  1.4470747E+02  1.6672092E+02
       775 -1.0000000E+01  1.6468750E+02  2.9500000E+02
       776 -1.0000000E+01  1.6484375E+02  2.8500000E+02
       777 -1.0000000E+01  1.6500000E+02  2.7500000E+02
       778 -1.0000000E+01  1.6500000E+02  2.6500000E+02
       779 -1.0000000E+01  1.6500000E+02  2.5500000E+02
       780 -1.0000000E+01  1.6500000E+02  2.4500000E+02
       781 -1.0000000E+01  1.6500000E+02  2.3500000E+02
       782 -1.0000000E+01  1.6500000E+02  2.2500000E+02
       783 -1.0000000E+01  1.6500000E+02  2.1500000E+02
       784 -1.0000000E+01  1.6484375E+02  2.0500000E+02
       785 -1.0000000E+01  1.6468750E+02  1.9500000E+02
       786 -1.0000000E+01  1.5500000E+02  1.8531250E+02
       787 -1.0000000E+01  1.4562500E+02  1.8546875E+02
       788 -1.0000000E+01  1.3625000E+02  1.8562500E+02
       789 -1.0000000E+01  1.2687500E+02  1.8562500E+02
       790 -1.0000000E+01  1.1750000E+02  1.8562500E+02
       791 -1.0000000E+01  1.0812500E+02  1.8562500E+02
       792 -1.0000000E+01  9.8750000E+01  1.8562500E+02
       793 -1.0000000E+01  8.9375000E+01  1.8546875E+02
       794 -1.0000000E+01  8.0000000E+01  1.8531250E+02
       795 -1.0000000E+01  2.6854965E+02  2.9379688E+02
       796 -1.0000000E+01  2.6584091E+02  2.8399011E+02
       797 -1.0000000E+01  2.6454883E+02  2.7451425E+02
       798 -1.0000000E+01  2.5461620E+02  1.8523186E+02
       799 -1.0000000E+01  2.4558163E+02  1.8530991E+02
       800 -1.0000000E+01  2.3605107E+02  1.8535574E+02
       801 -1.0000000E+01  2.2627148E+02  1.8537973E+02
       802 -1.0000000E+01  2.1636636E+02  1.8539223E+02
       803 -1.0000000E+01  2.0638515E+02  1.8540031E+02
       804 -1.0000000E+01  1.9632430E+02  1.8540875E+02
       805 -1.0000000E+01  1.7560194E+02  1.9513387E+02
       806 -1.0000000E+01  1.8610973E+02  1.8542189E+02
       807 -1.0000000E+01  1.7568840E+02  2.0503951E+02
       808 -1.0000000E+01  1.7575259E+02  2.1501135E+02
       809 -1.0000000E+01  1.7577138E+02  2.2500330E+02
       810 -1.0000000E+01  1.7577676E+02  2.3500087E+02
       811 -1.0000000E+01  1.7577782E+02  2.4500021E+02
       812 -1.0000000E+01  1.7577652E+02  2.5499995E+02
       813 -1.0000000E+01  1.7577026E+02  2.6499963E+02
       814 -1.0000000E+01  1.7574867E+02  2.7499866E+02
       815 -1.0000000E+01  1.7567406E+02  2.8499640E+02
       816 -1.0000000E+01  1.7555183E+02  2.9498911E+02
       817 -1.0000000E+01  3.2482141E+02  2.9356110E+02
       818 -1.0000000E+01  3.1355920E+02  2.9182172E+02
       819 -1.0000000E+01  3.0228516E+02  2.9292307E+02
       820 -1.0000000E+01  2.9168332E+02  2.9299112E+02
       821 -1.0000000E+01  2.8011917E+02  2.9196280E+02
       822 -1.0000000E+01  8.1541077E+01  1.7622273E+02
       823 -1.0000000E+01  6.4267693E+01  7.0365227E+01
       824 -1.0000000E+01  5.5168610E+01  7.0587723E+01
       825 -1.0000000E+01  4.6074379E+01  7.0705986E+01
       826 -1.0000000E+01  3.6975155E+01  7.0707253E+01
       827 -1.0000000E+01  2.7832186E+01  7.0594490E+01
       828 -1.0000000E+01  1.8609707E+01  7.0420448E+01
       829 -1.0000000E+01  1.8711155E+01  6.0675129E+01
       830 -1.0000000E+01  1.8895235E+01  5.0987476E+01
       831 -1.0000000E+01  1.9241009E+01  4.1260666E+01
       832 -1.0000000E+01  1.9769451E+01  3.1296410E+01
       833 -1.0000000E+01  2.0013977E+01  2.1050936E+01
       834 -1.0000000E+01  3.0224714E+01  2.1651188E+01
       835 -1.0000000E+01  4.0785824E+01  2.2224236E+01
       836 -1.0000000E+01  5.1447079E+01  2.2025955E+01
       837 -1.0000000E+01  6.2018196E+01  2.1774874E+01
       838 -1.0000000E+01  7.2998405E+01  2.1643721E+01
       839 -1.0000000E+01  1.6495395E+02  2.1643721E+01
       840 -1.0000000E+01  2.5419574E+02  1.7551733E+02
       841 -1.0000000E+01  2.7433719E+02  2.8264246E+02
       842 -1.0000000E+01  2.8243701E+02  2.8239789E+02
       843 -1.0000000E+01  2.9112747E+02  2.8304269E+02
       844 -1.0000000E+01  3.0034946E+02  2.8301813E+02
       845 -1.0000000E+01  3.0898563E+02  2.8223737E+02
       846 -1.0000000E+01  3.1720758E+02  2.8243790E+02
       847 -1.0000000E+01  3.2591577E+02  2.8365738E+02
       848 -1.0000000E+01  1.6982787E+02  9.9449310E+01
       849 -1.0000000E+01  1.7557062E+02  1.6629813E+02
       850 -1.0000000E+01  1.8601282E+02  1.7583585E+02
       851 -1.0000000E+01  1.9625569E+02  1.7581383E+02
       852 -1.0000000E+01  2.0633888E+02  1.7580069E+02
       853 -1.0000000E+01  2.1632150E+02  1.7578876E+02
       854 -1.0000000E+01  2.2619931E+02  1.7577007E+02
       855 -1.0000000E+01  2.3590817E+02  1.7573293E+02
       856 -1.0000000E+01  2.4531003E+02  1.7565810E+02
       857 -1.0000000E+01  1.6495395E+02  1.6655162E+02
       858 -1.0000000E+01  1.5505328E+02  1.7596951E+02
       859 -1.0000000E+01  6.2671856E+01  3.1890493E+01
       860 -1.0000000E+01  6.3388241E+01  4.1659286E+01
       861 -1.0000000E+01  6.3847324E+01  5.1226562E+01
       862 -1.0000000E+01  6.4095078E+01  6.0771458E+01
       863 -1.0000000E+01  9.0824631E+01  1.7640886E+02
       864 -1.0000000E+01  9.9392479E+01  1.7714706E+02
       865 -1.0000000E+01  1.0758103E+02  1.7718874E+02
       866 -1.0000000E+01  1.1620535E+02  1.7651735E+02
       867 -1.0000000E+01  1.2567782E+02  1.7631442E+02
       868 -1.0000000E+01  1.3540063E+02  1.7623051E+02
       869 -1.0000000E+01  1.4519936E+02  1.7609361E+02
       870 -1.0000000E+01  1.6468750E+02  1.8531250E+02
       871 -1.0000000E+01  1.7548700E+02  1.8544342E+02
       872 -1.0000000E+01  5.4945881E+01  6.1063812E+01
       873 -1.0000000E+01  4.5916653E+01  6.1266953E+01
       874 -1.0000000E+01  3.6946110E+01  6.1246281E+01
       875 -1.0000000E+01  2.7895948E+01  6.1009655E+01
       876 -1.0000000E+01  2.8086596E+01  5.1545616E+01
       877 -1.0000000E+01  2.8583755E+01  4.2118565E+01
       878 -1.0000000E+01  2.9905357E+01  3.2225853E+01
       879 -1.0000000E+01  4.1077381E+01  3.3906651E+01
       880 -1.0000000E+01  5.2304276E+01  3.2520359E+01
       881 -1.0000000E+01  1.7552493E+02  1.7587657E+02
       882 -1.0000000E+01  1.6503317E+02  1.7592892E+02
       883 -1.0000000E+01  5.3924229E+01  4.2323208E+01
       884 -1.0000000E+01  5.4601452E+01  5.1666500E+01
       885 -1.0000000E+01  4.5694592E+01  5.2090496E+01
       886 -1.0000000E+01  3.6969852E+01  5.2055325E+01
       887 -1.0000000E+01  3.7167007E+01  4.3347034E+01
       888 -1.0000000E+01  4.5297722E+01  4.3419361E+01
       889 -2.0000000E+01  3.3494577E+02  3.0466733E+02
       890 -2.0000000E+01  3.2476962E+02  3.0425342E+02
       891 -2.0000000E+01  3.1429349E+02  3.0375827E+02
       892 -2.0000000E+01  3.0375427E+02  3.0385870E+02
       893 -2.0000000E+01  2.9331668E+02  3.0390079E+02
       894 -2.0000000E+01  2.8268359E+02  3.0377115E+02
       895 -2.0000000E+01  2.7196869E+02  3.0421893E+02
       896 -2.0000000E+01  2.6115576E+02  3.0471768E+02
       897 -2.0000000E+01  2.5082870E+02  3.0492056E+02
       898 -2.0000000E+01  2.4072231E+02  3.0499023E+02
       899 -2.0000000E+01  2.3062866E+02  3.0505118E+02
       900 -2.0000000E+01  2.2036252E+02  3.0520538E+02
       901 -2.0000000E+01  2.0937881E+02  3.0575546E+02
       902 -2.0000000E+01  2.0430209E+02  3.1036420E+02
       903 -2.0000000E+01  1.9739999E+02  3.0573383E+02
       904 -2.0000000E+01  1.8603313E+02  3.0515408E+02
       905 -2.0000000E+01  1.7531419E+02  3.0495975E+02
       906 -2.0000000E+01  1.6468750E+02  3.0468750E+02
       907 -2.0000000E+01  1.5500000E+02  3.0468750E+02
       908 -2.0000000E+01  1.4562500E+02  3.0453125E+02
       909 -2.0000000E+01  1.3625000E+02  3.0437500E+02
       910 -2.0000000E+01  1.2687500E+02  3.0437500E+02
       911 -2.0000000E+01  1.1750000E+02  3.0437500E+02
       912 -2.0000000E+01  1.0812500E+02  3.0437500E+02
       913 -2.0000000E+01  9.8750000E+01  3.0437500E+02
       914 -2.0000000E+01  8.9375000E+01  3.0453125E+02
       915 -2.0000000E+01  7.0312500E+01  3.0468750E+02
       916 -2.0000000E+01  8.0000000E+01  3.0468750E+02
       917 -2.0000000E+01  7.0312500E+01  2.9500000E+02
       918 -2.0000000E+01  7.0156250E+01  2.8500000E+02
       919 -2.0000000E+01  7.0000000E+01  2.7500000E+02
       920 -2.0000000E+01  7.0000000E+01  2.6500000E+02
       921 -2.0000000E+01  7.0000000E+01  2.5500000E+02
       922 -2.0000000E+01  7.0000000E+01  2.4500000E+02
       923 -2.0000000E+01  7.0000000E+01  2.3500000E+02
       924 -2.0000000E+01  7.0000000E+01  2.2500000E+02
       925 -2.0000000E+01  7.0000000E+01  2.1500000E+02
       926 -2.0000000E+01  7.0156250E+01  2.0500000E+02
       927 -2.0000000E+01  7.0312500E+01  1.9500000E+02
       928 -2.0000000E+01  7.0312500E+01  1.8531250E+02
       929 -2.0000000E+01  7.2476242E+01  1.7658540E+02
       930 -2.0000000E+01  7.2998405E+01  1.6655162E+02
       931 -2.0000000E+01  7.2998405E+01  1.5659767E+02
       932 -2.0000000E+01  7.3167686E+01  1.4698228E+02
       933 -2.0000000E+01  7.3336967E+01  1.3736690E+02
       934 -2.0000000E+01  7.3336967E+01  1.2775152E+02
       935 -2.0000000E+01  7.3336967E+01  1.1813613E+02
       936 -2.0000000E+01  7.3336967E+01  1.0852075E+02
       937 -2.0000000E+01  7.3336967E+01  9.8905365E+01
       938 -2.0000000E+01  7.3336967E+01  8.9289978E+01
       939 -2.0000000E+01  6.4487457E+01  8.0058281E+01
       940 -2.0000000E+01  5.5394295E+01  8.0233788E+01
       941 -2.0000000E+01  4.6231846E+01  8.0311203E+01
       942 -2.0000000E+01  3.7044739E+01  8.0319107E+01
       943 -2.0000000E+01  2.7827690E+01  8.0276039E+01
       944 -2.0000000E+01  1.8575817E+01  8.0199509E+01
       945 -2.0000000E+01  9.2956724E+00  8.0104218E+01
       946 -2.0000000E+01  9.3224268E+00  7.0216660E+01
       947 -2.0000000E+01  9.3847723E+00  6.0341606E+01
       948 -2.0000000E+01  9.5017023E+00  5.0472546E+01
       949 -2.0000000E+01  9.6653929E+00  4.0589588E+01
       950 -2.0000000E+01  9.8636179E+00  3.0602865E+01
       951 -2.0000000E+01  9.9781981E+00  2.0506454E+01
       952 -2.0000000E+01  1.0014326E+01  1.0353685E+01
       953 -2.0000000E+01  2.0064875E+01  1.0728472E+01
       954 -2.0000000E+01  3.0190281E+01  1.1093614E+01
       955 -2.0000000E+01  4.0430782E+01  1.1394429E+01
       956 -2.0000000E+01  5.0727673E+01  1.1474825E+01
       957 -2.0000000E+01  6.1030991E+01  1.1477354E+01
       958 -2.0000000E+01  7.1388344E+01  1.1510607E+01
       959 -2.0000000E+01  8.1515541E+01  1.1567840E+01
       960 -2.0000000E+01  9.1652496E+01  1.1597041E+01
       961 -2.0000000E+01  1.0179850E+02  1.1623762E+01
       962 -2.0000000E+01  1.1194683E+02  1.1696987E+01
       963 -2.0000000E+01  1.2209566E+02  1.1788318E+01
       964 -2.0000000E+01  1.3224452E+02  1.1892930E+01
       965 -2.0000000E+01  1.4239091E+02  1.2051728E+01
       966 -2.0000000E+01  1.5252576E+02  1.2239215E+01
       967 -2.0000000E+01  1.6257002E+02  1.2450953E+01
       968 -2.0000000E+01  1.7258858E+02  1.3231712E+01
       969 -2.0000000E+01  1.8304529E+02  1.4336188E+01
       970 -2.0000000E+01  1.9326620E+02  1.4878099E+01
       971 -2.0000000E+01  2.0333174E+02  1.5113284E+01
       972 -2.0000000E+01  2.1334663E+02  1.5250909E+01
       973 -2.0000000E+01  2.2333815E+02  1.5355453E+01
       974 -2.0000000E+01  2.3330342E+02  1.5444261E+01
       975 -2.0000000E+01  2.4320332E+02  1.5512176E+01
       976 -2.0000000E+01  2.5290494E+02  1.5524038E+01
       977 -2.0000000E+01  2.6170068E+02  1.5287059E+01
       978 -2.0000000E+01  2.6305563E+02  2.5710932E+01
       979 -2.0000000E+01  2.6328943E+02  3.5784077E+01
       980 -2.0000000E+01  2.6332870E+02  4.5796352E+01
       981 -2.0000000E+01  2.6333530E+02  5.5798424E+01
       982 -2.0000000E+01  2.6333640E+02  6.5798767E+01
       983 -2.0000000E+01  2.6333658E+02  7.5798828E+01
       984 -2.0000000E+01  2.6333661E+02  8.5798836E+01
       985 -2.0000000E+01  2.6333661E+02  9.5798836E+01
       986 -2.0000000E+01  2.6333661E+02  1.0579883E+02
       987 -2.0000000E+01  2.6333655E+02  1.1579880E+02
       988 -2.0000000E+01  2.6333618E+02  1.2579864E+02
       989 -2.0000000E+01  2.6333408E+02  1.3579770E+02
       990 -2.0000000E+01  2.6332166E+02  1.4579210E+02
       991 -2.0000000E+01  2.6324838E+02  1.5575906E+02
       992 -2.0000000E+01  2.6263553E+02  1.6549637E+02
       993 -2.0000000E+01  2.6239798E+02  1.7528365E+02
       994 -2.0000000E+01  2.6260019E+02  1.8512865E+02
       995 -2.0000000E+01  2.6322153E+02  1.9502086E+02
       996 -2.0000000E+01  2.6331784E+02  2.0500356E+02
       997 -2.0000000E+01  2.6333350E+02  2.1500060E+02
       998 -2.0000000E+01  2.6333624E+02  2.2500005E+02
       999 -2.0000000E+01  2.6333743E+02  2.3499966E+02
      1000 -2.0000000E+01  2.6334204E+02  2.4499783E+02
      1001 -2.0000000E+01  2.6336902E+02  2.5498711E+02
      1002 -2.0000000E+01  2.6352930E+02  2.6492328E+02
      1003 -2.0000000E+01  2.7262106E+02  2.7404865E+02
      1004 -2.0000000E+01  2.8126370E+02  2.7384351E+02
      1005 -2.0000000E+01  2.9018616E+02  2.7394736E+02
      1006 -2.0000000E+01  2.9930136E+02  2.7394778E+02
      1007 -2.0000000E+01  3.0829590E+02  2.7376843E+02
      1008 -2.0000000E+01  3.1718658E+02  2.7386676E+02
      1009 -2.0000000E+01  3.2624298E+02  2.7429556E+02
      1010 -2.0000000E+01  3.3556396E+02  2.7467282E+02
      1011 -2.0000000E+01  3.3536533E+02  2.8442465E+02
      1012 -2.0000000E+01  3.3502280E+02  2.9440659E+02
      1013 -2.0000000E+01  2.5464847E+02  1.6591621E+02
      1014 -2.0000000E+01  1.7478308E+02  2.3691288E+01
      1015 -2.0000000E+01  1.7543237E+02  3.3893414E+01
      1016 -2.0000000E+01  1.7556595E+02  4.3807495E+01
      1017 -2.0000000E+01  1.7557101E+02  5.3652359E+01
      1018 -2.0000000E+01  1.7556331E+02  6.3496346E+01
      1019 -2.0000000E+01  1.7551456E+02  7.3397820E+01
      1020 -2.0000000E+01  1.7535233E+02  8.3500381E+01
      1021 -2.0000000E+01  1.7480173E+02  9.4298393E+01
      1022 -2.0000000E+01  1.7481956E+02  1.0598417E+02
      1023 -2.0000000E+01  1.7537254E+02  1.1692704E+02
      1024 -2.0000000E+01  1.7552859E+02  1.2704839E+02
      1025 -2.0000000E+01  1.7558717E+02  1.3694510E+02
      1026 -2.0000000E+01  1.7564848E+02  1.4677148E+02
      1027 -2.0000000E+01  1.7567448E+02  1.5656325E+02
      1028 -2.0000000E+01  1.8612833E+02  1.6623380E+02
      1029 -2.0000000E+01  1.9632951E+02  1.6621092E+02
      1030 -2.0000000E+01  2.0638777E+02  1.6619998E+02
      1031 -2.0000000E+01  2.1636967E+02  1.6619099E+02
      1032 -2.0000000E+01  2.2627710E+02  1.6617685E+02
      1033 -2.0000000E+01  2.3605875E+02  1.6614653E+02
      1034 -2.0000000E+01  2.4559373E+02  1.6607712E+02
      1035 -2.0000000E+01  1.5500000E+02  1.6655162E+02
      1036 -2.0000000E+01  1.6495395E+02  1.5659767E+02
      1037 -2.0000000E+01  1.6478467E+02  1.4698228E+02
      1038 -2.0000000E+01  1.6461539E+02  1.3736690E+02
      1039 -2.0000000E+01  1.6461539E+02  1.2775152E+02
      1040 -2.0000000E+01  1.6461539E+02  1.1813613E+02
      1041 -2.0000000E+01  1.6461539E+02  1.0852075E+02
      1042 -2.0000000E+01  1.6461539E+02  9.8905365E+01
      1043 -2.0000000E+01  1.6461539E+02  8.9289978E+01
      1044 -2.0000000E+01  1.6461539E+02  7.9674599E+01
      1045 -2.0000000E+01  1.6461539E+02  7.0059212E+01
      1046 -2.0000000E+01  1.6461539E+02  6.0443829E+01
      1047 -2.0000000E+01  1.6461539E+02  5.0828442E+01
      1048 -2.0000000E+01  1.6478467E+02  4.1213058E+01
      1049 -2.0000000E+01  1.6495395E+02  3.1597673E+01
      1050 -2.0000000E+01  1.5500000E+02  2.1643721E+01
      1051 -2.0000000E+01  1.4470747E+02  2.1474438E+01
      1052 -2.0000000E+01  1.3441496E+02  2.1305153E+01
      1053 -2.0000000E+01  1.2412244E+02  2.1305153E+01
      1054 -2.0000000E+01  1.1382992E+02  2.1305153E+01
      1055 -2.0000000E+01  1.0353740E+02  2.1305153E+01
      1056 -2.0000000E+01  9.3244873E+01  2.1474438E+01
      1057 -2.0000000E+01  8.2952354E+01  2.1643721E+01
      1058 -2.0000000E+01  7.2998405E+01  3.1597673E+01
      1059 -2.0000000E+01  7.3167686E+01  4.1213058E+01
      1060 -2.0000000E+01  7.3336967E+01  5.0828442E+01
      1061 -2.0000000E+01  7.3336967E+01  6.0443829E+01
      1062 -2.0000000E+01  7.3336967E+01  7.0059212E+01
      1063 -2.0000000E+01  7.3336967E+01  7.9674599E+01
      1064 -2.0000000E+01  8.2952354E+01  1.6655162E+02
      1065 -2.0000000E+01  9.3244873E+01  1.6672092E+02
      1066 -2.0000000E+01  1.0353740E+02  1.6689018E+02
      1067 -2.0000000E+01  1.1382992E+02  1.6689018E+02
      1068 -2.0000000E+01  1.2412244E+02  1.6689018E+02
      1069 -2.0000000E+01  1.3441496E+02  1.6689018E+02
      1070 -2.0000000E+01  1.4470747E+02  1.6672092E+02
      1071 -2.0000000E+01  1.6468750E+02  2.9500000E+02
      1072 -2.0000000E+01  1.6484375E+02  2.8500000E+02
      1073 -2.0000000E+01  1.6500000E+02  2.7500000E+02
      1074 -2.0000000E+01  1.6500000E+02  2.6500000E+02
      1075 -2.0000000E+01  1.6500000E+02  2.5500000E+02
      1076 -2.0000000E+01  1.6500000E+02  2.4500000E+02
      1077 -2.0000000E+01  1.6500000E+02  2.3500000E+02
      1078 -2.0000000E+01  1.6500000E+02  2.2500000E+02
      1079 -2.0000000E+01  1.6500000E+02  2.1500000E+02
      1080 -2.0000000E+01  1.6484375E+02  2.0500000E+02
      1081 -2.0000000E+01  1.6468750E+02  1.9500000E+02
      1082 -2.0000000E+01  1.5500000E+02  1.8531250E+02
      1083 -2.0000000E+01  1.4562500E+02  1.8546875E+02
      1084 -2.0000000E+01  1.3625000E+02  1.8562500E+02
      1085 -2.0000000E+01  1.2687500E+02  1.8562500E+02
      1086 -2.0000000E+01  1.1750000E+02  1.8562500E+02
      1087 -2.0000000E+01  1.0812500E+02  1.8562500E+02
      1088 -2.0000000E+01  9.8750000E+01  1.8562500E+02
      1089 -2.0000000E+01  8.9375000E+01  1.8546875E+02
      1090 -2.0000000E+01  8.0000000E+01  1.8531250E+02
      1091 -2.0000000E+01  2.6854965E+02  2.9379688E+02
      1092 -2.0000000E+01  2.6584091E+02  2.8399011E+02
      1093 -2.0000000E+01  2.6454883E+02  2.7451425E+02
      1094 -2.0000000E+01  2.5461620E+02  1.8523186E+02
      1095 -2.0000000E+01  2.4558163E+02  1.8530991E+02
      1096 -2.0000000E+01  2.3605107E+02  1.8535574E+02
      1097 -2.0000000E+01  2.2627148E+02  1.8537973E+02
      1098 -2.0000000E+01  2.1636636E+02  1.8539223E+02
      1099 -2.0000000E+01  2.0638515E+02  1.8540031E+02
      1100 -2.0000000E+01  1.9632430E+02  1.8540875E+02
      1101 -2.0000000E+01  1.7560194E+02  1.9513387E+02
      1102 -2.0000000E+01  1.8610973E+02  1.8542189E+02
      1103 -2.0000000E+01  1.7568840E+02  2.0503951E+02
      1104 -2.0000000E+01  1.7575259E+02  2.1501135E+02
      1105 -2.0000000E+01  1.7577138E+02  2.2500330E+02
      1106 -2.0000000E+01  1.7577676E+02  2.3500087E+02
      1107 -2.0000000E+01  1.7577782E+02  2.4500021E+02
      1108 -2.0000000E+01  1.7577652E+02  2.5499995E+02
      1109 -2.0000000E+01  1.7577026E+02  2.6499963E+02
      1110 -2.0000000E+01  1.7574867E+02  2.7499866E+02
      1111 -2.0000000E+01  1.7567406E+02  2.8499640E+02
      1112 -2.0000000E+01  1.7555183E+02  2.9498911E+02
      1113 -2.0000000E+01  3.2482141E+02  2.9356110E+02
      1114 -2.0000000E+01  3.1355920E+02  2.9182172E+02
      1115 -2.0000000E+01  3.0228516E+02  2.9292307E+02
      1116 -2.0000000E+01  2.9168332E+02  2.9299112E+02
      1117 -2.0000000E+01  2.8011917E+02  2.9196280E+02
      1118 -2.0000000E+01  8.1541077E+01  1.7622273E+02
      1119 -2.0000000E+01  6.4267693E+01  7.0365227E+01
      1120 -2.0000000E+01  5.5168610E+01  7.0587723E+01
      1121 -2.0000000E+01  4.6074379E+01  7.0705986E+01
      1122 -2.0000000E+01  3.6975155E+01  7.0707253E+01
      1123 -2.0000000E+01  2.7832186E+01  7.0594490E+01
      1124 -2.0000000E+01  1.8609707E+01  7.0420448E+01
      1125 -2.0000000E+01  1.8711155E+01  6.0675129E+01
      1126 -2.0000000E+01  1.8895235E+01  5.0987476E+01
      1127 -2.0000000E+01  1.9241009E+01  4.1260666E+01
      1128 -2.0000000E+01  1.9769451E+01  3.1296410E+01
      1129 -2.0000000E+01  2.0013977E+01  2.1050936E+01
      1130 -2.0000000E+01  3.0224714E+01  2.1651188E+01
      1131 -2.0000000E+01  4.0785824E+01  2.2224236E+01
      1132 -2.0000000E+01  5.1447079E+01  2.2025955E+01
      1133 -2.0000000E+01  6.2018196E+01  2.1774874E+01
      1134 -2.0000000E+01  7.2998405E+01  2.1643721E+01
      1135 -2.0000000E+01  1.6495395E+02  2.1643721E+01
      1136 -2.0000000E+01  2.5419574E+02  1.7551733E+02
      1137 -2.0000000E+01  2.7433719E+02  2.8264246E+02
      1138 -2.0000000E+01  2.8243701E+02  2.8239789E+02
      1139 -2.0000000E+01  2.9112747E+02  2.8304269E+02
      1140 -2.0000000E+01  3.0034946E+02  2.8301813E+02
      1141 -2.0000000E+01  3.0898563E+02  2.8223737E+02
      1142 -2.0000000E+01  3.1720758E+02  2.8243790E+02
      1143 -2.0000000E+01  3.2591577E+02  2.8365738E+02
      1144 -2.0000000E+01  1.6982787E+02  9.9449310E+01
      1145 -2.0000000E+01  1.7557062E+02  1.6629813E+02
      1146 -2.0000000E+01  1.8601282E+02  1.7583585E+02
      1147 -2.0000000E+01  1.9625569E+02  1.7581383E+02
      1148 -2.0000000E+01  2.0633888E+02  1.7580069E+02
      1149 -2.0000000E+01  2.1632150E+02  1.7578876E+02
      1150 -2.0000000E+01  2.2619931E+02  1.7577007E+02
      1151 -2.0000000E+01  2.3590817E+02  1.7573293E+02
      1152 -2.0000000E+01  2.4531003E+02  1.7565810E+02
      1153 -2.0000000E+01  1.6495395E+02  1.6655162E+02
      1154 -2.0000000E+01  1.5505328E+02  1.7596951E+02
      1155 -2.0000000E+01  6.2671856E+01  3.1890493E+01
      1156 -2.0000000E+01  6.3388241E+01  4.1659286E+01
      1157 -2.0000000E+01  6.3847324E+01  5.1226562E+01
      1158 -2.0000000E+01  6.4095078E+01  6.0771458E+01
      1159 -2.0000000E+01  9.0824631E+01  1.7640886E+02
      1160 -2.0000000E+01  9.9392479E+01  1.7714706E+02
      1161 -2.0000000E+01  1.0758103E+02  1.7718874E+02
      1162 -2.0000000E+01  1.1620535E+02  1.7651735E+02
      1163 -2.0000000E+01  1.2567782E+02  1.7631442E+02
      1164 -2.0000000E+01  1.3540063E+02  1.7623051E+02
      1165 -2.0000000E+01  1.4519936E+02  1.7609361E+02
      1166 -2.0000000E+01  1.6468750E+02  1.8531250E+02
      1167 -2.0000000E+01  1.7548700E+02  1.8544342E+02
      1168 -2.0000000E+01  5.4945881E+01  6.1063812E+01
      1169 -2.0000000E+01  4.5916653E+01  6.1266953E+01
      1170 -2.0000000E+01  3.6946110E+01  6.1246281E+01
      1171 -2.0000000E+01  2.7895948E+01  6.1009655E+01
      1172 -2.0000000E+01  2.8086596E+01  5.1545616E+01
      1173 -2.0000000E+01  2.8583755E+01  4.2118565E+01
      1174 -2.0000000E+01  2.9905357E+01  3.2225853E+01
      1175 -2.0000000E+01  4.1077381E+01  3.3906651E+01
      1176 -2.0000000E+01  5.2304276E+01  3.2520359E+01
      1177 -2.0000000E+01  1.7552493E+02  1.7587657E+02
      1178 -2.0000000E+01  1.6503317E+02  1.7592892E+02
      1179 -2.0000000E+01  5.3924229E+01  4.2323208E+01
      1180 -2.0000000E+01  5.4601452E+01  5.1666500E+01
      1181 -2.0000000E+01  4.5694592E+01  5.2090496E+01
      1182 -2.0000000E+01  3.6969852E+01  5.2055325E+01
      1183 -2.0000000E+01  3.7167007E+01  4.3347034E+01
      1184 -2.0000000E+01  4.5297722E+01  4.3419361E+01
      1185 -1.0000000E+01  2.0337786E-13  8.0000000E+01
      1186  5.1347815E-16  2.0284801E-13  8.0000000E+01
      1187  1.0000000E+01  2.0259920E-13  8.0000000E+01
      1188 -1.0000000E+01  1.8336081E-13  7.0000000E+01
      1189 -6.8001160E-16  1.8189966E-13  7.0000000E+01
      1190  1.0000000E+01  1.8339999E-13  7.0000000E+01
      1191 -1.0000000E+01  1.5448316E-13  6.0000000E+01
      1192  1.9428903E-16  1.5281254E-13  6.0000000E+01
      1193  1.0000000E+01  1.5828736E-13  6.0000000E+01
      1194 -1.0000000E+01  1.2046385E-13  5.0000000E+01
      1195  2.1857516E-16  1.2075487E-13  5.0000000E+01
      1196  1.0000000E+01  1.2573539E-13  5.0000000E+01
      1197 -1.0000000E+01  8.5126574E-14  4.0000000E+01
      1198 -2.1857516E-16  9.0107087E-14  4.0000000E+01
      1199  1.0000000E+01  9.0398128E-14  4.0000000E+01
      1200 -1.0000000E+01  5.2574596E-14  3.0000000E+01
      1201 -1.9428903E-16  5.8049438E-14  3.0000000E+01
      1202  1.0000000E+01  5.6378804E-14  3.0000000E+01
      1203 -1.0000000E+01  2.7461969E-14  2.0000000E+01
      1204  6.8001160E-16  2.8962310E-14  2.0000000E+01
      1205  1.0000000E+01  2.7501161E-14  2.0000000E+01
      1206 -1.0000000E+01  8.2627708E-15  1.0000000E+01
      1207 -5.1347815E-16  8.0139651E-15  1.0000000E+01
      1208  1.0000000E+01  7.4841121E-15  1.0000000E+01
      1209 -1.0000000E+01  5.5714287E+01  9.0000000E+01
      1210 -4.3090531E-15  5.5714287E+01  9.0000000E+01
      1211  1.0000000E+01  5.5714287E+01  9.0000000E+01
      1212 -1.0000000E+01  4.6428570E+01  9.0000000E+01
      1213 -2.3592239E-16  4.6428570E+01  9.0000000E+01
      1214  1.0000000E+01  4.6428570E+01  9.0000000E+01
      1215 -1.0000000E+01  3.7142857E+01  9.0000000E+01
      1216 -4.8572257E-17  3.7142857E+01  9.0000000E+01
      1217  1.0000000E+01  3.7142857E+01  9.0000000E+01
      1218 -1.0000000E+01  2.7857143E+01  9.0000000E+01
      1219 -1.1796120E-16  2.7857143E+01  9.0000000E+01
      1220  1.0000000E+01  2.7857143E+01  9.0000000E+01
      1221 -1.0000000E+01  1.8571428E+01  9.0000000E+01
      1222 -8.1878948E-16  1.8571428E+01  9.0000000E+01
      1223  1.0000000E+01  1.8571428E+01  9.0000000E+01
      1224 -1.0000000E+01  9.2857141E+00  9.0000000E+01
      1225 -3.6082248E-16  9.2857141E+00  9.0000000E+01
      1226  1.0000000E+01  9.2857141E+00  9.0000000E+01
      1227 -1.0000000E+01  6.5000000E+01  3.0521738E+02
      1228 -1.9775848E-16  6.5000000E+01  3.0521738E+02
      1229  1.0000000E+01  6.5000000E+01  3.0521738E+02
      1230 -1.0000000E+01  6.5000000E+01  2.9543478E+02
      1231 -5.6551985E-16  6.5000000E+01  2.9543478E+02
      1232  1.0000000E+01  6.5000000E+01  2.9543478E+02
      1233 -1.0000000E+01  6.5000000E+01  2.8565216E+02
      1234 -4.9057980E-15  6.5000000E+01  2.8565216E+02
      1235  1.0000000E+01  6.5000000E+01  2.8565216E+02
      1236 -1.0000000E+01  6.5000000E+01  2.7586957E+02
      1237 -4.7323256E-15  6.5000000E+01  2.7586957E+02
      1238  1.0000000E+01  6.5000000E+01  2.7586957E+02
      1239 -1.0000000E+01  6.5000000E+01  2.6608698E+02
      1240  4.4408921E-16  6.5000000E+01  2.6608698E+02
      1241  1.0000000E+01  6.5000000E+01  2.6608698E+02
      1242 -1.0000000E+01  6.5000000E+01  2.5630435E+02
      1243 -1.4988011E-15  6.5000000E+01  2.5630435E+02
      1244  1.0000000E+01  6.5000000E+01  2.5630435E+02
      1245 -1.0000000E+01  6.5000000E+01  2.4652174E+02
      1246 -2.4980018E-16  6.5000000E+01  2.4652174E+02
      1247  1.0000000E+01  6.5000000E+01  2.4652174E+02
      1248 -1.0000000E+01  6.5000000E+01  2.3673914E+02
      1249 -7.9103391E-15  6.5000000E+01  2.3673914E+02
      1250  1.0000000E+01  6.5000000E+01  2.3673914E+02
      1251 -1.0000000E+01  6.5000000E+01  2.2695651E+02
      1252 -2.7061686E-16  6.5000000E+01  2.2695651E+02
      1253  1.0000000E+01  6.5000000E+01  2.2695651E+02
      1254 -1.0000000E+01  6.5000000E+01  2.1717390E+02
      1255  1.3877788E-17  6.5000000E+01  2.1717390E+02
      1256  1.0000000E+01  6.5000000E+01  2.1717390E+02
      1257 -1.0000000E+01  6.5000000E+01  2.0739130E+02
      1258 -7.5113527E-16  6.5000000E+01  2.0739130E+02
      1259  1.0000000E+01  6.5000000E+01  2.0739130E+02
      1260 -1.0000000E+01  6.5000000E+01  1.9760870E+02
      1261  7.5113527E-16  6.5000000E+01  1.9760870E+02
      1262  1.0000000E+01  6.5000000E+01  1.9760870E+02
      1263 -1.0000000E+01  6.5000000E+01  1.8782610E+02
      1264 -5.7592819E-16  6.5000000E+01  1.8782610E+02
      1265  1.0000000E+01  6.5000000E+01  1.8782610E+02
      1266 -1.0000000E+01  6.5000000E+01  1.7804349E+02
      1267  1.6098234E-15  6.5000000E+01  1.7804349E+02
      1268  1.0000000E+01  6.5000000E+01  1.7804349E+02
      1269 -1.0000000E+01  6.5000000E+01  1.6826086E+02
      1270 -1.3045121E-15  6.5000000E+01  1.6826086E+02
      1271  1.0000000E+01  6.5000000E+01  1.6826086E+02
      1272 -1.0000000E+01  6.5000000E+01  1.5847826E+02
      1273 -4.8572257E-16  6.5000000E+01  1.5847826E+02
      1274  1.0000000E+01  6.5000000E+01  1.5847826E+02
      1275 -1.0000000E+01  6.5000000E+01  1.4869565E+02
      1276  1.4988011E-15  6.5000000E+01  1.4869565E+02
      1277  1.0000000E+01  6.5000000E+01  1.4869565E+02
      1278 -1.0000000E+01  6.5000000E+01  1.3891304E+02
      1279 -4.4408921E-16  6.5000000E+01  1.3891304E+02
      1280  1.0000000E+01  6.5000000E+01  1.3891304E+02
      1281 -1.0000000E+01  6.5000000E+01  1.2913043E+02
      1282  5.4123372E-15  6.5000000E+01  1.2913043E+02
      1283  1.0000000E+01  6.5000000E+01  1.2913043E+02
      1284 -1.0000000E+01  6.5000000E+01  1.1934783E+02
      1285 -6.0368377E-16  6.5000000E+01  1.1934783E+02
      1286  1.0000000E+01  6.5000000E+01  1.1934783E+02
      1287 -1.0000000E+01  6.5000000E+01  1.0956522E+02
      1288 -2.0816682E-17  6.5000000E+01  1.0956522E+02
      1289  1.0000000E+01  6.5000000E+01  1.0956522E+02
      1290 -1.0000000E+01  6.5000000E+01  9.9782608E+01
      1291  1.9775848E-16  6.5000000E+01  9.9782608E+01
      1292  1.0000000E+01  6.5000000E+01  9.9782608E+01
      1293 -1.0000000E+01  8.0000000E+01  2.0500000E+02
      1294 -1.2698176E-15  8.0000000E+01  2.0500000E+02
      1295  1.0000000E+01  8.0000000E+01  2.0500000E+02
      1296 -1.0000000E+01  8.0000000E+01  2.1500000E+02
      1297 -8.0491169E-16  8.0000000E+01  2.1500000E+02
      1298  1.0000000E+01  8.0000000E+01  2.1500000E+02
      1299 -1.0000000E+01  8.0000000E+01  2.2500000E+02
      1300 -8.8817842E-16  8.0000000E+01  2.2500000E+02
      1301  1.0000000E+01  8.0000000E+01  2.2500000E+02
      1302 -1.0000000E+01  8.0000000E+01  2.3500000E+02
      1303 -1.8665625E-15  8.0000000E+01  2.3500000E+02
      1304  1.0000000E+01  8.0000000E+01  2.3500000E+02
      1305 -1.0000000E+01  8.0000000E+01  2.4500000E+02
      1306  0.0000000E+00  8.0000000E+01  2.4500000E+02
      1307  1.0000000E+01  8.0000000E+01  2.4500000E+02
      1308 -1.0000000E+01  8.0000000E+01  2.5500000E+02
      1309  1.8665625E-15  8.0000000E+01  2.5500000E+02
      1310  1.0000000E+01  8.0000000E+01  2.5500000E+02
      1311 -1.0000000E+01  8.0000000E+01  2.6500000E+02
      1312  0.0000000E+00  8.0000000E+01  2.6500000E+02
      1313  1.0000000E+01  8.0000000E+01  2.6500000E+02
      1314 -1.0000000E+01  8.0000000E+01  2.7500000E+02
      1315  8.0491169E-16  8.0000000E+01  2.7500000E+02
      1316  1.0000000E+01  8.0000000E+01  2.7500000E+02
      1317 -1.0000000E+01  8.0000000E+01  2.8500000E+02
      1318  1.2698176E-15  8.0000000E+01  2.8500000E+02
      1319  1.0000000E+01  8.0000000E+01  2.8500000E+02
      1320 -1.0000000E+01  8.2952354E+01  4.1213058E+01
      1321 -3.2474023E-15  8.2952354E+01  4.1213058E+01
      1322  1.0000000E+01  8.2952354E+01  4.1213058E+01
      1323 -1.0000000E+01  8.2952354E+01  5.0828442E+01
      1324 -4.1217030E-15  8.2952354E+01  5.0828442E+01
      1325  1.0000000E+01  8.2952354E+01  5.0828442E+01
      1326 -1.0000000E+01  8.2952354E+01  6.0443829E+01
      1327  2.7755576E-17  8.2952354E+01  6.0443829E+01
      1328  1.0000000E+01  8.2952354E+01  6.0443829E+01
      1329 -1.0000000E+01  8.2952354E+01  7.0059212E+01
      1330 -7.0776718E-16  8.2952354E+01  7.0059212E+01
      1331  1.0000000E+01  8.2952354E+01  7.0059212E+01
      1332 -1.0000000E+01  8.2952354E+01  7.9674599E+01
      1333 -2.7755576E-17  8.2952354E+01  7.9674599E+01
      1334  1.0000000E+01  8.2952354E+01  7.9674599E+01
      1335 -1.0000000E+01  8.2952354E+01  8.9289978E+01
      1336  7.8582973E-16  8.2952354E+01  8.9289978E+01
      1337  1.0000000E+01  8.2952354E+01  8.9289978E+01
      1338 -1.0000000E+01  8.2952354E+01  9.8905365E+01
      1339 -7.8582973E-16  8.2952354E+01  9.8905365E+01
      1340  1.0000000E+01  8.2952354E+01  9.8905365E+01
      1341 -1.0000000E+01  8.2952354E+01  1.0852075E+02
      1342  6.1062266E-16  8.2952354E+01  1.0852075E+02
      1343  1.0000000E+01  8.2952354E+01  1.0852075E+02
      1344 -1.0000000E+01  8.2952354E+01  1.1813613E+02
      1345  5.4123372E-16  8.2952354E+01  1.1813613E+02
      1346  1.0000000E+01  8.2952354E+01  1.1813613E+02
      1347 -1.0000000E+01  8.2952354E+01  1.2775152E+02
      1348 -3.8857806E-16  8.2952354E+01  1.2775152E+02
      1349  1.0000000E+01  8.2952354E+01  1.2775152E+02
      1350 -1.0000000E+01  8.2952354E+01  1.3736690E+02
      1351 -1.8041124E-16  8.2952354E+01  1.3736690E+02
      1352  1.0000000E+01  8.2952354E+01  1.3736690E+02
      1353 -1.0000000E+01  8.2952354E+01  1.4698228E+02
      1354  3.2265857E-16  8.2952354E+01  1.4698228E+02
      1355  1.0000000E+01  8.2952354E+01  1.4698228E+02
      1356 -1.0000000E+01  1.4562500E+02  1.9500000E+02
      1357 -1.3877788E-17  1.4562500E+02  1.9500000E+02
      1358  1.0000000E+01  1.4562500E+02  1.9500000E+02
      1359 -1.0000000E+01  1.3625000E+02  1.9500000E+02
      1360 -1.3877788E-17  1.3625000E+02  1.9500000E+02
      1361  1.0000000E+01  1.3625000E+02  1.9500000E+02
      1362 -1.0000000E+01  1.2687500E+02  1.9500000E+02
      1363 -2.7755576E-17  1.2687500E+02  1.9500000E+02
      1364  1.0000000E+01  1.2687500E+02  1.9500000E+02
      1365 -1.0000000E+01  1.1750000E+02  1.9500000E+02
      1366  0.0000000E+00  1.1750000E+02  1.9500000E+02
      1367  1.0000000E+01  1.1750000E+02  1.9500000E+02
      1368 -1.0000000E+01  1.0812500E+02  1.9500000E+02
      1369  2.7755576E-17  1.0812500E+02  1.9500000E+02
      1370  1.0000000E+01  1.0812500E+02  1.9500000E+02
      1371 -1.0000000E+01  9.8750000E+01  1.9500000E+02
      1372  1.3877788E-17  9.8750000E+01  1.9500000E+02
      1373  1.0000000E+01  9.8750000E+01  1.9500000E+02
      1374 -1.0000000E+01  8.9375000E+01  1.9500000E+02
      1375  1.3877788E-17  8.9375000E+01  1.9500000E+02
      1376  1.0000000E+01  8.9375000E+01  1.9500000E+02
      1377 -1.0000000E+01  8.9375000E+01  2.9500000E+02
      1378 -1.3877788E-17  8.9375000E+01  2.9500000E+02
      1379  1.0000000E+01  8.9375000E+01  2.9500000E+02
      1380 -1.0000000E+01  9.8750000E+01  2.9500000E+02
      1381 -1.3877788E-17  9.8750000E+01  2.9500000E+02
      1382  1.0000000E+01  9.8750000E+01  2.9500000E+02
      1383 -1.0000000E+01  1.0812500E+02  2.9500000E+02
      1384 -2.7755576E-17  1.0812500E+02  2.9500000E+02
      1385  1.0000000E+01  1.0812500E+02  2.9500000E+02
      1386 -1.0000000E+01  1.1750000E+02  2.9500000E+02
      1387  0.0000000E+00  1.1750000E+02  2.9500000E+02
      1388  1.0000000E+01  1.1750000E+02  2.9500000E+02
      1389 -1.0000000E+01  1.2687500E+02  2.9500000E+02
      1390  2.7755576E-17  1.2687500E+02  2.9500000E+02
      1391  1.0000000E+01  1.2687500E+02  2.9500000E+02
      1392 -1.0000000E+01  1.3625000E+02  2.9500000E+02
      1393  1.3877788E-17  1.3625000E+02  2.9500000E+02
      1394  1.0000000E+01  1.3625000E+02  2.9500000E+02
      1395 -1.0000000E+01  1.4562500E+02  2.9500000E+02
      1396  1.3877788E-17  1.4562500E+02  2.9500000E+02
      1397  1.0000000E+01  1.4562500E+02  2.9500000E+02
      1398 -1.0000000E+01  1.4470747E+02  3.1597673E+01
      1399 -4.5172199E-15  1.4470747E+02  3.1597673E+01
      1400  1.0000000E+01  1.4470747E+02  3.1597673E+01
      1401 -1.0000000E+01  1.3441496E+02  3.1597673E+01
      1402 -7.3552275E-16  1.3441496E+02  3.1597673E+01
      1403  1.0000000E+01  1.3441496E+02  3.1597673E+01
      1404 -1.0000000E+01  1.2412244E+02  3.1597673E+01
      1405 -1.3253287E-15  1.2412244E+02  3.1597673E+01
      1406  1.0000000E+01  1.2412244E+02  3.1597673E+01
      1407 -1.0000000E+01  1.1382992E+02  3.1597673E+01
      1408  1.4918622E-15  1.1382992E+02  3.1597673E+01
      1409  1.0000000E+01  1.1382992E+02  3.1597673E+01
      1410 -1.0000000E+01  1.0353740E+02  3.1597673E+01
      1411  9.0205621E-16  1.0353740E+02  3.1597673E+01
      1412  1.0000000E+01  1.0353740E+02  3.1597673E+01
      1413 -1.0000000E+01  9.3244873E+01  3.1597673E+01
      1414 -3.8441472E-15  9.3244873E+01  3.1597673E+01
      1415  1.0000000E+01  9.3244873E+01  3.1597673E+01
      1416 -1.0000000E+01  9.3244873E+01  1.5659767E+02
      1417 -4.5727311E-15  9.3244873E+01  1.5659767E+02
      1418  1.0000000E+01  9.3244873E+01  1.5659767E+02
      1419 -1.0000000E+01  1.0353740E+02  1.5659767E+02
      1420 -9.2981178E-16  1.0353740E+02  1.5659767E+02
      1421  1.0000000E+01  1.0353740E+02  1.5659767E+02
      1422 -1.0000000E+01  1.1382992E+02  1.5659767E+02
      1423 -1.4918622E-15  1.1382992E+02  1.5659767E+02
      1424  1.0000000E+01  1.1382992E+02  1.5659767E+02
      1425 -1.0000000E+01  1.2412244E+02  1.5659767E+02
      1426  1.3253287E-15  1.2412244E+02  1.5659767E+02
      1427  1.0000000E+01  1.2412244E+02  1.5659767E+02
      1428 -1.0000000E+01  1.3441496E+02  1.5659767E+02
      1429  7.0776718E-16  1.3441496E+02  1.5659767E+02
      1430  1.0000000E+01  1.3441496E+02  1.5659767E+02
      1431 -1.0000000E+01  1.4470747E+02  1.5659767E+02
      1432 -3.0114800E-15  1.4470747E+02  1.5659767E+02
      1433  1.0000000E+01  1.4470747E+02  1.5659767E+02
      1434 -1.0000000E+01  1.0010570E+01  1.8518519E-01
      1435  2.4777465E-11  1.0010570E+01  1.8518519E-01
      1436  1.0000000E+01  1.0010570E+01  1.8518519E-01
      1437 -1.0000000E+01  2.0021141E+01  3.7037036E-01
      1438  1.9338040E-10  2.0021141E+01  3.7037036E-01
      1439  1.0000000E+01  2.0021141E+01  3.7037036E-01
      1440 -1.0000000E+01  3.0031712E+01  5.5555558E-01
      1441  5.9273197E-10  3.0031712E+01  5.5555558E-01
      1442  1.0000000E+01  3.0031712E+01  5.5555558E-01
      1443 -1.0000000E+01  4.0042282E+01  7.4074072E-01
      1444  1.2506041E-09  4.0042282E+01  7.4074072E-01
      1445  1.0000000E+01  4.0042282E+01  7.4074072E-01
      1446 -1.0000000E+01  5.0052853E+01  9.2592591E-01
      1447  2.1471807E-09  5.0052853E+01  9.2592591E-01
      1448  1.0000000E+01  5.0052853E+01  9.2592591E-01
      1449 -1.0000000E+01  6.0063423E+01  1.1111110E+00
      1450  3.2217671E-09  6.0063423E+01  1.1111110E+00
      1451  1.0000000E+01  6.0063423E+01  1.1111110E+00
      1452 -1.0000000E+01  7.0073990E+01  1.2962964E+00
      1453  4.3760737E-09  7.0073990E+01  1.2962964E+00
      1454  1.0000000E+01  7.0073990E+01  1.2962964E+00
      1455 -1.0000000E+01  8.0084564E+01  1.4814816E+00
      1456  5.4744631E-09  8.0084564E+01  1.4814816E+00
      1457  1.0000000E+01  8.0084564E+01  1.4814816E+00
      1458 -1.0000000E+01  9.0095131E+01  1.6666667E+00
      1459  6.3415215E-09  9.0095131E+01  1.6666667E+00
      1460  1.0000000E+01  9.0095131E+01  1.6666667E+00
      1461 -1.0000000E+01  1.0010570E+02  1.8518519E+00
      1462  6.7565540E-09  1.0010570E+02  1.8518519E+00
      1463  1.0000000E+01  1.0010570E+02  1.8518519E+00
      1464 -1.0000000E+01  1.1011627E+02  2.0370369E+00
      1465  6.4444334E-09  1.1011627E+02  2.0370369E+00
      1466  1.0000000E+01  1.1011627E+02  2.0370369E+00
      1467 -1.0000000E+01  1.2012684E+02  2.2222221E+00
      1468  5.0615667E-09  1.2012684E+02  2.2222221E+00
      1469  1.0000000E+01  1.2012684E+02  2.2222221E+00
      1470 -1.0000000E+01  1.3013741E+02  2.4074073E+00
      1471  2.1747408E-09  1.3013742E+02  2.4074073E+00
      1472  1.0000000E+01  1.3013742E+02  2.4074073E+00
      1473 -1.0000000E+01  1.4014799E+02  2.5925927E+00
      1474 -2.1747408E-09  1.4014799E+02  2.5925927E+00
      1475  1.0000000E+01  1.4014799E+02  2.5925927E+00
      1476 -1.0000000E+01  1.5015855E+02  2.7777779E+00
      1477 -5.0615667E-09  1.5015855E+02  2.7777779E+00
      1478  1.0000000E+01  1.5015855E+02  2.7777779E+00
      1479 -1.0000000E+01  1.6016913E+02  2.9629631E+00
      1480 -6.4444388E-09  1.6016913E+02  2.9629631E+00
      1481  1.0000000E+01  1.6016913E+02  2.9629631E+00
      1482 -1.0000000E+01  1.7017970E+02  3.1481481E+00
      1483 -6.7565540E-09  1.7017970E+02  3.1481481E+00
      1484  1.0000000E+01  1.7017970E+02  3.1481481E+00
      1485 -1.0000000E+01  1.8019028E+02  3.3333333E+00
      1486 -6.3415215E-09  1.8019028E+02  3.3333333E+00
      1487  1.0000000E+01  1.8019028E+02  3.3333333E+00
      1488 -1.0000000E+01  1.9020084E+02  3.5185184E+00
      1489 -5.4744622E-09  1.9020084E+02  3.5185184E+00
      1490  1.0000000E+01  1.9020084E+02  3.5185184E+00
      1491 -1.0000000E+01  2.0021141E+02  3.7037036E+00
      1492 -4.3760715E-09  2.0021141E+02  3.7037036E+00
      1493  1.0000000E+01  2.0021141E+02  3.7037036E+00
      1494 -1.0000000E+01  2.1022198E+02  3.8888888E+00
      1495 -3.2217671E-09  2.1022198E+02  3.8888888E+00
      1496  1.0000000E+01  2.1022198E+02  3.8888888E+00
      1497 -1.0000000E+01  2.2023254E+02  4.0740743E+00
      1498 -2.1471787E-09  2.2023254E+02  4.0740743E+00
      1499  1.0000000E+01  2.2023254E+02  4.0740743E+00
      1500 -1.0000000E+01  2.3024312E+02  4.2592592E+00
      1501 -1.2506041E-09  2.3024312E+02  4.2592592E+00
      1502  1.0000000E+01  2.3024312E+02  4.2592592E+00
      1503 -1.0000000E+01  2.4025369E+02  4.4444442E+00
      1504 -5.9273197E-10  2.4025369E+02  4.4444442E+00
      1505  1.0000000E+01  2.4025369E+02  4.4444442E+00
      1506 -1.0000000E+01  2.5026427E+02  4.6296296E+00
      1507 -1.9338416E-10  2.5026427E+02  4.6296296E+00
      1508  1.0000000E+01  2.5026427E+02  4.6296296E+00
      1509 -1.0000000E+01  2.6027484E+02  4.8148146E+00
      1510 -2.4776495E-11  2.6027484E+02  4.8148146E+00
      1511  1.0000000E+01  2.6027484E+02  4.8148146E+00
      1512 -1.0000000E+01  1.5500000E+02  1.4698228E+02
      1513 -3.2474023E-15  1.5500000E+02  1.4698228E+02
      1514  1.0000000E+01  1.5500000E+02  1.4698228E+02
      1515 -1.0000000E+01  1.5500000E+02  1.3736690E+02
      1516 -4.1217030E-15  1.5500000E+02  1.3736690E+02
      1517  1.0000000E+01  1.5500000E+02  1.3736690E+02
      1518 -1.0000000E+01  1.5500000E+02  1.2775152E+02
      1519  2.7755576E-17  1.5500000E+02  1.2775152E+02
      1520  1.0000000E+01  1.5500000E+02  1.2775152E+02
      1521 -1.0000000E+01  1.5500000E+02  1.1813613E+02
      1522 -7.0776718E-16  1.5500000E+02  1.1813613E+02
      1523  1.0000000E+01  1.5500000E+02  1.1813613E+02
      1524 -1.0000000E+01  1.5500000E+02  1.0852075E+02
      1525 -2.7755576E-17  1.5500000E+02  1.0852075E+02
      1526  1.0000000E+01  1.5500000E+02  1.0852075E+02
      1527 -1.0000000E+01  1.5500000E+02  9.8905365E+01
      1528  7.8582973E-16  1.5500000E+02  9.8905365E+01
      1529  1.0000000E+01  1.5500000E+02  9.8905365E+01
      1530 -1.0000000E+01  1.5500000E+02  8.9289978E+01
      1531 -7.8582973E-16  1.5500000E+02  8.9289978E+01
      1532  1.0000000E+01  1.5500000E+02  8.9289978E+01
      1533 -1.0000000E+01  1.5500000E+02  7.9674599E+01
      1534  6.1062266E-16  1.5500000E+02  7.9674599E+01
      1535  1.0000000E+01  1.5500000E+02  7.9674599E+01
      1536 -1.0000000E+01  1.5500000E+02  7.0059212E+01
      1537  5.4123372E-16  1.5500000E+02  7.0059212E+01
      1538  1.0000000E+01  1.5500000E+02  7.0059212E+01
      1539 -1.0000000E+01  1.5500000E+02  6.0443829E+01
      1540 -3.8857806E-16  1.5500000E+02  6.0443829E+01
      1541  1.0000000E+01  1.5500000E+02  6.0443829E+01
      1542 -1.0000000E+01  1.5500000E+02  5.0828442E+01
      1543 -1.8041124E-16  1.5500000E+02  5.0828442E+01
      1544  1.0000000E+01  1.5500000E+02  5.0828442E+01
      1545 -1.0000000E+01  1.5500000E+02  4.1213058E+01
      1546  3.2265857E-16  1.5500000E+02  4.1213058E+01
      1547  1.0000000E+01  1.5500000E+02  4.1213058E+01
      1548 -1.0000000E+01  1.5500000E+02  2.8500000E+02
      1549 -1.2698176E-15  1.5500000E+02  2.8500000E+02
      1550  1.0000000E+01  1.5500000E+02  2.8500000E+02
      1551 -1.0000000E+01  1.5500000E+02  2.7500000E+02
      1552 -8.0491169E-16  1.5500000E+02  2.7500000E+02
      1553  1.0000000E+01  1.5500000E+02  2.7500000E+02
      1554 -1.0000000E+01  1.5500000E+02  2.6500000E+02
      1555  0.0000000E+00  1.5500000E+02  2.6500000E+02
      1556  1.0000000E+01  1.5500000E+02  2.6500000E+02
      1557 -1.0000000E+01  1.5500000E+02  2.5500000E+02
      1558 -1.8665625E-15  1.5500000E+02  2.5500000E+02
      1559  1.0000000E+01  1.5500000E+02  2.5500000E+02
      1560 -1.0000000E+01  1.5500000E+02  2.4500000E+02
      1561  0.0000000E+00  1.5500000E+02  2.4500000E+02
      1562  1.0000000E+01  1.5500000E+02  2.4500000E+02
      1563 -1.0000000E+01  1.5500000E+02  2.3500000E+02
      1564  1.8665625E-15  1.5500000E+02  2.3500000E+02
      1565  1.0000000E+01  1.5500000E+02  2.3500000E+02
      1566 -1.0000000E+01  1.5500000E+02  2.2500000E+02
      1567  8.8817842E-16  1.5500000E+02  2.2500000E+02
      1568  1.0000000E+01  1.5500000E+02  2.2500000E+02
      1569 -1.0000000E+01  1.5500000E+02  2.1500000E+02
      1570  8.0491169E-16  1.5500000E+02  2.1500000E+02
      1571  1.0000000E+01  1.5500000E+02  2.1500000E+02
      1572 -1.0000000E+01  1.5500000E+02  2.0500000E+02
      1573  1.2698176E-15  1.5500000E+02  2.0500000E+02
      1574  1.0000000E+01  1.5500000E+02  2.0500000E+02
      1575 -1.0000000E+01  1.8655833E+02  3.6597672E+01
      1576 -3.0184188E-16  1.8655833E+02  3.6597672E+01
      1577  1.0000000E+01  1.8655833E+02  3.6597672E+01
      1578 -1.0000000E+01  1.8655833E+02  4.6597672E+01
      1579 -4.0523140E-15  1.8655833E+02  4.6597672E+01
      1580  1.0000000E+01  1.8655833E+02  4.6597672E+01
      1581 -1.0000000E+01  1.8655833E+02  5.6597672E+01
      1582  1.6653345E-16  1.8655833E+02  5.6597672E+01
      1583  1.0000000E+01  1.8655833E+02  5.6597672E+01
      1584 -1.0000000E+01  1.8655833E+02  6.6597672E+01
      1585  8.3266727E-17  1.8655833E+02  6.6597672E+01
      1586  1.0000000E+01  1.8655833E+02  6.6597672E+01
      1587 -1.0000000E+01  1.8655833E+02  7.6597672E+01
      1588 -8.8817842E-16  1.8655833E+02  7.6597672E+01
      1589  1.0000000E+01  1.8655833E+02  7.6597672E+01
      1590 -1.0000000E+01  1.8655833E+02  8.6597672E+01
      1591 -5.2041704E-16  1.8655833E+02  8.6597672E+01
      1592  1.0000000E+01  1.8655833E+02  8.6597672E+01
      1593 -1.0000000E+01  1.8655833E+02  9.6597672E+01
      1594  2.0036056E-15  1.8655833E+02  9.6597672E+01
      1595  1.0000000E+01  1.8655833E+02  9.6597672E+01
      1596 -1.0000000E+01  1.8655833E+02  1.0659767E+02
      1597 -1.6653345E-16  1.8655833E+02  1.0659767E+02
      1598  1.0000000E+01  1.8655833E+02  1.0659767E+02
      1599 -1.0000000E+01  1.8655833E+02  1.1659767E+02
      1600 -1.0547119E-15  1.8655833E+02  1.1659767E+02
      1601  1.0000000E+01  1.8655833E+02  1.1659767E+02
      1602 -1.0000000E+01  1.8655833E+02  1.2659767E+02
      1603 -3.1918912E-16  1.8655833E+02  1.2659767E+02
      1604  1.0000000E+01  1.8655833E+02  1.2659767E+02
      1605 -1.0000000E+01  1.8655833E+02  1.3659767E+02
      1606 -2.3592239E-16  1.8655833E+02  1.3659767E+02
      1607  1.0000000E+01  1.8655833E+02  1.3659767E+02
      1608 -1.0000000E+01  1.8655833E+02  1.4659767E+02
      1609  3.9759862E-15  1.8655833E+02  1.4659767E+02
      1610  1.0000000E+01  1.8655833E+02  1.4659767E+02
      1611 -1.0000000E+01  1.8655833E+02  2.0500000E+02
      1612 -1.2698176E-15  1.8655833E+02  2.0500000E+02
      1613  1.0000000E+01  1.8655833E+02  2.0500000E+02
      1614 -1.0000000E+01  1.8655833E+02  2.1500000E+02
      1615 -8.0491169E-16  1.8655833E+02  2.1500000E+02
      1616  1.0000000E+01  1.8655833E+02  2.1500000E+02
      1617 -1.0000000E+01  1.8655833E+02  2.2500000E+02
      1618 -8.8817842E-16  1.8655833E+02  2.2500000E+02
      1619  1.0000000E+01  1.8655833E+02  2.2500000E+02
      1620 -1.0000000E+01  1.8655833E+02  2.3500000E+02
      1621 -1.8665625E-15  1.8655833E+02  2.3500000E+02
      1622  1.0000000E+01  1.8655833E+02  2.3500000E+02
      1623 -1.0000000E+01  1.8655833E+02  2.4500000E+02
      1624  0.0000000E+00  1.8655833E+02  2.4500000E+02
      1625  1.0000000E+01  1.8655833E+02  2.4500000E+02
      1626 -1.0000000E+01  1.8655833E+02  2.5500000E+02
      1627  1.8665625E-15  1.8655833E+02  2.5500000E+02
      1628  1.0000000E+01  1.8655833E+02  2.5500000E+02
      1629 -1.0000000E+01  1.8655833E+02  2.6500000E+02
      1630  0.0000000E+00  1.8655833E+02  2.6500000E+02
      1631  1.0000000E+01  1.8655833E+02  2.6500000E+02
      1632 -1.0000000E+01  1.8655833E+02  2.7500000E+02
      1633  8.0491169E-16  1.8655833E+02  2.7500000E+02
      1634  1.0000000E+01  1.8655833E+02  2.7500000E+02
      1635 -1.0000000E+01  1.8655833E+02  2.8500000E+02
      1636  1.2698176E-15  1.8655833E+02  2.8500000E+02
      1637  1.0000000E+01  1.8655833E+02  2.8500000E+02
      1638 -1.0000000E+01  3.3500000E+02  3.1500000E+02
      1639  6.8781786E-16  3.3500000E+02  3.1500000E+02
      1640  1.0000000E+01  3.3500000E+02  3.1500000E+02
      1641 -1.0000000E+01  3.2500000E+02  3.1500000E+02
      1642 -2.7061686E-16  3.2500000E+02  3.1500000E+02
      1643  1.0000000E+01  3.2500000E+02  3.1500000E+02
      1644 -1.0000000E+01  3.1500000E+02  3.1500000E+02
      1645 -6.1686767E-15  3.1500000E+02  3.1500000E+02
      1646  1.0000000E+01  3.1500000E+02  3.1500000E+02
      1647 -1.0000000E+01  3.0500000E+02  3.1500000E+02
      1648 -1.2975732E-15  3.0500000E+02  3.1500000E+02
      1649  1.0000000E+01  3.0500000E+02  3.1500000E+02
      1650 -1.0000000E+01  2.9500000E+02  3.1500000E+02
      1651 -1.0547119E-15  2.9500000E+02  3.1500000E+02
      1652  1.0000000E+01  2.9500000E+02  3.1500000E+02
      1653 -1.0000000E+01  2.8500000E+02  3.1500000E+02
      1654 -1.0408341E-15  2.8500000E+02  3.1500000E+02
      1655  1.0000000E+01  2.8500000E+02  3.1500000E+02
      1656 -1.0000000E+01  2.7500000E+02  3.1500000E+02
      1657 -1.1102230E-16  2.7500000E+02  3.1500000E+02
      1658  1.0000000E+01  2.7500000E+02  3.1500000E+02
      1659 -1.0000000E+01  2.6500000E+02  3.1500000E+02
      1660  0.0000000E+00  2.6500000E+02  3.1500000E+02
      1661  1.0000000E+01  2.6500000E+02  3.1500000E+02
      1662 -1.0000000E+01  2.5500000E+02  3.1500000E+02
      1663 -1.5404344E-15  2.5500000E+02  3.1500000E+02
      1664  1.0000000E+01  2.5500000E+02  3.1500000E+02
      1665 -1.0000000E+01  2.4500000E+02  3.1500000E+02
      1666 -3.0531133E-16  2.4500000E+02  3.1500000E+02
      1667  1.0000000E+01  2.4500000E+02  3.1500000E+02
      1668 -1.0000000E+01  2.3500000E+02  3.1500000E+02
      1669 -7.8409501E-16  2.3500000E+02  3.1500000E+02
      1670  1.0000000E+01  2.3500000E+02  3.1500000E+02
      1671 -1.0000000E+01  2.2500000E+02  3.1500000E+02
      1672  1.8041124E-16  2.2500000E+02  3.1500000E+02
      1673  1.0000000E+01  2.2500000E+02  3.1500000E+02
      1674 -1.0000000E+01  2.1500000E+02  3.1500000E+02
      1675  6.1756156E-16  2.1500000E+02  3.1500000E+02
      1676  1.0000000E+01  2.1500000E+02  3.1500000E+02
      1677 -1.0000000E+01  2.0500000E+02  3.1500000E+02
      1678  0.0000000E+00  2.0500000E+02  3.1500000E+02
      1679  1.0000000E+01  2.0500000E+02  3.1500000E+02
      1680 -1.0000000E+01  1.9500000E+02  3.1500000E+02
      1681 -6.1756156E-16  1.9500000E+02  3.1500000E+02
      1682  1.0000000E+01  1.9500000E+02  3.1500000E+02
      1683 -1.0000000E+01  1.8500000E+02  3.1500000E+02
      1684  1.3877788E-16  1.8500000E+02  3.1500000E+02
      1685  1.0000000E+01  1.8500000E+02  3.1500000E+02
      1686 -1.0000000E+01  1.7500000E+02  3.1500000E+02
      1687  7.8409501E-16  1.7500000E+02  3.1500000E+02
      1688  1.0000000E+01  1.7500000E+02  3.1500000E+02
      1689 -1.0000000E+01  1.6500000E+02  3.1500000E+02
      1690  3.0531133E-16  1.6500000E+02  3.1500000E+02
      1691  1.0000000E+01  1.6500000E+02  3.1500000E+02
      1692 -1.0000000E+01  1.5500000E+02  3.1500000E+02
      1693  1.3739010E-15  1.5500000E+02  3.1500000E+02
      1694  1.0000000E+01  1.5500000E+02  3.1500000E+02
      1695 -1.0000000E+01  1.4500000E+02  3.1500000E+02
      1696  0.0000000E+00  1.4500000E+02  3.1500000E+02
      1697  1.0000000E+01  1.4500000E+02  3.1500000E+02
      1698 -1.0000000E+01  1.3500000E+02  3.1500000E+02
      1699  1.1102230E-16  1.3500000E+02  3.1500000E+02
      1700  1.0000000E+01  1.3500000E+02  3.1500000E+02
      1701 -1.0000000E+01  1.2500000E+02  3.1500000E+02
      1702  1.0408341E-15  1.2500000E+02  3.1500000E+02
      1703  1.0000000E+01  1.2500000E+02  3.1500000E+02
      1704 -1.0000000E+01  1.1500000E+02  3.1500000E+02
      1705  4.7184479E-16  1.1500000E+02  3.1500000E+02
      1706  1.0000000E+01  1.1500000E+02  3.1500000E+02
      1707 -1.0000000E+01  1.0500000E+02  3.1500000E+02
      1708  1.2975732E-15  1.0500000E+02  3.1500000E+02
      1709  1.0000000E+01  1.0500000E+02  3.1500000E+02
      1710 -1.0000000E+01  9.5000000E+01  3.1500000E+02
      1711 -1.2143064E-15  9.5000000E+01  3.1500000E+02
      1712  1.0000000E+01  9.5000000E+01  3.1500000E+02
      1713 -1.0000000E+01  8.5000000E+01  3.1500000E+02
      1714 -4.5796700E-16  8.5000000E+01  3.1500000E+02
      1715  1.0000000E+01  8.5000000E+01  3.1500000E+02
      1716 -1.0000000E+01  7.5000000E+01  3.1500000E+02
      1717 -6.8781786E-16  7.5000000E+01  3.1500000E+02
      1718  1.0000000E+01  7.5000000E+01  3.1500000E+02
      1719 -1.0000000E+01  2.4641219E+02  2.6597673E+01
      1720 -4.6004867E-15  2.4641219E+02  2.6597673E+01
      1721  1.0000000E+01  2.4641219E+02  2.6597673E+01
      1722 -1.0000000E+01  2.3643654E+02  2.6597673E+01
      1723 -5.2735594E-16  2.3643654E+02  2.6597673E+01
      1724  1.0000000E+01  2.3643654E+02  2.6597673E+01
      1725 -1.0000000E+01  2.2646091E+02  2.6597673E+01
      1726  9.7838404E-16  2.2646091E+02  2.6597673E+01
      1727  1.0000000E+01  2.2646091E+02  2.6597673E+01
      1728 -1.0000000E+01  2.1648526E+02  2.6597673E+01
      1729 -3.1918912E-16  2.1648526E+02  2.6597673E+01
      1730  1.0000000E+01  2.1648526E+02  2.6597673E+01
      1731 -1.0000000E+01  2.0650961E+02  2.6597673E+01
      1732  8.4654506E-16  2.0650961E+02  2.6597673E+01
      1733  1.0000000E+01  2.0650961E+02  2.6597673E+01
      1734 -1.0000000E+01  1.9653397E+02  2.6597673E+01
      1735 -2.9143354E-15  1.9653397E+02  2.6597673E+01
      1736  1.0000000E+01  1.9653397E+02  2.6597673E+01
      1737 -1.0000000E+01  1.9653397E+02  1.5659767E+02
      1738 -4.6004867E-15  1.9653397E+02  1.5659767E+02
      1739  1.0000000E+01  1.9653397E+02  1.5659767E+02
      1740 -1.0000000E+01  2.0650961E+02  1.5659767E+02
      1741 -5.2735594E-16  2.0650961E+02  1.5659767E+02
      1742  1.0000000E+01  2.0650961E+02  1.5659767E+02
      1743 -1.0000000E+01  2.1648526E+02  1.5659767E+02
      1744  9.7838404E-16  2.1648526E+02  1.5659767E+02
      1745  1.0000000E+01  2.1648526E+02  1.5659767E+02
      1746 -1.0000000E+01  2.2646091E+02  1.5659767E+02
      1747 -3.1918912E-16  2.2646091E+02  1.5659767E+02
      1748  1.0000000E+01  2.2646091E+02  1.5659767E+02
      1749 -1.0000000E+01  2.3643654E+02  1.5659767E+02
      1750  8.4654506E-16  2.3643654E+02  1.5659767E+02
      1751  1.0000000E+01  2.3643654E+02  1.5659767E+02
      1752 -1.0000000E+01  2.4641219E+02  1.5659767E+02
      1753 -2.9143354E-15  2.4641219E+02  1.5659767E+02
      1754  1.0000000E+01  2.4641219E+02  1.5659767E+02
      1755 -1.0000000E+01  2.4641219E+02  1.9500000E+02
      1756 -4.6004867E-15  2.4641219E+02  1.9500000E+02
      1757  1.0000000E+01  2.4641219E+02  1.9500000E+02
      1758 -1.0000000E+01  2.3643654E+02  1.9500000E+02
      1759 -5.2735594E-16  2.3643654E+02  1.9500000E+02
      1760  1.0000000E+01  2.3643654E+02  1.9500000E+02
      1761 -1.0000000E+01  2.2646091E+02  1.9500000E+02
      1762  9.7838404E-16  2.2646091E+02  1.9500000E+02
      1763  1.0000000E+01  2.2646091E+02  1.9500000E+02
      1764 -1.0000000E+01  2.1648526E+02  1.9500000E+02
      1765 -3.1918912E-16  2.1648526E+02  1.9500000E+02
      1766  1.0000000E+01  2.1648526E+02  1.9500000E+02
      1767 -1.0000000E+01  2.0650961E+02  1.9500000E+02
      1768  8.4654506E-16  2.0650961E+02  1.9500000E+02
      1769  1.0000000E+01  2.0650961E+02  1.9500000E+02
      1770 -1.0000000E+01  1.9653397E+02  1.9500000E+02
      1771 -2.9143354E-15  1.9653397E+02  1.9500000E+02
      1772  1.0000000E+01  1.9653397E+02  1.9500000E+02
      1773 -1.0000000E+01  1.9653397E+02  2.9500000E+02
      1774 -4.6004867E-15  1.9653397E+02  2.9500000E+02
      1775  1.0000000E+01  1.9653397E+02  2.9500000E+02
      1776 -1.0000000E+01  2.0650961E+02  2.9500000E+02
      1777 -5.2735594E-16  2.0650961E+02  2.9500000E+02
      1778  1.0000000E+01  2.0650961E+02  2.9500000E+02
      1779 -1.0000000E+01  2.1648526E+02  2.9500000E+02
      1780  9.7838404E-16  2.1648526E+02  2.9500000E+02
      1781  1.0000000E+01  2.1648526E+02  2.9500000E+02
      1782 -1.0000000E+01  2.2646091E+02  2.9500000E+02
      1783 -3.1918912E-16  2.2646091E+02  2.9500000E+02
      1784  1.0000000E+01  2.2646091E+02  2.9500000E+02
      1785 -1.0000000E+01  2.3643654E+02  2.9500000E+02
      1786  8.4654506E-16  2.3643654E+02  2.9500000E+02
      1787  1.0000000E+01  2.3643654E+02  2.9500000E+02
      1788 -1.0000000E+01  2.4641219E+02  2.9500000E+02
      1789 -2.9143354E-15  2.4641219E+02  2.9500000E+02
      1790  1.0000000E+01  2.4641219E+02  2.9500000E+02
      1791 -1.0000000E+01  2.5638782E+02  1.4659767E+02
      1792 -3.0184188E-16  2.5638782E+02  1.4659767E+02
      1793  1.0000000E+01  2.5638782E+02  1.4659767E+02
      1794 -1.0000000E+01  2.5638782E+02  1.3659767E+02
      1795 -4.0523140E-15  2.5638782E+02  1.3659767E+02
      1796  1.0000000E+01  2.5638782E+02  1.3659767E+02
      1797 -1.0000000E+01  2.5638782E+02  1.2659767E+02
      1798  1.6653345E-16  2.5638782E+02  1.2659767E+02
      1799  1.0000000E+01  2.5638782E+02  1.2659767E+02
      1800 -1.0000000E+01  2.5638782E+02  1.1659767E+02
      1801  8.3266727E-17  2.5638782E+02  1.1659767E+02
      1802  1.0000000E+01  2.5638782E+02  1.1659767E+02
      1803 -1.0000000E+01  2.5638782E+02  1.0659767E+02
      1804 -8.8817842E-16  2.5638782E+02  1.0659767E+02
      1805  1.0000000E+01  2.5638782E+02  1.0659767E+02
      1806 -1.0000000E+01  2.5638782E+02  9.6597672E+01
      1807 -5.2041704E-16  2.5638782E+02  9.6597672E+01
      1808  1.0000000E+01  2.5638782E+02  9.6597672E+01
      1809 -1.0000000E+01  2.5638782E+02  8.6597672E+01
      1810  2.0036056E-15  2.5638782E+02  8.6597672E+01
      1811  1.0000000E+01  2.5638782E+02  8.6597672E+01
      1812 -1.0000000E+01  2.5638782E+02  7.6597672E+01
      1813 -1.6653345E-16  2.5638782E+02  7.6597672E+01
      1814  1.0000000E+01  2.5638782E+02  7.6597672E+01
      1815 -1.0000000E+01  2.5638782E+02  6.6597672E+01
      1816 -1.0547119E-15  2.5638782E+02  6.6597672E+01
      1817  1.0000000E+01  2.5638782E+02  6.6597672E+01
      1818 -1.0000000E+01  2.5638782E+02  5.6597672E+01
      1819 -3.1918912E-16  2.5638782E+02  5.6597672E+01
      1820  1.0000000E+01  2.5638782E+02  5.6597672E+01
      1821 -1.0000000E+01  2.5638782E+02  4.6597672E+01
      1822 -2.3592239E-16  2.5638782E+02  4.6597672E+01
      1823  1.0000000E+01  2.5638782E+02  4.6597672E+01
      1824 -1.0000000E+01  2.5638782E+02  3.6597672E+01
      1825  3.9759862E-15  2.5638782E+02  3.6597672E+01
      1826  1.0000000E+01  2.5638782E+02  3.6597672E+01
      1827 -1.0000000E+01  2.5638782E+02  2.8500000E+02
      1828 -1.2698176E-15  2.5638782E+02  2.8500000E+02
      1829  1.0000000E+01  2.5638782E+02  2.8500000E+02
      1830 -1.0000000E+01  2.5638782E+02  2.7500000E+02
      1831 -8.0491169E-16  2.5638782E+02  2.7500000E+02
      1832  1.0000000E+01  2.5638782E+02  2.7500000E+02
      1833 -1.0000000E+01  2.5638782E+02  2.6500000E+02
      1834  0.0000000E+00  2.5638782E+02  2.6500000E+02
      1835  1.0000000E+01  2.5638782E+02  2.6500000E+02
      1836 -1.0000000E+01  2.5638782E+02  2.5500000E+02
      1837 -1.8665625E-15  2.5638782E+02  2.5500000E+02
      1838  1.0000000E+01  2.5638782E+02  2.5500000E+02
      1839 -1.0000000E+01  2.5638782E+02  2.4500000E+02
      1840  0.0000000E+00  2.5638782E+02  2.4500000E+02
      1841  1.0000000E+01  2.5638782E+02  2.4500000E+02
      1842 -1.0000000E+01  2.5638782E+02  2.3500000E+02
      1843  1.8665625E-15  2.5638782E+02  2.3500000E+02
      1844  1.0000000E+01  2.5638782E+02  2.3500000E+02
      1845 -1.0000000E+01  2.5638782E+02  2.2500000E+02
      1846  8.8817842E-16  2.5638782E+02  2.2500000E+02
      1847  1.0000000E+01  2.5638782E+02  2.2500000E+02
      1848 -1.0000000E+01  2.5638782E+02  2.1500000E+02
      1849  8.0491169E-16  2.5638782E+02  2.1500000E+02
      1850  1.0000000E+01  2.5638782E+02  2.1500000E+02
      1851 -1.0000000E+01  2.5638782E+02  2.0500000E+02
      1852  1.2698176E-15  2.5638782E+02  2.0500000E+02
      1853  1.0000000E+01  2.5638782E+02  2.0500000E+02
      1854 -1.0000000E+01  2.7028540E+02  1.5000000E+01
      1855  4.2587461E-15  2.7028540E+02  1.5000000E+01
      1856  1.0000000E+01  2.7028540E+02  1.5000000E+01
      1857 -1.0000000E+01  2.7028540E+02  2.5000000E+01
      1858 -1.5439039E-15  2.7028540E+02  2.5000000E+01
      1859  1.0000000E+01  2.7028540E+02  2.5000000E+01
      1860 -1.0000000E+01  2.7028540E+02  3.5000000E+01
      1861 -4.7878368E-16  2.7028540E+02  3.5000000E+01
      1862  1.0000000E+01  2.7028540E+02  3.5000000E+01
      1863 -1.0000000E+01  2.7028540E+02  4.5000000E+01
      1864 -3.6914916E-15  2.7028540E+02  4.5000000E+01
      1865  1.0000000E+01  2.7028540E+02  4.5000000E+01
      1866 -1.0000000E+01  2.7028540E+02  5.5000000E+01
      1867 -4.0245585E-16  2.7028540E+02  5.5000000E+01
      1868  1.0000000E+01  2.7028540E+02  5.5000000E+01
      1869 -1.0000000E+01  2.7028540E+02  6.5000000E+01
      1870  3.4694470E-16  2.7028540E+02  6.5000000E+01
      1871  1.0000000E+01  2.7028540E+02  6.5000000E+01
      1872 -1.0000000E+01  2.7028540E+02  7.5000000E+01
      1873 -1.8179902E-15  2.7028540E+02  7.5000000E+01
      1874  1.0000000E+01  2.7028540E+02  7.5000000E+01
      1875 -1.0000000E+01  2.7028540E+02  8.5000000E+01
      1876  2.0816682E-16  2.7028540E+02  8.5000000E+01
      1877  1.0000000E+01  2.7028540E+02  8.5000000E+01
      1878 -1.0000000E+01  2.7028540E+02  9.5000000E+01
      1879  2.7200464E-15  2.7028540E+02  9.5000000E+01
      1880  1.0000000E+01  2.7028540E+02  9.5000000E+01
      1881 -1.0000000E+01  2.7028540E+02  1.0500000E+02
      1882  3.8857806E-16  2.7028540E+02  1.0500000E+02
      1883  1.0000000E+01  2.7028540E+02  1.0500000E+02
      1884 -1.0000000E+01  2.7028540E+02  1.1500000E+02
      1885  2.8449465E-16  2.7028540E+02  1.1500000E+02
      1886  1.0000000E+01  2.7028540E+02  1.1500000E+02
      1887 -1.0000000E+01  2.7028540E+02  1.2500000E+02
      1888 -2.4286129E-16  2.7028540E+02  1.2500000E+02
      1889  1.0000000E+01  2.7028540E+02  1.2500000E+02
      1890 -1.0000000E+01  2.7028540E+02  1.3500000E+02
      1891  0.0000000E+00  2.7028540E+02  1.3500000E+02
      1892  1.0000000E+01  2.7028540E+02  1.3500000E+02
      1893 -1.0000000E+01  2.7028540E+02  1.4500000E+02
      1894  2.4286129E-16  2.7028540E+02  1.4500000E+02
      1895  1.0000000E+01  2.7028540E+02  1.4500000E+02
      1896 -1.0000000E+01  2.7028540E+02  1.5500000E+02
      1897 -4.1633363E-17  2.7028540E+02  1.5500000E+02
      1898  1.0000000E+01  2.7028540E+02  1.5500000E+02
      1899 -1.0000000E+01  2.7028540E+02  1.6500000E+02
      1900 -3.8857806E-16  2.7028540E+02  1.6500000E+02
      1901  1.0000000E+01  2.7028540E+02  1.6500000E+02
      1902 -1.0000000E+01  2.7028540E+02  1.7500000E+02
      1903 -8.7430063E-16  2.7028540E+02  1.7500000E+02
      1904  1.0000000E+01  2.7028540E+02  1.7500000E+02
      1905 -1.0000000E+01  2.7028540E+02  1.8500000E+02
      1906 -2.0816682E-16  2.7028540E+02  1.8500000E+02
      1907  1.0000000E+01  2.7028540E+02  1.8500000E+02
      1908 -1.0000000E+01  2.7028540E+02  1.9500000E+02
      1909  9.0205621E-16  2.7028540E+02  1.9500000E+02
      1910  1.0000000E+01  2.7028540E+02  1.9500000E+02
      1911 -1.0000000E+01  2.7028540E+02  2.0500000E+02
      1912  4.1633363E-17  2.7028540E+02  2.0500000E+02
      1913  1.0000000E+01  2.7028540E+02  2.0500000E+02
      1914 -1.0000000E+01  2.7028540E+02  2.1500000E+02
      1915  4.0245585E-16  2.7028540E+02  2.1500000E+02
      1916  1.0000000E+01  2.7028540E+02  2.1500000E+02
      1917 -1.0000000E+01  2.7028540E+02  2.2500000E+02
      1918 -9.1593400E-16  2.7028540E+02  2.2500000E+02
      1919  1.0000000E+01  2.7028540E+02  2.2500000E+02
      1920 -1.0000000E+01  2.7028540E+02  2.3500000E+02
      1921  4.7878368E-16  2.7028540E+02  2.3500000E+02
      1922  1.0000000E+01  2.7028540E+02  2.3500000E+02
      1923 -1.0000000E+01  2.7028540E+02  2.4500000E+02
      1924  4.8017146E-15  2.7028540E+02  2.4500000E+02
      1925  1.0000000E+01  2.7028540E+02  2.4500000E+02
      1926 -1.0000000E+01  2.7028540E+02  2.5500000E+02
      1927 -7.8435522E-15  2.7028540E+02  2.5500000E+02
      1928  1.0000000E+01  2.7028540E+02  2.5500000E+02
      1929 -1.0000000E+01  2.7962473E+02  2.6500000E+02
      1930 -2.9143354E-16  2.7962473E+02  2.6500000E+02
      1931  1.0000000E+01  2.7962473E+02  2.6500000E+02
      1932 -1.0000000E+01  2.8896405E+02  2.6500000E+02
      1933 -6.1062266E-16  2.8896405E+02  2.6500000E+02
      1934  1.0000000E+01  2.8896405E+02  2.6500000E+02
      1935 -1.0000000E+01  2.9830338E+02  2.6500000E+02
      1936 -1.3877788E-16  2.9830338E+02  2.6500000E+02
      1937  1.0000000E+01  2.9830338E+02  2.6500000E+02
      1938 -1.0000000E+01  3.0764270E+02  2.6500000E+02
      1939  0.0000000E+00  3.0764270E+02  2.6500000E+02
      1940  1.0000000E+01  3.0764270E+02  2.6500000E+02
      1941 -1.0000000E+01  3.1698203E+02  2.6500000E+02
      1942  1.3877788E-16  3.1698203E+02  2.6500000E+02
      1943  1.0000000E+01  3.1698203E+02  2.6500000E+02
      1944 -1.0000000E+01  3.2632135E+02  2.6500000E+02
      1945  6.1062266E-16  3.2632135E+02  2.6500000E+02
      1946  1.0000000E+01  3.2632135E+02  2.6500000E+02
      1947 -1.0000000E+01  3.3566068E+02  2.6500000E+02
      1948  2.9143354E-16  3.3566068E+02  2.6500000E+02
      1949  1.0000000E+01  3.3566068E+02  2.6500000E+02
      1950 -1.0000000E+01  3.4500000E+02  2.7500000E+02
      1951 -1.1102230E-15  3.4500000E+02  2.7500000E+02
      1952  1.0000000E+01  3.4500000E+02  2.7500000E+02
      1953 -1.0000000E+01  3.4500000E+02  2.8500000E+02
      1954 -2.3037128E-15  3.4500000E+02  2.8500000E+02
      1955  1.0000000E+01  3.4500000E+02  2.8500000E+02
      1956 -1.0000000E+01  3.4500000E+02  2.9500000E+02
      1957  2.3037128E-15  3.4500000E+02  2.9500000E+02
      1958  1.0000000E+01  3.4500000E+02  2.9500000E+02
      1959 -1.0000000E+01  3.4500000E+02  3.0500000E+02
      1960  1.1102230E-15  3.4500000E+02  3.0500000E+02
      1961  1.0000000E+01  3.4500000E+02  3.0500000E+02
      1962  2.0000000E+01  1.5500000E+02  3.0468750E+02
      1963  2.0000000E+01  1.6468750E+02  3.0468750E+02
      1964  2.0000000E+01  1.6468750E+02  2.9500000E+02
      1965  2.0000000E+01  1.6484375E+02  2.8500000E+02
      1966  2.0000000E+01  1.6500000E+02  2.7500000E+02
      1967  2.0000000E+01  1.6500000E+02  2.6500000E+02
      1968  2.0000000E+01  1.6500000E+02  2.5500000E+02
      1969  2.0000000E+01  1.6500000E+02  2.4500000E+02
      1970  2.0000000E+01  1.6500000E+02  2.3500000E+02
      1971  2.0000000E+01  1.6500000E+02  2.2500000E+02
      1972  2.0000000E+01  1.6500000E+02  2.1500000E+02
      1973  2.0000000E+01  1.6484375E+02  2.0500000E+02
      1974  2.0000000E+01  1.6468750E+02  1.9500000E+02
      1975  2.0000000E+01  1.6468750E+02  1.8531250E+02
      1976  2.0000000E+01  1.5500000E+02  1.8531250E+02
      1977  2.0000000E+01  1.4562500E+02  1.8546875E+02
      1978  2.0000000E+01  1.3625000E+02  1.8562500E+02
      1979  2.0000000E+01  1.2687500E+02  1.8562500E+02
      1980  2.0000000E+01  1.1750000E+02  1.8562500E+02
      1981  2.0000000E+01  1.0812500E+02  1.8562500E+02
      1982  2.0000000E+01  9.8750000E+01  1.8562500E+02
      1983  2.0000000E+01  8.9375000E+01  1.8546875E+02
      1984  2.0000000E+01  8.0000000E+01  1.8531250E+02
      1985  2.0000000E+01  7.0312500E+01  1.8531250E+02
      1986  2.0000000E+01  7.0312500E+01  1.9500000E+02
      1987  2.0000000E+01  7.0156250E+01  2.0500000E+02
      1988  2.0000000E+01  7.0000000E+01  2.1500000E+02
      1989  2.0000000E+01  7.0000000E+01  2.2500000E+02
      1990  2.0000000E+01  7.0000000E+01  2.3500000E+02
      1991  2.0000000E+01  7.0000000E+01  2.4500000E+02
      1992  2.0000000E+01  7.0000000E+01  2.5500000E+02
      1993  2.0000000E+01  7.0000000E+01  2.6500000E+02
      1994  2.0000000E+01  7.0000000E+01  2.7500000E+02
      1995  2.0000000E+01  7.0156250E+01  2.8500000E+02
      1996  2.0000000E+01  7.0312500E+01  2.9500000E+02
      1997  2.0000000E+01  7.0312500E+01  3.0468750E+02
      1998  2.0000000E+01  8.0000000E+01  3.0468750E+02
      1999  2.0000000E+01  8.9375000E+01  3.0453125E+02
      2000  2.0000000E+01  9.8750000E+01  3.0437500E+02
      2001  2.0000000E+01  1.0812500E+02  3.0437500E+02
      2002  2.0000000E+01  1.1750000E+02  3.0437500E+02
      2003  2.0000000E+01  1.2687500E+02  3.0437500E+02
      2004  2.0000000E+01  1.3625000E+02  3.0437500E+02
      2005  2.0000000E+01  1.4562500E+02  3.0453125E+02
      2006  2.0000000E+01  1.5500000E+02  1.6655162E+02
      2007  2.0000000E+01  1.6495395E+02  1.6655162E+02
      2008  2.0000000E+01  1.6495395E+02  1.5659767E+02
      2009  2.0000000E+01  1.6478467E+02  1.4698228E+02
      2010  2.0000000E+01  1.6461539E+02  1.3736690E+02
      2011  2.0000000E+01  1.6461539E+02  1.2775152E+02
      2012  2.0000000E+01  1.6461539E+02  1.1813613E+02
      2013  2.0000000E+01  1.6461539E+02  1.0852075E+02
      2014  2.0000000E+01  1.6461539E+02  9.8905365E+01
      2015  2.0000000E+01  1.6461539E+02  8.9289978E+01
      2016  2.0000000E+01  1.6461539E+02  7.9674599E+01
      2017  2.0000000E+01  1.6461539E+02  7.0059212E+01
      2018  2.0000000E+01  1.6461539E+02  6.0443829E+01
      2019  2.0000000E+01  1.6461539E+02  5.0828442E+01
      2020  2.0000000E+01  1.6478467E+02  4.1213058E+01
      2021  2.0000000E+01  1.6495395E+02  3.1597673E+01
      2022  2.0000000E+01  1.6495395E+02  2.1643721E+01
      2023  2.0000000E+01  1.5500000E+02  2.1643721E+01
      2024  2.0000000E+01  1.4470747E+02  2.1474438E+01
      2025  2.0000000E+01  1.3441496E+02  2.1305153E+01
      2026  2.0000000E+01  1.2412244E+02  2.1305153E+01
      2027  2.0000000E+01  1.1382992E+02  2.1305153E+01
      2028  2.0000000E+01  1.0353740E+02  2.1305153E+01
      2029  2.0000000E+01  9.3244873E+01  2.1474438E+01
      2030  2.0000000E+01  8.2952354E+01  2.1643721E+01
      2031  2.0000000E+01  7.2998405E+01  2.1643721E+01
      2032  2.0000000E+01  7.2998405E+01  3.1597673E+01
      2033  2.0000000E+01  7.3167686E+01  4.1213058E+01
      2034  2.0000000E+01  7.3336967E+01  5.0828442E+01
      2035  2.0000000E+01  7.3336967E+01  6.0443829E+01
      2036  2.0000000E+01  7.3336967E+01  7.0059212E+01
      2037  2.0000000E+01  7.3336967E+01  7.9674599E+01
      2038  2.0000000E+01  7.3336967E+01  8.9289978E+01
      2039  2.0000000E+01  7.3336967E+01  9.8905365E+01
      2040  2.0000000E+01  7.3336967E+01  1.0852075E+02
      2041  2.0000000E+01  7.3336967E+01  1.1813613E+02
      2042  2.0000000E+01  7.3336967E+01  1.2775152E+02
      2043  2.0000000E+01  7.3336967E+01  1.3736690E+02
      2044  2.0000000E+01  7.3167686E+01  1.4698228E+02
      2045  2.0000000E+01  7.2998405E+01  1.5659767E+02
      2046  2.0000000E+01  7.2998405E+01  1.6655162E+02
      2047  2.0000000E+01  8.2952354E+01  1.6655162E+02
      2048  2.0000000E+01  9.3244873E+01  1.6672092E+02
      2049  2.0000000E+01  1.0353740E+02  1.6689018E+02
      2050  2.0000000E+01  1.1382992E+02  1.6689018E+02
      2051  2.0000000E+01  1.2412244E+02  1.6689018E+02
      2052  2.0000000E+01  1.3441496E+02  1.6689018E+02
      2053  2.0000000E+01  1.4470747E+02  1.6672092E+02
      2054  2.0000000E+01  2.6331784E+02  2.0500356E+02
      2055  2.0000000E+01  1.7567448E+02  1.5656325E+02
      2056  2.0000000E+01  1.6503317E+02  1.7592892E+02
      2057  2.0000000E+01  1.5505328E+02  1.7596951E+02
      2058  2.0000000E+01  1.4519936E+02  1.7609361E+02
      2059  2.0000000E+01  1.3540063E+02  1.7623051E+02
      2060  2.0000000E+01  1.2567782E+02  1.7631442E+02
      2061  2.0000000E+01  8.1541077E+01  1.7622273E+02
      2062  2.0000000E+01  7.2476242E+01  1.7658540E+02
      2063  2.0000000E+01  9.0824631E+01  1.7640886E+02
      2064  2.0000000E+01  1.1620535E+02  1.7651735E+02
      2065  2.0000000E+01  2.6324838E+02  1.5575906E+02
      2066  2.0000000E+01  2.6305563E+02  2.5710932E+01
      2067  2.0000000E+01  1.7478308E+02  2.3691288E+01
      2068  2.0000000E+01  1.7543237E+02  3.3893414E+01
      2069  2.0000000E+01  1.7556595E+02  4.3807495E+01
      2070  2.0000000E+01  1.7557101E+02  5.3652359E+01
      2071  2.0000000E+01  1.7556331E+02  6.3496346E+01
      2072  2.0000000E+01  1.7551456E+02  7.3397820E+01
      2073  2.0000000E+01  1.7535233E+02  8.3500381E+01
      2074  2.0000000E+01  1.7537254E+02  1.1692704E+02
      2075  2.0000000E+01  1.7552859E+02  1.2704839E+02
      2076  2.0000000E+01  1.7558717E+02  1.3694510E+02
      2077  2.0000000E+01  1.7564848E+02  1.4677148E+02
      2078  2.0000000E+01  7.1388344E+01  1.1510607E+01
      2079  2.0000000E+01  6.2018196E+01  2.1774874E+01
      2080  2.0000000E+01  6.2671856E+01  3.1890493E+01
      2081  2.0000000E+01  6.3388241E+01  4.1659286E+01
      2082  2.0000000E+01  6.3847324E+01  5.1226562E+01
      2083  2.0000000E+01  6.4095078E+01  6.0771458E+01
      2084  2.0000000E+01  6.4267693E+01  7.0365227E+01
      2085  2.0000000E+01  6.4487457E+01  8.0058281E+01
      2086  2.0000000E+01  5.5394295E+01  8.0233788E+01
      2087  2.0000000E+01  4.6231846E+01  8.0311203E+01
      2088  2.0000000E+01  3.7044739E+01  8.0319107E+01
      2089  2.0000000E+01  2.7827690E+01  8.0276039E+01
      2090  2.0000000E+01  1.8575817E+01  8.0199509E+01
      2091  2.0000000E+01  9.2956724E+00  8.0104218E+01
      2092  2.0000000E+01  9.3224268E+00  7.0216660E+01
      2093  2.0000000E+01  9.3847723E+00  6.0341606E+01
      2094  2.0000000E+01  9.5017023E+00  5.0472546E+01
      2095  2.0000000E+01  9.6653929E+00  4.0589588E+01
      2096  2.0000000E+01  9.8636179E+00  3.0602865E+01
      2097  2.0000000E+01  9.9781981E+00  2.0506454E+01
      2098  2.0000000E+01  1.0014326E+01  1.0353685E+01
      2099  2.0000000E+01  2.0064875E+01  1.0728472E+01
      2100  2.0000000E+01  3.0190281E+01  1.1093614E+01
      2101  2.0000000E+01  4.0430782E+01  1.1394429E+01
      2102  2.0000000E+01  5.0727673E+01  1.1474825E+01
      2103  2.0000000E+01  6.1030991E+01  1.1477354E+01
      2104  2.0000000E+01  5.1447079E+01  2.2025955E+01
      2105  2.0000000E+01  5.2304276E+01  3.2520359E+01
      2106  2.0000000E+01  5.3924229E+01  4.2323208E+01
      2107  2.0000000E+01  5.4601452E+01  5.1666500E+01
      2108  2.0000000E+01  5.4945881E+01  6.1063812E+01
      2109  2.0000000E+01  5.5168610E+01  7.0587723E+01
      2110  2.0000000E+01  4.6074379E+01  7.0705986E+01
      2111  2.0000000E+01  3.6975155E+01  7.0707253E+01
      2112  2.0000000E+01  2.7832186E+01  7.0594490E+01
      2113  2.0000000E+01  1.8609707E+01  7.0420448E+01
      2114  2.0000000E+01  1.8711155E+01  6.0675129E+01
      2115  2.0000000E+01  1.8895235E+01  5.0987476E+01
      2116  2.0000000E+01  1.9241009E+01  4.1260666E+01
      2117  2.0000000E+01  1.9769451E+01  3.1296410E+01
      2118  2.0000000E+01  2.0013977E+01  2.1050936E+01
      2119  2.0000000E+01  3.0224714E+01  2.1651188E+01
      2120  2.0000000E+01  4.0785824E+01  2.2224236E+01
      2121  2.0000000E+01  4.5694592E+01  5.2090496E+01
      2122  2.0000000E+01  4.5916653E+01  6.1266953E+01
      2123  2.0000000E+01  3.6946110E+01  6.1246281E+01
      2124  2.0000000E+01  2.7895948E+01  6.1009655E+01
      2125  2.0000000E+01  2.8086596E+01  5.1545616E+01
      2126  2.0000000E+01  2.8583755E+01  4.2118565E+01
      2127  2.0000000E+01  2.9905357E+01  3.2225853E+01
      2128  2.0000000E+01  3.6969852E+01  5.2055325E+01
      2129  2.0000000E+01  8.1515541E+01  1.1567840E+01
      2130  2.0000000E+01  9.1652496E+01  1.1597041E+01
      2131  2.0000000E+01  1.0179850E+02  1.1623762E+01
      2132  2.0000000E+01  1.1194683E+02  1.1696987E+01
      2133  2.0000000E+01  1.2209566E+02  1.1788318E+01
      2134  2.0000000E+01  1.3224452E+02  1.1892930E+01
      2135  2.0000000E+01  1.4239091E+02  1.2051728E+01
      2136  2.0000000E+01  1.5252576E+02  1.2239215E+01
      2137  2.0000000E+01  1.6257002E+02  1.2450953E+01
      2138  2.0000000E+01  1.7258858E+02  1.3231712E+01
      2139  2.0000000E+01  1.8304529E+02  1.4336188E+01
      2140  2.0000000E+01  1.9326620E+02  1.4878099E+01
      2141  2.0000000E+01  2.0333174E+02  1.5113284E+01
      2142  2.0000000E+01  2.1334663E+02  1.5250909E+01
      2143  2.0000000E+01  2.2333815E+02  1.5355453E+01
      2144  2.0000000E+01  2.3330342E+02  1.5444261E+01
      2145  2.0000000E+01  2.4320332E+02  1.5512176E+01
      2146  2.0000000E+01  2.6170068E+02  1.5287059E+01
      2147  2.0000000E+01  2.5290494E+02  1.5524038E+01
      2148  2.0000000E+01  2.6332166E+02  1.4579210E+02
      2149  2.0000000E+01  2.6333408E+02  1.3579770E+02
      2150  2.0000000E+01  2.6333618E+02  1.2579864E+02
      2151  2.0000000E+01  2.6333655E+02  1.1579880E+02
      2152  2.0000000E+01  2.6333661E+02  1.0579883E+02
      2153  2.0000000E+01  2.6333661E+02  9.5798836E+01
      2154  2.0000000E+01  2.6333661E+02  8.5798836E+01
      2155  2.0000000E+01  2.6333658E+02  7.5798828E+01
      2156  2.0000000E+01  2.6333640E+02  6.5798767E+01
      2157  2.0000000E+01  2.6333530E+02  5.5798424E+01
      2158  2.0000000E+01  2.6332870E+02  4.5796352E+01
      2159  2.0000000E+01  2.6328943E+02  3.5784077E+01
      2160  2.0000000E+01  2.6322153E+02  1.9502086E+02
      2161  2.0000000E+01  1.7560194E+02  1.9513387E+02
      2162  2.0000000E+01  1.8603313E+02  3.0515408E+02
      2163  2.0000000E+01  2.6115576E+02  3.0471768E+02
      2164  2.0000000E+01  2.6352930E+02  2.6492328E+02
      2165  2.0000000E+01  2.6333743E+02  2.3499966E+02
      2166  2.0000000E+01  2.6333350E+02  2.1500060E+02
      2167  2.0000000E+01  2.6333624E+02  2.2500005E+02
      2168  2.0000000E+01  2.6336902E+02  2.5498711E+02
      2169  2.0000000E+01  2.6334204E+02  2.4499783E+02
      2170  2.0000000E+01  2.7262106E+02  2.7404865E+02
      2171  2.0000000E+01  2.8126370E+02  2.7384351E+02
      2172  2.0000000E+01  2.9018616E+02  2.7394736E+02
      2173  2.0000000E+01  2.9930136E+02  2.7394778E+02
      2174  2.0000000E+01  3.0829590E+02  2.7376843E+02
      2175  2.0000000E+01  3.1718658E+02  2.7386676E+02
      2176  2.0000000E+01  3.2624298E+02  2.7429556E+02
      2177  2.0000000E+01  3.3556396E+02  2.7467282E+02
      2178  2.0000000E+01  3.3536533E+02  2.8442465E+02
      2179  2.0000000E+01  3.3502280E+02  2.9440659E+02
      2180  2.0000000E+01  3.3494577E+02  3.0466733E+02
      2181  2.0000000E+01  3.2476962E+02  3.0425342E+02
      2182  2.0000000E+01  3.1429349E+02  3.0375827E+02
      2183  2.0000000E+01  3.0375427E+02  3.0385870E+02
      2184  2.0000000E+01  2.9331668E+02  3.0390079E+02
      2185  2.0000000E+01  2.8268359E+02  3.0377115E+02
      2186  2.0000000E+01  2.7196869E+02  3.0421893E+02
      2187  2.0000000E+01  2.6854965E+02  2.9379688E+02
      2188  2.0000000E+01  2.6584091E+02  2.8399011E+02
      2189  2.0000000E+01  2.6454883E+02  2.7451425E+02
      2190  2.0000000E+01  2.9112747E+02  2.8304269E+02
      2191  2.0000000E+01  3.0034946E+02  2.8301813E+02
      2192  2.0000000E+01  3.2591577E+02  2.8365738E+02
      2193  2.0000000E+01  3.2482141E+02  2.9356110E+02
      2194  2.0000000E+01  3.0228516E+02  2.9292307E+02
      2195  2.0000000E+01  2.9168332E+02  2.9299112E+02
      2196  2.0000000E+01  2.5082870E+02  3.0492056E+02
      2197  2.0000000E+01  2.4072231E+02  3.0499023E+02
      2198  2.0000000E+01  2.3062866E+02  3.0505118E+02
      2199  2.0000000E+01  2.2036252E+02  3.0520538E+02
      2200  2.0000000E+01  1.7577652E+02  2.5499995E+02
      2201  2.0000000E+01  1.7575259E+02  2.1501135E+02
      2202  2.0000000E+01  1.7568840E+02  2.0503951E+02
      2203  2.0000000E+01  1.7577676E+02  2.3500087E+02
      2204  2.0000000E+01  1.7577782E+02  2.4500021E+02
      2205  2.0000000E+01  1.7577138E+02  2.2500330E+02
      2206  2.0000000E+01  1.7574867E+02  2.7499866E+02
      2207  2.0000000E+01  1.7577026E+02  2.6499963E+02
      2208  2.0000000E+01  1.7567406E+02  2.8499640E+02
      2209  2.0000000E+01  1.7531419E+02  3.0495975E+02
      2210  2.0000000E+01  1.7555183E+02  2.9498911E+02
      2211  2.0000000E+01  1.7548700E+02  1.8544342E+02
      2212  2.0000000E+01  1.7552493E+02  1.7587657E+02
      2213  2.0000000E+01  1.7557062E+02  1.6629813E+02
      2214  2.0000000E+01  1.8612833E+02  1.6623380E+02
      2215  2.0000000E+01  1.9632951E+02  1.6621092E+02
      2216  2.0000000E+01  2.0638777E+02  1.6619998E+02
      2217  2.0000000E+01  2.1636967E+02  1.6619099E+02
      2218  2.0000000E+01  2.2627710E+02  1.6617685E+02
      2219  2.0000000E+01  2.3605875E+02  1.6614653E+02
      2220  2.0000000E+01  2.4559373E+02  1.6607712E+02
      2221  2.0000000E+01  2.5464847E+02  1.6591621E+02
      2222  2.0000000E+01  2.6263553E+02  1.6549637E+02
      2223  2.0000000E+01  2.6239798E+02  1.7528365E+02
      2224  2.0000000E+01  2.6260019E+02  1.8512865E+02
      2225  2.0000000E+01  2.5461620E+02  1.8523186E+02
      2226  2.0000000E+01  2.4558163E+02  1.8530991E+02
      2227  2.0000000E+01  2.3605107E+02  1.8535574E+02
      2228  2.0000000E+01  2.2627148E+02  1.8537973E+02
      2229  2.0000000E+01  2.1636636E+02  1.8539223E+02
      2230  2.0000000E+01  2.0638515E+02  1.8540031E+02
      2231  2.0000000E+01  1.9632430E+02  1.8540875E+02
      2232  2.0000000E+01  1.8610973E+02  1.8542189E+02
      2233  2.0000000E+01  2.0633888E+02  1.7580069E+02
      2234  2.0000000E+01  1.8601282E+02  1.7583585E+02
      2235  2.0000000E+01  1.9625569E+02  1.7581383E+02
      2236  2.0000000E+01  2.1632150E+02  1.7578876E+02
      2237  2.0000000E+01  2.2619931E+02  1.7577007E+02
      2238  2.0000000E+01  2.3590817E+02  1.7573293E+02
      2239  2.0000000E+01  2.4531003E+02  1.7565810E+02
      2240  2.0000000E+01  2.5419574E+02  1.7551733E+02
      2241  2.0000000E+01  9.9392479E+01  1.7714706E+02
      2242  2.0000000E+01  1.0758103E+02  1.7718874E+02
      2243  2.0000000E+01  1.6982787E+02  9.9449310E+01
      2244  2.0000000E+01  1.7481956E+02  1.0598417E+02
      2245  2.0000000E+01  1.7480173E+02  9.4298393E+01
      2246  2.0000000E+01  3.7167007E+01  4.3347034E+01
      2247  2.0000000E+01  4.5297722E+01  4.3419361E+01
      2248  2.0000000E+01  4.1077381E+01  3.3906651E+01
      2249  2.0000000E+01  2.8243701E+02  2.8239789E+02
      2250  2.0000000E+01  2.7433719E+02  2.8264246E+02
      2251  2.0000000E+01  2.8011917E+02  2.9196280E+02
      2252  2.0000000E+01  3.1355920E+02  2.9182172E+02
      2253  2.0000000E+01  3.1720758E+02  2.8243790E+02
      2254  2.0000000E+01  3.0898563E+02  2.8223737E+02
      2255  2.0000000E+01  1.9739999E+02  3.0573383E+02
      2256  2.0000000E+01  2.0430209E+02  3.1036420E+02
      2257  2.0000000E+01  2.0937881E+02  3.0575546E+02
      2258 -2.0000000E+01  7.2312058E-15  1.0000000E+01
      2259 -2.0000000E+01  2.6610838E-14  2.0000000E+01
      2260 -2.0000000E+01  5.4667916E-14  3.0000000E+01
      2261 -2.0000000E+01  8.7931466E-14  4.0000000E+01
      2262 -2.0000000E+01  1.2293050E-13  5.0000000E+01
      2263 -2.0000000E+01  1.5619405E-13  6.0000000E+01
      2264 -2.0000000E+01  1.8425113E-13  7.0000000E+01
      2265 -2.0000000E+01  2.0363076E-13  8.0000000E+01
      2266 -2.0000000E+01  9.2857141E+00  9.0000000E+01
      2267 -2.0000000E+01  1.8571428E+01  9.0000000E+01
      2268 -2.0000000E+01  2.7857143E+01  9.0000000E+01
      2269 -2.0000000E+01  3.7142857E+01  9.0000000E+01
      2270 -2.0000000E+01  4.6428570E+01  9.0000000E+01
      2271 -2.0000000E+01  5.5714287E+01  9.0000000E+01
      2272 -2.0000000E+01  6.5000000E+01  9.9782608E+01
      2273 -2.0000000E+01  6.5000000E+01  1.0956522E+02
      2274 -2.0000000E+01  6.5000000E+01  1.1934783E+02
      2275 -2.0000000E+01  6.5000000E+01  1.2913043E+02
      2276 -2.0000000E+01  6.5000000E+01  1.3891304E+02
      2277 -2.0000000E+01  6.5000000E+01  1.4869565E+02
      2278 -2.0000000E+01  6.5000000E+01  1.5847826E+02
      2279 -2.0000000E+01  6.5000000E+01  1.6826086E+02
      2280 -2.0000000E+01  6.5000000E+01  1.7804349E+02
      2281 -2.0000000E+01  6.5000000E+01  1.8782610E+02
      2282 -2.0000000E+01  6.5000000E+01  1.9760870E+02
      2283 -2.0000000E+01  6.5000000E+01  2.0739130E+02
      2284 -2.0000000E+01  6.5000000E+01  2.1717390E+02
      2285 -2.0000000E+01  6.5000000E+01  2.2695651E+02
      2286 -2.0000000E+01  6.5000000E+01  2.3673914E+02
      2287 -2.0000000E+01  6.5000000E+01  2.4652174E+02
      2288 -2.0000000E+01  6.5000000E+01  2.5630435E+02
      2289 -2.0000000E+01  6.5000000E+01  2.6608698E+02
      2290 -2.0000000E+01  6.5000000E+01  2.7586957E+02
      2291 -2.0000000E+01  6.5000000E+01  2.8565216E+02
      2292 -2.0000000E+01  6.5000000E+01  2.9543478E+02
      2293 -2.0000000E+01  6.5000000E+01  3.0521738E+02
      2294 -2.0000000E+01  8.0000000E+01  2.8500000E+02
      2295 -2.0000000E+01  8.0000000E+01  2.7500000E+02
      2296 -2.0000000E+01  8.0000000E+01  2.6500000E+02
      2297 -2.0000000E+01  8.0000000E+01  2.5500000E+02
      2298 -2.0000000E+01  8.0000000E+01  2.4500000E+02
      2299 -2.0000000E+01  8.0000000E+01  2.3500000E+02
      2300 -2.0000000E+01  8.0000000E+01  2.2500000E+02
      2301 -2.0000000E+01  8.0000000E+01  2.1500000E+02
      2302 -2.0000000E+01  8.0000000E+01  2.0500000E+02
      2303 -2.0000000E+01  8.2952354E+01  1.4698228E+02
      2304 -2.0000000E+01  8.2952354E+01  1.3736690E+02
      2305 -2.0000000E+01  8.2952354E+01  1.2775152E+02
      2306 -2.0000000E+01  8.2952354E+01  1.1813613E+02
      2307 -2.0000000E+01  8.2952354E+01  1.0852075E+02
      2308 -2.0000000E+01  8.2952354E+01  9.8905365E+01
      2309 -2.0000000E+01  8.2952354E+01  8.9289978E+01
      2310 -2.0000000E+01  8.2952354E+01  7.9674599E+01
      2311 -2.0000000E+01  8.2952354E+01  7.0059212E+01
      2312 -2.0000000E+01  8.2952354E+01  6.0443829E+01
      2313 -2.0000000E+01  8.2952354E+01  5.0828442E+01
      2314 -2.0000000E+01  8.2952354E+01  4.1213058E+01
      2315 -2.0000000E+01  8.9375000E+01  1.9500000E+02
      2316 -2.0000000E+01  9.8750000E+01  1.9500000E+02
      2317 -2.0000000E+01  1.0812500E+02  1.9500000E+02
      2318 -2.0000000E+01  1.1750000E+02  1.9500000E+02
      2319 -2.0000000E+01  1.2687500E+02  1.9500000E+02
      2320 -2.0000000E+01  1.3625000E+02  1.9500000E+02
      2321 -2.0000000E+01  1.4562500E+02  1.9500000E+02
      2322 -2.0000000E+01  1.4562500E+02  2.9500000E+02
      2323 -2.0000000E+01  1.3625000E+02  2.9500000E+02
      2324 -2.0000000E+01  1.2687500E+02  2.9500000E+02
      2325 -2.0000000E+01  1.1750000E+02  2.9500000E+02
      2326 -2.0000000E+01  1.0812500E+02  2.9500000E+02
      2327 -2.0000000E+01  9.8750000E+01  2.9500000E+02
      2328 -2.0000000E+01  8.9375000E+01  2.9500000E+02
      2329 -2.0000000E+01  9.3244873E+01  3.1597673E+01
      2330 -2.0000000E+01  1.0353740E+02  3.1597673E+01
      2331 -2.0000000E+01  1.1382992E+02  3.1597673E+01
      2332 -2.0000000E+01  1.2412244E+02  3.1597673E+01
      2333 -2.0000000E+01  1.3441496E+02  3.1597673E+01
      2334 -2.0000000E+01  1.4470747E+02  3.1597673E+01
      2335 -2.0000000E+01  1.4470747E+02  1.5659767E+02
      2336 -2.0000000E+01  1.3441496E+02  1.5659767E+02
      2337 -2.0000000E+01  1.2412244E+02  1.5659767E+02
      2338 -2.0000000E+01  1.1382992E+02  1.5659767E+02
      2339 -2.0000000E+01  1.0353740E+02  1.5659767E+02
      2340 -2.0000000E+01  9.3244873E+01  1.5659767E+02
      2341 -2.0000000E+01  2.6027484E+02  4.8148146E+00
      2342 -2.0000000E+01  2.5026427E+02  4.6296296E+00
      2343 -2.0000000E+01  2.4025369E+02  4.4444442E+00
      2344 -2.0000000E+01  2.3024312E+02  4.2592592E+00
      2345 -2.0000000E+01  2.2023254E+02  4.0740743E+00
      2346 -2.0000000E+01  2.1022198E+02  3.8888888E+00
      2347 -2.0000000E+01  2.0021141E+02  3.7037036E+00
      2348 -2.0000000E+01  1.9020084E+02  3.5185184E+00
      2349 -2.0000000E+01  1.8019028E+02  3.3333333E+00
      2350 -2.0000000E+01  1.7017970E+02  3.1481481E+00
      2351 -2.0000000E+01  1.6016913E+02  2.9629631E+00
      2352 -2.0000000E+01  1.5015855E+02  2.7777779E+00
      2353 -2.0000000E+01  1.4014799E+02  2.5925927E+00
      2354 -2.0000000E+01  1.3013742E+02  2.4074073E+00
      2355 -2.0000000E+01  1.2012684E+02  2.2222221E+00
      2356 -2.0000000E+01  1.1011627E+02  2.0370369E+00
      2357 -2.0000000E+01  1.0010570E+02  1.8518519E+00
      2358 -2.0000000E+01  9.0095131E+01  1.6666667E+00
      2359 -2.0000000E+01  8.0084564E+01  1.4814816E+00
      2360 -2.0000000E+01  7.0073990E+01  1.2962964E+00
      2361 -2.0000000E+01  6.0063423E+01  1.1111110E+00
      2362 -2.0000000E+01  5.0052853E+01  9.2592591E-01
      2363 -2.0000000E+01  4.0042282E+01  7.4074072E-01
      2364 -2.0000000E+01  3.0031712E+01  5.5555558E-01
      2365 -2.0000000E+01  2.0021141E+01  3.7037036E-01
      2366 -2.0000000E+01  1.0010570E+01  1.8518519E-01
      2367 -2.0000000E+01  1.5500000E+02  4.1213058E+01
      2368 -2.0000000E+01  1.5500000E+02  5.0828442E+01
      2369 -2.0000000E+01  1.5500000E+02  6.0443829E+01
      2370 -2.0000000E+01  1.5500000E+02  7.0059212E+01
      2371 -2.0000000E+01  1.5500000E+02  7.9674599E+01
      2372 -2.0000000E+01  1.5500000E+02  8.9289978E+01
      2373 -2.0000000E+01  1.5500000E+02  9.8905365E+01
      2374 -2.0000000E+01  1.5500000E+02  1.0852075E+02
      2375 -2.0000000E+01  1.5500000E+02  1.1813613E+02
      2376 -2.0000000E+01  1.5500000E+02  1.2775152E+02
      2377 -2.0000000E+01  1.5500000E+02  1.3736690E+02
      2378 -2.0000000E+01  1.5500000E+02  1.4698228E+02
      2379 -2.0000000E+01  1.5500000E+02  2.0500000E+02
      2380 -2.0000000E+01  1.5500000E+02  2.1500000E+02
      2381 -2.0000000E+01  1.5500000E+02  2.2500000E+02
      2382 -2.0000000E+01  1.5500000E+02  2.3500000E+02
      2383 -2.0000000E+01  1.5500000E+02  2.4500000E+02
      2384 -2.0000000E+01  1.5500000E+02  2.5500000E+02
      2385 -2.0000000E+01  1.5500000E+02  2.6500000E+02
      2386 -2.0000000E+01  1.5500000E+02  2.7500000E+02
      2387 -2.0000000E+01  1.5500000E+02  2.8500000E+02
      2388 -2.0000000E+01  1.8655833E+02  1.4659767E+02
      2389 -2.0000000E+01  1.8655833E+02  1.3659767E+02
      2390 -2.0000000E+01  1.8655833E+02  1.2659767E+02
      2391 -2.0000000E+01  1.8655833E+02  1.1659767E+02
      2392 -2.0000000E+01  1.8655833E+02  1.0659767E+02
      2393 -2.0000000E+01  1.8655833E+02  9.6597672E+01
      2394 -2.0000000E+01  1.8655833E+02  8.6597672E+01
      2395 -2.0000000E+01  1.8655833E+02  7.6597672E+01
      2396 -2.0000000E+01  1.8655833E+02  6.6597672E+01
      2397 -2.0000000E+01  1.8655833E+02  5.6597672E+01
      2398 -2.0000000E+01  1.8655833E+02  4.6597672E+01
      2399 -2.0000000E+01  1.8655833E+02  3.6597672E+01
      2400 -2.0000000E+01  1.8655833E+02  2.8500000E+02
      2401 -2.0000000E+01  1.8655833E+02  2.7500000E+02
      2402 -2.0000000E+01  1.8655833E+02  2.6500000E+02
      2403 -2.0000000E+01  1.8655833E+02  2.5500000E+02
      2404 -2.0000000E+01  1.8655833E+02  2.4500000E+02
      2405 -2.0000000E+01  1.8655833E+02  2.3500000E+02
      2406 -2.0000000E+01  1.8655833E+02  2.2500000E+02
      2407 -2.0000000E+01  1.8655833E+02  2.1500000E+02
      2408 -2.0000000E+01  1.8655833E+02  2.0500000E+02
      2409 -2.0000000E+01  7.5000000E+01  3.1500000E+02
      2410 -2.0000000E+01  8.5000000E+01  3.1500000E+02
      2411 -2.0000000E+01  9.5000000E+01  3.1500000E+02
      2412 -2.0000000E+01  1.0500000E+02  3.1500000E+02
      2413 -2.0000000E+01  1.1500000E+02  3.1500000E+02
      2414 -2.0000000E+01  1.2500000E+02  3.1500000E+02
      2415 -2.0000000E+01  1.3500000E+02  3.1500000E+02
      2416 -2.0000000E+01  1.4500000E+02  3.1500000E+02
      2417 -2.0000000E+01  1.5500000E+02  3.1500000E+02
      2418 -2.0000000E+01  1.6500000E+02  3.1500000E+02
      2419 -2.0000000E+01  1.7500000E+02  3.1500000E+02
      2420 -2.0000000E+01  1.8500000E+02  3.1500000E+02
      2421 -2.0000000E+01  1.9500000E+02  3.1500000E+02
      2422 -2.0000000E+01  2.0500000E+02  3.1500000E+02
      2423 -2.0000000E+01  2.1500000E+02  3.1500000E+02
      2424 -2.0000000E+01  2.2500000E+02  3.1500000E+02
      2425 -2.0000000E+01  2.3500000E+02  3.1500000E+02
      2426 -2.0000000E+01  2.4500000E+02  3.1500000E+02
      2427 -2.0000000E+01  2.5500000E+02  3.1500000E+02
      2428 -2.0000000E+01  2.6500000E+02  3.1500000E+02
      2429 -2.0000000E+01  2.7500000E+02  3.1500000E+02
      2430 -2.0000000E+01  2.8500000E+02  3.1500000E+02
      2431 -2.0000000E+01  2.9500000E+02  3.1500000E+02
      2432 -2.0000000E+01  3.0500000E+02  3.1500000E+02
      2433 -2.0000000E+01  3.1500000E+02  3.1500000E+02
      2434 -2.0000000E+01  3.2500000E+02  3.1500000E+02
      2435 -2.0000000E+01  3.3500000E+02  3.1500000E+02
      2436 -2.0000000E+01  1.9653397E+02  2.6597673E+01
      2437 -2.0000000E+01  2.0650961E+02  2.6597673E+01
      2438 -2.0000000E+01  2.1648526E+02  2.6597673E+01
      2439 -2.0000000E+01  2.2646091E+02  2.6597673E+01
      2440 -2.0000000E+01  2.3643654E+02  2.6597673E+01
      2441 -2.0000000E+01  2.4641219E+02  2.6597673E+01
      2442 -2.0000000E+01  2.4641219E+02  1.5659767E+02
      2443 -2.0000000E+01  2.3643654E+02  1.5659767E+02
      2444 -2.0000000E+01  2.2646091E+02  1.5659767E+02
      2445 -2.0000000E+01  2.1648526E+02  1.5659767E+02
      2446 -2.0000000E+01  2.0650961E+02  1.5659767E+02
      2447 -2.0000000E+01  1.9653397E+02  1.5659767E+02
      2448 -2.0000000E+01  1.9653397E+02  1.9500000E+02
      2449 -2.0000000E+01  2.0650961E+02  1.9500000E+02
      2450 -2.0000000E+01  2.1648526E+02  1.9500000E+02
      2451 -2.0000000E+01  2.2646091E+02  1.9500000E+02
      2452 -2.0000000E+01  2.3643654E+02  1.9500000E+02
      2453 -2.0000000E+01  2.4641219E+02  1.9500000E+02
      2454 -2.0000000E+01  2.4641219E+02  2.9500000E+02
      2455 -2.0000000E+01  2.3643654E+02  2.9500000E+02
      2456 -2.0000000E+01  2.2646091E+02  2.9500000E+02
      2457 -2.0000000E+01  2.1648526E+02  2.9500000E+02
      2458 -2.0000000E+01  2.0650961E+02  2.9500000E+02
      2459 -2.0000000E+01  1.9653397E+02  2.9500000E+02
      2460 -2.0000000E+01  2.5638782E+02  3.6597672E+01
      2461 -2.0000000E+01  2.5638782E+02  4.6597672E+01
      2462 -2.0000000E+01  2.5638782E+02  5.6597672E+01
      2463 -2.0000000E+01  2.5638782E+02  6.6597672E+01
      2464 -2.0000000E+01  2.5638782E+02  7.6597672E+01
      2465 -2.0000000E+01  2.5638782E+02  8.6597672E+01
      2466 -2.0000000E+01  2.5638782E+02  9.6597672E+01
      2467 -2.0000000E+01  2.5638782E+02  1.0659767E+02
      2468 -2.0000000E+01  2.5638782E+02  1.1659767E+02
      2469 -2.0000000E+01  2.5638782E+02  1.2659767E+02
      2470 -2.0000000E+01  2.5638782E+02  1.3659767E+02
      2471 -2.0000000E+01  2.5638782E+02  1.4659767E+02
      2472 -2.0000000E+01  2.5638782E+02  2.0500000E+02
      2473 -2.0000000E+01  2.5638782E+02  2.1500000E+02
      2474 -2.0000000E+01  2.5638782E+02  2.2500000E+02
      2475 -2.0000000E+01  2.5638782E+02  2.3500000E+02
      2476 -2.0000000E+01  2.5638782E+02  2.4500000E+02
      2477 -2.0000000E+01  2.5638782E+02  2.5500000E+02
      2478 -2.0000000E+01  2.5638782E+02  2.6500000E+02
      2479 -2.0000000E+01  2.5638782E+02  2.7500000E+02
      2480 -2.0000000E+01  2.5638782E+02  2.8500000E+02
      2481 -2.0000000E+01  2.7028540E+02  2.5500000E+02
      2482 -2.0000000E+01  2.7028540E+02  2.4500000E+02
      2483 -2.0000000E+01  2.7028540E+02  2.3500000E+02
      2484 -2.0000000E+01  2.7028540E+02  2.2500000E+02
      2485 -2.0000000E+01  2.7028540E+02  2.1500000E+02
      2486 -2.0000000E+01  2.7028540E+02  2.0500000E+02
      2487 -2.0000000E+01  2.7028540E+02  1.9500000E+02
      2488 -2.0000000E+01  2.7028540E+02  1.8500000E+02
      2489 -2.0000000E+01  2.7028540E+02  1.7500000E+02
      2490 -2.0000000E+01  2.7028540E+02  1.6500000E+02
      2491 -2.0000000E+01  2.7028540E+02  1.5500000E+02
      2492 -2.0000000E+01  2.7028540E+02  1.4500000E+02
      2493 -2.0000000E+01  2.7028540E+02  1.3500000E+02
      2494 -2.0000000E+01  2.7028540E+02  1.2500000E+02
      2495 -2.0000000E+01  2.7028540E+02  1.1500000E+02
      2496 -2.0000000E+01  2.7028540E+02  1.0500000E+02
      2497 -2.0000000E+01  2.7028540E+02  9.5000000E+01
      2498 -2.0000000E+01  2.7028540E+02  8.5000000E+01
      2499 -2.0000000E+01  2.7028540E+02  7.5000000E+01
      2500 -2.0000000E+01  2.7028540E+02  6.5000000E+01
      2501 -2.0000000E+01  2.7028540E+02  5.5000000E+01
      2502 -2.0000000E+01  2.7028540E+02  4.5000000E+01
      2503 -2.0000000E+01  2.7028540E+02  3.5000000E+01
      2504 -2.0000000E+01  2.7028540E+02  2.5000000E+01
      2505 -2.0000000E+01  2.7028540E+02  1.5000000E+01
      2506 -2.0000000E+01  3.3566068E+02  2.6500000E+02
      2507 -2.0000000E+01  3.2632135E+02  2.6500000E+02
      2508 -2.0000000E+01  3.1698203E+02  2.6500000E+02
      2509 -2.0000000E+01  3.0764270E+02  2.6500000E+02
      2510 -2.0000000E+01  2.9830338E+02  2.6500000E+02
      2511 -2.0000000E+01  2.8896405E+02  2.6500000E+02
      2512 -2.0000000E+01  2.7962473E+02  2.6500000E+02
      2513 -2.0000000E+01  3.4500000E+02  3.0500000E+02
      2514 -2.0000000E+01  3.4500000E+02  2.9500000E+02
      2515 -2.0000000E+01  3.4500000E+02  2.8500000E+02
      2516 -2.0000000E+01  3.4500000E+02  2.7500000E+02
      2517  1.0000000E+01  0.0000000E+00  0.0000000E+00
      2518  0.0000000E+00  0.0000000E+00  0.0000000E+00
      2519 -1.0000000E+01  0.0000000E+00  0.0000000E+00
      2520  1.0000000E+01  2.1086197E-13  9.0000000E+01
      2521  0.0000000E+00  2.1086197E-13  9.0000000E+01
      2522 -1.0000000E+01  2.1086197E-13  9.0000000E+01
      2523  1.0000000E+01  6.5000000E+01  9.0000000E+01
      2524  0.0000000E+00  6.5000000E+01  9.0000000E+01
      2525 -1.0000000E+01  6.5000000E+01  9.0000000E+01
      2526  1.0000000E+01  6.5000000E+01  3.1500000E+02
      2527  0.0000000E+00  6.5000000E+01  3.1500000E+02
      2528 -1.0000000E+01  6.5000000E+01  3.1500000E+02
      2529  1.0000000E+01  8.0000000E+01  1.9500000E+02
      2530  0.0000000E+00  8.0000000E+01  1.9500000E+02
      2531 -1.0000000E+01  8.0000000E+01  1.9500000E+02
      2532  1.0000000E+01  8.0000000E+01  2.9500000E+02
      2533  0.0000000E+00  8.0000000E+01  2.9500000E+02
      2534 -1.0000000E+01  8.0000000E+01  2.9500000E+02
      2535  1.0000000E+01  8.2952354E+01  3.1597673E+01
      2536  0.0000000E+00  8.2952354E+01  3.1597673E+01
      2537 -1.0000000E+01  8.2952354E+01  3.1597673E+01
      2538  1.0000000E+01  8.2952354E+01  1.5659767E+02
      2539  0.0000000E+00  8.2952354E+01  1.5659767E+02
      2540 -1.0000000E+01  8.2952354E+01  1.5659767E+02
      2541  1.0000000E+01  1.5500000E+02  3.1597673E+01
      2542  0.0000000E+00  1.5500000E+02  3.1597673E+01
      2543 -1.0000000E+01  1.5500000E+02  3.1597673E+01
      2544  1.0000000E+01  1.5500000E+02  1.5659767E+02
      2545  0.0000000E+00  1.5500000E+02  1.5659767E+02
      2546 -1.0000000E+01  1.5500000E+02  1.5659767E+02
      2547  1.0000000E+01  1.5500000E+02  1.9500000E+02
      2548  0.0000000E+00  1.5500000E+02  1.9500000E+02
      2549 -1.0000000E+01  1.5500000E+02  1.9500000E+02
      2550  1.0000000E+01  1.5500000E+02  2.9500000E+02
      2551  0.0000000E+00  1.5500000E+02  2.9500000E+02
      2552 -1.0000000E+01  1.5500000E+02  2.9500000E+02
      2553  1.0000000E+01  1.8655833E+02  2.6597673E+01
      2554  0.0000000E+00  1.8655833E+02  2.6597673E+01
      2555 -1.0000000E+01  1.8655833E+02  2.6597673E+01
      2556  1.0000000E+01  1.8655833E+02  1.5659767E+02
      2557  0.0000000E+00  1.8655833E+02  1.5659767E+02
      2558 -1.0000000E+01  1.8655833E+02  1.5659767E+02
      2559  1.0000000E+01  1.8655833E+02  1.9500000E+02
      2560  0.0000000E+00  1.8655833E+02  1.9500000E+02
      2561 -1.0000000E+01  1.8655833E+02  1.9500000E+02
      2562  1.0000000E+01  1.8655833E+02  2.9500000E+02
      2563  0.0000000E+00  1.8655833E+02  2.9500000E+02
      2564 -1.0000000E+01  1.8655833E+02  2.9500000E+02
      2565  1.0000000E+01  2.5638782E+02  2.6597673E+01
      2566  0.0000000E+00  2.5638782E+02  2.6597673E+01
      2567 -1.0000000E+01  2.5638782E+02  2.6597673E+01
      2568  1.0000000E+01  2.5638782E+02  1.5659767E+02
      2569  0.0000000E+00  2.5638782E+02  1.5659767E+02
      2570 -1.0000000E+01  2.5638782E+02  1.5659767E+02
      2571  1.0000000E+01  2.5638782E+02  1.9500000E+02
      2572  0.0000000E+00  2.5638782E+02  1.9500000E+02
      2573 -1.0000000E+01  2.5638782E+02  1.9500000E+02
      2574  1.0000000E+01  2.5638782E+02  2.9500000E+02
      2575  0.0000000E+00  2.5638782E+02  2.9500000E+02
      2576 -1.0000000E+01  2.5638782E+02  2.9500000E+02
      2577  1.0000000E+01  2.7028540E+02  5.0000000E+00
      2578  0.0000000E+00  2.7028540E+02  5.0000000E+00
      2579 -1.0000000E+01  2.7028540E+02  5.0000000E+00
      2580  1.0000000E+01  2.7028540E+02  2.6500000E+02
      2581  0.0000000E+00  2.7028540E+02  2.6500000E+02
      2582 -1.0000000E+01  2.7028540E+02  2.6500000E+02
      2583  1.0000000E+01  3.4500000E+02  2.6500000E+02
      2584  0.0000000E+00  3.4500000E+02  2.6500000E+02
      2585 -1.0000000E+01  3.4500000E+02  2.6500000E+02
      2586  1.0000000E+01  3.4500000E+02  3.1500000E+02
      2587  0.0000000E+00  3.4500000E+02  3.1500000E+02
      2588 -1.0000000E+01  3.4500000E+02  3.1500000E+02
      2589  2.0000000E+01  7.2312058E-15  1.0000000E+01
      2590  2.0000000E+01  2.6610838E-14  2.0000000E+01
      2591  2.0000000E+01  5.4667916E-14  3.0000000E+01
      2592  2.0000000E+01  8.7931466E-14  4.0000000E+01
      2593  2.0000000E+01  1.2293050E-13  5.0000000E+01
      2594  2.0000000E+01  1.5619405E-13  6.0000000E+01
      2595  2.0000000E+01  1.8425113E-13  7.0000000E+01
      2596  2.0000000E+01  2.0363076E-13  8.0000000E+01
      2597  2.0000000E+01  9.2857141E+00  9.0000000E+01
      2598  2.0000000E+01  1.8571428E+01  9.0000000E+01
      2599  2.0000000E+01  2.7857143E+01  9.0000000E+01
      2600  2.0000000E+01  3.7142857E+01  9.0000000E+01
      2601  2.0000000E+01  4.6428570E+01  9.0000000E+01
      2602  2.0000000E+01  5.5714287E+01  9.0000000E+01
      2603  2.0000000E+01  6.5000000E+01  9.9782608E+01
      2604  2.0000000E+01  6.5000000E+01  1.0956522E+02
      2605  2.0000000E+01  6.5000000E+01  1.1934783E+02
      2606  2.0000000E+01  6.5000000E+01  1.2913043E+02
      2607  2.0000000E+01  6.5000000E+01  1.3891304E+02
      2608  2.0000000E+01  6.5000000E+01  1.4869565E+02
      2609  2.0000000E+01  6.5000000E+01  1.5847826E+02
      2610  2.0000000E+01  6.5000000E+01  1.6826086E+02
      2611  2.0000000E+01  6.5000000E+01  1.7804349E+02
      2612  2.0000000E+01  6.5000000E+01  1.8782610E+02
      2613  2.0000000E+01  6.5000000E+01  1.9760870E+02
      2614  2.0000000E+01  6.5000000E+01  2.0739130E+02
      2615  2.0000000E+01  6.5000000E+01  2.1717390E+02
      2616  2.0000000E+01  6.5000000E+01  2.2695651E+02
      2617  2.0000000E+01  6.5000000E+01  2.3673914E+02
      2618  2.0000000E+01  6.5000000E+01  2.4652174E+02
      2619  2.0000000E+01  6.5000000E+01  2.5630435E+02
      2620  2.0000000E+01  6.5000000E+01  2.6608698E+02
      2621  2.0000000E+01  6.5000000E+01  2.7586957E+02
      2622  2.0000000E+01  6.5000000E+01  2.8565216E+02
      2623  2.0000000E+01  6.5000000E+01  2.9543478E+02
      2624  2.0000000E+01  6.5000000E+01  3.0521738E+02
      2625  2.0000000E+01  8.0000000E+01  2.8500000E+02
      2626  2.0000000E+01  8.0000000E+01  2.7500000E+02
      2627  2.0000000E+01  8.0000000E+01  2.6500000E+02
      2628  2.0000000E+01  8.0000000E+01  2.5500000E+02
      2629  2.0000000E+01  8.0000000E+01  2.4500000E+02
      2630  2.0000000E+01  8.0000000E+01  2.3500000E+02
      2631  2.0000000E+01  8.0000000E+01  2.2500000E+02
      2632  2.0000000E+01  8.0000000E+01  2.1500000E+02
      2633  2.0000000E+01  8.0000000E+01  2.0500000E+02
      2634  2.0000000E+01  8.2952354E+01  1.4698228E+02
      2635  2.0000000E+01  8.2952354E+01  1.3736690E+02
      2636  2.0000000E+01  8.2952354E+01  1.2775152E+02
      2637  2.0000000E+01  8.2952354E+01  1.1813613E+02
      2638  2.0000000E+01  8.2952354E+01  1.0852075E+02
      2639  2.0000000E+01  8.2952354E+01  9.8905365E+01
      2640  2.0000000E+01  8.2952354E+01  8.9289978E+01
      2641  2.0000000E+01  8.2952354E+01  7.9674599E+01
      2642  2.0000000E+01  8.2952354E+01  7.0059212E+01
      2643  2.0000000E+01  8.2952354E+01  6.0443829E+01
      2644  2.0000000E+01  8.2952354E+01  5.0828442E+01
      2645  2.0000000E+01  8.2952354E+01  4.1213058E+01
      2646  2.0000000E+01  8.9375000E+01  1.9500000E+02
      2647  2.0000000E+01  9.8750000E+01  1.9500000E+02
      2648  2.0000000E+01  1.0812500E+02  1.9500000E+02
      2649  2.0000000E+01  1.1750000E+02  1.9500000E+02
      2650  2.0000000E+01  1.2687500E+02  1.9500000E+02
      2651  2.0000000E+01  1.3625000E+02  1.9500000E+02
      2652  2.0000000E+01  1.4562500E+02  1.9500000E+02
      2653  2.0000000E+01  1.4562500E+02  2.9500000E+02
      2654  2.0000000E+01  1.3625000E+02  2.9500000E+02
      2655  2.0000000E+01  1.2687500E+02  2.9500000E+02
      2656  2.0000000E+01  1.1750000E+02  2.9500000E+02
      2657  2.0000000E+01  1.0812500E+02  2.9500000E+02
      2658  2.0000000E+01  9.8750000E+01  2.9500000E+02
      2659  2.0000000E+01  8.9375000E+01  2.9500000E+02
      2660  2.0000000E+01  9.3244873E+01  3.1597673E+01
      2661  2.0000000E+01  1.0353740E+02  3.1597673E+01
      2662  2.0000000E+01  1.1382992E+02  3.1597673E+01
      2663  2.0000000E+01  1.2412244E+02  3.1597673E+01
      2664  2.0000000E+01  1.3441496E+02  3.1597673E+01
      2665  2.0000000E+01  1.4470747E+02  3.1597673E+01
      2666  2.0000000E+01  1.4470747E+02  1.5659767E+02
      2667  2.0000000E+01  1.3441496E+02  1.5659767E+02
      2668  2.0000000E+01  1.2412244E+02  1.5659767E+02
      2669  2.0000000E+01  1.1382992E+02  1.5659767E+02
      2670  2.0000000E+01  1.0353740E+02  1.5659767E+02
      2671  2.0000000E+01  9.3244873E+01  1.5659767E+02
      2672  2.0000000E+01  2.6027484E+02  4.8148146E+00
      2673  2.0000000E+01  2.5026427E+02  4.6296296E+00
      2674  2.0000000E+01  2.4025369E+02  4.4444442E+00
      2675  2.0000000E+01  2.3024312E+02  4.2592592E+00
      2676  2.0000000E+01  2.2023254E+02  4.0740743E+00
      2677  2.0000000E+01  2.1022198E+02  3.8888888E+00
      2678  2.0000000E+01  2.0021141E+02  3.7037036E+00
      2679  2.0000000E+01  1.9020084E+02  3.5185184E+00
      2680  2.0000000E+01  1.8019028E+02  3.3333333E+00
      2681  2.0000000E+01  1.7017970E+02  3.1481481E+00
      2682  2.0000000E+01  1.6016913E+02  2.9629631E+00
      2683  2.0000000E+01  1.5015855E+02  2.7777779E+00
      2684  2.0000000E+01  1.4014799E+02  2.5925927E+00
      2685  2.0000000E+01  1.3013742E+02  2.4074073E+00
      2686  2.0000000E+01  1.2012684E+02  2.2222221E+00
      2687  2.0000000E+01  1.1011627E+02  2.0370369E+00
      2688  2.0000000E+01  1.0010570E+02  1.8518519E+00
      2689  2.0000000E+01  9.0095131E+01  1.6666667E+00
      2690  2.0000000E+01  8.0084564E+01  1.4814816E+00
      2691  2.0000000E+01  7.0073990E+01  1.2962964E+00
      2692  2.0000000E+01  6.0063423E+01  1.1111110E+00
      2693  2.0000000E+01  5.0052853E+01  9.2592591E-01
      2694  2.0000000E+01  4.0042282E+01  7.4074072E-01
      2695  2.0000000E+01  3.0031712E+01  5.5555558E-01
      2696  2.0000000E+01  2.0021141E+01  3.7037036E-01
      2697  2.0000000E+01  1.0010570E+01  1.8518519E-01
      2698  2.0000000E+01  1.5500000E+02  4.1213058E+01
      2699  2.0000000E+01  1.5500000E+02  5.0828442E+01
      2700  2.0000000E+01  1.5500000E+02  6.0443829E+01
      2701  2.0000000E+01  1.5500000E+02  7.0059212E+01
      2702  2.0000000E+01  1.5500000E+02  7.9674599E+01
      2703  2.0000000E+01  1.5500000E+02  8.9289978E+01
      2704  2.0000000E+01  1.5500000E+02  9.8905365E+01
      2705  2.0000000E+01  1.5500000E+02  1.0852075E+02
      2706  2.0000000E+01  1.5500000E+02  1.1813613E+02
      2707  2.0000000E+01  1.5500000E+02  1.2775152E+02
      2708  2.0000000E+01  1.5500000E+02  1.3736690E+02
      2709  2.0000000E+01  1.5500000E+02  1.4698228E+02
      2710  2.0000000E+01  1.5500000E+02  2.0500000E+02
      2711  2.0000000E+01  1.5500000E+02  2.1500000E+02
      2712  2.0000000E+01  1.5500000E+02  2.2500000E+02
      2713  2.0000000E+01  1.5500000E+02  2.3500000E+02
      2714  2.0000000E+01  1.5500000E+02  2.4500000E+02
      2715  2.0000000E+01  1.5500000E+02  2.5500000E+02
      2716  2.0000000E+01  1.5500000E+02  2.6500000E+02
      2717  2.0000000E+01  1.5500000E+02  2.7500000E+02
      2718  2.0000000E+01  1.5500000E+02  2.8500000E+02
      2719  2.0000000E+01  1.8655833E+02  1.4659767E+02
      2720  2.0000000E+01  1.8655833E+02  1.3659767E+02
      2721  2.0000000E+01  1.8655833E+02  1.2659767E+02
      2722  2.0000000E+01  1.8655833E+02  1.1659767E+02
      2723  2.0000000E+01  1.8655833E+02  1.0659767E+02
      2724  2.0000000E+01  1.8655833E+02  9.6597672E+01
      2725  2.0000000E+01  1.8655833E+02  8.6597672E+01
      2726  2.0000000E+01  1.8655833E+02  7.6597672E+01
      2727  2.0000000E+01  1.8655833E+02  6.6597672E+01
      2728  2.0000000E+01  1.8655833E+02  5.6597672E+01
      2729  2.0000000E+01  1.8655833E+02  4.6597672E+01
      2730  2.0000000E+01  1.8655833E+02  3.6597672E+01
      2731  2.0000000E+01  1.8655833E+02  2.8500000E+02
      2732  2.0000000E+01  1.8655833E+02  2.7500000E+02
      2733  2.0000000E+01  1.8655833E+02  2.6500000E+02
      2734  2.0000000E+01  1.8655833E+02  2.5500000E+02
      2735  2.0000000E+01  1.8655833E+02  2.4500000E+02
      2736  2.0000000E+01  1.8655833E+02  2.3500000E+02
      2737  2.0000000E+01  1.8655833E+02  2.2500000E+02
      2738  2.0000000E+01  1.8655833E+02  2.1500000E+02
      2739  2.0000000E+01  1.8655833E+02  2.0500000E+02
      2740  2.0000000E+01  7.5000000E+01  3.1500000E+02
      2741  2.0000000E+01  8.5000000E+01  3.1500000E+02
      2742  2.0000000E+01  9.5000000E+01  3.1500000E+02
      2743  2.0000000E+01  1.0500000E+02  3.1500000E+02
      2744  2.0000000E+01  1.1500000E+02  3.1500000E+02
      2745  2.0000000E+01  1.2500000E+02  3.1500000E+02
      2746  2.0000000E+01  1.3500000E+02  3.1500000E+02
      2747  2.0000000E+01  1.4500000E+02  3.1500000E+02
      2748  2.0000000E+01  1.5500000E+02  3.1500000E+02
      2749  2.0000000E+01  1.6500000E+02  3.1500000E+02
      2750  2.0000000E+01  1.7500000E+02  3.1500000E+02
      2751  2.0000000E+01  1.8500000E+02  3.1500000E+02
      2752  2.0000000E+01  1.9500000E+02  3.1500000E+02
      2753  2.0000000E+01  2.0500000E+02  3.1500000E+02
      2754  2.0000000E+01  2.1500000E+02  3.1500000E+02
      2755  2.0000000E+01  2.2500000E+02  3.1500000E+02
      2756  2.0000000E+01  2.3500000E+02  3.1500000E+02
      2757  2.0000000E+01  2.4500000E+02  3.1500000E+02
      2758  2.0000000E+01  2.5500000E+02  3.1500000E+02
      2759  2.0000000E+01  2.6500000E+02  3.1500000E+02
      2760  2.0000000E+01  2.7500000E+02  3.1500000E+02
      2761  2.0000000E+01  2.8500000E+02  3.1500000E+02
      2762  2.0000000E+01  2.9500000E+02  3.1500000E+02
      2763  2.0000000E+01  3.0500000E+02  3.1500000E+02
      2764  2.0000000E+01  3.1500000E+02  3.1500000E+02
      2765  2.0000000E+01  3.2500000E+02  3.1500000E+02
      2766  2.0000000E+01  3.3500000E+02  3.1500000E+02
      2767  2.0000000E+01  1.9653397E+02  2.6597673E+01
      2768  2.0000000E+01  2.0650961E+02  2.6597673E+01
      2769  2.0000000E+01  2.1648526E+02  2.6597673E+01
      2770  2.0000000E+01  2.2646091E+02  2.6597673E+01
      2771  2.0000000E+01  2.3643654E+02  2.6597673E+01
      2772  2.0000000E+01  2.4641219E+02  2.6597673E+01
      2773  2.0000000E+01  2.4641219E+02  1.5659767E+02
      2774  2.0000000E+01  2.3643654E+02  1.5659767E+02
      2775  2.0000000E+01  2.2646091E+02  1.5659767E+02
      2776  2.0000000E+01  2.1648526E+02  1.5659767E+02
      2777  2.0000000E+01  2.0650961E+02  1.5659767E+02
      2778  2.0000000E+01  1.9653397E+02  1.5659767E+02
      2779  2.0000000E+01  1.9653397E+02  1.9500000E+02
      2780  2.0000000E+01  2.0650961E+02  1.9500000E+02
      2781  2.0000000E+01  2.1648526E+02  1.9500000E+02
      2782  2.0000000E+01  2.2646091E+02  1.9500000E+02
      2783  2.0000000E+01  2.3643654E+02  1.9500000E+02
      2784  2.0000000E+01  2.4641219E+02  1.9500000E+02
      2785  2.0000000E+01  2.4641219E+02  2.9500000E+02
      2786  2.0000000E+01  2.3643654E+02  2.9500000E+02
      2787  2.0000000E+01  2.2646091E+02  2.9500000E+02
      2788  2.0000000E+01  2.1648526E+02  2.9500000E+02
      2789  2.0000000E+01  2.0650961E+02  2.9500000E+02
      2790  2.0000000E+01  1.9653397E+02  2.9500000E+02
      2791  2.0000000E+01  2.5638782E+02  3.6597672E+01
      2792  2.0000000E+01  2.5638782E+02  4.6597672E+01
      2793  2.0000000E+01  2.5638782E+02  5.6597672E+01
      2794  2.0000000E+01  2.5638782E+02  6.6597672E+01
      2795  2.0000000E+01  2.5638782E+02  7.6597672E+01
      2796  2.0000000E+01  2.5638782E+02  8.6597672E+01
      2797  2.0000000E+01  2.5638782E+02  9.6597672E+01
      2798  2.0000000E+01  2.5638782E+02  1.0659767E+02
      2799  2.0000000E+01  2.5638782E+02  1.1659767E+02
      2800  2.0000000E+01  2.5638782E+02  1.2659767E+02
      2801  2.0000000E+01  2.5638782E+02  1.3659767E+02
      2802  2.0000000E+01  2.5638782E+02  1.4659767E+02
      2803  2.0000000E+01  2.5638782E+02  2.0500000E+02
      2804  2.0000000E+01  2.5638782E+02  2.1500000E+02
      2805  2.0000000E+01  2.5638782E+02  2.2500000E+02
      2806  2.0000000E+01  2.5638782E+02  2.3500000E+02
      2807  2.0000000E+01  2.5638782E+02  2.4500000E+02
      2808  2.0000000E+01  2.5638782E+02  2.5500000E+02
      2809  2.0000000E+01  2.5638782E+02  2.6500000E+02
      2810  2.0000000E+01  2.5638782E+02  2.7500000E+02
      2811  2.0000000E+01  2.5638782E+02  2.8500000E+02
      2812  2.0000000E+01  2.7028540E+02  2.5500000E+02
      2813  2.0000000E+01  2.7028540E+02  2.4500000E+02
      2814  2.0000000E+01  2.7028540E+02  2.3500000E+02
      2815  2.0000000E+01  2.7028540E+02  2.2500000E+02
      2816  2.0000000E+01  2.7028540E+02  2.1500000E+02
      2817  2.0000000E+01  2.7028540E+02  2.0500000E+02
      2818  2.0000000E+01  2.7028540E+02  1.9500000E+02
      2819  2.0000000E+01  2.7028540E+02  1.8500000E+02
      2820  2.0000000E+01  2.7028540E+02  1.7500000E+02
      2821  2.0000000E+01  2.7028540E+02  1.6500000E+02
      2822  2.0000000E+01  2.7028540E+02  1.5500000E+02
      2823  2.0000000E+01  2.7028540E+02  1.4500000E+02
      2824  2.0000000E+01  2.7028540E+02  1.3500000E+02
      2825  2.0000000E+01  2.7028540E+02  1.2500000E+02
      2826  2.0000000E+01  2.7028540E+02  1.1500000E+02
      2827  2.0000000E+01  2.7028540E+02  1.0500000E+02
      2828  2.0000000E+01  2.7028540E+02  9.5000000E+01
      2829  2.0000000E+01  2.7028540E+02  8.5000000E+01
      2830  2.0000000E+01  2.7028540E+02  7.5000000E+01
      2831  2.0000000E+01  2.7028540E+02  6.5000000E+01
      2832  2.0000000E+01  2.7028540E+02  5.5000000E+01
      2833  2.0000000E+01  2.7028540E+02  4.5000000E+01
      2834  2.0000000E+01  2.7028540E+02  3.5000000E+01
      2835  2.0000000E+01  2.7028540E+02  2.5000000E+01
      2836  2.0000000E+01  2.7028540E+02  1.5000000E+01
      2837  2.0000000E+01  3.3566068E+02  2.6500000E+02
      2838  2.0000000E+01  3.2632135E+02  2.6500000E+02
      2839  2.0000000E+01  3.1698203E+02  2.6500000E+02
      2840  2.0000000E+01  3.0764270E+02  2.6500000E+02
      2841  2.0000000E+01  2.9830338E+02  2.6500000E+02
      2842  2.0000000E+01  2.8896405E+02  2.6500000E+02
      2843  2.0000000E+01  2.7962473E+02  2.6500000E+02
      2844  2.0000000E+01  3.4500000E+02  3.0500000E+02
      2845  2.0000000E+01  3.4500000E+02  2.9500000E+02
      2846  2.0000000E+01  3.4500000E+02  2.8500000E+02
      2847  2.0000000E+01  3.4500000E+02  2.7500000E+02
      2848 -2.0000000E+01  0.0000000E+00  0.0000000E+00
      2849 -2.0000000E+01  2.1086197E-13  9.0000000E+01
      2850 -2.0000000E+01  6.5000000E+01  9.0000000E+01
      2851 -2.0000000E+01  6.5000000E+01  3.1500000E+02
      2852 -2.0000000E+01  8.0000000E+01  2.9500000E+02
      2853 -2.0000000E+01  8.0000000E+01  1.9500000E+02
      2854 -2.0000000E+01  8.2952354E+01  1.5659767E+02
      2855 -2.0000000E+01  8.2952354E+01  3.1597673E+01
      2856 -2.0000000E+01  1.5500000E+02  1.9500000E+02
      2857 -2.0000000E+01  1.5500000E+02  2.9500000E+02
      2858 -2.0000000E+01  1.5500000E+02  3.1597673E+01
      2859 -2.0000000E+01  1.5500000E+02  1.5659767E+02
      2860 -2.0000000E+01  2.7028540E+02  5.0000000E+00
      2861 -2.0000000E+01  1.8655833E+02  1.5659767E+02
      2862 -2.0000000E+01  1.8655833E+02  2.6597673E+01
      2863 -2.0000000E+01  1.8655833E+02  2.9500000E+02
      2864 -2.0000000E+01  1.8655833E+02  1.9500000E+02
      2865 -2.0000000E+01  3.4500000E+02  3.1500000E+02
      2866 -2.0000000E+01  2.5638782E+02  2.6597673E+01
      2867 -2.0000000E+01  2.5638782E+02  1.5659767E+02
      2868 -2.0000000E+01  2.5638782E+02  1.9500000E+02
      2869 -2.0000000E+01  2.5638782E+02  2.9500000E+02
      2870 -2.0000000E+01  2.7028540E+02  2.6500000E+02
      2871 -2.0000000E+01  3.4500000E+02  2.6500000E+02
      2872  2.0000000E+01  0.0000000E+00  0.0000000E+00
      2873  2.0000000E+01  2.1086197E-13  9.0000000E+01
      2874  2.0000000E+01  6.5000000E+01  9.0000000E+01
      2875  2.0000000E+01  6.5000000E+01  3.1500000E+02
      2876  2.0000000E+01  8.0000000E+01  1.9500000E+02
      2877  2.0000000E+01  8.0000000E+01  2.9500000E+02
      2878  2.0000000E+01  8.2952354E+01  3.1597673E+01
      2879  2.0000000E+01  8.2952354E+01  1.5659767E+02
      2880  2.0000000E+01  1.5500000E+02  3.1597673E+01
      2881  2.0000000E+01  1.5500000E+02  1.5659767E+02
      2882  2.0000000E+01  1.5500000E+02  1.9500000E+02
      2883  2.0000000E+01  1.5500000E+02  2.9500000E+02
      2884  2.0000000E+01  1.8655833E+02  2.6597673E+01
      2885  2.0000000E+01  1.8655833E+02  1.5659767E+02
      2886  2.0000000E+01  1.8655833E+02  1.9500000E+02
      2887  2.0000000E+01  1.8655833E+02  2.9500000E+02
      2888  2.0000000E+01  2.5638782E+02  2.6597673E+01
      2889  2.0000000E+01  2.5638782E+02  1.5659767E+02
      2890  2.0000000E+01  2.5638782E+02  1.9500000E+02
      2891  2.0000000E+01  2.5638782E+02  2.9500000E+02
      2892  2.0000000E+01  2.7028540E+02  5.0000000E+00
      2893  2.0000000E+01  2.7028540E+02  2.6500000E+02
      2894  2.0000000E+01  3.4500000E+02  2.6500000E+02
      2895  2.0000000E+01  3.4500000E+02  3.1500000E+02
-1
$ 
$ Thermal Elements - User Model
$ 
         1 SOLID   M00001 O00001 0       1962       2883       2653       2005         19       2550       1397         20
         2 SOLID   M00001 O00001 0         19       2550       1397         20        315       2551       1396        316
         3 SOLID   M00001 O00001 0        315       2551       1396        316        611       2552       1395        612
         4 SOLID   M00001 O00001 0        611       2552       1395        612        907       2857       2322        908
         5 SOLID   M00001 O00001 0       1963       1964       2883       1962         18        183       2550         19
         6 SOLID   M00001 O00001 0         18        183       2550         19        314        479       2551        315
         7 SOLID   M00001 O00001 0        314        479       2551        315        610        775       2552        611
         8 SOLID   M00001 O00001 0        610        775       2552        611        906       1071       2857        907
         9 SOLID   M00001 O00001 0       1965       2718       2883       1964        184       1550       2550        183
        10 SOLID   M00001 O00001 0        184       1550       2550        183        480       1549       2551        479
        11 SOLID   M00001 O00001 0        480       1549       2551        479        776       1548       2552        775
        12 SOLID   M00001 O00001 0        776       1548       2552        775       1072       2387       2857       1071
        13 SOLID   M00001 O00001 0       1966       2717       2718       1965        185       1553       1550        184
        14 SOLID   M00001 O00001 0        185       1553       1550        184        481       1552       1549        480
        15 SOLID   M00001 O00001 0        481       1552       1549        480        777       1551       1548        776
        16 SOLID   M00001 O00001 0        777       1551       1548        776       1073       2386       2387       1072
        17 SOLID   M00001 O00001 0       1967       2716       2717       1966        186       1556       1553        185
        18 SOLID   M00001 O00001 0        186       1556       1553        185        482       1555       1552        481
        19 SOLID   M00001 O00001 0        482       1555       1552        481        778       1554       1551        777
        20 SOLID   M00001 O00001 0        778       1554       1551        777       1074       2385       2386       1073
        21 SOLID   M00001 O00001 0       1968       2715       2716       1967        187       1559       1556        186
        22 SOLID   M00001 O00001 0        187       1559       1556        186        483       1558       1555        482
        23 SOLID   M00001 O00001 0        483       1558       1555        482        779       1557       1554        778
        24 SOLID   M00001 O00001 0        779       1557       1554        778       1075       2384       2385       1074
        25 SOLID   M00001 O00001 0       1969       2714       2715       1968        188       1562       1559        187
        26 SOLID   M00001 O00001 0        188       1562       1559        187        484       1561       1558        483
        27 SOLID   M00001 O00001 0        484       1561       1558        483        780       1560       1557        779
        28 SOLID   M00001 O00001 0        780       1560       1557        779       1076       2383       2384       1075
        29 SOLID   M00001 O00001 0       1970       2713       2714       1969        189       1565       1562        188
        30 SOLID   M00001 O00001 0        189       1565       1562        188        485       1564       1561        484
        31 SOLID   M00001 O00001 0        485       1564       1561        484        781       1563       1560        780
        32 SOLID   M00001 O00001 0        781       1563       1560        780       1077       2382       2383       1076
        33 SOLID   M00001 O00001 0       1971       2712       2713       1970        190       1568       1565        189
        34 SOLID   M00001 O00001 0        190       1568       1565        189        486       1567       1564        485
        35 SOLID   M00001 O00001 0        486       1567       1564        485        782       1566       1563        781
        36 SOLID   M00001 O00001 0        782       1566       1563        781       1078       2381       2382       1077
        37 SOLID   M00001 O00001 0       1972       2711       2712       1971        191       1571       1568        190
        38 SOLID   M00001 O00001 0        191       1571       1568        190        487       1570       1567        486
        39 SOLID   M00001 O00001 0        487       1570       1567        486        783       1569       1566        782
        40 SOLID   M00001 O00001 0        783       1569       1566        782       1079       2380       2381       1078
        41 SOLID   M00001 O00001 0       1973       2710       2711       1972        192       1574       1571        191
        42 SOLID   M00001 O00001 0        192       1574       1571        191        488       1573       1570        487
        43 SOLID   M00001 O00001 0        488       1573       1570        487        784       1572       1569        783
        44 SOLID   M00001 O00001 0        784       1572       1569        783       1080       2379       2380       1079
        45 SOLID   M00001 O00001 0       1974       2882       2710       1973        193       2547       1574        192
        46 SOLID   M00001 O00001 0        193       2547       1574        192        489       2548       1573        488
        47 SOLID   M00001 O00001 0        489       2548       1573        488        785       2549       1572        784
        48 SOLID   M00001 O00001 0        785       2549       1572        784       1081       2856       2379       1080
        49 SOLID   M00001 O00001 0       1975       1976       2882       1974        278        194       2547        193
        50 SOLID   M00001 O00001 0        278        194       2547        193        574        490       2548        489
        51 SOLID   M00001 O00001 0        574        490       2548        489        870        786       2549        785
        52 SOLID   M00001 O00001 0        870        786       2549        785       1166       1082       2856       1081
        53 SOLID   M00001 O00001 0       1977       2652       2882       1976        195       1358       2547        194
        54 SOLID   M00001 O00001 0        195       1358       2547        194        491       1357       2548        490
        55 SOLID   M00001 O00001 0        491       1357       2548        490        787       1356       2549        786
        56 SOLID   M00001 O00001 0        787       1356       2549        786       1083       2321       2856       1082
        57 SOLID   M00001 O00001 0       1978       2651       2652       1977        196       1361       1358        195
        58 SOLID   M00001 O00001 0        196       1361       1358        195        492       1360       1357        491
        59 SOLID   M00001 O00001 0        492       1360       1357        491        788       1359       1356        787
        60 SOLID   M00001 O00001 0        788       1359       1356        787       1084       2320       2321       1083
        61 SOLID   M00001 O00001 0       1979       2650       2651       1978        197       1364       1361        196
        62 SOLID   M00001 O00001 0        197       1364       1361        196        493       1363       1360        492
        63 SOLID   M00001 O00001 0        493       1363       1360        492        789       1362       1359        788
        64 SOLID   M00001 O00001 0        789       1362       1359        788       1085       2319       2320       1084
        65 SOLID   M00001 O00001 0       1980       2649       2650       1979        198       1367       1364        197
        66 SOLID   M00001 O00001 0        198       1367       1364        197        494       1366       1363        493
        67 SOLID   M00001 O00001 0        494       1366       1363        493        790       1365       1362        789
        68 SOLID   M00001 O00001 0        790       1365       1362        789       1086       2318       2319       1085
        69 SOLID   M00001 O00001 0       1981       2648       2649       1980        199       1370       1367        198
        70 SOLID   M00001 O00001 0        199       1370       1367        198        495       1369       1366        494
        71 SOLID   M00001 O00001 0        495       1369       1366        494        791       1368       1365        790
        72 SOLID   M00001 O00001 0        791       1368       1365        790       1087       2317       2318       1086
        73 SOLID   M00001 O00001 0       1982       2647       2648       1981        200       1373       1370        199
        74 SOLID   M00001 O00001 0        200       1373       1370        199        496       1372       1369        495
        75 SOLID   M00001 O00001 0        496       1372       1369        495        792       1371       1368        791
        76 SOLID   M00001 O00001 0        792       1371       1368        791       1088       2316       2317       1087
        77 SOLID   M00001 O00001 0       1983       2646       2647       1982        201       1376       1373        200
        78 SOLID   M00001 O00001 0        201       1376       1373        200        497       1375       1372        496
        79 SOLID   M00001 O00001 0        497       1375       1372        496        793       1374       1371        792
        80 SOLID   M00001 O00001 0        793       1374       1371        792       1089       2315       2316       1088
        81 SOLID   M00001 O00001 0       1984       2876       2646       1983        202       2529       1376        201
        82 SOLID   M00001 O00001 0        202       2529       1376        201        498       2530       1375        497
        83 SOLID   M00001 O00001 0        498       2530       1375        497        794       2531       1374        793
        84 SOLID   M00001 O00001 0        794       2531       1374        793       1090       2853       2315       1089
        85 SOLID   M00001 O00001 0       1985       1986       2876       1984         40         39       2529        202
        86 SOLID   M00001 O00001 0         40         39       2529        202        336        335       2530        498
        87 SOLID   M00001 O00001 0        336        335       2530        498        632        631       2531        794
        88 SOLID   M00001 O00001 0        632        631       2531        794        928        927       2853       1090
        89 SOLID   M00001 O00001 0       1987       2633       2876       1986         38       1295       2529         39
        90 SOLID   M00001 O00001 0         38       1295       2529         39        334       1294       2530        335
        91 SOLID   M00001 O00001 0        334       1294       2530        335        630       1293       2531        631
        92 SOLID   M00001 O00001 0        630       1293       2531        631        926       2302       2853        927
        93 SOLID   M00001 O00001 0       1988       2632       2633       1987         37       1298       1295         38
        94 SOLID   M00001 O00001 0         37       1298       1295         38        333       1297       1294        334
        95 SOLID   M00001 O00001 0        333       1297       1294        334        629       1296       1293        630
        96 SOLID   M00001 O00001 0        629       1296       1293        630        925       2301       2302        926
        97 SOLID   M00001 O00001 0       1989       2631       2632       1988         36       1301       1298         37
        98 SOLID   M00001 O00001 0         36       1301       1298         37        332       1300       1297        333
        99 SOLID   M00001 O00001 0        332       1300       1297        333        628       1299       1296        629
       100 SOLID   M00001 O00001 0        628       1299       1296        629        924       2300       2301        925
       101 SOLID   M00001 O00001 0       1990       2630       2631       1989         35       1304       1301         36
       102 SOLID   M00001 O00001 0         35       1304       1301         36        331       1303       1300        332
       103 SOLID   M00001 O00001 0        331       1303       1300        332        627       1302       1299        628
       104 SOLID   M00001 O00001 0        627       1302       1299        628        923       2299       2300        924
       105 SOLID   M00001 O00001 0       1991       2629       2630       1990         34       1307       1304         35
       106 SOLID   M00001 O00001 0         34       1307       1304         35        330       1306       1303        331
       107 SOLID   M00001 O00001 0        330       1306       1303        331        626       1305       1302        627
       108 SOLID   M00001 O00001 0        626       1305       1302        627        922       2298       2299        923
       109 SOLID   M00001 O00001 0       1992       2628       2629       1991         33       1310       1307         34
       110 SOLID   M00001 O00001 0         33       1310       1307         34        329       1309       1306        330
       111 SOLID   M00001 O00001 0        329       1309       1306        330        625       1308       1305        626
       112 SOLID   M00001 O00001 0        625       1308       1305        626        921       2297       2298        922
       113 SOLID   M00001 O00001 0       1993       2627       2628       1992         32       1313       1310         33
       114 SOLID   M00001 O00001 0         32       1313       1310         33        328       1312       1309        329
       115 SOLID   M00001 O00001 0        328       1312       1309        329        624       1311       1308        625
       116 SOLID   M00001 O00001 0        624       1311       1308        625        920       2296       2297        921
       117 SOLID   M00001 O00001 0       1994       2626       2627       1993         31       1316       1313         32
       118 SOLID   M00001 O00001 0         31       1316       1313         32        327       1315       1312        328
       119 SOLID   M00001 O00001 0        327       1315       1312        328        623       1314       1311        624
       120 SOLID   M00001 O00001 0        623       1314       1311        624        919       2295       2296        920
       121 SOLID   M00001 O00001 0       1995       2625       2626       1994         30       1319       1316         31
       122 SOLID   M00001 O00001 0         30       1319       1316         31        326       1318       1315        327
       123 SOLID   M00001 O00001 0        326       1318       1315        327        622       1317       1314        623
       124 SOLID   M00001 O00001 0        622       1317       1314        623        918       2294       2295        919
       125 SOLID   M00001 O00001 0       1996       2877       2625       1995         29       2532       1319         30
       126 SOLID   M00001 O00001 0         29       2532       1319         30        325       2533       1318        326
       127 SOLID   M00001 O00001 0        325       2533       1318        326        621       2534       1317        622
       128 SOLID   M00001 O00001 0        621       2534       1317        622        917       2852       2294        918
       129 SOLID   M00001 O00001 0       1997       1998       2877       1996         27         28       2532         29
       130 SOLID   M00001 O00001 0         27         28       2532         29        323        324       2533        325
       131 SOLID   M00001 O00001 0        323        324       2533        325        619        620       2534        621
       132 SOLID   M00001 O00001 0        619        620       2534        621        915        916       2852        917
       133 SOLID   M00001 O00001 0       1999       2659       2877       1998         26       1379       2532         28
       134 SOLID   M00001 O00001 0         26       1379       2532         28        322       1378       2533        324
       135 SOLID   M00001 O00001 0        322       1378       2533        324        618       1377       2534        620
       136 SOLID   M00001 O00001 0        618       1377       2534        620        914       2328       2852        916
       137 SOLID   M00001 O00001 0       2000       2658       2659       1999         25       1382       1379         26
       138 SOLID   M00001 O00001 0         25       1382       1379         26        321       1381       1378        322
       139 SOLID   M00001 O00001 0        321       1381       1378        322        617       1380       1377        618
       140 SOLID   M00001 O00001 0        617       1380       1377        618        913       2327       2328        914
       141 SOLID   M00001 O00001 0       2001       2657       2658       2000         24       1385       1382         25
       142 SOLID   M00001 O00001 0         24       1385       1382         25        320       1384       1381        321
       143 SOLID   M00001 O00001 0        320       1384       1381        321        616       1383       1380        617
       144 SOLID   M00001 O00001 0        616       1383       1380        617        912       2326       2327        913
       145 SOLID   M00001 O00001 0       2002       2656       2657       2001         23       1388       1385         24
       146 SOLID   M00001 O00001 0         23       1388       1385         24        319       1387       1384        320
       147 SOLID   M00001 O00001 0        319       1387       1384        320        615       1386       1383        616
       148 SOLID   M00001 O00001 0        615       1386       1383        616        911       2325       2326        912
       149 SOLID   M00001 O00001 0       2003       2655       2656       2002         22       1391       1388         23
       150 SOLID   M00001 O00001 0         22       1391       1388         23        318       1390       1387        319
       151 SOLID   M00001 O00001 0        318       1390       1387        319        614       1389       1386        615
       152 SOLID   M00001 O00001 0        614       1389       1386        615        910       2324       2325        911
       153 SOLID   M00001 O00001 0       2004       2654       2655       2003         21       1394       1391         22
       154 SOLID   M00001 O00001 0         21       1394       1391         22        317       1393       1390        318
       155 SOLID   M00001 O00001 0        317       1393       1390        318        613       1392       1389        614
       156 SOLID   M00001 O00001 0        613       1392       1389        614        909       2323       2324        910
       157 SOLID   M00001 O00001 0       2005       2653       2654       2004         20       1397       1394         21
       158 SOLID   M00001 O00001 0         20       1397       1394         21        316       1396       1393        317
       159 SOLID   M00001 O00001 0        316       1396       1393        317        612       1395       1392        613
       160 SOLID   M00001 O00001 0        612       1395       1392        613        908       2322       2323        909
       161 SOLID   M00001 O00001 0       2006       2881       2666       2053        147       2544       1433        182
       162 SOLID   M00001 O00001 0        147       2544       1433        182        443       2545       1432        478
       163 SOLID   M00001 O00001 0        443       2545       1432        478        739       2546       1431        774
       164 SOLID   M00001 O00001 0        739       2546       1431        774       1035       2859       2335       1070
       165 SOLID   M00001 O00001 0       2007       2008       2881       2006        265        148       2544        147
       166 SOLID   M00001 O00001 0        265        148       2544        147        561        444       2545        443
       167 SOLID   M00001 O00001 0        561        444       2545        443        857        740       2546        739
       168 SOLID   M00001 O00001 0        857        740       2546        739       1153       1036       2859       1035
       169 SOLID   M00001 O00001 0       2009       2709       2881       2008        149       1514       2544        148
       170 SOLID   M00001 O00001 0        149       1514       2544        148        445       1513       2545        444
       171 SOLID   M00001 O00001 0        445       1513       2545        444        741       1512       2546        740
       172 SOLID   M00001 O00001 0        741       1512       2546        740       1037       2378       2859       1036
       173 SOLID   M00001 O00001 0       2010       2708       2709       2009        150       1517       1514        149
       174 SOLID   M00001 O00001 0        150       1517       1514        149        446       1516       1513        445
       175 SOLID   M00001 O00001 0        446       1516       1513        445        742       1515       1512        741
       176 SOLID   M00001 O00001 0        742       1515       1512        741       1038       2377       2378       1037
       177 SOLID   M00001 O00001 0       2011       2707       2708       2010        151       1520       1517        150
       178 SOLID   M00001 O00001 0        151       1520       1517        150        447       1519       1516        446
       179 SOLID   M00001 O00001 0        447       1519       1516        446        743       1518       1515        742
       180 SOLID   M00001 O00001 0        743       1518       1515        742       1039       2376       2377       1038
       181 SOLID   M00001 O00001 0       2012       2706       2707       2011        152       1523       1520        151
       182 SOLID   M00001 O00001 0        152       1523       1520        151        448       1522       1519        447
       183 SOLID   M00001 O00001 0        448       1522       1519        447        744       1521       1518        743
       184 SOLID   M00001 O00001 0        744       1521       1518        743       1040       2375       2376       1039
       185 SOLID   M00001 O00001 0       2013       2705       2706       2012        153       1526       1523        152
       186 SOLID   M00001 O00001 0        153       1526       1523        152        449       1525       1522        448
       187 SOLID   M00001 O00001 0        449       1525       1522        448        745       1524       1521        744
       188 SOLID   M00001 O00001 0        745       1524       1521        744       1041       2374       2375       1040
       189 SOLID   M00001 O00001 0       2014       2704       2705       2013        154       1529       1526        153
       190 SOLID   M00001 O00001 0        154       1529       1526        153        450       1528       1525        449
       191 SOLID   M00001 O00001 0        450       1528       1525        449        746       1527       1524        745
       192 SOLID   M00001 O00001 0        746       1527       1524        745       1042       2373       2374       1041
       193 SOLID   M00001 O00001 0       2015       2703       2704       2014        155       1532       1529        154
       194 SOLID   M00001 O00001 0        155       1532       1529        154        451       1531       1528        450
       195 SOLID   M00001 O00001 0        451       1531       1528        450        747       1530       1527        746
       196 SOLID   M00001 O00001 0        747       1530       1527        746       1043       2372       2373       1042
       197 SOLID   M00001 O00001 0       2016       2702       2703       2015        156       1535       1532        155
       198 SOLID   M00001 O00001 0        156       1535       1532        155        452       1534       1531        451
       199 SOLID   M00001 O00001 0        452       1534       1531        451        748       1533       1530        747
       200 SOLID   M00001 O00001 0        748       1533       1530        747       1044       2371       2372       1043
       201 SOLID   M00001 O00001 0       2017       2701       2702       2016        157       1538       1535        156
       202 SOLID   M00001 O00001 0        157       1538       1535        156        453       1537       1534        452
       203 SOLID   M00001 O00001 0        453       1537       1534        452        749       1536       1533        748
       204 SOLID   M00001 O00001 0        749       1536       1533        748       1045       2370       2371       1044
       205 SOLID   M00001 O00001 0       2018       2700       2701       2017        158       1541       1538        157
       206 SOLID   M00001 O00001 0        158       1541       1538        157        454       1540       1537        453
       207 SOLID   M00001 O00001 0        454       1540       1537        453        750       1539       1536        749
       208 SOLID   M00001 O00001 0        750       1539       1536        749       1046       2369       2370       1045
       209 SOLID   M00001 O00001 0       2019       2699       2700       2018        159       1544       1541        158
       210 SOLID   M00001 O00001 0        159       1544       1541        158        455       1543       1540        454
       211 SOLID   M00001 O00001 0        455       1543       1540        454        751       1542       1539        750
       212 SOLID   M00001 O00001 0        751       1542       1539        750       1047       2368       2369       1046
       213 SOLID   M00001 O00001 0       2020       2698       2699       2019        160       1547       1544        159
       214 SOLID   M00001 O00001 0        160       1547       1544        159        456       1546       1543        455
       215 SOLID   M00001 O00001 0        456       1546       1543        455        752       1545       1542        751
       216 SOLID   M00001 O00001 0        752       1545       1542        751       1048       2367       2368       1047
       217 SOLID   M00001 O00001 0       2021       2880       2698       2020        161       2541       1547        160
       218 SOLID   M00001 O00001 0        161       2541       1547        160        457       2542       1546        456
       219 SOLID   M00001 O00001 0        457       2542       1546        456        753       2543       1545        752
       220 SOLID   M00001 O00001 0        753       2543       1545        752       1049       2858       2367       1048
       221 SOLID   M00001 O00001 0       2022       2023       2880       2021        247        162       2541        161
       222 SOLID   M00001 O00001 0        247        162       2541        161        543        458       2542        457
       223 SOLID   M00001 O00001 0        543        458       2542        457        839        754       2543        753
       224 SOLID   M00001 O00001 0        839        754       2543        753       1135       1050       2858       1049
       225 SOLID   M00001 O00001 0       2024       2665       2880       2023        163       1400       2541        162
       226 SOLID   M00001 O00001 0        163       1400       2541        162        459       1399       2542        458
       227 SOLID   M00001 O00001 0        459       1399       2542        458        755       1398       2543        754
       228 SOLID   M00001 O00001 0        755       1398       2543        754       1051       2334       2858       1050
       229 SOLID   M00001 O00001 0       2025       2664       2665       2024        164       1403       1400        163
       230 SOLID   M00001 O00001 0        164       1403       1400        163        460       1402       1399        459
       231 SOLID   M00001 O00001 0        460       1402       1399        459        756       1401       1398        755
       232 SOLID   M00001 O00001 0        756       1401       1398        755       1052       2333       2334       1051
       233 SOLID   M00001 O00001 0       2026       2663       2664       2025        165       1406       1403        164
       234 SOLID   M00001 O00001 0        165       1406       1403        164        461       1405       1402        460
       235 SOLID   M00001 O00001 0        461       1405       1402        460        757       1404       1401        756
       236 SOLID   M00001 O00001 0        757       1404       1401        756       1053       2332       2333       1052
       237 SOLID   M00001 O00001 0       2027       2662       2663       2026        166       1409       1406        165
       238 SOLID   M00001 O00001 0        166       1409       1406        165        462       1408       1405        461
       239 SOLID   M00001 O00001 0        462       1408       1405        461        758       1407       1404        757
       240 SOLID   M00001 O00001 0        758       1407       1404        757       1054       2331       2332       1053
       241 SOLID   M00001 O00001 0       2028       2661       2662       2027        167       1412       1409        166
       242 SOLID   M00001 O00001 0        167       1412       1409        166        463       1411       1408        462
       243 SOLID   M00001 O00001 0        463       1411       1408        462        759       1410       1407        758
       244 SOLID   M00001 O00001 0        759       1410       1407        758       1055       2330       2331       1054
       245 SOLID   M00001 O00001 0       2029       2660       2661       2028        168       1415       1412        167
       246 SOLID   M00001 O00001 0        168       1415       1412        167        464       1414       1411        463
       247 SOLID   M00001 O00001 0        464       1414       1411        463        760       1413       1410        759
       248 SOLID   M00001 O00001 0        760       1413       1410        759       1056       2329       2330       1055
       249 SOLID   M00001 O00001 0       2030       2878       2660       2029        169       2535       1415        168
       250 SOLID   M00001 O00001 0        169       2535       1415        168        465       2536       1414        464
       251 SOLID   M00001 O00001 0        465       2536       1414        464        761       2537       1413        760
       252 SOLID   M00001 O00001 0        761       2537       1413        760       1057       2855       2329       1056
       253 SOLID   M00001 O00001 0       2031       2032       2878       2030        246        170       2535        169
       254 SOLID   M00001 O00001 0        246        170       2535        169        542        466       2536        465
       255 SOLID   M00001 O00001 0        542        466       2536        465        838        762       2537        761
       256 SOLID   M00001 O00001 0        838        762       2537        761       1134       1058       2855       1057
       257 SOLID   M00001 O00001 0       2033       2645       2878       2032        171       1322       2535        170
       258 SOLID   M00001 O00001 0        171       1322       2535        170        467       1321       2536        466
       259 SOLID   M00001 O00001 0        467       1321       2536        466        763       1320       2537        762
       260 SOLID   M00001 O00001 0        763       1320       2537        762       1059       2314       2855       1058
       261 SOLID   M00001 O00001 0       2034       2644       2645       2033        172       1325       1322        171
       262 SOLID   M00001 O00001 0        172       1325       1322        171        468       1324       1321        467
       263 SOLID   M00001 O00001 0        468       1324       1321        467        764       1323       1320        763
       264 SOLID   M00001 O00001 0        764       1323       1320        763       1060       2313       2314       1059
       265 SOLID   M00001 O00001 0       2035       2643       2644       2034        173       1328       1325        172
       266 SOLID   M00001 O00001 0        173       1328       1325        172        469       1327       1324        468
       267 SOLID   M00001 O00001 0        469       1327       1324        468        765       1326       1323        764
       268 SOLID   M00001 O00001 0        765       1326       1323        764       1061       2312       2313       1060
       269 SOLID   M00001 O00001 0       2036       2642       2643       2035        174       1331       1328        173
       270 SOLID   M00001 O00001 0        174       1331       1328        173        470       1330       1327        469
       271 SOLID   M00001 O00001 0        470       1330       1327        469        766       1329       1326        765
       272 SOLID   M00001 O00001 0        766       1329       1326        765       1062       2311       2312       1061
       273 SOLID   M00001 O00001 0       2037       2641       2642       2036        175       1334       1331        174
       274 SOLID   M00001 O00001 0        175       1334       1331        174        471       1333       1330        470
       275 SOLID   M00001 O00001 0        471       1333       1330        470        767       1332       1329        766
       276 SOLID   M00001 O00001 0        767       1332       1329        766       1063       2310       2311       1062
       277 SOLID   M00001 O00001 0       2038       2640       2641       2037         50       1337       1334        175
       278 SOLID   M00001 O00001 0         50       1337       1334        175        346       1336       1333        471
       279 SOLID   M00001 O00001 0        346       1336       1333        471        642       1335       1332        767
       280 SOLID   M00001 O00001 0        642       1335       1332        767        938       2309       2310       1063
       281 SOLID   M00001 O00001 0       2039       2639       2640       2038         49       1340       1337         50
       282 SOLID   M00001 O00001 0         49       1340       1337         50        345       1339       1336        346
       283 SOLID   M00001 O00001 0        345       1339       1336        346        641       1338       1335        642
       284 SOLID   M00001 O00001 0        641       1338       1335        642        937       2308       2309        938
       285 SOLID   M00001 O00001 0       2040       2638       2639       2039         48       1343       1340         49
       286 SOLID   M00001 O00001 0         48       1343       1340         49        344       1342       1339        345
       287 SOLID   M00001 O00001 0        344       1342       1339        345        640       1341       1338        641
       288 SOLID   M00001 O00001 0        640       1341       1338        641        936       2307       2308        937
       289 SOLID   M00001 O00001 0       2041       2637       2638       2040         47       1346       1343         48
       290 SOLID   M00001 O00001 0         47       1346       1343         48        343       1345       1342        344
       291 SOLID   M00001 O00001 0        343       1345       1342        344        639       1344       1341        640
       292 SOLID   M00001 O00001 0        639       1344       1341        640        935       2306       2307        936
       293 SOLID   M00001 O00001 0       2042       2636       2637       2041         46       1349       1346         47
       294 SOLID   M00001 O00001 0         46       1349       1346         47        342       1348       1345        343
       295 SOLID   M00001 O00001 0        342       1348       1345        343        638       1347       1344        639
       296 SOLID   M00001 O00001 0        638       1347       1344        639        934       2305       2306        935
       297 SOLID   M00001 O00001 0       2043       2635       2636       2042         45       1352       1349         46
       298 SOLID   M00001 O00001 0         45       1352       1349         46        341       1351       1348        342
       299 SOLID   M00001 O00001 0        341       1351       1348        342        637       1350       1347        638
       300 SOLID   M00001 O00001 0        637       1350       1347        638        933       2304       2305        934
       301 SOLID   M00001 O00001 0       2044       2634       2635       2043         44       1355       1352         45
       302 SOLID   M00001 O00001 0         44       1355       1352         45        340       1354       1351        341
       303 SOLID   M00001 O00001 0        340       1354       1351        341        636       1353       1350        637
       304 SOLID   M00001 O00001 0        636       1353       1350        637        932       2303       2304        933
       305 SOLID   M00001 O00001 0       2045       2879       2634       2044         43       2538       1355         44
       306 SOLID   M00001 O00001 0         43       2538       1355         44        339       2539       1354        340
       307 SOLID   M00001 O00001 0        339       2539       1354        340        635       2540       1353        636
       308 SOLID   M00001 O00001 0        635       2540       1353        636        931       2854       2303        932
       309 SOLID   M00001 O00001 0       2046       2047       2879       2045         42        176       2538         43
       310 SOLID   M00001 O00001 0         42        176       2538         43        338        472       2539        339
       311 SOLID   M00001 O00001 0        338        472       2539        339        634        768       2540        635
       312 SOLID   M00001 O00001 0        634        768       2540        635        930       1064       2854        931
       313 SOLID   M00001 O00001 0       2048       2671       2879       2047        177       1418       2538        176
       314 SOLID   M00001 O00001 0        177       1418       2538        176        473       1417       2539        472
       315 SOLID   M00001 O00001 0        473       1417       2539        472        769       1416       2540        768
       316 SOLID   M00001 O00001 0        769       1416       2540        768       1065       2340       2854       1064
       317 SOLID   M00001 O00001 0       2049       2670       2671       2048        178       1421       1418        177
       318 SOLID   M00001 O00001 0        178       1421       1418        177        474       1420       1417        473
       319 SOLID   M00001 O00001 0        474       1420       1417        473        770       1419       1416        769
       320 SOLID   M00001 O00001 0        770       1419       1416        769       1066       2339       2340       1065
       321 SOLID   M00001 O00001 0       2050       2669       2670       2049        179       1424       1421        178
       322 SOLID   M00001 O00001 0        179       1424       1421        178        475       1423       1420        474
       323 SOLID   M00001 O00001 0        475       1423       1420        474        771       1422       1419        770
       324 SOLID   M00001 O00001 0        771       1422       1419        770       1067       2338       2339       1066
       325 SOLID   M00001 O00001 0       2051       2668       2669       2050        180       1427       1424        179
       326 SOLID   M00001 O00001 0        180       1427       1424        179        476       1426       1423        475
       327 SOLID   M00001 O00001 0        476       1426       1423        475        772       1425       1422        771
       328 SOLID   M00001 O00001 0        772       1425       1422        771       1068       2337       2338       1067
       329 SOLID   M00001 O00001 0       2052       2667       2668       2051        181       1430       1427        180
       330 SOLID   M00001 O00001 0        181       1430       1427        180        477       1429       1426        476
       331 SOLID   M00001 O00001 0        477       1429       1426        476        773       1428       1425        772
       332 SOLID   M00001 O00001 0        773       1428       1425        772       1069       2336       2337       1068
       333 SOLID   M00001 O00001 0       2053       2666       2667       2052        182       1433       1430        181
       334 SOLID   M00001 O00001 0        182       1433       1430        181        478       1432       1429        477
       335 SOLID   M00001 O00001 0        478       1432       1429        477        774       1431       1428        773
       336 SOLID   M00001 O00001 0        774       1431       1428        773       1070       2335       2336       1069
       337 SOLID   M00001 O00001 0       1963       1962       2748       2749         18         19       1694       1691
       338 SOLID   M00001 O00001 0         18         19       1694       1691        314        315       1693       1690
       339 SOLID   M00001 O00001 0        314        315       1693       1690        610        611       1692       1689
       340 SOLID   M00001 O00001 0        610        611       1692       1689        906        907       2417       2418
       341 SOLID   M00001 O00001 0       2747       2748       1962       2005       1697       1694         19         20
       342 SOLID   M00001 O00001 0       1697       1694         19         20       1696       1693        315        316
       343 SOLID   M00001 O00001 0       1696       1693        315        316       1695       1692        611        612
       344 SOLID   M00001 O00001 0       1695       1692        611        612       2416       2417        907        908
       345 SOLID   M00001 O00001 0       2746       2747       2005       2004       1700       1697         20         21
       346 SOLID   M00001 O00001 0       1700       1697         20         21       1699       1696        316        317
       347 SOLID   M00001 O00001 0       1699       1696        316        317       1698       1695        612        613
       348 SOLID   M00001 O00001 0       1698       1695        612        613       2415       2416        908        909
       349 SOLID   M00001 O00001 0       2745       2746       2004       2003       1703       1700         21         22
       350 SOLID   M00001 O00001 0       1703       1700         21         22       1702       1699        317        318
       351 SOLID   M00001 O00001 0       1702       1699        317        318       1701       1698        613        614
       352 SOLID   M00001 O00001 0       1701       1698        613        614       2414       2415        909        910
       353 SOLID   M00001 O00001 0       2744       2745       2003       2002       1706       1703         22         23
       354 SOLID   M00001 O00001 0       1706       1703         22         23       1705       1702        318        319
       355 SOLID   M00001 O00001 0       1705       1702        318        319       1704       1701        614        615
       356 SOLID   M00001 O00001 0       1704       1701        614        615       2413       2414        910        911
       357 SOLID   M00001 O00001 0       2743       2744       2002       2001       1709       1706         23         24
       358 SOLID   M00001 O00001 0       1709       1706         23         24       1708       1705        319        320
       359 SOLID   M00001 O00001 0       1708       1705        319        320       1707       1704        615        616
       360 SOLID   M00001 O00001 0       1707       1704        615        616       2412       2413        911        912
       361 SOLID   M00001 O00001 0       2742       2743       2001       2000       1712       1709         24         25
       362 SOLID   M00001 O00001 0       1712       1709         24         25       1711       1708        320        321
       363 SOLID   M00001 O00001 0       1711       1708        320        321       1710       1707        616        617
       364 SOLID   M00001 O00001 0       1710       1707        616        617       2411       2412        912        913
       365 SOLID   M00001 O00001 0       2741       2742       2000       1999       1715       1712         25         26
       366 SOLID   M00001 O00001 0       1715       1712         25         26       1714       1711        321        322
       367 SOLID   M00001 O00001 0       1714       1711        321        322       1713       1710        617        618
       368 SOLID   M00001 O00001 0       1713       1710        617        618       2410       2411        913        914
       369 SOLID   M00001 O00001 0       1997       2624       2875       2740         27       1229       2526       1718
       370 SOLID   M00001 O00001 0         27       1229       2526       1718        323       1228       2527       1717
       371 SOLID   M00001 O00001 0        323       1228       2527       1717        619       1227       2528       1716
       372 SOLID   M00001 O00001 0        619       1227       2528       1716        915       2293       2851       2409
       373 SOLID   M00001 O00001 0       2741       1999       1998       2740       1715         26         28       1718
       374 SOLID   M00001 O00001 0       1715         26         28       1718       1714        322        324       1717
       375 SOLID   M00001 O00001 0       1714        322        324       1717       1713        618        620       1716
       376 SOLID   M00001 O00001 0       1713        618        620       1716       2410        914        916       2409
       377 SOLID   M00001 O00001 0       2623       2624       1997       1996       1232       1229         27         29
       378 SOLID   M00001 O00001 0       1232       1229         27         29       1231       1228        323        325
       379 SOLID   M00001 O00001 0       1231       1228        323        325       1230       1227        619        621
       380 SOLID   M00001 O00001 0       1230       1227        619        621       2292       2293        915        917
       381 SOLID   M00001 O00001 0       2622       2623       1996       1995       1235       1232         29         30
       382 SOLID   M00001 O00001 0       1235       1232         29         30       1234       1231        325        326
       383 SOLID   M00001 O00001 0       1234       1231        325        326       1233       1230        621        622
       384 SOLID   M00001 O00001 0       1233       1230        621        622       2291       2292        917        918
       385 SOLID   M00001 O00001 0       2621       2622       1995       1994       1238       1235         30         31
       386 SOLID   M00001 O00001 0       1238       1235         30         31       1237       1234        326        327
       387 SOLID   M00001 O00001 0       1237       1234        326        327       1236       1233        622        623
       388 SOLID   M00001 O00001 0       1236       1233        622        623       2290       2291        918        919
       389 SOLID   M00001 O00001 0       2620       2621       1994       1993       1241       1238         31         32
       390 SOLID   M00001 O00001 0       1241       1238         31         32       1240       1237        327        328
       391 SOLID   M00001 O00001 0       1240       1237        327        328       1239       1236        623        624
       392 SOLID   M00001 O00001 0       1239       1236        623        624       2289       2290        919        920
       393 SOLID   M00001 O00001 0       2619       2620       1993       1992       1244       1241         32         33
       394 SOLID   M00001 O00001 0       1244       1241         32         33       1243       1240        328        329
       395 SOLID   M00001 O00001 0       1243       1240        328        329       1242       1239        624        625
       396 SOLID   M00001 O00001 0       1242       1239        624        625       2288       2289        920        921
       397 SOLID   M00001 O00001 0       2618       2619       1992       1991       1247       1244         33         34
       398 SOLID   M00001 O00001 0       1247       1244         33         34       1246       1243        329        330
       399 SOLID   M00001 O00001 0       1246       1243        329        330       1245       1242        625        626
       400 SOLID   M00001 O00001 0       1245       1242        625        626       2287       2288        921        922
       401 SOLID   M00001 O00001 0       2617       2618       1991       1990       1250       1247         34         35
       402 SOLID   M00001 O00001 0       1250       1247         34         35       1249       1246        330        331
       403 SOLID   M00001 O00001 0       1249       1246        330        331       1248       1245        626        627
       404 SOLID   M00001 O00001 0       1248       1245        626        627       2286       2287        922        923
       405 SOLID   M00001 O00001 0       2616       2617       1990       1989       1253       1250         35         36
       406 SOLID   M00001 O00001 0       1253       1250         35         36       1252       1249        331        332
       407 SOLID   M00001 O00001 0       1252       1249        331        332       1251       1248        627        628
       408 SOLID   M00001 O00001 0       1251       1248        627        628       2285       2286        923        924
       409 SOLID   M00001 O00001 0       2615       2616       1989       1988       1256       1253         36         37
       410 SOLID   M00001 O00001 0       1256       1253         36         37       1255       1252        332        333
       411 SOLID   M00001 O00001 0       1255       1252        332        333       1254       1251        628        629
       412 SOLID   M00001 O00001 0       1254       1251        628        629       2284       2285        924        925
       413 SOLID   M00001 O00001 0       2614       2615       1988       1987       1259       1256         37         38
       414 SOLID   M00001 O00001 0       1259       1256         37         38       1258       1255        333        334
       415 SOLID   M00001 O00001 0       1258       1255        333        334       1257       1254        629        630
       416 SOLID   M00001 O00001 0       1257       1254        629        630       2283       2284        925        926
       417 SOLID   M00001 O00001 0       1986       1985       2612       2613         39         40       1265       1262
       418 SOLID   M00001 O00001 0         39         40       1265       1262        335        336       1264       1261
       419 SOLID   M00001 O00001 0        335        336       1264       1261        631        632       1263       1260
       420 SOLID   M00001 O00001 0        631        632       1263       1260        927        928       2281       2282
       421 SOLID   M00001 O00001 0       2614       1987       1986       2613       1259         38         39       1262
       422 SOLID   M00001 O00001 0       1259         38         39       1262       1258        334        335       1261
       423 SOLID   M00001 O00001 0       1258        334        335       1261       1257        630        631       1260
       424 SOLID   M00001 O00001 0       1257        630        631       1260       2283        926        927       2282
       425 SOLID   M00001 O00001 0       2039       2038       2874       2603         49         50       2523       1292
       426 SOLID   M00001 O00001 0         49         50       2523       1292        345        346       2524       1291
       427 SOLID   M00001 O00001 0        345        346       2524       1291        641        642       2525       1290
       428 SOLID   M00001 O00001 0        641        642       2525       1290        937        938       2850       2272
       429 SOLID   M00001 O00001 0       2040       2039       2603       2604         48         49       1292       1289
       430 SOLID   M00001 O00001 0         48         49       1292       1289        344        345       1291       1288
       431 SOLID   M00001 O00001 0        344        345       1291       1288        640        641       1290       1287
       432 SOLID   M00001 O00001 0        640        641       1290       1287        936        937       2272       2273
       433 SOLID   M00001 O00001 0       2041       2040       2604       2605         47         48       1289       1286
       434 SOLID   M00001 O00001 0         47         48       1289       1286        343        344       1288       1285
       435 SOLID   M00001 O00001 0        343        344       1288       1285        639        640       1287       1284
       436 SOLID   M00001 O00001 0        639        640       1287       1284        935        936       2273       2274
       437 SOLID   M00001 O00001 0       2042       2041       2605       2606         46         47       1286       1283
       438 SOLID   M00001 O00001 0         46         47       1286       1283        342        343       1285       1282
       439 SOLID   M00001 O00001 0        342        343       1285       1282        638        639       1284       1281
       440 SOLID   M00001 O00001 0        638        639       1284       1281        934        935       2274       2275
       441 SOLID   M00001 O00001 0       2043       2042       2606       2607         45         46       1283       1280
       442 SOLID   M00001 O00001 0         45         46       1283       1280        341        342       1282       1279
       443 SOLID   M00001 O00001 0        341        342       1282       1279        637        638       1281       1278
       444 SOLID   M00001 O00001 0        637        638       1281       1278        933        934       2275       2276
       445 SOLID   M00001 O00001 0       2044       2043       2607       2608         44         45       1280       1277
       446 SOLID   M00001 O00001 0         44         45       1280       1277        340        341       1279       1276
       447 SOLID   M00001 O00001 0        340        341       1279       1276        636        637       1278       1275
       448 SOLID   M00001 O00001 0        636        637       1278       1275        932        933       2276       2277
       449 SOLID   M00001 O00001 0       2609       2610       2046       2045       1274       1271         42         43
       450 SOLID   M00001 O00001 0       1274       1271         42         43       1273       1270        338        339
       451 SOLID   M00001 O00001 0       1273       1270        338        339       1272       1269        634        635
       452 SOLID   M00001 O00001 0       1272       1269        634        635       2278       2279        930        931
       453 SOLID   M00001 O00001 0       2044       2608       2609       2045         44       1277       1274         43
       454 SOLID   M00001 O00001 0         44       1277       1274         43        340       1276       1273        339
       455 SOLID   M00001 O00001 0        340       1276       1273        339        636       1275       1272        635
       456 SOLID   M00001 O00001 0        636       1275       1272        635        932       2277       2278        931
       457 SOLID   M00001 O00001 0       2056       2007       2006       2057        290        265        147        266
       458 SOLID   M00001 O00001 0        290        265        147        266        586        561        443        562
       459 SOLID   M00001 O00001 0        586        561        443        562        882        857        739        858
       460 SOLID   M00001 O00001 0        882        857        739        858       1178       1153       1035       1154
       461 SOLID   M00001 O00001 0       1976       1975       2056       2057        194        278        290        266
       462 SOLID   M00001 O00001 0        194        278        290        266        490        574        586        562
       463 SOLID   M00001 O00001 0        490        574        586        562        786        870        882        858
       464 SOLID   M00001 O00001 0        786        870        882        858       1082       1166       1178       1154
       465 SOLID   M00001 O00001 0       2057       2006       2053       2058        266        147        182        277
       466 SOLID   M00001 O00001 0        266        147        182        277        562        443        478        573
       467 SOLID   M00001 O00001 0        562        443        478        573        858        739        774        869
       468 SOLID   M00001 O00001 0        858        739        774        869       1154       1035       1070       1165
       469 SOLID   M00001 O00001 0       1977       1976       2057       2058        195        194        266        277
       470 SOLID   M00001 O00001 0        195        194        266        277        491        490        562        573
       471 SOLID   M00001 O00001 0        491        490        562        573        787        786        858        869
       472 SOLID   M00001 O00001 0        787        786        858        869       1083       1082       1154       1165
       473 SOLID   M00001 O00001 0       2058       2053       2052       2059        277        182        181        276
       474 SOLID   M00001 O00001 0        277        182        181        276        573        478        477        572
       475 SOLID   M00001 O00001 0        573        478        477        572        869        774        773        868
       476 SOLID   M00001 O00001 0        869        774        773        868       1165       1070       1069       1164
       477 SOLID   M00001 O00001 0       1978       1977       2058       2059        196        195        277        276
       478 SOLID   M00001 O00001 0        196        195        277        276        492        491        573        572
       479 SOLID   M00001 O00001 0        492        491        573        572        788        787        869        868
       480 SOLID   M00001 O00001 0        788        787        869        868       1084       1083       1165       1164
       481 SOLID   M00001 O00001 0       2059       2052       2051       2060        276        181        180        275
       482 SOLID   M00001 O00001 0        276        181        180        275        572        477        476        571
       483 SOLID   M00001 O00001 0        572        477        476        571        868        773        772        867
       484 SOLID   M00001 O00001 0        868        773        772        867       1164       1069       1068       1163
       485 SOLID   M00001 O00001 0       1979       1978       2059       2060        197        196        276        275
       486 SOLID   M00001 O00001 0        197        196        276        275        493        492        572        571
       487 SOLID   M00001 O00001 0        493        492        572        571        789        788        868        867
       488 SOLID   M00001 O00001 0        789        788        868        867       1085       1084       1164       1163
       489 SOLID   M00001 O00001 0       1985       1984       2061       2062         40        202        230         41
       490 SOLID   M00001 O00001 0         40        202        230         41        336        498        526        337
       491 SOLID   M00001 O00001 0        336        498        526        337        632        794        822        633
       492 SOLID   M00001 O00001 0        632        794        822        633        928       1090       1118        929
       493 SOLID   M00001 O00001 0       2611       2612       1985       2062       1268       1265         40         41
       494 SOLID   M00001 O00001 0       1268       1265         40         41       1267       1264        336        337
       495 SOLID   M00001 O00001 0       1267       1264        336        337       1266       1263        632        633
       496 SOLID   M00001 O00001 0       1266       1263        632        633       2280       2281        928        929
       497 SOLID   M00001 O00001 0       2062       2061       2047       2046         41        230        176         42
       498 SOLID   M00001 O00001 0         41        230        176         42        337        526        472        338
       499 SOLID   M00001 O00001 0        337        526        472        338        633        822        768        634
       500 SOLID   M00001 O00001 0        633        822        768        634        929       1118       1064        930
       501 SOLID   M00001 O00001 0       2610       2611       2062       2046       1271       1268         41         42
       502 SOLID   M00001 O00001 0       1271       1268         41         42       1270       1267        337        338
       503 SOLID   M00001 O00001 0       1270       1267        337        338       1269       1266        633        634
       504 SOLID   M00001 O00001 0       1269       1266        633        634       2279       2280        929        930
       505 SOLID   M00001 O00001 0       2061       1984       1983       2063        230        202        201        271
       506 SOLID   M00001 O00001 0        230        202        201        271        526        498        497        567
       507 SOLID   M00001 O00001 0        526        498        497        567        822        794        793        863
       508 SOLID   M00001 O00001 0        822        794        793        863       1118       1090       1089       1159
       509 SOLID   M00001 O00001 0       2048       2047       2061       2063        177        176        230        271
       510 SOLID   M00001 O00001 0        177        176        230        271        473        472        526        567
       511 SOLID   M00001 O00001 0        473        472        526        567        769        768        822        863
       512 SOLID   M00001 O00001 0        769        768        822        863       1065       1064       1118       1159
       513 SOLID   M00001 O00001 0       2060       2051       2050       2064        275        180        179        274
       514 SOLID   M00001 O00001 0        275        180        179        274        571        476        475        570
       515 SOLID   M00001 O00001 0        571        476        475        570        867        772        771        866
       516 SOLID   M00001 O00001 0        867        772        771        866       1163       1068       1067       1162
       517 SOLID   M00001 O00001 0       1980       1979       2060       2064        198        197        275        274
       518 SOLID   M00001 O00001 0        198        197        275        274        494        493        571        570
       519 SOLID   M00001 O00001 0        494        493        571        570        790        789        867        866
       520 SOLID   M00001 O00001 0        790        789        867        866       1086       1085       1163       1162
       521 SOLID   M00001 O00001 0       2063       1983       1982       2241        271        201        200        272
       522 SOLID   M00001 O00001 0        271        201        200        272        567        497        496        568
       523 SOLID   M00001 O00001 0        567        497        496        568        863        793        792        864
       524 SOLID   M00001 O00001 0        863        793        792        864       1159       1089       1088       1160
       525 SOLID   M00001 O00001 0       2049       2048       2063       2241        178        177        271        272
       526 SOLID   M00001 O00001 0        178        177        271        272        474        473        567        568
       527 SOLID   M00001 O00001 0        474        473        567        568        770        769        863        864
       528 SOLID   M00001 O00001 0        770        769        863        864       1066       1065       1159       1160
       529 SOLID   M00001 O00001 0       2064       2050       2049       2242        274        179        178        273
       530 SOLID   M00001 O00001 0        274        179        178        273        570        475        474        569
       531 SOLID   M00001 O00001 0        570        475        474        569        866        771        770        865
       532 SOLID   M00001 O00001 0        866        771        770        865       1162       1067       1066       1161
       533 SOLID   M00001 O00001 0       2242       2241       1982       1981        273        272        200        199
       534 SOLID   M00001 O00001 0        273        272        200        199        569        568        496        495
       535 SOLID   M00001 O00001 0        569        568        496        495        865        864        792        791
       536 SOLID   M00001 O00001 0        865        864        792        791       1161       1160       1088       1087
       537 SOLID   M00001 O00001 0       1980       2064       2242       1981        198        274        273        199
       538 SOLID   M00001 O00001 0        198        274        273        199        494        570        569        495
       539 SOLID   M00001 O00001 0        494        570        569        495        790        866        865        791
       540 SOLID   M00001 O00001 0        790        866        865        791       1086       1162       1161       1087
       541 SOLID   M00001 O00001 0       2730       2884       2067       2068       1577       2553        126        127
       542 SOLID   M00001 O00001 0       1577       2553        126        127       1576       2554        422        423
       543 SOLID   M00001 O00001 0       1576       2554        422        423       1575       2555        718        719
       544 SOLID   M00001 O00001 0       1575       2555        718        719       2399       2862       1014       1015
       545 SOLID   M00001 O00001 0       2069       2729       2730       2068        128       1580       1577        127
       546 SOLID   M00001 O00001 0        128       1580       1577        127        424       1579       1576        423
       547 SOLID   M00001 O00001 0        424       1579       1576        423        720       1578       1575        719
       548 SOLID   M00001 O00001 0        720       1578       1575        719       1016       2398       2399       1015
       549 SOLID   M00001 O00001 0       2070       2728       2729       2069        129       1583       1580        128
       550 SOLID   M00001 O00001 0        129       1583       1580        128        425       1582       1579        424
       551 SOLID   M00001 O00001 0        425       1582       1579        424        721       1581       1578        720
       552 SOLID   M00001 O00001 0        721       1581       1578        720       1017       2397       2398       1016
       553 SOLID   M00001 O00001 0       2071       2727       2728       2070        130       1586       1583        129
       554 SOLID   M00001 O00001 0        130       1586       1583        129        426       1585       1582        425
       555 SOLID   M00001 O00001 0        426       1585       1582        425        722       1584       1581        721
       556 SOLID   M00001 O00001 0        722       1584       1581        721       1018       2396       2397       1017
       557 SOLID   M00001 O00001 0       2072       2726       2727       2071        131       1589       1586        130
       558 SOLID   M00001 O00001 0        131       1589       1586        130        427       1588       1585        426
       559 SOLID   M00001 O00001 0        427       1588       1585        426        723       1587       1584        722
       560 SOLID   M00001 O00001 0        723       1587       1584        722       1019       2395       2396       1018
       561 SOLID   M00001 O00001 0       2073       2725       2726       2072        132       1592       1589        131
       562 SOLID   M00001 O00001 0        132       1592       1589        131        428       1591       1588        427
       563 SOLID   M00001 O00001 0        428       1591       1588        427        724       1590       1587        723
       564 SOLID   M00001 O00001 0        724       1590       1587        723       1020       2394       2395       1019
       565 SOLID   M00001 O00001 0       2245       2724       2725       2073        133       1595       1592        132
       566 SOLID   M00001 O00001 0        133       1595       1592        132        429       1594       1591        428
       567 SOLID   M00001 O00001 0        429       1594       1591        428        725       1593       1590        724
       568 SOLID   M00001 O00001 0        725       1593       1590        724       1021       2393       2394       1020
       569 SOLID   M00001 O00001 0       2244       2723       2724       2245        134       1598       1595        133
       570 SOLID   M00001 O00001 0        134       1598       1595        133        430       1597       1594        429
       571 SOLID   M00001 O00001 0        430       1597       1594        429        726       1596       1593        725
       572 SOLID   M00001 O00001 0        726       1596       1593        725       1022       2392       2393       1021
       573 SOLID   M00001 O00001 0       2074       2722       2723       2244        135       1601       1598        134
       574 SOLID   M00001 O00001 0        135       1601       1598        134        431       1600       1597        430
       575 SOLID   M00001 O00001 0        431       1600       1597        430        727       1599       1596        726
       576 SOLID   M00001 O00001 0        727       1599       1596        726       1023       2391       2392       1022
       577 SOLID   M00001 O00001 0       2075       2721       2722       2074        136       1604       1601        135
       578 SOLID   M00001 O00001 0        136       1604       1601        135        432       1603       1600        431
       579 SOLID   M00001 O00001 0        432       1603       1600        431        728       1602       1599        727
       580 SOLID   M00001 O00001 0        728       1602       1599        727       1024       2390       2391       1023
       581 SOLID   M00001 O00001 0       2076       2720       2721       2075        137       1607       1604        136
       582 SOLID   M00001 O00001 0        137       1607       1604        136        433       1606       1603        432
       583 SOLID   M00001 O00001 0        433       1606       1603        432        729       1605       1602        728
       584 SOLID   M00001 O00001 0        729       1605       1602        728       1025       2389       2390       1024
       585 SOLID   M00001 O00001 0       2077       2719       2720       2076        138       1610       1607        137
       586 SOLID   M00001 O00001 0        138       1610       1607        137        434       1609       1606        433
       587 SOLID   M00001 O00001 0        434       1609       1606        433        730       1608       1605        729
       588 SOLID   M00001 O00001 0        730       1608       1605        729       1026       2388       2389       1025
       589 SOLID   M00001 O00001 0       2055       2885       2719       2077        139       2556       1610        138
       590 SOLID   M00001 O00001 0        139       2556       1610        138        435       2557       1609        434
       591 SOLID   M00001 O00001 0        435       2557       1609        434        731       2558       1608        730
       592 SOLID   M00001 O00001 0        731       2558       1608        730       1027       2861       2388       1026
       593 SOLID   M00001 O00001 0       2009       2008       2055       2077        149        148        139        138
       594 SOLID   M00001 O00001 0        149        148        139        138        445        444        435        434
       595 SOLID   M00001 O00001 0        445        444        435        434        741        740        731        730
       596 SOLID   M00001 O00001 0        741        740        731        730       1037       1036       1027       1026
       597 SOLID   M00001 O00001 0       2076       2010       2009       2077        137        150        149        138
       598 SOLID   M00001 O00001 0        137        150        149        138        433        446        445        434
       599 SOLID   M00001 O00001 0        433        446        445        434        729        742        741        730
       600 SOLID   M00001 O00001 0        729        742        741        730       1025       1038       1037       1026
       601 SOLID   M00001 O00001 0       2075       2011       2010       2076        136        151        150        137
       602 SOLID   M00001 O00001 0        136        151        150        137        432        447        446        433
       603 SOLID   M00001 O00001 0        432        447        446        433        728        743        742        729
       604 SOLID   M00001 O00001 0        728        743        742        729       1024       1039       1038       1025
       605 SOLID   M00001 O00001 0       2074       2012       2011       2075        135        152        151        136
       606 SOLID   M00001 O00001 0        135        152        151        136        431        448        447        432
       607 SOLID   M00001 O00001 0        431        448        447        432        727        744        743        728
       608 SOLID   M00001 O00001 0        727        744        743        728       1023       1040       1039       1024
       609 SOLID   M00001 O00001 0       2244       2013       2012       2074        134        153        152        135
       610 SOLID   M00001 O00001 0        134        153        152        135        430        449        448        431
       611 SOLID   M00001 O00001 0        430        449        448        431        726        745        744        727
       612 SOLID   M00001 O00001 0        726        745        744        727       1022       1041       1040       1023
       613 SOLID   M00001 O00001 0       2243       2014       2013       2244        256        154        153        134
       614 SOLID   M00001 O00001 0        256        154        153        134        552        450        449        430
       615 SOLID   M00001 O00001 0        552        450        449        430        848        746        745        726
       616 SOLID   M00001 O00001 0        848        746        745        726       1144       1042       1041       1022
       617 SOLID   M00001 O00001 0       2245       2015       2014       2243        133        155        154        256
       618 SOLID   M00001 O00001 0        133        155        154        256        429        451        450        552
       619 SOLID   M00001 O00001 0        429        451        450        552        725        747        746        848
       620 SOLID   M00001 O00001 0        725        747        746        848       1021       1043       1042       1144
       621 SOLID   M00001 O00001 0       2073       2016       2015       2245        132        156        155        133
       622 SOLID   M00001 O00001 0        132        156        155        133        428        452        451        429
       623 SOLID   M00001 O00001 0        428        452        451        429        724        748        747        725
       624 SOLID   M00001 O00001 0        724        748        747        725       1020       1044       1043       1021
       625 SOLID   M00001 O00001 0       2072       2017       2016       2073        131        157        156        132
       626 SOLID   M00001 O00001 0        131        157        156        132        427        453        452        428
       627 SOLID   M00001 O00001 0        427        453        452        428        723        749        748        724
       628 SOLID   M00001 O00001 0        723        749        748        724       1019       1045       1044       1020
       629 SOLID   M00001 O00001 0       2071       2018       2017       2072        130        158        157        131
       630 SOLID   M00001 O00001 0        130        158        157        131        426        454        453        427
       631 SOLID   M00001 O00001 0        426        454        453        427        722        750        749        723
       632 SOLID   M00001 O00001 0        722        750        749        723       1018       1046       1045       1019
       633 SOLID   M00001 O00001 0       2070       2019       2018       2071        129        159        158        130
       634 SOLID   M00001 O00001 0        129        159        158        130        425        455        454        426
       635 SOLID   M00001 O00001 0        425        455        454        426        721        751        750        722
       636 SOLID   M00001 O00001 0        721        751        750        722       1017       1047       1046       1018
       637 SOLID   M00001 O00001 0       2069       2020       2019       2070        128        160        159        129
       638 SOLID   M00001 O00001 0        128        160        159        129        424        456        455        425
       639 SOLID   M00001 O00001 0        424        456        455        425        720        752        751        721
       640 SOLID   M00001 O00001 0        720        752        751        721       1016       1048       1047       1017
       641 SOLID   M00001 O00001 0       2068       2021       2020       2069        127        161        160        128
       642 SOLID   M00001 O00001 0        127        161        160        128        423        457        456        424
       643 SOLID   M00001 O00001 0        423        457        456        424        719        753        752        720
       644 SOLID   M00001 O00001 0        719        753        752        720       1015       1049       1048       1016
       645 SOLID   M00001 O00001 0       2067       2022       2021       2068        126        247        161        127
       646 SOLID   M00001 O00001 0        126        247        161        127        422        543        457        423
       647 SOLID   M00001 O00001 0        422        543        457        423        718        839        753        719
       648 SOLID   M00001 O00001 0        718        839        753        719       1014       1135       1049       1015
       649 SOLID   M00001 O00001 0       2080       2032       2031       2079        267        170        246        245
       650 SOLID   M00001 O00001 0        267        170        246        245        563        466        542        541
       651 SOLID   M00001 O00001 0        563        466        542        541        859        762        838        837
       652 SOLID   M00001 O00001 0        859        762        838        837       1155       1058       1134       1133
       653 SOLID   M00001 O00001 0       2081       2033       2032       2080        268        171        170        267
       654 SOLID   M00001 O00001 0        268        171        170        267        564        467        466        563
       655 SOLID   M00001 O00001 0        564        467        466        563        860        763        762        859
       656 SOLID   M00001 O00001 0        860        763        762        859       1156       1059       1058       1155
       657 SOLID   M00001 O00001 0       2082       2034       2033       2081        269        172        171        268
       658 SOLID   M00001 O00001 0        269        172        171        268        565        468        467        564
       659 SOLID   M00001 O00001 0        565        468        467        564        861        764        763        860
       660 SOLID   M00001 O00001 0        861        764        763        860       1157       1060       1059       1156
       661 SOLID   M00001 O00001 0       2083       2035       2034       2082        270        173        172        269
       662 SOLID   M00001 O00001 0        270        173        172        269        566        469        468        565
       663 SOLID   M00001 O00001 0        566        469        468        565        862        765        764        861
       664 SOLID   M00001 O00001 0        862        765        764        861       1158       1061       1060       1157
       665 SOLID   M00001 O00001 0       2084       2036       2035       2083        231        174        173        270
       666 SOLID   M00001 O00001 0        231        174        173        270        527        470        469        566
       667 SOLID   M00001 O00001 0        527        470        469        566        823        766        765        862
       668 SOLID   M00001 O00001 0        823        766        765        862       1119       1062       1061       1158
       669 SOLID   M00001 O00001 0       2085       2037       2036       2084         51        175        174        231
       670 SOLID   M00001 O00001 0         51        175        174        231        347        471        470        527
       671 SOLID   M00001 O00001 0        347        471        470        527        643        767        766        823
       672 SOLID   M00001 O00001 0        643        767        766        823        939       1063       1062       1119
       673 SOLID   M00001 O00001 0       2874       2038       2037       2085       2523         50        175         51
       674 SOLID   M00001 O00001 0       2523         50        175         51       2524        346        471        347
       675 SOLID   M00001 O00001 0       2524        346        471        347       2525        642        767        643
       676 SOLID   M00001 O00001 0       2525        642        767        643       2850        938       1063        939
       677 SOLID   M00001 O00001 0       2086       2602       2874       2085         52       1211       2523         51
       678 SOLID   M00001 O00001 0         52       1211       2523         51        348       1210       2524        347
       679 SOLID   M00001 O00001 0        348       1210       2524        347        644       1209       2525        643
       680 SOLID   M00001 O00001 0        644       1209       2525        643        940       2271       2850        939
       681 SOLID   M00001 O00001 0       2087       2601       2602       2086         53       1214       1211         52
       682 SOLID   M00001 O00001 0         53       1214       1211         52        349       1213       1210        348
       683 SOLID   M00001 O00001 0        349       1213       1210        348        645       1212       1209        644
       684 SOLID   M00001 O00001 0        645       1212       1209        644        941       2270       2271        940
       685 SOLID   M00001 O00001 0       2088       2600       2601       2087         54       1217       1214         53
       686 SOLID   M00001 O00001 0         54       1217       1214         53        350       1216       1213        349
       687 SOLID   M00001 O00001 0        350       1216       1213        349        646       1215       1212        645
       688 SOLID   M00001 O00001 0        646       1215       1212        645        942       2269       2270        941
       689 SOLID   M00001 O00001 0       2089       2599       2600       2088         55       1220       1217         54
       690 SOLID   M00001 O00001 0         55       1220       1217         54        351       1219       1216        350
       691 SOLID   M00001 O00001 0        351       1219       1216        350        647       1218       1215        646
       692 SOLID   M00001 O00001 0        647       1218       1215        646        943       2268       2269        942
       693 SOLID   M00001 O00001 0       2090       2598       2599       2089         56       1223       1220         55
       694 SOLID   M00001 O00001 0         56       1223       1220         55        352       1222       1219        351
       695 SOLID   M00001 O00001 0        352       1222       1219        351        648       1221       1218        647
       696 SOLID   M00001 O00001 0        648       1221       1218        647        944       2267       2268        943
       697 SOLID   M00001 O00001 0       2091       2597       2598       2090         57       1226       1223         56
       698 SOLID   M00001 O00001 0         57       1226       1223         56        353       1225       1222        352
       699 SOLID   M00001 O00001 0        353       1225       1222        352        649       1224       1221        648
       700 SOLID   M00001 O00001 0        649       1224       1221        648        945       2266       2267        944
       701 SOLID   M00001 O00001 0       2596       2873       2597       2091       1187       2520       1226         57
       702 SOLID   M00001 O00001 0       1187       2520       1226         57       1186       2521       1225        353
       703 SOLID   M00001 O00001 0       1186       2521       1225        353       1185       2522       1224        649
       704 SOLID   M00001 O00001 0       1185       2522       1224        649       2265       2849       2266        945
       705 SOLID   M00001 O00001 0       2092       2595       2596       2091         58       1190       1187         57
       706 SOLID   M00001 O00001 0         58       1190       1187         57        354       1189       1186        353
       707 SOLID   M00001 O00001 0        354       1189       1186        353        650       1188       1185        649
       708 SOLID   M00001 O00001 0        650       1188       1185        649        946       2264       2265        945
       709 SOLID   M00001 O00001 0       2093       2594       2595       2092         59       1193       1190         58
       710 SOLID   M00001 O00001 0         59       1193       1190         58        355       1192       1189        354
       711 SOLID   M00001 O00001 0        355       1192       1189        354        651       1191       1188        650
       712 SOLID   M00001 O00001 0        651       1191       1188        650        947       2263       2264        946
       713 SOLID   M00001 O00001 0       2094       2593       2594       2093         60       1196       1193         59
       714 SOLID   M00001 O00001 0         60       1196       1193         59        356       1195       1192        355
       715 SOLID   M00001 O00001 0        356       1195       1192        355        652       1194       1191        651
       716 SOLID   M00001 O00001 0        652       1194       1191        651        948       2262       2263        947
       717 SOLID   M00001 O00001 0       2095       2592       2593       2094         61       1199       1196         60
       718 SOLID   M00001 O00001 0         61       1199       1196         60        357       1198       1195        356
       719 SOLID   M00001 O00001 0        357       1198       1195        356        653       1197       1194        652
       720 SOLID   M00001 O00001 0        653       1197       1194        652        949       2261       2262        948
       721 SOLID   M00001 O00001 0       2096       2591       2592       2095         62       1202       1199         61
       722 SOLID   M00001 O00001 0         62       1202       1199         61        358       1201       1198        357
       723 SOLID   M00001 O00001 0        358       1201       1198        357        654       1200       1197        653
       724 SOLID   M00001 O00001 0        654       1200       1197        653        950       2260       2261        949
       725 SOLID   M00001 O00001 0       2097       2590       2591       2096         63       1205       1202         62
       726 SOLID   M00001 O00001 0         63       1205       1202         62        359       1204       1201        358
       727 SOLID   M00001 O00001 0        359       1204       1201        358        655       1203       1200        654
       728 SOLID   M00001 O00001 0        655       1203       1200        654        951       2259       2260        950
       729 SOLID   M00001 O00001 0       2098       2589       2590       2097         64       1208       1205         63
       730 SOLID   M00001 O00001 0         64       1208       1205         63        360       1207       1204        359
       731 SOLID   M00001 O00001 0        360       1207       1204        359        656       1206       1203        655
       732 SOLID   M00001 O00001 0        656       1206       1203        655        952       2258       2259        951
       733 SOLID   M00001 O00001 0       2697       2872       2589       2098       1436       2517       1208         64
       734 SOLID   M00001 O00001 0       1436       2517       1208         64       1435       2518       1207        360
       735 SOLID   M00001 O00001 0       1435       2518       1207        360       1434       2519       1206        656
       736 SOLID   M00001 O00001 0       1434       2519       1206        656       2366       2848       2258        952
       737 SOLID   M00001 O00001 0       2099       2696       2697       2098         65       1439       1436         64
       738 SOLID   M00001 O00001 0         65       1439       1436         64        361       1438       1435        360
       739 SOLID   M00001 O00001 0        361       1438       1435        360        657       1437       1434        656
       740 SOLID   M00001 O00001 0        657       1437       1434        656        953       2365       2366        952
       741 SOLID   M00001 O00001 0       2100       2695       2696       2099         66       1442       1439         65
       742 SOLID   M00001 O00001 0         66       1442       1439         65        362       1441       1438        361
       743 SOLID   M00001 O00001 0        362       1441       1438        361        658       1440       1437        657
       744 SOLID   M00001 O00001 0        658       1440       1437        657        954       2364       2365        953
       745 SOLID   M00001 O00001 0       2101       2694       2695       2100         67       1445       1442         66
       746 SOLID   M00001 O00001 0         67       1445       1442         66        363       1444       1441        362
       747 SOLID   M00001 O00001 0        363       1444       1441        362        659       1443       1440        658
       748 SOLID   M00001 O00001 0        659       1443       1440        658        955       2363       2364        954
       749 SOLID   M00001 O00001 0       2102       2693       2694       2101         68       1448       1445         67
       750 SOLID   M00001 O00001 0         68       1448       1445         67        364       1447       1444        363
       751 SOLID   M00001 O00001 0        364       1447       1444        363        660       1446       1443        659
       752 SOLID   M00001 O00001 0        660       1446       1443        659        956       2362       2363        955
       753 SOLID   M00001 O00001 0       2103       2692       2693       2102         69       1451       1448         68
       754 SOLID   M00001 O00001 0         69       1451       1448         68        365       1450       1447        364
       755 SOLID   M00001 O00001 0        365       1450       1447        364        661       1449       1446        660
       756 SOLID   M00001 O00001 0        661       1449       1446        660        957       2361       2362        956
       757 SOLID   M00001 O00001 0       2078       2691       2692       2103         70       1454       1451         69
       758 SOLID   M00001 O00001 0         70       1454       1451         69        366       1453       1450        365
       759 SOLID   M00001 O00001 0        366       1453       1450        365        662       1452       1449        661
       760 SOLID   M00001 O00001 0        662       1452       1449        661        958       2360       2361        957
       761 SOLID   M00001 O00001 0       2079       2031       2078       2103        245        246         70         69
       762 SOLID   M00001 O00001 0        245        246         70         69        541        542        366        365
       763 SOLID   M00001 O00001 0        541        542        366        365        837        838        662        661
       764 SOLID   M00001 O00001 0        837        838        662        661       1133       1134        958        957
       765 SOLID   M00001 O00001 0       2105       2080       2079       2104        288        267        245        244
       766 SOLID   M00001 O00001 0        288        267        245        244        584        563        541        540
       767 SOLID   M00001 O00001 0        584        563        541        540        880        859        837        836
       768 SOLID   M00001 O00001 0        880        859        837        836       1176       1155       1133       1132
       769 SOLID   M00001 O00001 0       2106       2081       2080       2105        291        268        267        288
       770 SOLID   M00001 O00001 0        291        268        267        288        587        564        563        584
       771 SOLID   M00001 O00001 0        587        564        563        584        883        860        859        880
       772 SOLID   M00001 O00001 0        883        860        859        880       1179       1156       1155       1176
       773 SOLID   M00001 O00001 0       2107       2082       2081       2106        292        269        268        291
       774 SOLID   M00001 O00001 0        292        269        268        291        588        565        564        587
       775 SOLID   M00001 O00001 0        588        565        564        587        884        861        860        883
       776 SOLID   M00001 O00001 0        884        861        860        883       1180       1157       1156       1179
       777 SOLID   M00001 O00001 0       2108       2083       2082       2107        280        270        269        292
       778 SOLID   M00001 O00001 0        280        270        269        292        576        566        565        588
       779 SOLID   M00001 O00001 0        576        566        565        588        872        862        861        884
       780 SOLID   M00001 O00001 0        872        862        861        884       1168       1158       1157       1180
       781 SOLID   M00001 O00001 0       2109       2084       2083       2108        232        231        270        280
       782 SOLID   M00001 O00001 0        232        231        270        280        528        527        566        576
       783 SOLID   M00001 O00001 0        528        527        566        576        824        823        862        872
       784 SOLID   M00001 O00001 0        824        823        862        872       1120       1119       1158       1168
       785 SOLID   M00001 O00001 0       2086       2085       2084       2109         52         51        231        232
       786 SOLID   M00001 O00001 0         52         51        231        232        348        347        527        528
       787 SOLID   M00001 O00001 0        348        347        527        528        644        643        823        824
       788 SOLID   M00001 O00001 0        644        643        823        824        940        939       1119       1120
       789 SOLID   M00001 O00001 0       2110       2087       2086       2109        233         53         52        232
       790 SOLID   M00001 O00001 0        233         53         52        232        529        349        348        528
       791 SOLID   M00001 O00001 0        529        349        348        528        825        645        644        824
       792 SOLID   M00001 O00001 0        825        645        644        824       1121        941        940       1120
       793 SOLID   M00001 O00001 0       2111       2088       2087       2110        234         54         53        233
       794 SOLID   M00001 O00001 0        234         54         53        233        530        350        349        529
       795 SOLID   M00001 O00001 0        530        350        349        529        826        646        645        825
       796 SOLID   M00001 O00001 0        826        646        645        825       1122        942        941       1121
       797 SOLID   M00001 O00001 0       2112       2089       2088       2111        235         55         54        234
       798 SOLID   M00001 O00001 0        235         55         54        234        531        351        350        530
       799 SOLID   M00001 O00001 0        531        351        350        530        827        647        646        826
       800 SOLID   M00001 O00001 0        827        647        646        826       1123        943        942       1122
       801 SOLID   M00001 O00001 0       2113       2090       2089       2112        236         56         55        235
       802 SOLID   M00001 O00001 0        236         56         55        235        532        352        351        531
       803 SOLID   M00001 O00001 0        532        352        351        531        828        648        647        827
       804 SOLID   M00001 O00001 0        828        648        647        827       1124        944        943       1123
       805 SOLID   M00001 O00001 0       2092       2091       2090       2113         58         57         56        236
       806 SOLID   M00001 O00001 0         58         57         56        236        354        353        352        532
       807 SOLID   M00001 O00001 0        354        353        352        532        650        649        648        828
       808 SOLID   M00001 O00001 0        650        649        648        828        946        945        944       1124
       809 SOLID   M00001 O00001 0       2114       2093       2092       2113        237         59         58        236
       810 SOLID   M00001 O00001 0        237         59         58        236        533        355        354        532
       811 SOLID   M00001 O00001 0        533        355        354        532        829        651        650        828
       812 SOLID   M00001 O00001 0        829        651        650        828       1125        947        946       1124
       813 SOLID   M00001 O00001 0       2115       2094       2093       2114        238         60         59        237
       814 SOLID   M00001 O00001 0        238         60         59        237        534        356        355        533
       815 SOLID   M00001 O00001 0        534        356        355        533        830        652        651        829
       816 SOLID   M00001 O00001 0        830        652        651        829       1126        948        947       1125
       817 SOLID   M00001 O00001 0       2116       2095       2094       2115        239         61         60        238
       818 SOLID   M00001 O00001 0        239         61         60        238        535        357        356        534
       819 SOLID   M00001 O00001 0        535        357        356        534        831        653        652        830
       820 SOLID   M00001 O00001 0        831        653        652        830       1127        949        948       1126
       821 SOLID   M00001 O00001 0       2117       2096       2095       2116        240         62         61        239
       822 SOLID   M00001 O00001 0        240         62         61        239        536        358        357        535
       823 SOLID   M00001 O00001 0        536        358        357        535        832        654        653        831
       824 SOLID   M00001 O00001 0        832        654        653        831       1128        950        949       1127
       825 SOLID   M00001 O00001 0       2118       2097       2096       2117        241         63         62        240
       826 SOLID   M00001 O00001 0        241         63         62        240        537        359        358        536
       827 SOLID   M00001 O00001 0        537        359        358        536        833        655        654        832
       828 SOLID   M00001 O00001 0        833        655        654        832       1129        951        950       1128
       829 SOLID   M00001 O00001 0       2099       2098       2097       2118         65         64         63        241
       830 SOLID   M00001 O00001 0         65         64         63        241        361        360        359        537
       831 SOLID   M00001 O00001 0        361        360        359        537        657        656        655        833
       832 SOLID   M00001 O00001 0        657        656        655        833        953        952        951       1129
       833 SOLID   M00001 O00001 0       2119       2100       2099       2118        242         66         65        241
       834 SOLID   M00001 O00001 0        242         66         65        241        538        362        361        537
       835 SOLID   M00001 O00001 0        538        362        361        537        834        658        657        833
       836 SOLID   M00001 O00001 0        834        658        657        833       1130        954        953       1129
       837 SOLID   M00001 O00001 0       2120       2101       2100       2119        243         67         66        242
       838 SOLID   M00001 O00001 0        243         67         66        242        539        363        362        538
       839 SOLID   M00001 O00001 0        539        363        362        538        835        659        658        834
       840 SOLID   M00001 O00001 0        835        659        658        834       1131        955        954       1130
       841 SOLID   M00001 O00001 0       2104       2102       2101       2120        244         68         67        243
       842 SOLID   M00001 O00001 0        244         68         67        243        540        364        363        539
       843 SOLID   M00001 O00001 0        540        364        363        539        836        660        659        835
       844 SOLID   M00001 O00001 0        836        660        659        835       1132        956        955       1131
       845 SOLID   M00001 O00001 0       2079       2103       2102       2104        245         69         68        244
       846 SOLID   M00001 O00001 0        245         69         68        244        541        365        364        540
       847 SOLID   M00001 O00001 0        541        365        364        540        837        661        660        836
       848 SOLID   M00001 O00001 0        837        661        660        836       1133        957        956       1132
       849 SOLID   M00001 O00001 0       2105       2104       2120       2248        288        244        243        287
       850 SOLID   M00001 O00001 0        288        244        243        287        584        540        539        583
       851 SOLID   M00001 O00001 0        584        540        539        583        880        836        835        879
       852 SOLID   M00001 O00001 0        880        836        835        879       1176       1132       1131       1175
       853 SOLID   M00001 O00001 0       2247       2106       2105       2248        296        291        288        287
       854 SOLID   M00001 O00001 0        296        291        288        287        592        587        584        583
       855 SOLID   M00001 O00001 0        592        587        584        583        888        883        880        879
       856 SOLID   M00001 O00001 0        888        883        880        879       1184       1179       1176       1175
       857 SOLID   M00001 O00001 0       2121       2107       2106       2247        293        292        291        296
       858 SOLID   M00001 O00001 0        293        292        291        296        589        588        587        592
       859 SOLID   M00001 O00001 0        589        588        587        592        885        884        883        888
       860 SOLID   M00001 O00001 0        885        884        883        888       1181       1180       1179       1184
       861 SOLID   M00001 O00001 0       2122       2108       2107       2121        281        280        292        293
       862 SOLID   M00001 O00001 0        281        280        292        293        577        576        588        589
       863 SOLID   M00001 O00001 0        577        576        588        589        873        872        884        885
       864 SOLID   M00001 O00001 0        873        872        884        885       1169       1168       1180       1181
       865 SOLID   M00001 O00001 0       2110       2109       2108       2122        233        232        280        281
       866 SOLID   M00001 O00001 0        233        232        280        281        529        528        576        577
       867 SOLID   M00001 O00001 0        529        528        576        577        825        824        872        873
       868 SOLID   M00001 O00001 0        825        824        872        873       1121       1120       1168       1169
       869 SOLID   M00001 O00001 0       2123       2111       2110       2122        282        234        233        281
       870 SOLID   M00001 O00001 0        282        234        233        281        578        530        529        577
       871 SOLID   M00001 O00001 0        578        530        529        577        874        826        825        873
       872 SOLID   M00001 O00001 0        874        826        825        873       1170       1122       1121       1169
       873 SOLID   M00001 O00001 0       2124       2112       2111       2123        283        235        234        282
       874 SOLID   M00001 O00001 0        283        235        234        282        579        531        530        578
       875 SOLID   M00001 O00001 0        579        531        530        578        875        827        826        874
       876 SOLID   M00001 O00001 0        875        827        826        874       1171       1123       1122       1170
       877 SOLID   M00001 O00001 0       2114       2113       2112       2124        237        236        235        283
       878 SOLID   M00001 O00001 0        237        236        235        283        533        532        531        579
       879 SOLID   M00001 O00001 0        533        532        531        579        829        828        827        875
       880 SOLID   M00001 O00001 0        829        828        827        875       1125       1124       1123       1171
       881 SOLID   M00001 O00001 0       2125       2115       2114       2124        284        238        237        283
       882 SOLID   M00001 O00001 0        284        238        237        283        580        534        533        579
       883 SOLID   M00001 O00001 0        580        534        533        579        876        830        829        875
       884 SOLID   M00001 O00001 0        876        830        829        875       1172       1126       1125       1171
       885 SOLID   M00001 O00001 0       2126       2116       2115       2125        285        239        238        284
       886 SOLID   M00001 O00001 0        285        239        238        284        581        535        534        580
       887 SOLID   M00001 O00001 0        581        535        534        580        877        831        830        876
       888 SOLID   M00001 O00001 0        877        831        830        876       1173       1127       1126       1172
       889 SOLID   M00001 O00001 0       2127       2117       2116       2126        286        240        239        285
       890 SOLID   M00001 O00001 0        286        240        239        285        582        536        535        581
       891 SOLID   M00001 O00001 0        582        536        535        581        878        832        831        877
       892 SOLID   M00001 O00001 0        878        832        831        877       1174       1128       1127       1173
       893 SOLID   M00001 O00001 0       2119       2118       2117       2127        242        241        240        286
       894 SOLID   M00001 O00001 0        242        241        240        286        538        537        536        582
       895 SOLID   M00001 O00001 0        538        537        536        582        834        833        832        878
       896 SOLID   M00001 O00001 0        834        833        832        878       1130       1129       1128       1174
       897 SOLID   M00001 O00001 0       2248       2120       2119       2127        287        243        242        286
       898 SOLID   M00001 O00001 0        287        243        242        286        583        539        538        582
       899 SOLID   M00001 O00001 0        583        539        538        582        879        835        834        878
       900 SOLID   M00001 O00001 0        879        835        834        878       1175       1131       1130       1174
       901 SOLID   M00001 O00001 0       2127       2126       2246       2248        286        285        295        287
       902 SOLID   M00001 O00001 0        286        285        295        287        582        581        591        583
       903 SOLID   M00001 O00001 0        582        581        591        583        878        877        887        879
       904 SOLID   M00001 O00001 0        878        877        887        879       1174       1173       1183       1175
       905 SOLID   M00001 O00001 0       2123       2122       2121       2128        282        281        293        294
       906 SOLID   M00001 O00001 0        282        281        293        294        578        577        589        590
       907 SOLID   M00001 O00001 0        578        577        589        590        874        873        885        886
       908 SOLID   M00001 O00001 0        874        873        885        886       1170       1169       1181       1182
       909 SOLID   M00001 O00001 0       2125       2124       2123       2128        284        283        282        294
       910 SOLID   M00001 O00001 0        284        283        282        294        580        579        578        590
       911 SOLID   M00001 O00001 0        580        579        578        590        876        875        874        886
       912 SOLID   M00001 O00001 0        876        875        874        886       1172       1171       1170       1182
       913 SOLID   M00001 O00001 0       2128       2121       2247       2246        294        293        296        295
       914 SOLID   M00001 O00001 0        294        293        296        295        590        589        592        591
       915 SOLID   M00001 O00001 0        590        589        592        591        886        885        888        887
       916 SOLID   M00001 O00001 0        886        885        888        887       1182       1181       1184       1183
       917 SOLID   M00001 O00001 0       2126       2125       2128       2246        285        284        294        295
       918 SOLID   M00001 O00001 0        285        284        294        295        581        580        590        591
       919 SOLID   M00001 O00001 0        581        580        590        591        877        876        886        887
       920 SOLID   M00001 O00001 0        877        876        886        887       1173       1172       1182       1183
       921 SOLID   M00001 O00001 0       2690       2691       2078       2129       1457       1454         70         71
       922 SOLID   M00001 O00001 0       1457       1454         70         71       1456       1453        366        367
       923 SOLID   M00001 O00001 0       1456       1453        366        367       1455       1452        662        663
       924 SOLID   M00001 O00001 0       1455       1452        662        663       2359       2360        958        959
       925 SOLID   M00001 O00001 0       2130       2689       2690       2129         72       1460       1457         71
       926 SOLID   M00001 O00001 0         72       1460       1457         71        368       1459       1456        367
       927 SOLID   M00001 O00001 0        368       1459       1456        367        664       1458       1455        663
       928 SOLID   M00001 O00001 0        664       1458       1455        663        960       2358       2359        959
       929 SOLID   M00001 O00001 0       2131       2688       2689       2130         73       1463       1460         72
       930 SOLID   M00001 O00001 0         73       1463       1460         72        369       1462       1459        368
       931 SOLID   M00001 O00001 0        369       1462       1459        368        665       1461       1458        664
       932 SOLID   M00001 O00001 0        665       1461       1458        664        961       2357       2358        960
       933 SOLID   M00001 O00001 0       2132       2687       2688       2131         74       1466       1463         73
       934 SOLID   M00001 O00001 0         74       1466       1463         73        370       1465       1462        369
       935 SOLID   M00001 O00001 0        370       1465       1462        369        666       1464       1461        665
       936 SOLID   M00001 O00001 0        666       1464       1461        665        962       2356       2357        961
       937 SOLID   M00001 O00001 0       2133       2686       2687       2132         75       1469       1466         74
       938 SOLID   M00001 O00001 0         75       1469       1466         74        371       1468       1465        370
       939 SOLID   M00001 O00001 0        371       1468       1465        370        667       1467       1464        666
       940 SOLID   M00001 O00001 0        667       1467       1464        666        963       2355       2356        962
       941 SOLID   M00001 O00001 0       2134       2685       2686       2133         76       1472       1469         75
       942 SOLID   M00001 O00001 0         76       1472       1469         75        372       1471       1468        371
       943 SOLID   M00001 O00001 0        372       1471       1468        371        668       1470       1467        667
       944 SOLID   M00001 O00001 0        668       1470       1467        667        964       2354       2355        963
       945 SOLID   M00001 O00001 0       2135       2684       2685       2134         77       1475       1472         76
       946 SOLID   M00001 O00001 0         77       1475       1472         76        373       1474       1471        372
       947 SOLID   M00001 O00001 0        373       1474       1471        372        669       1473       1470        668
       948 SOLID   M00001 O00001 0        669       1473       1470        668        965       2353       2354        964
       949 SOLID   M00001 O00001 0       2136       2683       2684       2135         78       1478       1475         77
       950 SOLID   M00001 O00001 0         78       1478       1475         77        374       1477       1474        373
       951 SOLID   M00001 O00001 0        374       1477       1474        373        670       1476       1473        669
       952 SOLID   M00001 O00001 0        670       1476       1473        669        966       2352       2353        965
       953 SOLID   M00001 O00001 0       2137       2682       2683       2136         79       1481       1478         78
       954 SOLID   M00001 O00001 0         79       1481       1478         78        375       1480       1477        374
       955 SOLID   M00001 O00001 0        375       1480       1477        374        671       1479       1476        670
       956 SOLID   M00001 O00001 0        671       1479       1476        670        967       2351       2352        966
       957 SOLID   M00001 O00001 0       2138       2681       2682       2137         80       1484       1481         79
       958 SOLID   M00001 O00001 0         80       1484       1481         79        376       1483       1480        375
       959 SOLID   M00001 O00001 0        376       1483       1480        375        672       1482       1479        671
       960 SOLID   M00001 O00001 0        672       1482       1479        671        968       2350       2351        967
       961 SOLID   M00001 O00001 0       2139       2680       2681       2138         81       1487       1484         80
       962 SOLID   M00001 O00001 0         81       1487       1484         80        377       1486       1483        376
       963 SOLID   M00001 O00001 0        377       1486       1483        376        673       1485       1482        672
       964 SOLID   M00001 O00001 0        673       1485       1482        672        969       2349       2350        968
       965 SOLID   M00001 O00001 0       2140       2679       2680       2139         82       1490       1487         81
       966 SOLID   M00001 O00001 0         82       1490       1487         81        378       1489       1486        377
       967 SOLID   M00001 O00001 0        378       1489       1486        377        674       1488       1485        673
       968 SOLID   M00001 O00001 0        674       1488       1485        673        970       2348       2349        969
       969 SOLID   M00001 O00001 0       2141       2678       2679       2140         83       1493       1490         82
       970 SOLID   M00001 O00001 0         83       1493       1490         82        379       1492       1489        378
       971 SOLID   M00001 O00001 0        379       1492       1489        378        675       1491       1488        674
       972 SOLID   M00001 O00001 0        675       1491       1488        674        971       2347       2348        970
       973 SOLID   M00001 O00001 0       2142       2677       2678       2141         84       1496       1493         83
       974 SOLID   M00001 O00001 0         84       1496       1493         83        380       1495       1492        379
       975 SOLID   M00001 O00001 0        380       1495       1492        379        676       1494       1491        675
       976 SOLID   M00001 O00001 0        676       1494       1491        675        972       2346       2347        971
       977 SOLID   M00001 O00001 0       2143       2676       2677       2142         85       1499       1496         84
       978 SOLID   M00001 O00001 0         85       1499       1496         84        381       1498       1495        380
       979 SOLID   M00001 O00001 0        381       1498       1495        380        677       1497       1494        676
       980 SOLID   M00001 O00001 0        677       1497       1494        676        973       2345       2346        972
       981 SOLID   M00001 O00001 0       2144       2675       2676       2143         86       1502       1499         85
       982 SOLID   M00001 O00001 0         86       1502       1499         85        382       1501       1498        381
       983 SOLID   M00001 O00001 0        382       1501       1498        381        678       1500       1497        677
       984 SOLID   M00001 O00001 0        678       1500       1497        677        974       2344       2345        973
       985 SOLID   M00001 O00001 0       2145       2674       2675       2144         87       1505       1502         86
       986 SOLID   M00001 O00001 0         87       1505       1502         86        383       1504       1501        382
       987 SOLID   M00001 O00001 0        383       1504       1501        382        679       1503       1500        678
       988 SOLID   M00001 O00001 0        679       1503       1500        678        975       2343       2344        974
       989 SOLID   M00001 O00001 0       2836       2892       2672       2146       1856       2577       1511         89
       990 SOLID   M00001 O00001 0       1856       2577       1511         89       1855       2578       1510        385
       991 SOLID   M00001 O00001 0       1855       2578       1510        385       1854       2579       1509        681
       992 SOLID   M00001 O00001 0       1854       2579       1509        681       2505       2860       2341        977
       993 SOLID   M00001 O00001 0       2066       2835       2836       2146         90       1859       1856         89
       994 SOLID   M00001 O00001 0         90       1859       1856         89        386       1858       1855        385
       995 SOLID   M00001 O00001 0        386       1858       1855        385        682       1857       1854        681
       996 SOLID   M00001 O00001 0        682       1857       1854        681        978       2504       2505        977
       997 SOLID   M00001 O00001 0       2147       2888       2066       2146         88       2565         90         89
       998 SOLID   M00001 O00001 0         88       2565         90         89        384       2566        386        385
       999 SOLID   M00001 O00001 0        384       2566        386        385        680       2567        682        681
      1000 SOLID   M00001 O00001 0        680       2567        682        681        976       2866        978        977
      1001 SOLID   M00001 O00001 0       2145       2772       2888       2147         87       1721       2565         88
      1002 SOLID   M00001 O00001 0         87       1721       2565         88        383       1720       2566        384
      1003 SOLID   M00001 O00001 0        383       1720       2566        384        679       1719       2567        680
      1004 SOLID   M00001 O00001 0        679       1719       2567        680        975       2441       2866        976
      1005 SOLID   M00001 O00001 0       2144       2771       2772       2145         86       1724       1721         87
      1006 SOLID   M00001 O00001 0         86       1724       1721         87        382       1723       1720        383
      1007 SOLID   M00001 O00001 0        382       1723       1720        383        678       1722       1719        679
      1008 SOLID   M00001 O00001 0        678       1722       1719        679        974       2440       2441        975
      1009 SOLID   M00001 O00001 0       2143       2770       2771       2144         85       1727       1724         86
      1010 SOLID   M00001 O00001 0         85       1727       1724         86        381       1726       1723        382
      1011 SOLID   M00001 O00001 0        381       1726       1723        382        677       1725       1722        678
      1012 SOLID   M00001 O00001 0        677       1725       1722        678        973       2439       2440        974
      1013 SOLID   M00001 O00001 0       2142       2769       2770       2143         84       1730       1727         85
      1014 SOLID   M00001 O00001 0         84       1730       1727         85        380       1729       1726        381
      1015 SOLID   M00001 O00001 0        380       1729       1726        381        676       1728       1725        677
      1016 SOLID   M00001 O00001 0        676       1728       1725        677        972       2438       2439        973
      1017 SOLID   M00001 O00001 0       2141       2768       2769       2142         83       1733       1730         84
      1018 SOLID   M00001 O00001 0         83       1733       1730         84        379       1732       1729        380
      1019 SOLID   M00001 O00001 0        379       1732       1729        380        675       1731       1728        676
      1020 SOLID   M00001 O00001 0        675       1731       1728        676        971       2437       2438        972
      1021 SOLID   M00001 O00001 0       2140       2767       2768       2141         82       1736       1733         83
      1022 SOLID   M00001 O00001 0         82       1736       1733         83        378       1735       1732        379
      1023 SOLID   M00001 O00001 0        378       1735       1732        379        674       1734       1731        675
      1024 SOLID   M00001 O00001 0        674       1734       1731        675        970       2436       2437        971
      1025 SOLID   M00001 O00001 0       2139       2884       2767       2140         81       2553       1736         82
      1026 SOLID   M00001 O00001 0         81       2553       1736         82        377       2554       1735        378
      1027 SOLID   M00001 O00001 0        377       2554       1735        378        673       2555       1734        674
      1028 SOLID   M00001 O00001 0        673       2555       1734        674        969       2862       2436        970
      1029 SOLID   M00001 O00001 0       2138       2067       2884       2139         80        126       2553         81
      1030 SOLID   M00001 O00001 0         80        126       2553         81        376        422       2554        377
      1031 SOLID   M00001 O00001 0        376        422       2554        377        672        718       2555        673
      1032 SOLID   M00001 O00001 0        672        718       2555        673        968       1014       2862        969
      1033 SOLID   M00001 O00001 0       2137       2022       2067       2138         79        247        126         80
      1034 SOLID   M00001 O00001 0         79        247        126         80        375        543        422        376
      1035 SOLID   M00001 O00001 0        375        543        422        376        671        839        718        672
      1036 SOLID   M00001 O00001 0        671        839        718        672        967       1135       1014        968
      1037 SOLID   M00001 O00001 0       2136       2023       2022       2137         78        162        247         79
      1038 SOLID   M00001 O00001 0         78        162        247         79        374        458        543        375
      1039 SOLID   M00001 O00001 0        374        458        543        375        670        754        839        671
      1040 SOLID   M00001 O00001 0        670        754        839        671        966       1050       1135        967
      1041 SOLID   M00001 O00001 0       2135       2024       2023       2136         77        163        162         78
      1042 SOLID   M00001 O00001 0         77        163        162         78        373        459        458        374
      1043 SOLID   M00001 O00001 0        373        459        458        374        669        755        754        670
      1044 SOLID   M00001 O00001 0        669        755        754        670        965       1051       1050        966
      1045 SOLID   M00001 O00001 0       2134       2025       2024       2135         76        164        163         77
      1046 SOLID   M00001 O00001 0         76        164        163         77        372        460        459        373
      1047 SOLID   M00001 O00001 0        372        460        459        373        668        756        755        669
      1048 SOLID   M00001 O00001 0        668        756        755        669        964       1052       1051        965
      1049 SOLID   M00001 O00001 0       2133       2026       2025       2134         75        165        164         76
      1050 SOLID   M00001 O00001 0         75        165        164         76        371        461        460        372
      1051 SOLID   M00001 O00001 0        371        461        460        372        667        757        756        668
      1052 SOLID   M00001 O00001 0        667        757        756        668        963       1053       1052        964
      1053 SOLID   M00001 O00001 0       2132       2027       2026       2133         74        166        165         75
      1054 SOLID   M00001 O00001 0         74        166        165         75        370        462        461        371
      1055 SOLID   M00001 O00001 0        370        462        461        371        666        758        757        667
      1056 SOLID   M00001 O00001 0        666        758        757        667        962       1054       1053        963
      1057 SOLID   M00001 O00001 0       2131       2028       2027       2132         73        167        166         74
      1058 SOLID   M00001 O00001 0         73        167        166         74        369        463        462        370
      1059 SOLID   M00001 O00001 0        369        463        462        370        665        759        758        666
      1060 SOLID   M00001 O00001 0        665        759        758        666        961       1055       1054        962
      1061 SOLID   M00001 O00001 0       2130       2029       2028       2131         72        168        167         73
      1062 SOLID   M00001 O00001 0         72        168        167         73        368        464        463        369
      1063 SOLID   M00001 O00001 0        368        464        463        369        664        760        759        665
      1064 SOLID   M00001 O00001 0        664        760        759        665        960       1056       1055        961
      1065 SOLID   M00001 O00001 0       2129       2030       2029       2130         71        169        168         72
      1066 SOLID   M00001 O00001 0         71        169        168         72        367        465        464        368
      1067 SOLID   M00001 O00001 0        367        465        464        368        663        761        760        664
      1068 SOLID   M00001 O00001 0        663        761        760        664        959       1057       1056        960
      1069 SOLID   M00001 O00001 0       2078       2031       2030       2129         70        246        169         71
      1070 SOLID   M00001 O00001 0         70        246        169         71        366        542        465        367
      1071 SOLID   M00001 O00001 0        366        542        465        367        662        838        761        663
      1072 SOLID   M00001 O00001 0        662        838        761        663        958       1134       1057        959
      1073 SOLID   M00001 O00001 0       2065       2822       2823       2148        103       1898       1895        102
      1074 SOLID   M00001 O00001 0        103       1898       1895        102        399       1897       1894        398
      1075 SOLID   M00001 O00001 0        399       1897       1894        398        695       1896       1893        694
      1076 SOLID   M00001 O00001 0        695       1896       1893        694        991       2491       2492        990
      1077 SOLID   M00001 O00001 0       2802       2889       2065       2148       1793       2568        103        102
      1078 SOLID   M00001 O00001 0       1793       2568        103        102       1792       2569        399        398
      1079 SOLID   M00001 O00001 0       1792       2569        399        398       1791       2570        695        694
      1080 SOLID   M00001 O00001 0       1791       2570        695        694       2471       2867        991        990
      1081 SOLID   M00001 O00001 0       2148       2823       2824       2149        102       1895       1892        101
      1082 SOLID   M00001 O00001 0        102       1895       1892        101        398       1894       1891        397
      1083 SOLID   M00001 O00001 0        398       1894       1891        397        694       1893       1890        693
      1084 SOLID   M00001 O00001 0        694       1893       1890        693        990       2492       2493        989
      1085 SOLID   M00001 O00001 0       2801       2802       2148       2149       1796       1793        102        101
      1086 SOLID   M00001 O00001 0       1796       1793        102        101       1795       1792        398        397
      1087 SOLID   M00001 O00001 0       1795       1792        398        397       1794       1791        694        693
      1088 SOLID   M00001 O00001 0       1794       1791        694        693       2470       2471        990        989
      1089 SOLID   M00001 O00001 0       2149       2824       2825       2150        101       1892       1889        100
      1090 SOLID   M00001 O00001 0        101       1892       1889        100        397       1891       1888        396
      1091 SOLID   M00001 O00001 0        397       1891       1888        396        693       1890       1887        692
      1092 SOLID   M00001 O00001 0        693       1890       1887        692        989       2493       2494        988
      1093 SOLID   M00001 O00001 0       2800       2801       2149       2150       1799       1796        101        100
      1094 SOLID   M00001 O00001 0       1799       1796        101        100       1798       1795        397        396
      1095 SOLID   M00001 O00001 0       1798       1795        397        396       1797       1794        693        692
      1096 SOLID   M00001 O00001 0       1797       1794        693        692       2469       2470        989        988
      1097 SOLID   M00001 O00001 0       2150       2825       2826       2151        100       1889       1886         99
      1098 SOLID   M00001 O00001 0        100       1889       1886         99        396       1888       1885        395
      1099 SOLID   M00001 O00001 0        396       1888       1885        395        692       1887       1884        691
      1100 SOLID   M00001 O00001 0        692       1887       1884        691        988       2494       2495        987
      1101 SOLID   M00001 O00001 0       2799       2800       2150       2151       1802       1799        100         99
      1102 SOLID   M00001 O00001 0       1802       1799        100         99       1801       1798        396        395
      1103 SOLID   M00001 O00001 0       1801       1798        396        395       1800       1797        692        691
      1104 SOLID   M00001 O00001 0       1800       1797        692        691       2468       2469        988        987
      1105 SOLID   M00001 O00001 0       2151       2826       2827       2152         99       1886       1883         98
      1106 SOLID   M00001 O00001 0         99       1886       1883         98        395       1885       1882        394
      1107 SOLID   M00001 O00001 0        395       1885       1882        394        691       1884       1881        690
      1108 SOLID   M00001 O00001 0        691       1884       1881        690        987       2495       2496        986
      1109 SOLID   M00001 O00001 0       2798       2799       2151       2152       1805       1802         99         98
      1110 SOLID   M00001 O00001 0       1805       1802         99         98       1804       1801        395        394
      1111 SOLID   M00001 O00001 0       1804       1801        395        394       1803       1800        691        690
      1112 SOLID   M00001 O00001 0       1803       1800        691        690       2467       2468        987        986
      1113 SOLID   M00001 O00001 0       2152       2827       2828       2153         98       1883       1880         97
      1114 SOLID   M00001 O00001 0         98       1883       1880         97        394       1882       1879        393
      1115 SOLID   M00001 O00001 0        394       1882       1879        393        690       1881       1878        689
      1116 SOLID   M00001 O00001 0        690       1881       1878        689        986       2496       2497        985
      1117 SOLID   M00001 O00001 0       2797       2798       2152       2153       1808       1805         98         97
      1118 SOLID   M00001 O00001 0       1808       1805         98         97       1807       1804        394        393
      1119 SOLID   M00001 O00001 0       1807       1804        394        393       1806       1803        690        689
      1120 SOLID   M00001 O00001 0       1806       1803        690        689       2466       2467        986        985
      1121 SOLID   M00001 O00001 0       2153       2828       2829       2154         97       1880       1877         96
      1122 SOLID   M00001 O00001 0         97       1880       1877         96        393       1879       1876        392
      1123 SOLID   M00001 O00001 0        393       1879       1876        392        689       1878       1875        688
      1124 SOLID   M00001 O00001 0        689       1878       1875        688        985       2497       2498        984
      1125 SOLID   M00001 O00001 0       2796       2797       2153       2154       1811       1808         97         96
      1126 SOLID   M00001 O00001 0       1811       1808         97         96       1810       1807        393        392
      1127 SOLID   M00001 O00001 0       1810       1807        393        392       1809       1806        689        688
      1128 SOLID   M00001 O00001 0       1809       1806        689        688       2465       2466        985        984
      1129 SOLID   M00001 O00001 0       2154       2829       2830       2155         96       1877       1874         95
      1130 SOLID   M00001 O00001 0         96       1877       1874         95        392       1876       1873        391
      1131 SOLID   M00001 O00001 0        392       1876       1873        391        688       1875       1872        687
      1132 SOLID   M00001 O00001 0        688       1875       1872        687        984       2498       2499        983
      1133 SOLID   M00001 O00001 0       2795       2796       2154       2155       1814       1811         96         95
      1134 SOLID   M00001 O00001 0       1814       1811         96         95       1813       1810        392        391
      1135 SOLID   M00001 O00001 0       1813       1810        392        391       1812       1809        688        687
      1136 SOLID   M00001 O00001 0       1812       1809        688        687       2464       2465        984        983
      1137 SOLID   M00001 O00001 0       2155       2830       2831       2156         95       1874       1871         94
      1138 SOLID   M00001 O00001 0         95       1874       1871         94        391       1873       1870        390
      1139 SOLID   M00001 O00001 0        391       1873       1870        390        687       1872       1869        686
      1140 SOLID   M00001 O00001 0        687       1872       1869        686        983       2499       2500        982
      1141 SOLID   M00001 O00001 0       2794       2795       2155       2156       1817       1814         95         94
      1142 SOLID   M00001 O00001 0       1817       1814         95         94       1816       1813        391        390
      1143 SOLID   M00001 O00001 0       1816       1813        391        390       1815       1812        687        686
      1144 SOLID   M00001 O00001 0       1815       1812        687        686       2463       2464        983        982
      1145 SOLID   M00001 O00001 0       2156       2831       2832       2157         94       1871       1868         93
      1146 SOLID   M00001 O00001 0         94       1871       1868         93        390       1870       1867        389
      1147 SOLID   M00001 O00001 0        390       1870       1867        389        686       1869       1866        685
      1148 SOLID   M00001 O00001 0        686       1869       1866        685        982       2500       2501        981
      1149 SOLID   M00001 O00001 0       2793       2794       2156       2157       1820       1817         94         93
      1150 SOLID   M00001 O00001 0       1820       1817         94         93       1819       1816        390        389
      1151 SOLID   M00001 O00001 0       1819       1816        390        389       1818       1815        686        685
      1152 SOLID   M00001 O00001 0       1818       1815        686        685       2462       2463        982        981
      1153 SOLID   M00001 O00001 0       2157       2832       2833       2158         93       1868       1865         92
      1154 SOLID   M00001 O00001 0         93       1868       1865         92        389       1867       1864        388
      1155 SOLID   M00001 O00001 0        389       1867       1864        388        685       1866       1863        684
      1156 SOLID   M00001 O00001 0        685       1866       1863        684        981       2501       2502        980
      1157 SOLID   M00001 O00001 0       2792       2793       2157       2158       1823       1820         93         92
      1158 SOLID   M00001 O00001 0       1823       1820         93         92       1822       1819        389        388
      1159 SOLID   M00001 O00001 0       1822       1819        389        388       1821       1818        685        684
      1160 SOLID   M00001 O00001 0       1821       1818        685        684       2461       2462        981        980
      1161 SOLID   M00001 O00001 0       2066       2888       2791       2159         90       2565       1826         91
      1162 SOLID   M00001 O00001 0         90       2565       1826         91        386       2566       1825        387
      1163 SOLID   M00001 O00001 0        386       2566       1825        387        682       2567       1824        683
      1164 SOLID   M00001 O00001 0        682       2567       1824        683        978       2866       2460        979
      1165 SOLID   M00001 O00001 0       2834       2835       2066       2159       1862       1859         90         91
      1166 SOLID   M00001 O00001 0       1862       1859         90         91       1861       1858        386        387
      1167 SOLID   M00001 O00001 0       1861       1858        386        387       1860       1857        682        683
      1168 SOLID   M00001 O00001 0       1860       1857        682        683       2503       2504        978        979
      1169 SOLID   M00001 O00001 0       2159       2791       2792       2158         91       1826       1823         92
      1170 SOLID   M00001 O00001 0         91       1826       1823         92        387       1825       1822        388
      1171 SOLID   M00001 O00001 0        387       1825       1822        388        683       1824       1821        684
      1172 SOLID   M00001 O00001 0        683       1824       1821        684        979       2460       2461        980
      1173 SOLID   M00001 O00001 0       2833       2834       2159       2158       1865       1862         91         92
      1174 SOLID   M00001 O00001 0       1865       1862         91         92       1864       1861        387        388
      1175 SOLID   M00001 O00001 0       1864       1861        387        388       1863       1860        683        684
      1176 SOLID   M00001 O00001 0       1863       1860        683        684       2502       2503        979        980
      1177 SOLID   M00001 O00001 0       2160       2890       2803       2054        107       2571       1853        108
      1178 SOLID   M00001 O00001 0        107       2571       1853        108        403       2572       1852        404
      1179 SOLID   M00001 O00001 0        403       2572       1852        404        699       2573       1851        700
      1180 SOLID   M00001 O00001 0        699       2573       1851        700        995       2868       2472        996
      1181 SOLID   M00001 O00001 0       2817       2818       2160       2054       1913       1910        107        108
      1182 SOLID   M00001 O00001 0       1913       1910        107        108       1912       1909        403        404
      1183 SOLID   M00001 O00001 0       1912       1909        403        404       1911       1908        699        700
      1184 SOLID   M00001 O00001 0       1911       1908        699        700       2486       2487        995        996
      1185 SOLID   M00001 O00001 0       2054       2803       2804       2166        108       1853       1850        109
      1186 SOLID   M00001 O00001 0        108       1853       1850        109        404       1852       1849        405
      1187 SOLID   M00001 O00001 0        404       1852       1849        405        700       1851       1848        701
      1188 SOLID   M00001 O00001 0        700       1851       1848        701        996       2472       2473        997
      1189 SOLID   M00001 O00001 0       2816       2817       2054       2166       1916       1913        108        109
      1190 SOLID   M00001 O00001 0       1916       1913        108        109       1915       1912        404        405
      1191 SOLID   M00001 O00001 0       1915       1912        404        405       1914       1911        700        701
      1192 SOLID   M00001 O00001 0       1914       1911        700        701       2485       2486        996        997
      1193 SOLID   M00001 O00001 0       2165       2814       2815       2167        111       1922       1919        110
      1194 SOLID   M00001 O00001 0        111       1922       1919        110        407       1921       1918        406
      1195 SOLID   M00001 O00001 0        407       1921       1918        406        703       1920       1917        702
      1196 SOLID   M00001 O00001 0        703       1920       1917        702        999       2483       2484        998
      1197 SOLID   M00001 O00001 0       2805       2806       2165       2167       1847       1844        111        110
      1198 SOLID   M00001 O00001 0       1847       1844        111        110       1846       1843        407        406
      1199 SOLID   M00001 O00001 0       1846       1843        407        406       1845       1842        703        702
      1200 SOLID   M00001 O00001 0       1845       1842        703        702       2474       2475        999        998
      1201 SOLID   M00001 O00001 0       2167       2815       2816       2166        110       1919       1916        109
      1202 SOLID   M00001 O00001 0        110       1919       1916        109        406       1918       1915        405
      1203 SOLID   M00001 O00001 0        406       1918       1915        405        702       1917       1914        701
      1204 SOLID   M00001 O00001 0        702       1917       1914        701        998       2484       2485        997
      1205 SOLID   M00001 O00001 0       2804       2805       2167       2166       1850       1847        110        109
      1206 SOLID   M00001 O00001 0       1850       1847        110        109       1849       1846        406        405
      1207 SOLID   M00001 O00001 0       1849       1846        406        405       1848       1845        702        701
      1208 SOLID   M00001 O00001 0       1848       1845        702        701       2473       2474        998        997
      1209 SOLID   M00001 O00001 0       2164       2893       2812       2168        114       2580       1928        113
      1210 SOLID   M00001 O00001 0        114       2580       1928        113        410       2581       1927        409
      1211 SOLID   M00001 O00001 0        410       2581       1927        409        706       2582       1926        705
      1212 SOLID   M00001 O00001 0        706       2582       1926        705       1002       2870       2481       1001
      1213 SOLID   M00001 O00001 0       2808       2809       2164       2168       1838       1835        114        113
      1214 SOLID   M00001 O00001 0       1838       1835        114        113       1837       1834        410        409
      1215 SOLID   M00001 O00001 0       1837       1834        410        409       1836       1833        706        705
      1216 SOLID   M00001 O00001 0       1836       1833        706        705       2477       2478       1002       1001
      1217 SOLID   M00001 O00001 0       2165       2806       2807       2169        111       1844       1841        112
      1218 SOLID   M00001 O00001 0        111       1844       1841        112        407       1843       1840        408
      1219 SOLID   M00001 O00001 0        407       1843       1840        408        703       1842       1839        704
      1220 SOLID   M00001 O00001 0        703       1842       1839        704        999       2475       2476       1000
      1221 SOLID   M00001 O00001 0       2813       2814       2165       2169       1925       1922        111        112
      1222 SOLID   M00001 O00001 0       1925       1922        111        112       1924       1921        407        408
      1223 SOLID   M00001 O00001 0       1924       1921        407        408       1923       1920        703        704
      1224 SOLID   M00001 O00001 0       1923       1920        703        704       2482       2483        999       1000
      1225 SOLID   M00001 O00001 0       2169       2807       2808       2168        112       1841       1838        113
      1226 SOLID   M00001 O00001 0        112       1841       1838        113        408       1840       1837        409
      1227 SOLID   M00001 O00001 0        408       1840       1837        409        704       1839       1836        705
      1228 SOLID   M00001 O00001 0        704       1839       1836        705       1000       2476       2477       1001
      1229 SOLID   M00001 O00001 0       2812       2813       2169       2168       1928       1925        112        113
      1230 SOLID   M00001 O00001 0       1928       1925        112        113       1927       1924        408        409
      1231 SOLID   M00001 O00001 0       1927       1924        408        409       1926       1923        704        705
      1232 SOLID   M00001 O00001 0       1926       1923        704        705       2481       2482       1000       1001
      1233 SOLID   M00001 O00001 0       2171       2843       2893       2170        116       1931       2580        115
      1234 SOLID   M00001 O00001 0        116       1931       2580        115        412       1930       2581        411
      1235 SOLID   M00001 O00001 0        412       1930       2581        411        708       1929       2582        707
      1236 SOLID   M00001 O00001 0        708       1929       2582        707       1004       2512       2870       1003
      1237 SOLID   M00001 O00001 0       2172       2842       2843       2171        117       1934       1931        116
      1238 SOLID   M00001 O00001 0        117       1934       1931        116        413       1933       1930        412
      1239 SOLID   M00001 O00001 0        413       1933       1930        412        709       1932       1929        708
      1240 SOLID   M00001 O00001 0        709       1932       1929        708       1005       2511       2512       1004
      1241 SOLID   M00001 O00001 0       2173       2841       2842       2172        118       1937       1934        117
      1242 SOLID   M00001 O00001 0        118       1937       1934        117        414       1936       1933        413
      1243 SOLID   M00001 O00001 0        414       1936       1933        413        710       1935       1932        709
      1244 SOLID   M00001 O00001 0        710       1935       1932        709       1006       2510       2511       1005
      1245 SOLID   M00001 O00001 0       2174       2840       2841       2173        119       1940       1937        118
      1246 SOLID   M00001 O00001 0        119       1940       1937        118        415       1939       1936        414
      1247 SOLID   M00001 O00001 0        415       1939       1936        414        711       1938       1935        710
      1248 SOLID   M00001 O00001 0        711       1938       1935        710       1007       2509       2510       1006
      1249 SOLID   M00001 O00001 0       2175       2839       2840       2174        120       1943       1940        119
      1250 SOLID   M00001 O00001 0        120       1943       1940        119        416       1942       1939        415
      1251 SOLID   M00001 O00001 0        416       1942       1939        415        712       1941       1938        711
      1252 SOLID   M00001 O00001 0        712       1941       1938        711       1008       2508       2509       1007
      1253 SOLID   M00001 O00001 0       2176       2838       2839       2175        121       1946       1943        120
      1254 SOLID   M00001 O00001 0        121       1946       1943        120        417       1945       1942        416
      1255 SOLID   M00001 O00001 0        417       1945       1942        416        713       1944       1941        712
      1256 SOLID   M00001 O00001 0        713       1944       1941        712       1009       2507       2508       1008
      1257 SOLID   M00001 O00001 0       2177       2837       2838       2176        122       1949       1946        121
      1258 SOLID   M00001 O00001 0        122       1949       1946        121        418       1948       1945        417
      1259 SOLID   M00001 O00001 0        418       1948       1945        417        714       1947       1944        713
      1260 SOLID   M00001 O00001 0        714       1947       1944        713       1010       2506       2507       1009
      1261 SOLID   M00001 O00001 0       2847       2894       2837       2177       1952       2583       1949        122
      1262 SOLID   M00001 O00001 0       1952       2583       1949        122       1951       2584       1948        418
      1263 SOLID   M00001 O00001 0       1951       2584       1948        418       1950       2585       1947        714
      1264 SOLID   M00001 O00001 0       1950       2585       1947        714       2516       2871       2506       1010
      1265 SOLID   M00001 O00001 0       2178       2846       2847       2177        123       1955       1952        122
      1266 SOLID   M00001 O00001 0        123       1955       1952        122        419       1954       1951        418
      1267 SOLID   M00001 O00001 0        419       1954       1951        418        715       1953       1950        714
      1268 SOLID   M00001 O00001 0        715       1953       1950        714       1011       2515       2516       1010
      1269 SOLID   M00001 O00001 0       2179       2845       2846       2178        124       1958       1955        123
      1270 SOLID   M00001 O00001 0        124       1958       1955        123        420       1957       1954        419
      1271 SOLID   M00001 O00001 0        420       1957       1954        419        716       1956       1953        715
      1272 SOLID   M00001 O00001 0        716       1956       1953        715       1012       2514       2515       1011
      1273 SOLID   M00001 O00001 0       2180       2844       2845       2179          1       1961       1958        124
      1274 SOLID   M00001 O00001 0          1       1961       1958        124        297       1960       1957        420
      1275 SOLID   M00001 O00001 0        297       1960       1957        420        593       1959       1956        716
      1276 SOLID   M00001 O00001 0        593       1959       1956        716        889       2513       2514       1012
      1277 SOLID   M00001 O00001 0       2766       2895       2844       2180       1640       2586       1961          1
      1278 SOLID   M00001 O00001 0       1640       2586       1961          1       1639       2587       1960        297
      1279 SOLID   M00001 O00001 0       1639       2587       1960        297       1638       2588       1959        593
      1280 SOLID   M00001 O00001 0       1638       2588       1959        593       2435       2865       2513        889
      1281 SOLID   M00001 O00001 0       2181       2765       2766       2180          2       1643       1640          1
      1282 SOLID   M00001 O00001 0          2       1643       1640          1        298       1642       1639        297
      1283 SOLID   M00001 O00001 0        298       1642       1639        297        594       1641       1638        593
      1284 SOLID   M00001 O00001 0        594       1641       1638        593        890       2434       2435        889
      1285 SOLID   M00001 O00001 0       2182       2764       2765       2181          3       1646       1643          2
      1286 SOLID   M00001 O00001 0          3       1646       1643          2        299       1645       1642        298
      1287 SOLID   M00001 O00001 0        299       1645       1642        298        595       1644       1641        594
      1288 SOLID   M00001 O00001 0        595       1644       1641        594        891       2433       2434        890
      1289 SOLID   M00001 O00001 0       2183       2763       2764       2182          4       1649       1646          3
      1290 SOLID   M00001 O00001 0          4       1649       1646          3        300       1648       1645        299
      1291 SOLID   M00001 O00001 0        300       1648       1645        299        596       1647       1644        595
      1292 SOLID   M00001 O00001 0        596       1647       1644        595        892       2432       2433        891
      1293 SOLID   M00001 O00001 0       2184       2762       2763       2183          5       1652       1649          4
      1294 SOLID   M00001 O00001 0          5       1652       1649          4        301       1651       1648        300
      1295 SOLID   M00001 O00001 0        301       1651       1648        300        597       1650       1647        596
      1296 SOLID   M00001 O00001 0        597       1650       1647        596        893       2431       2432        892
      1297 SOLID   M00001 O00001 0       2185       2761       2762       2184          6       1655       1652          5
      1298 SOLID   M00001 O00001 0          6       1655       1652          5        302       1654       1651        301
      1299 SOLID   M00001 O00001 0        302       1654       1651        301        598       1653       1650        597
      1300 SOLID   M00001 O00001 0        598       1653       1650        597        894       2430       2431        893
      1301 SOLID   M00001 O00001 0       2186       2760       2761       2185          7       1658       1655          6
      1302 SOLID   M00001 O00001 0          7       1658       1655          6        303       1657       1654        302
      1303 SOLID   M00001 O00001 0        303       1657       1654        302        599       1656       1653        598
      1304 SOLID   M00001 O00001 0        599       1656       1653        598        895       2429       2430        894
      1305 SOLID   M00001 O00001 0       2163       2759       2760       2186          8       1661       1658          7
      1306 SOLID   M00001 O00001 0          8       1661       1658          7        304       1660       1657        303
      1307 SOLID   M00001 O00001 0        304       1660       1657        303        600       1659       1656        599
      1308 SOLID   M00001 O00001 0        600       1659       1656        599        896       2428       2429        895
      1309 SOLID   M00001 O00001 0       2187       2891       2163       2186        203       2574          8          7
      1310 SOLID   M00001 O00001 0        203       2574          8          7        499       2575        304        303
      1311 SOLID   M00001 O00001 0        499       2575        304        303        795       2576        600        599
      1312 SOLID   M00001 O00001 0        795       2576        600        599       1091       2869        896        895
      1313 SOLID   M00001 O00001 0       2188       2811       2891       2187        204       1829       2574        203
      1314 SOLID   M00001 O00001 0        204       1829       2574        203        500       1828       2575        499
      1315 SOLID   M00001 O00001 0        500       1828       2575        499        796       1827       2576        795
      1316 SOLID   M00001 O00001 0        796       1827       2576        795       1092       2480       2869       1091
      1317 SOLID   M00001 O00001 0       2189       2810       2811       2188        205       1832       1829        204
      1318 SOLID   M00001 O00001 0        205       1832       1829        204        501       1831       1828        500
      1319 SOLID   M00001 O00001 0        501       1831       1828        500        797       1830       1827        796
      1320 SOLID   M00001 O00001 0        797       1830       1827        796       1093       2479       2480       1092
      1321 SOLID   M00001 O00001 0       2164       2809       2810       2189        114       1835       1832        205
      1322 SOLID   M00001 O00001 0        114       1835       1832        205        410       1834       1831        501
      1323 SOLID   M00001 O00001 0        410       1834       1831        501        706       1833       1830        797
      1324 SOLID   M00001 O00001 0        706       1833       1830        797       1002       2478       2479       1093
      1325 SOLID   M00001 O00001 0       2170       2893       2164       2189        115       2580        114        205
      1326 SOLID   M00001 O00001 0        115       2580        114        205        411       2581        410        501
      1327 SOLID   M00001 O00001 0        411       2581        410        501        707       2582        706        797
      1328 SOLID   M00001 O00001 0        707       2582        706        797       1003       2870       1002       1093
      1329 SOLID   M00001 O00001 0       2249       2171       2170       2250        250        116        115        249
      1330 SOLID   M00001 O00001 0        250        116        115        249        546        412        411        545
      1331 SOLID   M00001 O00001 0        546        412        411        545        842        708        707        841
      1332 SOLID   M00001 O00001 0        842        708        707        841       1138       1004       1003       1137
      1333 SOLID   M00001 O00001 0       2190       2172       2171       2249        251        117        116        250
      1334 SOLID   M00001 O00001 0        251        117        116        250        547        413        412        546
      1335 SOLID   M00001 O00001 0        547        413        412        546        843        709        708        842
      1336 SOLID   M00001 O00001 0        843        709        708        842       1139       1005       1004       1138
      1337 SOLID   M00001 O00001 0       2191       2173       2172       2190        252        118        117        251
      1338 SOLID   M00001 O00001 0        252        118        117        251        548        414        413        547
      1339 SOLID   M00001 O00001 0        548        414        413        547        844        710        709        843
      1340 SOLID   M00001 O00001 0        844        710        709        843       1140       1006       1005       1139
      1341 SOLID   M00001 O00001 0       2254       2174       2173       2191        253        119        118        252
      1342 SOLID   M00001 O00001 0        253        119        118        252        549        415        414        548
      1343 SOLID   M00001 O00001 0        549        415        414        548        845        711        710        844
      1344 SOLID   M00001 O00001 0        845        711        710        844       1141       1007       1006       1140
      1345 SOLID   M00001 O00001 0       2253       2175       2174       2254        254        120        119        253
      1346 SOLID   M00001 O00001 0        254        120        119        253        550        416        415        549
      1347 SOLID   M00001 O00001 0        550        416        415        549        846        712        711        845
      1348 SOLID   M00001 O00001 0        846        712        711        845       1142       1008       1007       1141
      1349 SOLID   M00001 O00001 0       2192       2176       2175       2253        255        121        120        254
      1350 SOLID   M00001 O00001 0        255        121        120        254        551        417        416        550
      1351 SOLID   M00001 O00001 0        551        417        416        550        847        713        712        846
      1352 SOLID   M00001 O00001 0        847        713        712        846       1143       1009       1008       1142
      1353 SOLID   M00001 O00001 0       2178       2177       2176       2192        123        122        121        255
      1354 SOLID   M00001 O00001 0        123        122        121        255        419        418        417        551
      1355 SOLID   M00001 O00001 0        419        418        417        551        715        714        713        847
      1356 SOLID   M00001 O00001 0        715        714        713        847       1011       1010       1009       1143
      1357 SOLID   M00001 O00001 0       2193       2179       2178       2192        225        124        123        255
      1358 SOLID   M00001 O00001 0        225        124        123        255        521        420        419        551
      1359 SOLID   M00001 O00001 0        521        420        419        551        817        716        715        847
      1360 SOLID   M00001 O00001 0        817        716        715        847       1113       1012       1011       1143
      1361 SOLID   M00001 O00001 0       2181       2180       2179       2193          2          1        124        225
      1362 SOLID   M00001 O00001 0          2          1        124        225        298        297        420        521
      1363 SOLID   M00001 O00001 0        298        297        420        521        594        593        716        817
      1364 SOLID   M00001 O00001 0        594        593        716        817        890        889       1012       1113
      1365 SOLID   M00001 O00001 0       2252       2182       2181       2193        226          3          2        225
      1366 SOLID   M00001 O00001 0        226          3          2        225        522        299        298        521
      1367 SOLID   M00001 O00001 0        522        299        298        521        818        595        594        817
      1368 SOLID   M00001 O00001 0        818        595        594        817       1114        891        890       1113
      1369 SOLID   M00001 O00001 0       2194       2183       2182       2252        227          4          3        226
      1370 SOLID   M00001 O00001 0        227          4          3        226        523        300        299        522
      1371 SOLID   M00001 O00001 0        523        300        299        522        819        596        595        818
      1372 SOLID   M00001 O00001 0        819        596        595        818       1115        892        891       1114
      1373 SOLID   M00001 O00001 0       2195       2184       2183       2194        228          5          4        227
      1374 SOLID   M00001 O00001 0        228          5          4        227        524        301        300        523
      1375 SOLID   M00001 O00001 0        524        301        300        523        820        597        596        819
      1376 SOLID   M00001 O00001 0        820        597        596        819       1116        893        892       1115
      1377 SOLID   M00001 O00001 0       2251       2185       2184       2195        229          6          5        228
      1378 SOLID   M00001 O00001 0        229          6          5        228        525        302        301        524
      1379 SOLID   M00001 O00001 0        525        302        301        524        821        598        597        820
      1380 SOLID   M00001 O00001 0        821        598        597        820       1117        894        893       1116
      1381 SOLID   M00001 O00001 0       2187       2186       2185       2251        203          7          6        229
      1382 SOLID   M00001 O00001 0        203          7          6        229        499        303        302        525
      1383 SOLID   M00001 O00001 0        499        303        302        525        795        599        598        821
      1384 SOLID   M00001 O00001 0        795        599        598        821       1091        895        894       1117
      1385 SOLID   M00001 O00001 0       2250       2188       2187       2251        249        204        203        229
      1386 SOLID   M00001 O00001 0        249        204        203        229        545        500        499        525
      1387 SOLID   M00001 O00001 0        545        500        499        525        841        796        795        821
      1388 SOLID   M00001 O00001 0        841        796        795        821       1137       1092       1091       1117
      1389 SOLID   M00001 O00001 0       2170       2189       2188       2250        115        205        204        249
      1390 SOLID   M00001 O00001 0        115        205        204        249        411        501        500        545
      1391 SOLID   M00001 O00001 0        411        501        500        545        707        797        796        841
      1392 SOLID   M00001 O00001 0        707        797        796        841       1003       1093       1092       1137
      1393 SOLID   M00001 O00001 0       2195       2190       2249       2251        228        251        250        229
      1394 SOLID   M00001 O00001 0        228        251        250        229        524        547        546        525
      1395 SOLID   M00001 O00001 0        524        547        546        525        820        843        842        821
      1396 SOLID   M00001 O00001 0        820        843        842        821       1116       1139       1138       1117
      1397 SOLID   M00001 O00001 0       2191       2190       2195       2194        252        251        228        227
      1398 SOLID   M00001 O00001 0        252        251        228        227        548        547        524        523
      1399 SOLID   M00001 O00001 0        548        547        524        523        844        843        820        819
      1400 SOLID   M00001 O00001 0        844        843        820        819       1140       1139       1116       1115
      1401 SOLID   M00001 O00001 0       2252       2193       2192       2253        226        225        255        254
      1402 SOLID   M00001 O00001 0        226        225        255        254        522        521        551        550
      1403 SOLID   M00001 O00001 0        522        521        551        550        818        817        847        846
      1404 SOLID   M00001 O00001 0        818        817        847        846       1114       1113       1143       1142
      1405 SOLID   M00001 O00001 0       2191       2194       2252       2254        252        227        226        253
      1406 SOLID   M00001 O00001 0        252        227        226        253        548        523        522        549
      1407 SOLID   M00001 O00001 0        548        523        522        549        844        819        818        845
      1408 SOLID   M00001 O00001 0        844        819        818        845       1140       1115       1114       1141
      1409 SOLID   M00001 O00001 0       2758       2759       2163       2196       1664       1661          8          9
      1410 SOLID   M00001 O00001 0       1664       1661          8          9       1663       1660        304        305
      1411 SOLID   M00001 O00001 0       1663       1660        304        305       1662       1659        600        601
      1412 SOLID   M00001 O00001 0       1662       1659        600        601       2427       2428        896        897
      1413 SOLID   M00001 O00001 0       2197       2757       2758       2196         10       1667       1664          9
      1414 SOLID   M00001 O00001 0         10       1667       1664          9        306       1666       1663        305
      1415 SOLID   M00001 O00001 0        306       1666       1663        305        602       1665       1662        601
      1416 SOLID   M00001 O00001 0        602       1665       1662        601        898       2426       2427        897
      1417 SOLID   M00001 O00001 0       2198       2756       2757       2197         11       1670       1667         10
      1418 SOLID   M00001 O00001 0         11       1670       1667         10        307       1669       1666        306
      1419 SOLID   M00001 O00001 0        307       1669       1666        306        603       1668       1665        602
      1420 SOLID   M00001 O00001 0        603       1668       1665        602        899       2425       2426        898
      1421 SOLID   M00001 O00001 0       2199       2755       2756       2198         12       1673       1670         11
      1422 SOLID   M00001 O00001 0         12       1673       1670         11        308       1672       1669        307
      1423 SOLID   M00001 O00001 0        308       1672       1669        307        604       1671       1668        603
      1424 SOLID   M00001 O00001 0        604       1671       1668        603        900       2424       2425        899
      1425 SOLID   M00001 O00001 0       2257       2754       2755       2199         13       1676       1673         12
      1426 SOLID   M00001 O00001 0         13       1676       1673         12        309       1675       1672        308
      1427 SOLID   M00001 O00001 0        309       1675       1672        308        605       1674       1671        604
      1428 SOLID   M00001 O00001 0        605       1674       1671        604        901       2423       2424        900
      1429 SOLID   M00001 O00001 0       2256       2753       2754       2257         14       1679       1676         13
      1430 SOLID   M00001 O00001 0         14       1679       1676         13        310       1678       1675        309
      1431 SOLID   M00001 O00001 0        310       1678       1675        309        606       1677       1674        605
      1432 SOLID   M00001 O00001 0        606       1677       1674        605        902       2422       2423        901
      1433 SOLID   M00001 O00001 0       2255       2752       2753       2256         15       1682       1679         14
      1434 SOLID   M00001 O00001 0         15       1682       1679         14        311       1681       1678        310
      1435 SOLID   M00001 O00001 0        311       1681       1678        310        607       1680       1677        606
      1436 SOLID   M00001 O00001 0        607       1680       1677        606        903       2421       2422        902
      1437 SOLID   M00001 O00001 0       2162       2751       2752       2255         16       1685       1682         15
      1438 SOLID   M00001 O00001 0         16       1685       1682         15        312       1684       1681        311
      1439 SOLID   M00001 O00001 0        312       1684       1681        311        608       1683       1680        607
      1440 SOLID   M00001 O00001 0        608       1683       1680        607        904       2420       2421        903
      1441 SOLID   M00001 O00001 0       2790       2887       2162       2255       1775       2562         16         15
      1442 SOLID   M00001 O00001 0       1775       2562         16         15       1774       2563        312        311
      1443 SOLID   M00001 O00001 0       1774       2563        312        311       1773       2564        608        607
      1444 SOLID   M00001 O00001 0       1773       2564        608        607       2459       2863        904        903
      1445 SOLID   M00001 O00001 0       2257       2789       2790       2255         13       1778       1775         15
      1446 SOLID   M00001 O00001 0         13       1778       1775         15        309       1777       1774        311
      1447 SOLID   M00001 O00001 0        309       1777       1774        311        605       1776       1773        607
      1448 SOLID   M00001 O00001 0        605       1776       1773        607        901       2458       2459        903
      1449 SOLID   M00001 O00001 0       2199       2788       2789       2257         12       1781       1778         13
      1450 SOLID   M00001 O00001 0         12       1781       1778         13        308       1780       1777        309
      1451 SOLID   M00001 O00001 0        308       1780       1777        309        604       1779       1776        605
      1452 SOLID   M00001 O00001 0        604       1779       1776        605        900       2457       2458        901
      1453 SOLID   M00001 O00001 0       2198       2787       2788       2199         11       1784       1781         12
      1454 SOLID   M00001 O00001 0         11       1784       1781         12        307       1783       1780        308
      1455 SOLID   M00001 O00001 0        307       1783       1780        308        603       1782       1779        604
      1456 SOLID   M00001 O00001 0        603       1782       1779        604        899       2456       2457        900
      1457 SOLID   M00001 O00001 0       2197       2786       2787       2198         10       1787       1784         11
      1458 SOLID   M00001 O00001 0         10       1787       1784         11        306       1786       1783        307
      1459 SOLID   M00001 O00001 0        306       1786       1783        307        602       1785       1782        603
      1460 SOLID   M00001 O00001 0        602       1785       1782        603        898       2455       2456        899
      1461 SOLID   M00001 O00001 0       2196       2785       2786       2197          9       1790       1787         10
      1462 SOLID   M00001 O00001 0          9       1790       1787         10        305       1789       1786        306
      1463 SOLID   M00001 O00001 0        305       1789       1786        306        601       1788       1785        602
      1464 SOLID   M00001 O00001 0        601       1788       1785        602        897       2454       2455        898
      1465 SOLID   M00001 O00001 0       2163       2891       2785       2196          8       2574       1790          9
      1466 SOLID   M00001 O00001 0          8       2574       1790          9        304       2575       1789        305
      1467 SOLID   M00001 O00001 0        304       2575       1789        305        600       2576       1788        601
      1468 SOLID   M00001 O00001 0        600       2576       1788        601        896       2869       2454        897
      1469 SOLID   M00001 O00001 0       1973       1972       2201       2202        192        191        216        215
      1470 SOLID   M00001 O00001 0        192        191        216        215        488        487        512        511
      1471 SOLID   M00001 O00001 0        488        487        512        511        784        783        808        807
      1472 SOLID   M00001 O00001 0        784        783        808        807       1080       1079       1104       1103
      1473 SOLID   M00001 O00001 0       2161       1974       1973       2202        213        193        192        215
      1474 SOLID   M00001 O00001 0        213        193        192        215        509        489        488        511
      1475 SOLID   M00001 O00001 0        509        489        488        511        805        785        784        807
      1476 SOLID   M00001 O00001 0        805        785        784        807       1101       1081       1080       1103
      1477 SOLID   M00001 O00001 0       2202       2201       2738       2739        215        216       1616       1613
      1478 SOLID   M00001 O00001 0        215        216       1616       1613        511        512       1615       1612
      1479 SOLID   M00001 O00001 0        511        512       1615       1612        807        808       1614       1611
      1480 SOLID   M00001 O00001 0        807        808       1614       1611       1103       1104       2407       2408
      1481 SOLID   M00001 O00001 0       2886       2161       2202       2739       2559        213        215       1613
      1482 SOLID   M00001 O00001 0       2559        213        215       1613       2560        509        511       1612
      1483 SOLID   M00001 O00001 0       2560        509        511       1612       2561        805        807       1611
      1484 SOLID   M00001 O00001 0       2561        805        807       1611       2864       1101       1103       2408
      1485 SOLID   M00001 O00001 0       2735       2736       2203       2204       1625       1622        218        219
      1486 SOLID   M00001 O00001 0       1625       1622        218        219       1624       1621        514        515
      1487 SOLID   M00001 O00001 0       1624       1621        514        515       1623       1620        810        811
      1488 SOLID   M00001 O00001 0       1623       1620        810        811       2404       2405       1106       1107
      1489 SOLID   M00001 O00001 0       2200       2734       2735       2204        220       1628       1625        219
      1490 SOLID   M00001 O00001 0        220       1628       1625        219        516       1627       1624        515
      1491 SOLID   M00001 O00001 0        516       1627       1624        515        812       1626       1623        811
      1492 SOLID   M00001 O00001 0        812       1626       1623        811       1108       2403       2404       1107
      1493 SOLID   M00001 O00001 0       2204       2203       1970       1969        219        218        189        188
      1494 SOLID   M00001 O00001 0        219        218        189        188        515        514        485        484
      1495 SOLID   M00001 O00001 0        515        514        485        484        811        810        781        780
      1496 SOLID   M00001 O00001 0        811        810        781        780       1107       1106       1077       1076
      1497 SOLID   M00001 O00001 0       1968       2200       2204       1969        187        220        219        188
      1498 SOLID   M00001 O00001 0        187        220        219        188        483        516        515        484
      1499 SOLID   M00001 O00001 0        483        516        515        484        779        812        811        780
      1500 SOLID   M00001 O00001 0        779        812        811        780       1075       1108       1107       1076
      1501 SOLID   M00001 O00001 0       2737       2738       2201       2205       1619       1616        216        217
      1502 SOLID   M00001 O00001 0       1619       1616        216        217       1618       1615        512        513
      1503 SOLID   M00001 O00001 0       1618       1615        512        513       1617       1614        808        809
      1504 SOLID   M00001 O00001 0       1617       1614        808        809       2406       2407       1104       1105
      1505 SOLID   M00001 O00001 0       2203       2736       2737       2205        218       1622       1619        217
      1506 SOLID   M00001 O00001 0        218       1622       1619        217        514       1621       1618        513
      1507 SOLID   M00001 O00001 0        514       1621       1618        513        810       1620       1617        809
      1508 SOLID   M00001 O00001 0        810       1620       1617        809       1106       2405       2406       1105
      1509 SOLID   M00001 O00001 0       2205       2201       1972       1971        217        216        191        190
      1510 SOLID   M00001 O00001 0        217        216        191        190        513        512        487        486
      1511 SOLID   M00001 O00001 0        513        512        487        486        809        808        783        782
      1512 SOLID   M00001 O00001 0        809        808        783        782       1105       1104       1079       1078
      1513 SOLID   M00001 O00001 0       1970       2203       2205       1971        189        218        217        190
      1514 SOLID   M00001 O00001 0        189        218        217        190        485        514        513        486
      1515 SOLID   M00001 O00001 0        485        514        513        486        781        810        809        782
      1516 SOLID   M00001 O00001 0        781        810        809        782       1077       1106       1105       1078
      1517 SOLID   M00001 O00001 0       1967       1966       2206       2207        186        185        222        221
      1518 SOLID   M00001 O00001 0        186        185        222        221        482        481        518        517
      1519 SOLID   M00001 O00001 0        482        481        518        517        778        777        814        813
      1520 SOLID   M00001 O00001 0        778        777        814        813       1074       1073       1110       1109
      1521 SOLID   M00001 O00001 0       2200       1968       1967       2207        220        187        186        221
      1522 SOLID   M00001 O00001 0        220        187        186        221        516        483        482        517
      1523 SOLID   M00001 O00001 0        516        483        482        517        812        779        778        813
      1524 SOLID   M00001 O00001 0        812        779        778        813       1108       1075       1074       1109
      1525 SOLID   M00001 O00001 0       2207       2206       2732       2733        221        222       1634       1631
      1526 SOLID   M00001 O00001 0        221        222       1634       1631        517        518       1633       1630
      1527 SOLID   M00001 O00001 0        517        518       1633       1630        813        814       1632       1629
      1528 SOLID   M00001 O00001 0        813        814       1632       1629       1109       1110       2401       2402
      1529 SOLID   M00001 O00001 0       2734       2200       2207       2733       1628        220        221       1631
      1530 SOLID   M00001 O00001 0       1628        220        221       1631       1627        516        517       1630
      1531 SOLID   M00001 O00001 0       1627        516        517       1630       1626        812        813       1629
      1532 SOLID   M00001 O00001 0       1626        812        813       1629       2403       1108       1109       2402
      1533 SOLID   M00001 O00001 0       2206       1966       1965       2208        222        185        184        223
      1534 SOLID   M00001 O00001 0        222        185        184        223        518        481        480        519
      1535 SOLID   M00001 O00001 0        518        481        480        519        814        777        776        815
      1536 SOLID   M00001 O00001 0        814        777        776        815       1110       1073       1072       1111
      1537 SOLID   M00001 O00001 0       2731       2732       2206       2208       1637       1634        222        223
      1538 SOLID   M00001 O00001 0       1637       1634        222        223       1636       1633        518        519
      1539 SOLID   M00001 O00001 0       1636       1633        518        519       1635       1632        814        815
      1540 SOLID   M00001 O00001 0       1635       1632        814        815       2400       2401       1110       1111
      1541 SOLID   M00001 O00001 0       2750       2751       2162       2209       1688       1685         16         17
      1542 SOLID   M00001 O00001 0       1688       1685         16         17       1687       1684        312        313
      1543 SOLID   M00001 O00001 0       1687       1684        312        313       1686       1683        608        609
      1544 SOLID   M00001 O00001 0       1686       1683        608        609       2419       2420        904        905
      1545 SOLID   M00001 O00001 0       1963       2749       2750       2209         18       1691       1688         17
      1546 SOLID   M00001 O00001 0         18       1691       1688         17        314       1690       1687        313
      1547 SOLID   M00001 O00001 0        314       1690       1687        313        610       1689       1686        609
      1548 SOLID   M00001 O00001 0        610       1689       1686        609        906       2418       2419        905
      1549 SOLID   M00001 O00001 0       2887       2731       2208       2210       2562       1637        223        224
      1550 SOLID   M00001 O00001 0       2562       1637        223        224       2563       1636        519        520
      1551 SOLID   M00001 O00001 0       2563       1636        519        520       2564       1635        815        816
      1552 SOLID   M00001 O00001 0       2564       1635        815        816       2863       2400       1111       1112
      1553 SOLID   M00001 O00001 0       2209       2162       2887       2210         17         16       2562        224
      1554 SOLID   M00001 O00001 0         17         16       2562        224        313        312       2563        520
      1555 SOLID   M00001 O00001 0        313        312       2563        520        609        608       2564        816
      1556 SOLID   M00001 O00001 0        609        608       2564        816        905        904       2863       1112
      1557 SOLID   M00001 O00001 0       2210       2208       1965       1964        224        223        184        183
      1558 SOLID   M00001 O00001 0        224        223        184        183        520        519        480        479
      1559 SOLID   M00001 O00001 0        520        519        480        479        816        815        776        775
      1560 SOLID   M00001 O00001 0        816        815        776        775       1112       1111       1072       1071
      1561 SOLID   M00001 O00001 0       1963       2209       2210       1964         18         17        224        183
      1562 SOLID   M00001 O00001 0         18         17        224        183        314        313        520        479
      1563 SOLID   M00001 O00001 0        314        313        520        479        610        609        816        775
      1564 SOLID   M00001 O00001 0        610        609        816        775        906        905       1112       1071
      1565 SOLID   M00001 O00001 0       1975       1974       2161       2211        278        193        213        279
      1566 SOLID   M00001 O00001 0        278        193        213        279        574        489        509        575
      1567 SOLID   M00001 O00001 0        574        489        509        575        870        785        805        871
      1568 SOLID   M00001 O00001 0        870        785        805        871       1166       1081       1101       1167
      1569 SOLID   M00001 O00001 0       2212       2056       1975       2211        289        290        278        279
      1570 SOLID   M00001 O00001 0        289        290        278        279        585        586        574        575
      1571 SOLID   M00001 O00001 0        585        586        574        575        881        882        870        871
      1572 SOLID   M00001 O00001 0        881        882        870        871       1177       1178       1166       1167
      1573 SOLID   M00001 O00001 0       2213       2007       2056       2212        257        265        290        289
      1574 SOLID   M00001 O00001 0        257        265        290        289        553        561        586        585
      1575 SOLID   M00001 O00001 0        553        561        586        585        849        857        882        881
      1576 SOLID   M00001 O00001 0        849        857        882        881       1145       1153       1178       1177
      1577 SOLID   M00001 O00001 0       2055       2008       2007       2213        139        148        265        257
      1578 SOLID   M00001 O00001 0        139        148        265        257        435        444        561        553
      1579 SOLID   M00001 O00001 0        435        444        561        553        731        740        857        849
      1580 SOLID   M00001 O00001 0        731        740        857        849       1027       1036       1153       1145
      1581 SOLID   M00001 O00001 0       2214       2885       2055       2213        140       2556        139        257
      1582 SOLID   M00001 O00001 0        140       2556        139        257        436       2557        435        553
      1583 SOLID   M00001 O00001 0        436       2557        435        553        732       2558        731        849
      1584 SOLID   M00001 O00001 0        732       2558        731        849       1028       2861       1027       1145
      1585 SOLID   M00001 O00001 0       2215       2778       2885       2214        141       1739       2556        140
      1586 SOLID   M00001 O00001 0        141       1739       2556        140        437       1738       2557        436
      1587 SOLID   M00001 O00001 0        437       1738       2557        436        733       1737       2558        732
      1588 SOLID   M00001 O00001 0        733       1737       2558        732       1029       2447       2861       1028
      1589 SOLID   M00001 O00001 0       2216       2777       2778       2215        142       1742       1739        141
      1590 SOLID   M00001 O00001 0        142       1742       1739        141        438       1741       1738        437
      1591 SOLID   M00001 O00001 0        438       1741       1738        437        734       1740       1737        733
      1592 SOLID   M00001 O00001 0        734       1740       1737        733       1030       2446       2447       1029
      1593 SOLID   M00001 O00001 0       2217       2776       2777       2216        143       1745       1742        142
      1594 SOLID   M00001 O00001 0        143       1745       1742        142        439       1744       1741        438
      1595 SOLID   M00001 O00001 0        439       1744       1741        438        735       1743       1740        734
      1596 SOLID   M00001 O00001 0        735       1743       1740        734       1031       2445       2446       1030
      1597 SOLID   M00001 O00001 0       2218       2775       2776       2217        144       1748       1745        143
      1598 SOLID   M00001 O00001 0        144       1748       1745        143        440       1747       1744        439
      1599 SOLID   M00001 O00001 0        440       1747       1744        439        736       1746       1743        735
      1600 SOLID   M00001 O00001 0        736       1746       1743        735       1032       2444       2445       1031
      1601 SOLID   M00001 O00001 0       2219       2774       2775       2218        145       1751       1748        144
      1602 SOLID   M00001 O00001 0        145       1751       1748        144        441       1750       1747        440
      1603 SOLID   M00001 O00001 0        441       1750       1747        440        737       1749       1746        736
      1604 SOLID   M00001 O00001 0        737       1749       1746        736       1033       2443       2444       1032
      1605 SOLID   M00001 O00001 0       2220       2773       2774       2219        146       1754       1751        145
      1606 SOLID   M00001 O00001 0        146       1754       1751        145        442       1753       1750        441
      1607 SOLID   M00001 O00001 0        442       1753       1750        441        738       1752       1749        737
      1608 SOLID   M00001 O00001 0        738       1752       1749        737       1034       2442       2443       1033
      1609 SOLID   M00001 O00001 0       2221       2889       2773       2220        125       2568       1754        146
      1610 SOLID   M00001 O00001 0        125       2568       1754        146        421       2569       1753        442
      1611 SOLID   M00001 O00001 0        421       2569       1753        442        717       2570       1752        738
      1612 SOLID   M00001 O00001 0        717       2570       1752        738       1013       2867       2442       1034
      1613 SOLID   M00001 O00001 0       2222       2065       2889       2221        104        103       2568        125
      1614 SOLID   M00001 O00001 0        104        103       2568        125        400        399       2569        421
      1615 SOLID   M00001 O00001 0        400        399       2569        421        696        695       2570        717
      1616 SOLID   M00001 O00001 0        696        695       2570        717        992        991       2867       1013
      1617 SOLID   M00001 O00001 0       2821       2822       2065       2222       1901       1898        103        104
      1618 SOLID   M00001 O00001 0       1901       1898        103        104       1900       1897        399        400
      1619 SOLID   M00001 O00001 0       1900       1897        399        400       1899       1896        695        696
      1620 SOLID   M00001 O00001 0       1899       1896        695        696       2490       2491        991        992
      1621 SOLID   M00001 O00001 0       2223       2820       2821       2222        105       1904       1901        104
      1622 SOLID   M00001 O00001 0        105       1904       1901        104        401       1903       1900        400
      1623 SOLID   M00001 O00001 0        401       1903       1900        400        697       1902       1899        696
      1624 SOLID   M00001 O00001 0        697       1902       1899        696        993       2489       2490        992
      1625 SOLID   M00001 O00001 0       2224       2819       2820       2223        106       1907       1904        105
      1626 SOLID   M00001 O00001 0        106       1907       1904        105        402       1906       1903        401
      1627 SOLID   M00001 O00001 0        402       1906       1903        401        698       1905       1902        697
      1628 SOLID   M00001 O00001 0        698       1905       1902        697        994       2488       2489        993
      1629 SOLID   M00001 O00001 0       2160       2818       2819       2224        107       1910       1907        106
      1630 SOLID   M00001 O00001 0        107       1910       1907        106        403       1909       1906        402
      1631 SOLID   M00001 O00001 0        403       1909       1906        402        699       1908       1905        698
      1632 SOLID   M00001 O00001 0        699       1908       1905        698        995       2487       2488        994
      1633 SOLID   M00001 O00001 0       2225       2890       2160       2224        206       2571        107        106
      1634 SOLID   M00001 O00001 0        206       2571        107        106        502       2572        403        402
      1635 SOLID   M00001 O00001 0        502       2572        403        402        798       2573        699        698
      1636 SOLID   M00001 O00001 0        798       2573        699        698       1094       2868        995        994
      1637 SOLID   M00001 O00001 0       2226       2784       2890       2225        207       1757       2571        206
      1638 SOLID   M00001 O00001 0        207       1757       2571        206        503       1756       2572        502
      1639 SOLID   M00001 O00001 0        503       1756       2572        502        799       1755       2573        798
      1640 SOLID   M00001 O00001 0        799       1755       2573        798       1095       2453       2868       1094
      1641 SOLID   M00001 O00001 0       2227       2783       2784       2226        208       1760       1757        207
      1642 SOLID   M00001 O00001 0        208       1760       1757        207        504       1759       1756        503
      1643 SOLID   M00001 O00001 0        504       1759       1756        503        800       1758       1755        799
      1644 SOLID   M00001 O00001 0        800       1758       1755        799       1096       2452       2453       1095
      1645 SOLID   M00001 O00001 0       2228       2782       2783       2227        209       1763       1760        208
      1646 SOLID   M00001 O00001 0        209       1763       1760        208        505       1762       1759        504
      1647 SOLID   M00001 O00001 0        505       1762       1759        504        801       1761       1758        800
      1648 SOLID   M00001 O00001 0        801       1761       1758        800       1097       2451       2452       1096
      1649 SOLID   M00001 O00001 0       2229       2781       2782       2228        210       1766       1763        209
      1650 SOLID   M00001 O00001 0        210       1766       1763        209        506       1765       1762        505
      1651 SOLID   M00001 O00001 0        506       1765       1762        505        802       1764       1761        801
      1652 SOLID   M00001 O00001 0        802       1764       1761        801       1098       2450       2451       1097
      1653 SOLID   M00001 O00001 0       2230       2780       2781       2229        211       1769       1766        210
      1654 SOLID   M00001 O00001 0        211       1769       1766        210        507       1768       1765        506
      1655 SOLID   M00001 O00001 0        507       1768       1765        506        803       1767       1764        802
      1656 SOLID   M00001 O00001 0        803       1767       1764        802       1099       2449       2450       1098
      1657 SOLID   M00001 O00001 0       2231       2779       2780       2230        212       1772       1769        211
      1658 SOLID   M00001 O00001 0        212       1772       1769        211        508       1771       1768        507
      1659 SOLID   M00001 O00001 0        508       1771       1768        507        804       1770       1767        803
      1660 SOLID   M00001 O00001 0        804       1770       1767        803       1100       2448       2449       1099
      1661 SOLID   M00001 O00001 0       2232       2886       2779       2231        214       2559       1772        212
      1662 SOLID   M00001 O00001 0        214       2559       1772        212        510       2560       1771        508
      1663 SOLID   M00001 O00001 0        510       2560       1771        508        806       2561       1770        804
      1664 SOLID   M00001 O00001 0        806       2561       1770        804       1102       2864       2448       1100
      1665 SOLID   M00001 O00001 0       2211       2161       2886       2232        279        213       2559        214
      1666 SOLID   M00001 O00001 0        279        213       2559        214        575        509       2560        510
      1667 SOLID   M00001 O00001 0        575        509       2560        510        871        805       2561        806
      1668 SOLID   M00001 O00001 0        871        805       2561        806       1167       1101       2864       1102
      1669 SOLID   M00001 O00001 0       2212       2211       2232       2234        289        279        214        258
      1670 SOLID   M00001 O00001 0        289        279        214        258        585        575        510        554
      1671 SOLID   M00001 O00001 0        585        575        510        554        881        871        806        850
      1672 SOLID   M00001 O00001 0        881        871        806        850       1177       1167       1102       1146
      1673 SOLID   M00001 O00001 0       2214       2213       2212       2234        140        257        289        258
      1674 SOLID   M00001 O00001 0        140        257        289        258        436        553        585        554
      1675 SOLID   M00001 O00001 0        436        553        585        554        732        849        881        850
      1676 SOLID   M00001 O00001 0        732        849        881        850       1028       1145       1177       1146
      1677 SOLID   M00001 O00001 0       2233       2216       2215       2235        260        142        141        259
      1678 SOLID   M00001 O00001 0        260        142        141        259        556        438        437        555
      1679 SOLID   M00001 O00001 0        556        438        437        555        852        734        733        851
      1680 SOLID   M00001 O00001 0        852        734        733        851       1148       1030       1029       1147
      1681 SOLID   M00001 O00001 0       2231       2230       2233       2235        212        211        260        259
      1682 SOLID   M00001 O00001 0        212        211        260        259        508        507        556        555
      1683 SOLID   M00001 O00001 0        508        507        556        555        804        803        852        851
      1684 SOLID   M00001 O00001 0        804        803        852        851       1100       1099       1148       1147
      1685 SOLID   M00001 O00001 0       2235       2215       2214       2234        259        141        140        258
      1686 SOLID   M00001 O00001 0        259        141        140        258        555        437        436        554
      1687 SOLID   M00001 O00001 0        555        437        436        554        851        733        732        850
      1688 SOLID   M00001 O00001 0        851        733        732        850       1147       1029       1028       1146
      1689 SOLID   M00001 O00001 0       2232       2231       2235       2234        214        212        259        258
      1690 SOLID   M00001 O00001 0        214        212        259        258        510        508        555        554
      1691 SOLID   M00001 O00001 0        510        508        555        554        806        804        851        850
      1692 SOLID   M00001 O00001 0        806        804        851        850       1102       1100       1147       1146
      1693 SOLID   M00001 O00001 0       2233       2230       2229       2236        260        211        210        261
      1694 SOLID   M00001 O00001 0        260        211        210        261        556        507        506        557
      1695 SOLID   M00001 O00001 0        556        507        506        557        852        803        802        853
      1696 SOLID   M00001 O00001 0        852        803        802        853       1148       1099       1098       1149
      1697 SOLID   M00001 O00001 0       2217       2216       2233       2236        143        142        260        261
      1698 SOLID   M00001 O00001 0        143        142        260        261        439        438        556        557
      1699 SOLID   M00001 O00001 0        439        438        556        557        735        734        852        853
      1700 SOLID   M00001 O00001 0        735        734        852        853       1031       1030       1148       1149
      1701 SOLID   M00001 O00001 0       2236       2229       2228       2237        261        210        209        262
      1702 SOLID   M00001 O00001 0        261        210        209        262        557        506        505        558
      1703 SOLID   M00001 O00001 0        557        506        505        558        853        802        801        854
      1704 SOLID   M00001 O00001 0        853        802        801        854       1149       1098       1097       1150
      1705 SOLID   M00001 O00001 0       2218       2217       2236       2237        144        143        261        262
      1706 SOLID   M00001 O00001 0        144        143        261        262        440        439        557        558
      1707 SOLID   M00001 O00001 0        440        439        557        558        736        735        853        854
      1708 SOLID   M00001 O00001 0        736        735        853        854       1032       1031       1149       1150
      1709 SOLID   M00001 O00001 0       2237       2228       2227       2238        262        209        208        263
      1710 SOLID   M00001 O00001 0        262        209        208        263        558        505        504        559
      1711 SOLID   M00001 O00001 0        558        505        504        559        854        801        800        855
      1712 SOLID   M00001 O00001 0        854        801        800        855       1150       1097       1096       1151
      1713 SOLID   M00001 O00001 0       2219       2218       2237       2238        145        144        262        263
      1714 SOLID   M00001 O00001 0        145        144        262        263        441        440        558        559
      1715 SOLID   M00001 O00001 0        441        440        558        559        737        736        854        855
      1716 SOLID   M00001 O00001 0        737        736        854        855       1033       1032       1150       1151
      1717 SOLID   M00001 O00001 0       2238       2227       2226       2239        263        208        207        264
      1718 SOLID   M00001 O00001 0        263        208        207        264        559        504        503        560
      1719 SOLID   M00001 O00001 0        559        504        503        560        855        800        799        856
      1720 SOLID   M00001 O00001 0        855        800        799        856       1151       1096       1095       1152
      1721 SOLID   M00001 O00001 0       2220       2219       2238       2239        146        145        263        264
      1722 SOLID   M00001 O00001 0        146        145        263        264        442        441        559        560
      1723 SOLID   M00001 O00001 0        442        441        559        560        738        737        855        856
      1724 SOLID   M00001 O00001 0        738        737        855        856       1034       1033       1151       1152
      1725 SOLID   M00001 O00001 0       2225       2224       2223       2240        206        106        105        248
      1726 SOLID   M00001 O00001 0        206        106        105        248        502        402        401        544
      1727 SOLID   M00001 O00001 0        502        402        401        544        798        698        697        840
      1728 SOLID   M00001 O00001 0        798        698        697        840       1094        994        993       1136
      1729 SOLID   M00001 O00001 0       2239       2226       2225       2240        264        207        206        248
      1730 SOLID   M00001 O00001 0        264        207        206        248        560        503        502        544
      1731 SOLID   M00001 O00001 0        560        503        502        544        856        799        798        840
      1732 SOLID   M00001 O00001 0        856        799        798        840       1152       1095       1094       1136
      1733 SOLID   M00001 O00001 0       2240       2223       2222       2221        248        105        104        125
      1734 SOLID   M00001 O00001 0        248        105        104        125        544        401        400        421
      1735 SOLID   M00001 O00001 0        544        401        400        421        840        697        696        717
      1736 SOLID   M00001 O00001 0        840        697        696        717       1136        993        992       1013
      1737 SOLID   M00001 O00001 0       2220       2239       2240       2221        146        264        248        125
      1738 SOLID   M00001 O00001 0        146        264        248        125        442        560        544        421
      1739 SOLID   M00001 O00001 0        442        560        544        421        738        856        840        717
      1740 SOLID   M00001 O00001 0        738        856        840        717       1034       1152       1136       1013
      1741 SOLID   M00001 O00001 0       2673       2674       2145       2147       1508       1505         87         88
      1742 SOLID   M00001 O00001 0       1508       1505         87         88       1507       1504        383        384
      1743 SOLID   M00001 O00001 0       1507       1504        383        384       1506       1503        679        680
      1744 SOLID   M00001 O00001 0       1506       1503        679        680       2342       2343        975        976
      1745 SOLID   M00001 O00001 0       2146       2672       2673       2147         89       1511       1508         88
      1746 SOLID   M00001 O00001 0         89       1511       1508         88        385       1510       1507        384
      1747 SOLID   M00001 O00001 0        385       1510       1507        384        681       1509       1506        680
      1748 SOLID   M00001 O00001 0        681       1509       1506        680        977       2341       2342        976
      1749 SOLID   M00001 O00001 0       1998       1997       2740         28         27       1718
      1750 SOLID   M00001 O00001 0         28         27       1718        324        323       1717
      1751 SOLID   M00001 O00001 0        324        323       1717        620        619       1716
      1752 SOLID   M00001 O00001 0        620        619       1716        916        915       2409
      1753 SOLID   M00001 O00001 0       2049       2241       2242        178        272        273
      1754 SOLID   M00001 O00001 0        178        272        273        474        568        569
      1755 SOLID   M00001 O00001 0        474        568        569        770        864        865
      1756 SOLID   M00001 O00001 0        770        864        865       1066       1160       1161
      1757 SOLID   M00001 O00001 0       2243       2244       2245        256        134        133
      1758 SOLID   M00001 O00001 0        256        134        133        552        430        429
      1759 SOLID   M00001 O00001 0        552        430        429        848        726        725
      1760 SOLID   M00001 O00001 0        848        726        725       1144       1022       1021
      1761 SOLID   M00001 O00001 0       2246       2247       2248        295        296        287
      1762 SOLID   M00001 O00001 0        295        296        287        591        592        583
      1763 SOLID   M00001 O00001 0        591        592        583        887        888        879
      1764 SOLID   M00001 O00001 0        887        888        879       1183       1184       1175
      1765 SOLID   M00001 O00001 0       2249       2250       2251        250        249        229
      1766 SOLID   M00001 O00001 0        250        249        229        546        545        525
      1767 SOLID   M00001 O00001 0        546        545        525        842        841        821
      1768 SOLID   M00001 O00001 0        842        841        821       1138       1137       1117
      1769 SOLID   M00001 O00001 0       2252       2253       2254        226        254        253
      1770 SOLID   M00001 O00001 0        226        254        253        522        550        549
      1771 SOLID   M00001 O00001 0        522        550        549        818        846        845
      1772 SOLID   M00001 O00001 0        818        846        845       1114       1142       1141
      1773 SOLID   M00001 O00001 0       2255       2256       2257         15         14         13
      1774 SOLID   M00001 O00001 0         15         14         13        311        310        309
      1775 SOLID   M00001 O00001 0        311        310        309        607        606        605
      1776 SOLID   M00001 O00001 0        607        606        605        903        902        901
      1777 SURFACE M00002 O00001 P00001       2596       2873       2520       1187
      1778 SURFACE M00002 O00001 P00001       1187       2520       2521       1186
      1779 SURFACE M00002 O00001 P00001       1186       2521       2522       1185
      1780 SURFACE M00002 O00001 P00001       1185       2522       2849       2265
      1781 SURFACE M00002 O00001 P00001       2595       2596       1187       1190
      1782 SURFACE M00002 O00001 P00001       1190       1187       1186       1189
      1783 SURFACE M00002 O00001 P00001       1189       1186       1185       1188
      1784 SURFACE M00002 O00001 P00001       1188       1185       2265       2264
      1785 SURFACE M00002 O00001 P00001       2594       2595       1190       1193
      1786 SURFACE M00002 O00001 P00001       1193       1190       1189       1192
      1787 SURFACE M00002 O00001 P00001       1192       1189       1188       1191
      1788 SURFACE M00002 O00001 P00001       1191       1188       2264       2263
      1789 SURFACE M00002 O00001 P00001       2593       2594       1193       1196
      1790 SURFACE M00002 O00001 P00001       1196       1193       1192       1195
      1791 SURFACE M00002 O00001 P00001       1195       1192       1191       1194
      1792 SURFACE M00002 O00001 P00001       1194       1191       2263       2262
      1793 SURFACE M00002 O00001 P00001       2592       2593       1196       1199
      1794 SURFACE M00002 O00001 P00001       1199       1196       1195       1198
      1795 SURFACE M00002 O00001 P00001       1198       1195       1194       1197
      1796 SURFACE M00002 O00001 P00001       1197       1194       2262       2261
      1797 SURFACE M00002 O00001 P00001       2591       2592       1199       1202
      1798 SURFACE M00002 O00001 P00001       1202       1199       1198       1201
      1799 SURFACE M00002 O00001 P00001       1201       1198       1197       1200
      1800 SURFACE M00002 O00001 P00001       1200       1197       2261       2260
      1801 SURFACE M00002 O00001 P00001       2590       2591       1202       1205
      1802 SURFACE M00002 O00001 P00001       1205       1202       1201       1204
      1803 SURFACE M00002 O00001 P00001       1204       1201       1200       1203
      1804 SURFACE M00002 O00001 P00001       1203       1200       2260       2259
      1805 SURFACE M00002 O00001 P00001       2589       2590       1205       1208
      1806 SURFACE M00002 O00001 P00001       1208       1205       1204       1207
      1807 SURFACE M00002 O00001 P00001       1207       1204       1203       1206
      1808 SURFACE M00002 O00001 P00001       1206       1203       2259       2258
      1809 SURFACE M00002 O00001 P00001       2872       2589       1208       2517
      1810 SURFACE M00002 O00001 P00001       2517       1208       1207       2518
      1811 SURFACE M00002 O00001 P00001       2518       1207       1206       2519
      1812 SURFACE M00002 O00001 P00001       2519       1206       2258       2848
      1813 SURFACE M00002 O00001 P00001       2847       2894       2583       1952
      1814 SURFACE M00002 O00001 P00001       1952       2583       2584       1951
      1815 SURFACE M00002 O00001 P00001       1951       2584       2585       1950
      1816 SURFACE M00002 O00001 P00001       1950       2585       2871       2516
      1817 SURFACE M00002 O00001 P00001       2846       2847       1952       1955
      1818 SURFACE M00002 O00001 P00001       1955       1952       1951       1954
      1819 SURFACE M00002 O00001 P00001       1954       1951       1950       1953
      1820 SURFACE M00002 O00001 P00001       1953       1950       2516       2515
      1821 SURFACE M00002 O00001 P00001       2845       2846       1955       1958
      1822 SURFACE M00002 O00001 P00001       1958       1955       1954       1957
      1823 SURFACE M00002 O00001 P00001       1957       1954       1953       1956
      1824 SURFACE M00002 O00001 P00001       1956       1953       2515       2514
      1825 SURFACE M00002 O00001 P00001       2844       2845       1958       1961
      1826 SURFACE M00002 O00001 P00001       1961       1958       1957       1960
      1827 SURFACE M00002 O00001 P00001       1960       1957       1956       1959
      1828 SURFACE M00002 O00001 P00001       1959       1956       2514       2513
      1829 SURFACE M00002 O00001 P00001       2895       2844       1961       2586
      1830 SURFACE M00002 O00001 P00001       2586       1961       1960       2587
      1831 SURFACE M00002 O00001 P00001       2587       1960       1959       2588
      1832 SURFACE M00002 O00001 P00001       2588       1959       2513       2865
-1
VFMIN  1.000000E-12
$
$ -------------
$ Convection BC
$ -------------
$
MESH RESET
$ Convection to Environment(1)            
AREA "Convection to Environment(1)" 0 0 16 0  1.000000E+06 CONVASN
-1
-1
-1
$
$ -----
$ Units
$ -----
$
PARAM UNITS 5  1.000000E+03  1.000000E+03  1.000000E+00 -2.731500E+02
$
$ ---------------------------
$ Solver Parameters - Thermal
$ ---------------------------
$
PARAM ILU 10  1.000000E-08 100
PARAM COND NEW
PARAM CNVGTRA 1.0
PARAM CSOLVE 2
PARAM PDMAX -1.000000E-02
PARAM HYDLOOP 100
PARAM HYDDAMP  1.000000E+00
PARAM MAXNODEID 2895
$
$ -----------------------------
$ Solver Parameters - Radiation
$ -----------------------------
$
PARAM OPPENHEIM 1
PARAM QOPPCAL
GPARAM 4 420 1
PARAM SPECTRA 0 14387.69 0  0.000000E+00 0 0 0 0
$
$ --------------------------------------
$ Solution Attributes - Solution Details
$ --------------------------------------
$
$
$ ----------------------------------------
$ Solution Attributes - Initial conditions
$ ----------------------------------------
$
$
$ ----------------------------------------
$ Solution Attributes - Ambient Conditions
$ ----------------------------------------
$
$
$ Ambient Environment Temperature
TABTYPE 21 TEMP TIME
TABDATA 21  2.000000E+01  0.000000E+00
$
$ Ambient Environment Properties
HYDENV  1.013510E+02  2.000000E+01  9.810000E+03  1.800000E+02  0.000000E+00 SAMEMAT T21
$
$ Radiative Environment Temperature
TABTYPE 5 TEMP TIME
TABDATA 5  2.000000E+01  0.000000E+00
$
$ ------------------------------------
$ Solution Attributes - Result Options
$ ------------------------------------
$
PRINT 0 0 ELTEMP
PRINT 0 0 NDTEMP
PRINT 0 0 ELTOTF
PRINT 0 0 ELVFSUM
PRINT 0 0 ELTMAX
$
$ -------------------
$ Physical Properties
$ -------------------
$
$ NULL                                                                          
PROP 1 SHELL  0.000000E+00
$
$ -------------------
$ Material Properties
$ -------------------
$
$ Brass                                                                         
MAT 1 PHASE SOLID
MAT 1 RHO  8.409000E-06
MAT 1 CPP  3.800000E+08
MAT 1 CAPAPH  0.000000E+00
MAT 1 KTHERM  1.160000E+05
MAT 1 HTLAT  0.000000E+00
MAT 1 ELECRES  0.000000E+00
MAT 1 TPHASE 1000000
MAT 1 TPHASERANGE 0
MAT 1 IRSCATTER  0.000000E+00
MAT 1 SOLARSCATTER  0.000000E+00
MAT 1 IREXTINCT  0.000000E+00
MAT 1 SOLAREXTINCT  0.000000E+00
$ NULL                                                                          
MAT 2 PHASE SOLID
MAT 2 RHO  0.000000E+00
MAT 2 CPP  0.000000E+00
MAT 2 KTHERM  0.000000E+00
$
$ -------------------------
$ Thermo-Optical Properties
$ -------------------------
$
$ Black body                                                                    
OPTICAL 1 E  1.000000E+00
OPTICAL 1 ABSORPTIVITY  1.000000E+00
$
$ ---------------
$ Temperature BCs
$ ---------------
$
$ Temperature(1)                                                                
SINK "Temperature(1)"  2.000000E+02 CONSTANT 0
DESCRIP 1 Temperature(1)
DESCAD1 1 SINK CONST Tempera
NAME2 Tempera Temperature(1)
NAME Tempera       1777       1812          1
$
$ -----------------------
$ Initial Temperatures BC
$ -----------------------
$
TINIT "INIT_BC" 0  2.000000E+01
NAME2 INIT_BC INIT_BC
NAME INIT_BC          1       1832          1
$
$ ----------------------------
$ Convection to Environment BC
$ ----------------------------
$
$ Convection to Environment(1)                                                  
NAME2 Convect Convection to Environment(1)
NAME Convect       1813       1832          1
TABTYPE 16 TEMP TIME
TABDATA 16  2.000000E+01  0.000000E+00
-1
-1
