    -99999  0.000000000000000E+00
         1  9.940062743904014E+01
         2  9.940062763047848E+01
         3  9.940062776099357E+01
         4  9.940062770379319E+01
         5  9.805615056110250E+01
         6  9.805615081544121E+01
         7  9.805615096913903E+01
         8  9.805615088705574E+01
         9  9.884898195429238E+01
        10  9.884898223554322E+01
        11  9.884898242095623E+01
        12  9.884898236527100E+01
        13  1.004346714104658E+02
        14  1.004346717261679E+02
        15  1.004346719330153E+02
        16  1.004346718892992E+02
        17  1.024248095201301E+02
        18  1.024248098853469E+02
        19  1.024248101339888E+02
        20  1.024248101012123E+02
        21  1.045723332324623E+02
        22  1.045723336277304E+02
        23  1.045723339078695E+02
        24  1.045723338841301E+02
        25  1.067765704805927E+02
        26  1.067765708913010E+02
        27  1.067765711800094E+02
        28  1.067765711628566E+02
        29  1.090043015524565E+02
        30  1.090043019508908E+02
        31  1.090043022286679E+02
        32  1.090043022120212E+02
        33  1.112491221631406E+02
        34  1.112491225313534E+02
        35  1.112491227916023E+02
        36  1.112491227857880E+02
        37  1.135244718847545E+02
        38  1.135244722035742E+02
        39  1.135244724371954E+02
        40  1.135244724466975E+02
        41  1.158770680965946E+02
        42  1.158770683475590E+02
        43  1.158770685455861E+02
        44  1.158770685750240E+02
        45  1.184781238179543E+02
        46  1.184781239912685E+02
        47  1.184781241398831E+02
        48  1.184781242107738E+02
        49  1.213967061508107E+02
        50  1.213967061401918E+02
        51  1.213967062135391E+02
        52  1.213967063068730E+02
        53  1.239886267801830E+02
        54  1.239886266437916E+02
        55  1.239886266518841E+02
        56  1.239886268228694E+02
        57  1.261008220346543E+02
        58  1.261008218058587E+02
        59  1.261008217537905E+02
        60  1.261008220116416E+02
        61  1.278857254399126E+02
        62  1.278857250807154E+02
        63  1.278857249544465E+02
        64  1.278857252412573E+02
        65  1.295054417022132E+02
        66  1.295054411778595E+02
        67  1.295054409452304E+02
        68  1.295054412631401E+02
        69  1.310084799986203E+02
        70  1.310084793746341E+02
        71  1.310084789048809E+02
        72  1.310084792383244E+02
        73  1.323673621830568E+02
        74  1.323673613644862E+02
        75  1.323673607765199E+02
        76  1.323673609645987E+02
        77  1.334727460315750E+02
        78  1.334727450398633E+02
        79  1.334727445297489E+02
        80  1.334727445679259E+02
        81  1.340749001890356E+02
        82  1.340748992137336E+02
        83  1.340748985646475E+02
        84  1.340748986056196E+02
        85  1.339141799623956E+02
        86  1.339141788361372E+02
        87  1.339141780893714E+02
        88  1.339141782856096E+02
        89  1.319005169418430E+02
        90  1.319005157871478E+02
        91  1.319005149405009E+02
        92  1.319005150545030E+02
        93  1.298364597369430E+02
        94  1.298364586269346E+02
        95  1.298364576163949E+02
        96  1.298364576513620E+02
        97  1.277790752824925E+02
        98  1.277790741484420E+02
        99  1.277790731047304E+02
       100  1.277790731026872E+02
       101  1.257183156639114E+02
       102  1.257183145417055E+02
       103  1.257183135025205E+02
       104  1.257183134936548E+02
       105  1.236575767225680E+02
       106  1.236575756387318E+02
       107  1.236575746436167E+02
       108  1.236575746329936E+02
       109  1.215968401126229E+02
       110  1.215968390982893E+02
       111  1.215968381743733E+02
       112  1.215968381781805E+02
       113  1.195360918156198E+02
       114  1.195360908957066E+02
       115  1.195360900597479E+02
       116  1.195360900824007E+02
       117  1.174751741468112E+02
       118  1.174751733315544E+02
       119  1.174751725937491E+02
       120  1.174751726289507E+02
       121  1.154156181289014E+02
       122  1.154156174313001E+02
       123  1.154156168065438E+02
       124  1.154156168537363E+02
       125  1.133234828342930E+02
       126  1.133234822532048E+02
       127  1.133234817504374E+02
       128  1.133234817868508E+02
       129  1.112944448017112E+02
       130  1.112944443759511E+02
       131  1.112944440116894E+02
       132  1.112944441597262E+02
       133  1.096332775614528E+02
       134  1.096332772337728E+02
       135  1.096332770265592E+02
       136  1.096332771536802E+02
       137  1.080721628317030E+02
       138  1.080721626351604E+02
       139  1.080721624802598E+02
       140  1.080721626254507E+02
       141  1.065956952567727E+02
       142  1.065956951243414E+02
       143  1.065956950271561E+02
       144  1.065956951709231E+02
       145  1.051415970054328E+02
       146  1.051415969348266E+02
       147  1.051415968985104E+02
       148  1.051415970129535E+02
       149  1.036919880153395E+02
       150  1.036919880218061E+02
       151  1.036919880406664E+02
       152  1.036919881152798E+02
       153  1.022448675287599E+02
       154  1.022448676022649E+02
       155  1.022448676735722E+02
       156  1.022448677076079E+02
       157  1.008030376503314E+02
       158  1.008030377934376E+02
       159  1.008030379086610E+02
       160  1.008030378987187E+02
       161  1.260100022888538E+02
       162  1.260100020618805E+02
       163  1.260100019539239E+02
       164  1.260100020554889E+02
       165  1.253153656395083E+02
       166  1.253153654242845E+02
       167  1.253153653453775E+02
       168  1.253153654780888E+02
       169  1.267220692142157E+02
       170  1.267220689972728E+02
       171  1.267220688942349E+02
       172  1.267220690088015E+02
       173  1.284786213408655E+02
       174  1.284786210653817E+02
       175  1.284786209237832E+02
       176  1.284786210644730E+02
       177  1.304286381734894E+02
       178  1.304286378488654E+02
       179  1.304286376690737E+02
       180  1.304286378302220E+02
       181  1.324506947649730E+02
       182  1.324506943716510E+02
       183  1.324506941481074E+02
       184  1.324506943232822E+02
       185  1.345018120228121E+02
       186  1.345018115741522E+02
       187  1.345018113443235E+02
       188  1.345018115597402E+02
       189  1.365641003742547E+02
       190  1.365640998698677E+02
       191  1.365640996319118E+02
       192  1.365640998681420E+02
       193  1.386312248061016E+02
       194  1.386312243348610E+02
       195  1.386312240852490E+02
       196  1.386312243165008E+02
       197  1.407019450436266E+02
       198  1.407019446276507E+02
       199  1.407019443939647E+02
       200  1.407019445697497E+02
       201  1.427789416495399E+02
       202  1.427789413037512E+02
       203  1.427789410916129E+02
       204  1.427789412605335E+02
       205  1.448713450808748E+02
       206  1.448713447966092E+02
       207  1.448713446057298E+02
       208  1.448713447454479E+02
       209  1.470048845157483E+02
       210  1.470048842824152E+02
       211  1.470048841227261E+02
       212  1.470048842267851E+02
       213  1.492551898559046E+02
       214  1.492551896716070E+02
       215  1.492551895353286E+02
       216  1.492551895857810E+02
       217  1.518234829773219E+02
       218  1.518234828687875E+02
       219  1.518234827585132E+02
       220  1.518234827672746E+02
       221  1.548966243334143E+02
       222  1.548966242850232E+02
       223  1.548966242235045E+02
       224  1.548966241730347E+02
       225  1.588313417439183E+02
       226  1.588313417721742E+02
       227  1.588313417706381E+02
       228  1.588313416968074E+02
       229  1.625726551213822E+02
       230  1.625726552580014E+02
       231  1.625726553175088E+02
       232  1.625726552754380E+02
       233  1.660895901690515E+02
       234  1.660895903237752E+02
       235  1.660895904163980E+02
       236  1.660895903400013E+02
       237  1.695384817267423E+02
       238  1.695384819543528E+02
       239  1.695384820799217E+02
       240  1.695384820501225E+02
       241  1.729591827219530E+02
       242  1.729591829679894E+02
       243  1.729591831171090E+02
       244  1.729591831238321E+02
       245  1.763810662648763E+02
       246  1.763810664775619E+02
       247  1.763810666231012E+02
       248  1.763810666215057E+02
       249  1.799044971490487E+02
       250  1.799044973474897E+02
       251  1.799044974666313E+02
       252  1.799044974767270E+02
       253  1.834804734101567E+02
       254  1.834804735215688E+02
       255  1.834804736097748E+02
       256  1.834804735685549E+02
       257  1.852369792773742E+02
       258  1.852369793417553E+02
       259  1.852369793854449E+02
       260  1.852369793814106E+02
       261  1.860145096878025E+02
       262  1.860145096567704E+02
       263  1.860145096704258E+02
       264  1.860145097030163E+02
       265  1.859230090950508E+02
       266  1.859230089535693E+02
       267  1.859230089581926E+02
       268  1.859230090660201E+02
       269  1.850581295781590E+02
       270  1.850581294324909E+02
       271  1.850581294122054E+02
       272  1.850581294387594E+02
       273  1.832929367993644E+02
       274  1.832929366289109E+02
       275  1.832929364722283E+02
       276  1.832929361686532E+02
       277  1.803284037897993E+02
       278  1.803284031820568E+02
       279  1.803284023807790E+02
       280  1.803284016621062E+02
       281  1.760603976036121E+02
       282  1.760603974655402E+02
       283  1.760603959708615E+02
       284  1.760603948152685E+02
       285  1.711623188376131E+02
       286  1.711623224140442E+02
       287  1.711623253461527E+02
       288  1.711623225927428E+02
       289  1.661213345069942E+02
       290  1.661213345407474E+02
       291  1.661213371371265E+02
       292  1.661213378052417E+02
       293  1.610566155401676E+02
       294  1.610566120372501E+02
       295  1.610566090486534E+02
       296  1.610566108218809E+02
       297  1.559853663030102E+02
       298  1.559853664948103E+02
       299  1.559853649166938E+02
       300  1.559853633768578E+02
       301  1.508876969792791E+02
       302  1.508876978055656E+02
       303  1.508876991972504E+02
       304  1.508876987128546E+02
       305  1.457033473199301E+02
       306  1.457033465504301E+02
       307  1.457033472371049E+02
       308  1.457033484362640E+02
       309  1.404249501348895E+02
       310  1.404249490260852E+02
       311  1.404249483766598E+02
       312  1.404249492171735E+02
       313  1.369479076336675E+02
       314  1.369479068436789E+02
       315  1.369479064572099E+02
       316  1.369479067412050E+02
       317  1.342914504136125E+02
       318  1.342914497556074E+02
       319  1.342914493345369E+02
       320  1.342914495273323E+02
       321  1.322262073580205E+02
       322  1.322262067907548E+02
       323  1.322262063788011E+02
       324  1.322262065184728E+02
       325  1.304044364279280E+02
       326  1.304044359982092E+02
       327  1.304044356866043E+02
       328  1.304044356838152E+02
       329  1.287265393812908E+02
       330  1.287265390757938E+02
       331  1.287265388543026E+02
       332  1.287265388695846E+02
       333  1.272149766597242E+02
       334  1.272149764364704E+02
       335  1.272149762855777E+02
       336  1.272149763365831E+02
       337  9.760930298684862E+01
       338  9.760930317567265E+01
       339  9.760930329224922E+01
       340  9.760930319348665E+01
       341  9.931849856889784E+01
       342  9.931849873200011E+01
       343  9.931849887858917E+01
       344  9.931849885410122E+01
       345  1.008597085780166E+02
       346  1.008597087202366E+02
       347  1.008597088457690E+02
       348  1.008597088539793E+02
       349  1.023637039266431E+02
       350  1.023637040088860E+02
       351  1.023637040844785E+02
       352  1.023637041026351E+02
       353  1.038633787561092E+02
       354  1.038633787839978E+02
       355  1.038633788055972E+02
       356  1.038633788929774E+02
       357  1.053607172409054E+02
       358  1.053607171792202E+02
       359  1.053607171395024E+02
       360  1.053607172761006E+02
       361  1.068526262085418E+02
       362  1.068526260549499E+02
       363  1.068526259498158E+02
       364  1.068526261203160E+02
       365  1.083159587087918E+02
       366  1.083159584642054E+02
       367  1.083159583292854E+02
       368  1.083159585034522E+02
       369  1.107781829203071E+02
       370  1.107781825386060E+02
       371  1.107781823052494E+02
       372  1.107781824530063E+02
       373  1.096668001905431E+02
       374  1.096667998697004E+02
       375  1.096667997049524E+02
       376  1.096667998807549E+02
       377  1.117408910942870E+02
       378  1.117408906047509E+02
       379  1.117408902198098E+02
       380  1.117408903665581E+02
       381  1.133657085979232E+02
       382  1.133657079700279E+02
       383  1.133657074772759E+02
       384  1.133657075916239E+02
       385  1.153383195362901E+02
       386  1.153383187966892E+02
       387  1.153383181867996E+02
       388  1.153383183398874E+02
       389  1.173767662600234E+02
       390  1.173767653872862E+02
       391  1.173767646582800E+02
       392  1.173767648174383E+02
       393  1.194150137529252E+02
       394  1.194150127753623E+02
       395  1.194150119480813E+02
       396  1.194150121219592E+02
       397  1.214536722844640E+02
       398  1.214536711928221E+02
       399  1.214536702829580E+02
       400  1.214536704332994E+02
       401  1.234923485760769E+02
       402  1.234923474010516E+02
       403  1.234923464195427E+02
       404  1.234923465499915E+02
       405  1.255310157897678E+02
       406  1.255310145987002E+02
       407  1.255310135609886E+02
       408  1.255310137146110E+02
       409  1.275696410030031E+02
       410  1.275696397806269E+02
       411  1.275696387504391E+02
       412  1.275696388907820E+02
       413  1.296126512243124E+02
       414  1.296126500168237E+02
       415  1.296126490500610E+02
       416  1.296126491764133E+02
       417  1.336313967450323E+02
       418  1.336313956457732E+02
       419  1.336313947686162E+02
       420  1.336313949617076E+02
       421  1.316458637668750E+02
       422  1.316458626154839E+02
       423  1.316458616946803E+02
       424  1.316458618535571E+02
       425  1.762720996681538E+02
       426  1.762720995639213E+02
       427  1.762720982843384E+02
       428  1.762720966250536E+02
       429  1.709754989115360E+02
       430  1.709754999125429E+02
       431  1.709755008036045E+02
       432  1.709754996783469E+02
       433  1.658330426615832E+02
       434  1.658330403197227E+02
       435  1.658330395441222E+02
       436  1.658330427253358E+02
       437  1.607158470293773E+02
       438  1.607158442660271E+02
       439  1.607158411626901E+02
       440  1.607158425760481E+02
       441  1.556062147417518E+02
       442  1.556062158282934E+02
       443  1.556062153561846E+02
       444  1.556062122748970E+02
       445  1.505303539904855E+02
       446  1.505303545900864E+02
       447  1.505303552866165E+02
       448  1.505303543151519E+02
       449  1.412114251528495E+02
       450  1.412114238084990E+02
       451  1.412114225756068E+02
       452  1.412114236848532E+02
       453  1.455985662982746E+02
       454  1.455985650544741E+02
       455  1.455985645014981E+02
       456  1.455985661422143E+02
       457  1.241537439928258E+02
       458  1.241537437964926E+02
       459  1.241537437830604E+02
       460  1.241537439371260E+02
       461  1.229975176785132E+02
       462  1.229975175547745E+02
       463  1.229975175833599E+02
       464  1.229975177514705E+02
       465  1.254520151818198E+02
       466  1.254520148964191E+02
       467  1.254520148320086E+02
       468  1.254520150487378E+02
       469  1.247023176919512E+02
       470  1.247023174257614E+02
       471  1.247023173940739E+02
       472  1.247023176854347E+02
       473  1.269107994889942E+02
       474  1.269107991504364E+02
       475  1.269107990181024E+02
       476  1.269107992458478E+02
       477  1.264437806130144E+02
       478  1.264437802106312E+02
       479  1.264437801115326E+02
       480  1.264437805052685E+02
       481  1.284948264439062E+02
       482  1.284948259737350E+02
       483  1.284948257534473E+02
       484  1.284948259695990E+02
       485  1.281127972789337E+02
       486  1.281127966977236E+02
       487  1.281127965113179E+02
       488  1.281127969618512E+02
       489  1.355430183842790E+02
       490  1.355430172858173E+02
       491  1.355430165434366E+02
       492  1.355430167408596E+02
       493  1.356426378640169E+02
       494  1.356426367971265E+02
       495  1.356426359704079E+02
       496  1.356426361008325E+02
       497  1.374581008880867E+02
       498  1.374580999527923E+02
       499  1.374580990111796E+02
       500  1.374580992896217E+02
       501  1.379287741667196E+02
       502  1.379287730373010E+02
       503  1.379287720779763E+02
       504  1.379287723328387E+02
       505  1.348948387026661E+02
       506  1.348948375955813E+02
       507  1.348948369511464E+02
       508  1.348948372321333E+02
       509  1.359142059732517E+02
       510  1.359142050411194E+02
       511  1.359142044341641E+02
       512  1.359142046597520E+02
       513  1.301349475479857E+02
       514  1.301349469287391E+02
       515  1.301349466235550E+02
       516  1.301349467963017E+02
       517  1.297065947874857E+02
       518  1.297065940576801E+02
       519  1.297065937668409E+02
       520  1.297065941958805E+02
       521  1.338455749665804E+02
       522  1.338455738243934E+02
       523  1.338455732487225E+02
       524  1.338455737131725E+02
       525  1.341068321238376E+02
       526  1.341068312060259E+02
       527  1.341068307605460E+02
       528  1.341068310106761E+02
       529  1.317881419319910E+02
       530  1.317881411737152E+02
       531  1.317881407252795E+02
       532  1.317881409889140E+02
       533  1.325759756034741E+02
       534  1.325759745602265E+02
       535  1.325759739469670E+02
       536  1.325759744289519E+02
       537  1.311900229919481E+02
       538  1.311900221732692E+02
       539  1.311900216979980E+02
       540  1.311900220612926E+02
       541  1.512203096781642E+02
       542  1.512203095438928E+02
       543  1.512203094616782E+02
       544  1.512203094623729E+02
       545  1.497650869173572E+02
       546  1.497650867380750E+02
       547  1.497650866605925E+02
       548  1.497650867092956E+02
       549  1.479064002269086E+02
       550  1.479064000233138E+02
       551  1.479063999743040E+02
       552  1.479064001191672E+02
       553  1.458790650083291E+02
       554  1.458790647873301E+02
       555  1.458790647598213E+02
       556  1.458790649727335E+02
       557  1.437811113573484E+02
       558  1.437811110941846E+02
       559  1.437811110586198E+02
       560  1.437811112727112E+02
       561  1.416442951464853E+02
       562  1.416442948332274E+02
       563  1.416442947596996E+02
       564  1.416442949815816E+02
       565  1.394480684447838E+02
       566  1.394480679729256E+02
       567  1.394480677968261E+02
       568  1.394480679541816E+02
       569  1.371765394664459E+02
       570  1.371765389241166E+02
       571  1.371765387060780E+02
       572  1.371765388887216E+02
       573  1.348832911157072E+02
       574  1.348832906503184E+02
       575  1.348832904547034E+02
       576  1.348832906148622E+02
       577  1.326506134207155E+02
       578  1.326506130077667E+02
       579  1.326506128632344E+02
       580  1.326506130763893E+02
       581  1.304547637920854E+02
       582  1.304547634453581E+02
       583  1.304547633677111E+02
       584  1.304547636840415E+02
       585  1.282008388140613E+02
       586  1.282008385426501E+02
       587  1.282008384833615E+02
       588  1.282008387654817E+02
       589  1.257320778133483E+02
       590  1.257320776276128E+02
       591  1.257320775826960E+02
       592  1.257320777811763E+02
       593  1.263048026844945E+02
       594  1.263048024439726E+02
       595  1.263048023648510E+02
       596  1.263048025420793E+02
       597  1.283418320735949E+02
       598  1.283418317670086E+02
       599  1.283418316457164E+02
       600  1.283418318916196E+02
       601  1.304211503777524E+02
       602  1.304211499875647E+02
       603  1.304211498164392E+02
       604  1.304211500613293E+02
       605  1.325267708316191E+02
       606  1.325267703702663E+02
       607  1.325267701573207E+02
       608  1.325267703894027E+02
       609  1.346911289456824E+02
       610  1.346911284027847E+02
       611  1.346911281493264E+02
       612  1.346911284208214E+02
       613  1.365349324200916E+02
       614  1.365349317794746E+02
       615  1.365349314995415E+02
       616  1.365349317783179E+02
       617  1.384830608690292E+02
       618  1.384830602906893E+02
       619  1.384830600573018E+02
       620  1.384830603464780E+02
       621  1.402129821795101E+02
       622  1.402129816656285E+02
       623  1.402129814569570E+02
       624  1.402129817733304E+02
       625  1.423773386735277E+02
       626  1.423773382588553E+02
       627  1.423773380998355E+02
       628  1.423773384043840E+02
       629  1.444904573772969E+02
       630  1.444904570369763E+02
       631  1.444904569090232E+02
       632  1.444904571853139E+02
       633  1.465922494776577E+02
       634  1.465922491916154E+02
       635  1.465922490844093E+02
       636  1.465922493055283E+02
       637  1.486898222099330E+02
       638  1.486898219818471E+02
       639  1.486898218823935E+02
       640  1.486898220264894E+02
       641  1.507595402018731E+02
       642  1.507595400366224E+02
       643  1.507595399408804E+02
       644  1.507595400064258E+02
       645  1.526169690899684E+02
       646  1.526169689860241E+02
       647  1.526169689104528E+02
       648  1.526169688988525E+02
       649  1.859506682099924E+02
       650  1.859506683067150E+02
       651  1.859506683889264E+02
       652  1.859506683802587E+02
       653  1.865193314689819E+02
       654  1.865193315350363E+02
       655  1.865193315716567E+02
       656  1.865193315751071E+02
       657  1.868246841491935E+02
       658  1.868246841206651E+02
       659  1.868246840504369E+02
       660  1.868246840972263E+02
       661  1.866378569647044E+02
       662  1.866378567900990E+02
       663  1.866378566471604E+02
       664  1.866378568067584E+02
       665  1.858689270996504E+02
       666  1.858689269403221E+02
       667  1.858689269808215E+02
       668  1.858689271133400E+02
       669  1.843934884898060E+02
       670  1.843934883318354E+02
       671  1.843934882304350E+02
       672  1.843934880785915E+02
       673  1.816970920613869E+02
       674  1.816970913834652E+02
       675  1.816970905157339E+02
       676  1.816970899639862E+02
       677  1.850550689706485E+02
       678  1.850550685293767E+02
       679  1.850550680107426E+02
       680  1.850550677958954E+02
       681  1.879777509074468E+02
       682  1.879777506361891E+02
       683  1.879777504175496E+02
       684  1.879777503677220E+02
       685  1.904246145865380E+02
       686  1.904246144112087E+02
       687  1.904246143090255E+02
       688  1.904246142825399E+02
       689  1.926647955190351E+02
       690  1.926647953993981E+02
       691  1.926647953263885E+02
       692  1.926647953135870E+02
       693  1.948064907540248E+02
       694  1.948064906728062E+02
       695  1.948064906087691E+02
       696  1.948064906029018E+02
       697  1.968997513276308E+02
       698  1.968997512659749E+02
       699  1.968997512229793E+02
       700  1.968997512039120E+02
       701  1.989704674023495E+02
       702  1.989704673835351E+02
       703  1.989704673671972E+02
       704  1.989704673610624E+02
       705  1.989763754043098E+02
       706  1.989763753877020E+02
       707  1.989763753720625E+02
       708  1.989763753701666E+02
       709  1.989846001133345E+02
       710  1.989846001012997E+02
       711  1.989846000898328E+02
       712  1.989846000896564E+02
       713  1.989890513314062E+02
       714  1.989890513283324E+02
       715  1.989890513215400E+02
       716  1.989890513277426E+02
       717  1.989857188813781E+02
       718  1.989857188758446E+02
       719  1.989857188747636E+02
       720  1.989857188732317E+02
       721  1.989727120473285E+02
       722  1.989727120502727E+02
       723  1.989727120528705E+02
       724  1.989727120526715E+02
       725  1.989596028327551E+02
       726  1.989596028335751E+02
       727  1.989596028370073E+02
       728  1.989596028330729E+02
       729  1.989561964047699E+02
       730  1.989561963978108E+02
       731  1.989561964020847E+02
       732  1.989561963874226E+02
       733  1.989667862787472E+02
       734  1.989667862834676E+02
       735  1.989667862875711E+02
       736  1.989667862823464E+02
       737  1.968843845605459E+02
       738  1.968843845815660E+02
       739  1.968843845977503E+02
       740  1.968843845867412E+02
       741  1.947765048985000E+02
       742  1.947765049429075E+02
       743  1.947765049671068E+02
       744  1.947765049671166E+02
       745  1.926357795659695E+02
       746  1.926357796205101E+02
       747  1.926357796613037E+02
       748  1.926357796465786E+02
       749  1.904476492379287E+02
       750  1.904476493100519E+02
       751  1.904476493686507E+02
       752  1.904476493473650E+02
       753  1.881724845019239E+02
       754  1.881724845981414E+02
       755  1.881724846782852E+02
       756  1.881724846735482E+02
       757  1.857433308881306E+02
       758  1.857433310006753E+02
       759  1.857433311089925E+02
       760  1.857433310904989E+02
       761  1.856469104896574E+02
       762  1.856469105877448E+02
       763  1.856469106907432E+02
       764  1.856469106385024E+02
       765  1.881616061284899E+02
       766  1.881616061978236E+02
       767  1.881616062706338E+02
       768  1.881616062830077E+02
       769  1.882226868391878E+02
       770  1.882226868805903E+02
       771  1.882226869325345E+02
       772  1.882226869236472E+02
       773  1.881564314087487E+02
       774  1.881564313770375E+02
       775  1.881564313481681E+02
       776  1.881564313723708E+02
       777  1.878828433847031E+02
       778  1.878828432217799E+02
       779  1.878828430871827E+02
       780  1.878828432291531E+02
       781  1.872661180250498E+02
       782  1.872661178394312E+02
       783  1.872661177923968E+02
       784  1.872661179220525E+02
       785  1.862612487693462E+02
       786  1.862612486183893E+02
       787  1.862612485597089E+02
       788  1.862612485313044E+02
       789  1.884684740371423E+02
       790  1.884684738590360E+02
       791  1.884684737905042E+02
       792  1.884684738239788E+02
       793  1.906538766912713E+02
       794  1.906538765487013E+02
       795  1.906538764486148E+02
       796  1.906538764329926E+02
       797  1.927759384773375E+02
       798  1.927759383413282E+02
       799  1.927759382256530E+02
       800  1.927759382043613E+02
       801  1.948581596661833E+02
       802  1.948581595512125E+02
       803  1.948581594619620E+02
       804  1.948581594368273E+02
       805  1.969213924129460E+02
       806  1.969213923443732E+02
       807  1.969213922937286E+02
       808  1.969213922766633E+02
       809  1.969512828084392E+02
       810  1.969512827630786E+02
       811  1.969512827250931E+02
       812  1.969512827194304E+02
       813  1.969721364121689E+02
       814  1.969721363678339E+02
       815  1.969721363470258E+02
       816  1.969721363360538E+02
       817  1.969655037338136E+02
       818  1.969655037192952E+02
       819  1.969655037129494E+02
       820  1.969655037164276E+02
       821  1.969222035707825E+02
       822  1.969222035840012E+02
       823  1.969222035947864E+02
       824  1.969222036001072E+02
       825  1.968769378916456E+02
       826  1.968769378990002E+02
       827  1.968769379110595E+02
       828  1.968769379019833E+02
       829  1.968657251895432E+02
       830  1.968657252098332E+02
       831  1.968657252274480E+02
       832  1.968657252225067E+02
       833  1.947477597569172E+02
       834  1.947477598081726E+02
       835  1.947477598423258E+02
       836  1.947477598534190E+02
       837  1.925824277329497E+02
       838  1.925824277972742E+02
       839  1.925824278466745E+02
       840  1.925824278536006E+02
       841  1.903753780511205E+02
       842  1.903753781225415E+02
       843  1.903753781793286E+02
       844  1.903753781675131E+02
       845  1.880941893213286E+02
       846  1.880941894061795E+02
       847  1.880941894881819E+02
       848  1.880941894728208E+02
       849  1.903721774513072E+02
       850  1.903721774785867E+02
       851  1.903721775186414E+02
       852  1.903721775144672E+02
       853  1.901010412881098E+02
       854  1.901010412925535E+02
       855  1.901010413236051E+02
       856  1.901010413142765E+02
       857  1.897098484363275E+02
       858  1.897098483911508E+02
       859  1.897098483908333E+02
       860  1.897098483804431E+02
       861  1.894577776253368E+02
       862  1.894577774858759E+02
       863  1.894577774064124E+02
       864  1.894577774686035E+02
       865  1.890320727144454E+02
       866  1.890320725279342E+02
       867  1.890320723957002E+02
       868  1.890320724786542E+02
       869  1.909536478730668E+02
       870  1.909536477131876E+02
       871  1.909536475841086E+02
       872  1.909536475901232E+02
       873  1.929294139786448E+02
       874  1.929294138479764E+02
       875  1.929294137558894E+02
       876  1.929294137159753E+02
       877  1.949309846112724E+02
       878  1.949309845102116E+02
       879  1.949309844481714E+02
       880  1.949309844065827E+02
       881  1.949880731738533E+02
       882  1.949880731198483E+02
       883  1.949880730870483E+02
       884  1.949880730715408E+02
       885  1.949913585527192E+02
       886  1.949913585274361E+02
       887  1.949913585124174E+02
       888  1.949913585215923E+02
       889  1.948830203844580E+02
       890  1.948830203975561E+02
       891  1.948830204137488E+02
       892  1.948830204296081E+02
       893  1.947682402059539E+02
       894  1.947682402381025E+02
       895  1.947682402632264E+02
       896  1.947682402693980E+02
       897  1.925661719388021E+02
       898  1.925661719720703E+02
       899  1.925661720017527E+02
       900  1.925661720093173E+02
       901  1.928392383853395E+02
       902  1.928392383995984E+02
       903  1.928392384092478E+02
       904  1.928392384245285E+02
       905  1.912092411780989E+02
       906  1.912092410915057E+02
       907  1.912092410664772E+02
       908  1.912092410633552E+02
       909  1.930628022768683E+02
       910  1.930628022202536E+02
       911  1.930628021938735E+02
       912  1.930628021715140E+02
       913  1.913691421718692E+02
       914  1.913691421585899E+02
       915  1.913691421632647E+02
       916  1.913691421632124E+02
       917  1.931258741880082E+02
       918  1.931258741727594E+02
       919  1.931258741519671E+02
       920  1.931258741497066E+02
       921  1.830983964919527E+02
       922  1.830983966384490E+02
       923  1.830983967483257E+02
       924  1.830983966829303E+02
       925  1.802023225224578E+02
       926  1.802023226947463E+02
       927  1.802023228170443E+02
       928  1.802023227327624E+02
       929  1.770928076527740E+02
       930  1.770928078555023E+02
       931  1.770928079867668E+02
       932  1.770928079199914E+02
       933  1.738569724059582E+02
       934  1.738569726084939E+02
       935  1.738569727464402E+02
       936  1.738569726501282E+02
       937  1.705633256321743E+02
       938  1.705633258652245E+02
       939  1.705633259978030E+02
       940  1.705633258959172E+02
       941  1.672461883659405E+02
       942  1.672461886037962E+02
       943  1.672462068635447E+02
       944  1.672462066654321E+02
       945  1.639381803298535E+02
       946  1.639381804437379E+02
       947  1.639381741212530E+02
       948  1.639381742610639E+02
       949  1.607156147613803E+02
       950  1.607156148410998E+02
       951  1.607156148817092E+02
       952  1.607156148590500E+02
       953  1.577380455133207E+02
       954  1.577380455384654E+02
       955  1.577380455311140E+02
       956  1.577380454524743E+02
       957  1.551798406178038E+02
       958  1.551798406017688E+02
       959  1.551798405579153E+02
       960  1.551798405088604E+02
       961  1.531176311718403E+02
       962  1.531176311058864E+02
       963  1.531176310465217E+02
       964  1.531176310231907E+02
       965  1.514916197823291E+02
       966  1.514916197107404E+02
       967  1.514916196434573E+02
       968  1.514916196641994E+02
       969  1.501093847464687E+02
       970  1.501093846450935E+02
       971  1.501093845647055E+02
       972  1.501093845994870E+02
       973  1.487977391497428E+02
       974  1.487977389942560E+02
       975  1.487977388883901E+02
       976  1.487977389175453E+02
       977  1.474948080615968E+02
       978  1.474948078686438E+02
       979  1.474948077386308E+02
       980  1.474948077790178E+02
       981  1.461888750298386E+02
       982  1.461888748100124E+02
       983  1.461888746641471E+02
       984  1.461888747322038E+02
       985  1.448865139974696E+02
       986  1.448865137295278E+02
       987  1.448865135703668E+02
       988  1.448865136598547E+02
       989  1.419293859957590E+02
       990  1.419293856277363E+02
       991  1.419293854753088E+02
       992  1.419293858022730E+02
       993  1.410741609165860E+02
       994  1.410741604355170E+02
       995  1.410741602020935E+02
       996  1.410741604806372E+02
       997  1.416463473700544E+02
       998  1.416463469220715E+02
       999  1.416463466926612E+02
      1000  1.416463468991468E+02
      1001  1.430002711220308E+02
      1002  1.430002708102506E+02
      1003  1.430002706424123E+02
      1004  1.430002707630433E+02
      1005  1.444162788371229E+02
      1006  1.444162785965416E+02
      1007  1.444162784542729E+02
      1008  1.444162785229037E+02
      1009  1.457555616547318E+02
      1010  1.457555614580624E+02
      1011  1.457555613274243E+02
      1012  1.457555613720113E+02
      1013  1.470691920018641E+02
      1014  1.470691918189413E+02
      1015  1.470691917039375E+02
      1016  1.470691917198255E+02
      1017  1.483678385048036E+02
      1018  1.483678383533973E+02
      1019  1.483678382599581E+02
      1020  1.483678382720368E+02
      1021  1.496485723455895E+02
      1022  1.496485722269599E+02
      1023  1.496485721547278E+02
      1024  1.496485721659281E+02
      1025  1.508880239990708E+02
      1026  1.508880239030723E+02
      1027  1.508880238361429E+02
      1028  1.508880238431609E+02
      1029  1.521857578702138E+02
      1030  1.521857577649670E+02
      1031  1.521857576920973E+02
      1032  1.521857576689239E+02
      1033  1.540840369664777E+02
      1034  1.540840368875862E+02
      1035  1.540840368276942E+02
      1036  1.540840367532528E+02
      1037  1.565895959003084E+02
      1038  1.565895958749135E+02
      1039  1.565895958543605E+02
      1040  1.565895957466689E+02
      1041  1.596874906502622E+02
      1042  1.596874907085847E+02
      1043  1.596874907467033E+02
      1044  1.596874906483565E+02
      1045  1.630821964766225E+02
      1046  1.630821966429715E+02
      1047  1.630821967448540E+02
      1048  1.630821966748304E+02
      1049  1.664971225936285E+02
      1050  1.664971228227487E+02
      1051  1.664971229697845E+02
      1052  1.664971227457205E+02
      1053  1.698881100051958E+02
      1054  1.698881102583730E+02
      1055  1.698881104260316E+02
      1056  1.698881102806155E+02
      1057  1.732568416755875E+02
      1058  1.732568419400507E+02
      1059  1.732568421287668E+02
      1060  1.732568420669474E+02
      1061  1.766050204364156E+02
      1062  1.766050206999831E+02
      1063  1.766050208851951E+02
      1064  1.766050208559986E+02
      1065  1.798911303047075E+02
      1066  1.798911305247760E+02
      1067  1.798911306830529E+02
      1068  1.798911306433868E+02
      1069  1.829366006987952E+02
      1070  1.829366008625718E+02
      1071  1.829366009726496E+02
      1072  1.829366009111366E+02
      1073  1.139675728249789E+02
      1074  1.139675726298664E+02
      1075  1.139675725565031E+02
      1076  1.139675726491304E+02
      1077  1.137890628750150E+02
      1078  1.137890627219690E+02
      1079  1.137890626201472E+02
      1080  1.137890627047965E+02
      1081  1.160797138521045E+02
      1082  1.160797135829325E+02
      1083  1.160797134806884E+02
      1084  1.160797136356457E+02
      1085  1.159102338411189E+02
      1086  1.159102336269659E+02
      1087  1.159102334850444E+02
      1088  1.159102336495729E+02
      1089  1.181973284835855E+02
      1090  1.181973281055243E+02
      1091  1.181973279623821E+02
      1092  1.181973281613851E+02
      1093  1.180281727193745E+02
      1094  1.180281723895571E+02
      1095  1.180281722018296E+02
      1096  1.180281724045925E+02
      1097  1.203153726149351E+02
      1098  1.203153721358155E+02
      1099  1.203153719339898E+02
      1100  1.203153721771506E+02
      1101  1.201461826437010E+02
      1102  1.201461822125849E+02
      1103  1.201461819646570E+02
      1104  1.201461822183051E+02
      1105  1.224334374000943E+02
      1106  1.224334367309979E+02
      1107  1.224334364334130E+02
      1108  1.224334366010530E+02
      1109  1.222642423550617E+02
      1110  1.222642417148166E+02
      1111  1.222642413617487E+02
      1112  1.222642416185762E+02
      1113  1.245515193540691E+02
      1114  1.245515185915323E+02
      1115  1.245515182318477E+02
      1116  1.245515185142619E+02
      1117  1.243823119178714E+02
      1118  1.243823110765061E+02
      1119  1.243823106981413E+02
      1120  1.243823110354969E+02
      1121  1.266696035484443E+02
      1122  1.266696028534511E+02
      1123  1.266696024929425E+02
      1124  1.266696028253955E+02
      1125  1.265004033468976E+02
      1126  1.265004025989633E+02
      1127  1.265004022006149E+02
      1128  1.265004025508567E+02
      1129  1.287876972635859E+02
      1130  1.287876966008377E+02
      1131  1.287876963094362E+02
      1132  1.287876966457442E+02
      1133  1.286184915776994E+02
      1134  1.286184909612151E+02
      1135  1.286184905908954E+02
      1136  1.286184909795160E+02
      1137  1.309057882006664E+02
      1138  1.309057875783312E+02
      1139  1.309057873182878E+02
      1140  1.309057876865598E+02
      1141  1.307365747653889E+02
      1142  1.307365741956104E+02
      1143  1.307365738675982E+02
      1144  1.307365742577962E+02
      1145  1.330239035966365E+02
      1146  1.330239030003674E+02
      1147  1.330239027483644E+02
      1148  1.330239030993605E+02
      1149  1.328546772691620E+02
      1150  1.328546767247273E+02
      1151  1.328546764059903E+02
      1152  1.328546767754438E+02
      1153  1.351419826126250E+02
      1154  1.351419820531021E+02
      1155  1.351419818138755E+02
      1156  1.351419821412558E+02
      1157  1.349729928490156E+02
      1158  1.349729923430495E+02
      1159  1.349729920328429E+02
      1160  1.349729923808013E+02
      1161  1.392646707848251E+02
      1162  1.392646703063028E+02
      1163  1.392646700355550E+02
      1164  1.392646702618597E+02
      1165  1.393250990194930E+02
      1166  1.393250985117463E+02
      1167  1.393250982739410E+02
      1168  1.393250984667498E+02
      1169  1.370944757403379E+02
      1170  1.370944752668751E+02
      1171  1.370944749692430E+02
      1172  1.370944752751922E+02
      1173  1.372575224308353E+02
      1174  1.372575219044462E+02
      1175  1.372575216711337E+02
      1176  1.372575219501759E+02
      1177  9.795449980408102E+01
      1178  9.795449961806162E+01
      1179  9.795449947719668E+01
      1180  9.795449954172921E+01
      1181  9.772542269486247E+01
      1182  9.772542248071932E+01
      1183  9.772542236555769E+01
      1184  9.772542243459704E+01
      1185  9.133299027625019E+01
      1186  9.133299000571131E+01
      1187  9.133298983478117E+01
      1188  9.133299000403119E+01
      1189  9.131846275030180E+01
      1190  9.131846242229756E+01
      1191  9.131846228328760E+01
      1192  9.131846241764961E+01
      1193  7.829395403316707E+01
      1194  7.829395349149664E+01
      1195  7.829395328821217E+01
      1196  7.829395356583233E+01
      1197  7.829393630401437E+01
      1198  7.829393579868704E+01
      1199  7.829393554462125E+01
      1200  7.829393584064165E+01
      1201  8.480967315636404E+01
      1202  8.480967271634212E+01
      1203  8.480967254504439E+01
      1204  8.480967275162074E+01
      1205  8.481040078630728E+01
      1206  8.481040038531506E+01
      1207  8.481040017930968E+01
      1208  8.481040040511334E+01
      1209  5.860896794480117E+01
      1210  5.860896716185380E+01
      1211  5.860896684279419E+01
      1212  5.860896712607435E+01
      1213  5.890481112792028E+01
      1214  5.890481046372062E+01
      1215  5.890481006621120E+01
      1216  5.890481043871560E+01
      1217  7.177846320530728E+01
      1218  7.177846262751331E+01
      1219  7.177846232188634E+01
      1220  7.177846269082850E+01
      1221  7.177766077789184E+01
      1222  7.177766017230705E+01
      1223  7.177765992694981E+01
      1224  7.177766028556489E+01
      1225  6.527301105251789E+01
      1226  6.527301038554498E+01
      1227  6.527301002641121E+01
      1228  6.527301040671135E+01
      1229  6.525463813999114E+01
      1230  6.525463736440275E+01
      1231  6.525463707275799E+01
      1232  6.525463736366240E+01
      1233  4.753032030885690E+01
      1234  4.753031965995099E+01
      1235  4.753031951197989E+01
      1236  4.753031981421661E+01
      1237  4.347295824917276E+01
      1238  4.347295768329972E+01
      1239  4.347295757033732E+01
      1240  4.347295788836431E+01
      1241  3.973834319476390E+01
      1242  3.973834263726838E+01
      1243  3.973834255166918E+01
      1244  3.973834281404972E+01
      1245  3.612356669539454E+01
      1246  3.612356621129057E+01
      1247  3.612356615113747E+01
      1248  3.612356641613339E+01
      1249  3.255701528553737E+01
      1250  3.255701487572865E+01
      1251  3.255701484522616E+01
      1252  3.255701507590257E+01
      1253  2.900273761718093E+01
      1254  2.900273735159599E+01
      1255  2.900273734617584E+01
      1256  2.900273756602040E+01
      1257  2.543550804915179E+01
      1258  2.543550787453343E+01
      1259  2.543550787792276E+01
      1260  2.543550798138124E+01
      1261  2.183656588710546E+01
      1262  2.183656580511846E+01
      1263  2.183656580344577E+01
      1264  2.183656580208075E+01
      1265  2.186696361676737E+01
      1266  2.186696356293561E+01
      1267  2.186696355251479E+01
      1268  2.186696358139517E+01
      1269  2.192665601189786E+01
      1270  2.192665594644458E+01
      1271  2.192665589112287E+01
      1272  2.192665594528874E+01
      1273  2.197583396411466E+01
      1274  2.197583388350629E+01
      1275  2.197583381990362E+01
      1276  2.197583388132686E+01
      1277  2.197959175231553E+01
      1278  2.197959167385098E+01
      1279  2.197959158323474E+01
      1280  2.197959161075441E+01
      1281  2.583527105935268E+01
      1282  2.583527088095511E+01
      1283  2.583527071057284E+01
      1284  2.583527084215614E+01
      1285  2.972755201514590E+01
      1286  2.972755177270555E+01
      1287  2.972755159692032E+01
      1288  2.972755181045516E+01
      1289  3.361900177658283E+01
      1290  3.361900142971987E+01
      1291  3.361900121561686E+01
      1292  3.361900143631576E+01
      1293  3.751706677637600E+01
      1294  3.751706631651604E+01
      1295  3.751706604610627E+01
      1296  3.751706624491886E+01
      1297  4.141877333191159E+01
      1298  4.141877280682624E+01
      1299  4.141877251016633E+01
      1300  4.141877272936753E+01
      1301  4.534323270604569E+01
      1302  4.534323213872973E+01
      1303  4.534323191056352E+01
      1304  4.534323220708985E+01
      1305  4.947689365082326E+01
      1306  4.947689308920588E+01
      1307  4.947689292116375E+01
      1308  4.947689333038106E+01
      1309  5.041584906612066E+01
      1310  5.041584841134009E+01
      1311  5.041584803215476E+01
      1312  5.041584843159450E+01
      1313  4.984010265787738E+01
      1314  4.984010203621909E+01
      1315  4.984010174118999E+01
      1316  4.984010204407536E+01
      1317  5.048294468083533E+01
      1318  5.048294407096567E+01
      1319  5.048294378528867E+01
      1320  5.048294405562598E+01
      1321  5.344354923612404E+01
      1322  5.344354859941970E+01
      1323  5.344354823726303E+01
      1324  5.344354856475482E+01
      1325  5.173583449238565E+01
      1326  5.173583375528582E+01
      1327  5.173583348338570E+01
      1328  5.173583380786011E+01
      1329  4.608118901074197E+01
      1330  4.608118823974876E+01
      1331  4.608118807518287E+01
      1332  4.608118841877801E+01
      1333  4.272536371718635E+01
      1334  4.272536297722657E+01
      1335  4.272536280162412E+01
      1336  4.272536321430660E+01
      1337  3.923609778888813E+01
      1338  3.923609713149472E+01
      1339  3.923609700428086E+01
      1340  3.923609734637422E+01
      1341  3.577676675413945E+01
      1342  3.577676619125941E+01
      1343  3.577676611338948E+01
      1344  3.577676641769062E+01
      1345  3.238929996857491E+01
      1346  3.238929951237283E+01
      1347  3.238929947963837E+01
      1348  3.238929979085690E+01
      1349  2.899527742662180E+01
      1350  2.899527707137232E+01
      1351  2.899527705450943E+01
      1352  2.899527728940959E+01
      1353  2.549828087871896E+01
      1354  2.549828070147138E+01
      1355  2.549828068019928E+01
      1356  2.549828079102834E+01
      1357  2.569674000937301E+01
      1358  2.569673979259406E+01
      1359  2.569673967510459E+01
      1360  2.569673983915761E+01
      1361  2.585580012783635E+01
      1362  2.585579985159470E+01
      1363  2.585579969523429E+01
      1364  2.585579981585561E+01
      1365  2.992414519065094E+01
      1366  2.992414478161858E+01
      1367  2.992414457784571E+01
      1368  2.992414480841190E+01
      1369  3.400004041477779E+01
      1370  3.400003993680581E+01
      1371  3.400003970680505E+01
      1372  3.400004004039829E+01
      1373  3.810830892404596E+01
      1374  3.810830832114598E+01
      1375  3.810830800544796E+01
      1376  3.810830835582159E+01
      1377  4.221421259604454E+01
      1378  4.221421193117163E+01
      1379  4.221421154107349E+01
      1380  4.221421199375462E+01
      1381  4.620526641648519E+01
      1382  4.620526567056993E+01
      1383  4.620526531070807E+01
      1384  4.620526572649328E+01
      1385  4.728682352011560E+01
      1386  4.728682277089152E+01
      1387  4.728682241280843E+01
      1388  4.728682283256469E+01
      1389  4.886725808437631E+01
      1390  4.886725731641729E+01
      1391  4.886725707797414E+01
      1392  4.886725734740392E+01
      1393  4.248030198424932E+01
      1394  4.248030127293433E+01
      1395  4.248030085598278E+01
      1396  4.248030129882468E+01
      1397  3.868995829839318E+01
      1398  3.868995762508830E+01
      1399  3.868995732370242E+01
      1400  3.868995767366319E+01
      1401  2.952752479859642E+01
      1402  2.952752438818309E+01
      1403  2.952752422598004E+01
      1404  2.952752449154615E+01
      1405  3.485301340335647E+01
      1406  3.485301282534490E+01
      1407  3.485301263899932E+01
      1408  3.485301295365452E+01
      1409  5.402926771848021E+01
      1410  5.402926718870615E+01
      1411  5.402926693242749E+01
      1412  5.402926720757011E+01
      1413  5.896134082642018E+01
      1414  5.896134026467823E+01
      1415  5.896133993890749E+01
      1416  5.896133999699502E+01
      1417  6.401704443321988E+01
      1418  6.401704385483957E+01
      1419  6.401704350009307E+01
      1420  6.401704345571059E+01
      1421  6.912747827719801E+01
      1422  6.912747778581198E+01
      1423  6.912747746309684E+01
      1424  6.912747741268920E+01
      1425  7.436940404925448E+01
      1426  7.436940376951472E+01
      1427  7.436940355569715E+01
      1428  7.436940356123874E+01
      1429  7.851136767195121E+01
      1430  7.851136751691639E+01
      1431  7.851136740423102E+01
      1432  7.851136745817577E+01
      1433  8.323761665290924E+01
      1434  8.323761664052746E+01
      1435  8.323761662347124E+01
      1436  8.323761664576935E+01
      1437  8.760267550095163E+01
      1438  8.760267557008865E+01
      1439  8.760267560947131E+01
      1440  8.760267558715935E+01
      1441  8.758219493411522E+01
      1442  8.758219505423398E+01
      1443  8.758219510605389E+01
      1444  8.758219512035078E+01
      1445  8.193710126671463E+01
      1446  8.193710124555000E+01
      1447  8.193710120279584E+01
      1448  8.193710121061963E+01
      1449  7.650674646537681E+01
      1450  7.650674631389759E+01
      1451  7.650674615804463E+01
      1452  7.650674617142981E+01
      1453  7.128073629017457E+01
      1454  7.128073599748797E+01
      1455  7.128073570197652E+01
      1456  7.128073570734858E+01
      1457  6.616931932520478E+01
      1458  6.616931891300295E+01
      1459  6.616931852844152E+01
      1460  6.616931854054587E+01
      1461  6.106207114927988E+01
      1462  6.106207068273032E+01
      1463  6.106207025158427E+01
      1464  6.106207038654156E+01
      1465  5.584048365662530E+01
      1466  5.584048309787247E+01
      1467  5.584048267051172E+01
      1468  5.584048293160569E+01
      1469  1.156936664529356E+02
      1470  1.156936667356570E+02
      1471  1.156936669525750E+02
      1472  1.156936669576182E+02
      1473  1.179009950130384E+02
      1474  1.179009952117714E+02
      1475  1.179009953838003E+02
      1476  1.179009954215527E+02
      1477  1.155090600895726E+02
      1478  1.155090603493813E+02
      1479  1.155090605206760E+02
      1480  1.155090604306018E+02
      1481  1.174345113254044E+02
      1482  1.174345115108853E+02
      1483  1.174345116682436E+02
      1484  1.174345116402015E+02
      1485  1.089750857785728E+02
      1486  1.089750861984052E+02
      1487  1.089750864019503E+02
      1488  1.089750861732233E+02
      1489  1.067363004519570E+02
      1490  1.067363009484251E+02
      1491  1.067363011587148E+02
      1492  1.067363009740383E+02
      1493  1.089900734812115E+02
      1494  1.089900739326531E+02
      1495  1.089900742305629E+02
      1496  1.089900741621057E+02
      1497  1.067571137620621E+02
      1498  1.067571142631270E+02
      1499  1.067571145712983E+02
      1500  1.067571145287727E+02
      1501  1.133902071560923E+02
      1502  1.133902074902286E+02
      1503  1.133902076742168E+02
      1504  1.133902075275706E+02
      1505  1.111972723215247E+02
      1506  1.111972727258304E+02
      1507  1.111972729213310E+02
      1508  1.111972727446956E+02
      1509  1.134574691246917E+02
      1510  1.134574694860136E+02
      1511  1.134574697380470E+02
      1512  1.134574697177053E+02
      1513  1.112236032239217E+02
      1514  1.112236036452961E+02
      1515  1.112236039256683E+02
      1516  1.112236038831720E+02
      1517  1.022973613782722E+02
      1518  1.022973618169065E+02
      1519  1.022973620797248E+02
      1520  1.022973620084185E+02
      1521  1.045253625759491E+02
      1522  1.045253630514224E+02
      1523  1.045253633469779E+02
      1524  1.045253632848590E+02
      1525  1.021569869070302E+02
      1526  1.021569873176132E+02
      1527  1.021569874811466E+02
      1528  1.021569872574243E+02
      1529  1.044745594627135E+02
      1530  1.044745599322774E+02
      1531  1.044745601281679E+02
      1532  1.044745599224842E+02
      1533  1.000838194596863E+02
      1534  1.000838198412194E+02
      1535  1.000838200627664E+02
      1536  1.000838199900751E+02
      1537  9.968447792969590E+01
      1538  9.968447829203775E+01
      1539  9.968447842343255E+01
      1540  9.968447823160872E+01
      1541  9.211336216444586E+01
      1542  9.211336227137838E+01
      1543  9.211336235150827E+01
      1544  9.211336224590011E+01
      1545  9.538354440081210E+01
      1546  9.538354457746956E+01
      1547  9.538354466389852E+01
      1548  9.538354458054454E+01
      1549  9.676641809339267E+01
      1550  9.676641837670238E+01
      1551  9.676641848753175E+01
      1552  9.676641837592635E+01
      1553  9.325565492112867E+01
      1554  9.325565511795210E+01
      1555  9.325565522972371E+01
      1556  9.325565513569273E+01
      1557  9.797167252132814E+01
      1558  9.797167284991971E+01
      1559  9.797167303132969E+01
      1560  9.797167297526889E+01
      1561  9.628245279569701E+01
      1562  9.628245304308332E+01
      1563  9.628245317932652E+01
      1564  9.628245308347402E+01
      1565  1.199047563857218E+02
      1566  1.199047564879719E+02
      1567  1.199047565972653E+02
      1568  1.199047566838679E+02
      1569  1.214923546294822E+02
      1570  1.214923546027830E+02
      1571  1.214923546582194E+02
      1572  1.214923547496273E+02
      1573  1.228828202145350E+02
      1574  1.228828201110316E+02
      1575  1.228828201169885E+02
      1576  1.228828202262108E+02
      1577  1.244408114994387E+02
      1578  1.244408113157672E+02
      1579  1.244408112737656E+02
      1580  1.244408113931771E+02
      1581  1.230076633116206E+02
      1582  1.230076632090912E+02
      1583  1.230076631927248E+02
      1584  1.230076633129442E+02
      1585  1.202929187172483E+02
      1586  1.202929187181187E+02
      1587  1.202929187440525E+02
      1588  1.202929188123026E+02
      1589  1.181306479597087E+02
      1590  1.181306479927147E+02
      1591  1.181306480298583E+02
      1592  1.181306480342004E+02
      1593  1.163388627892229E+02
      1594  1.163388628442777E+02
      1595  1.163388628767660E+02
      1596  1.163388628593803E+02
      1597  1.147369215704979E+02
      1598  1.147369216201103E+02
      1599  1.147369216438962E+02
      1600  1.147369216058330E+02
      1601  1.133074130166303E+02
      1602  1.133074130625736E+02
      1603  1.133074130755707E+02
      1604  1.133074130425132E+02
      1605  1.121481143836742E+02
      1606  1.121481144041360E+02
      1607  1.121481144029246E+02
      1608  1.121481143766199E+02
      1609  1.115009924413119E+02
      1610  1.115009924134423E+02
      1611  1.115009923919104E+02
      1612  1.115009923873243E+02
      1613  1.116948399167565E+02
      1614  1.116948398355790E+02
      1615  1.116948397789248E+02
      1616  1.116948398021065E+02
      1617  1.118864054263415E+02
      1618  1.118864053197518E+02
      1619  1.118864052634847E+02
      1620  1.118864052994350E+02
      1621  1.098418619771341E+02
      1622  1.098418618976886E+02
      1623  1.098418618497810E+02
      1624  1.098418618445573E+02
      1625  1.073044387318670E+02
      1626  1.073044386251848E+02
      1627  1.073044385625820E+02
      1628  1.073044385231907E+02
      1629  1.034511530388961E+02
      1630  1.034511528982164E+02
      1631  1.034511528149317E+02
      1632  1.034511528127952E+02
      1633  1.047278785789302E+02
      1634  1.047278784828777E+02
      1635  1.047278784005612E+02
      1636  1.047278783984455E+02
      1637  1.079418881691893E+02
      1638  1.079418881530691E+02
      1639  1.079418881156561E+02
      1640  1.079418880986292E+02
      1641  1.105473082920919E+02
      1642  1.105473083151629E+02
      1643  1.105473083088643E+02
      1644  1.105473082845859E+02
      1645  1.125465502336524E+02
      1646  1.125465502577893E+02
      1647  1.125465502689207E+02
      1648  1.125465502393916E+02
      1649  1.142774412719562E+02
      1650  1.142774413050801E+02
      1651  1.142774413293784E+02
      1652  1.142774413012062E+02
      1653  1.158484863817128E+02
      1654  1.158484864340808E+02
      1655  1.158484864721570E+02
      1656  1.158484864638841E+02
      1657  1.172484309253058E+02
      1658  1.172484309851264E+02
      1659  1.172484310367080E+02
      1660  1.172484310362402E+02
      1661  1.183380528643778E+02
      1662  1.183380529476520E+02
      1663  1.183380530224057E+02
      1664  1.183380530385603E+02
      1665  1.189580297444852E+02
      1666  1.189580298552630E+02
      1667  1.189580299683490E+02
      1668  1.189580300082977E+02
      1669  1.201887149829040E+02
      1670  1.201887150240945E+02
      1671  1.201887150902734E+02
      1672  1.201887151486787E+02
      1673  1.214123983726041E+02
      1674  1.214123983218198E+02
      1675  1.214123983417477E+02
      1676  1.214123983911573E+02
      1677  1.178780477454928E+02
      1678  1.178780478085842E+02
      1679  1.178780478474889E+02
      1680  1.178780478257762E+02
      1681  1.175139060428724E+02
      1682  1.175139061258887E+02
      1683  1.175139061774015E+02
      1684  1.175139061468358E+02
      1685  1.196515144910448E+02
      1686  1.196515145264382E+02
      1687  1.196515145630943E+02
      1688  1.196515146046257E+02
      1689  1.189113907148097E+02
      1690  1.189113907877704E+02
      1691  1.189113908577647E+02
      1692  1.189113908691325E+02
      1693  1.160035292819287E+02
      1694  1.160035293704899E+02
      1695  1.160035294101260E+02
      1696  1.160035293563449E+02
      1697  1.162068910211291E+02
      1698  1.162068910995013E+02
      1699  1.162068911324928E+02
      1700  1.162068910720263E+02
      1701  1.144302432059833E+02
      1702  1.144302432832132E+02
      1703  1.144302433099991E+02
      1704  1.144302432414965E+02
      1705  1.146198518303802E+02
      1706  1.146198519133061E+02
      1707  1.146198519382908E+02
      1708  1.146198518714564E+02
      1709  1.128107560727406E+02
      1710  1.128107561392019E+02
      1711  1.128107561518422E+02
      1712  1.128107560926046E+02
      1713  1.131212349079058E+02
      1714  1.131212349787002E+02
      1715  1.131212349944688E+02
      1716  1.131212349387216E+02
      1717  1.111398707392964E+02
      1718  1.111398707780164E+02
      1719  1.111398707744638E+02
      1720  1.111398707231002E+02
      1721  1.117730110907322E+02
      1722  1.117730111258608E+02
      1723  1.117730111282520E+02
      1724  1.117730110894690E+02
      1725  1.080649654578416E+02
      1726  1.080649653949663E+02
      1727  1.080649653424948E+02
      1728  1.080649653202118E+02
      1729  1.094568634440671E+02
      1730  1.094568634493781E+02
      1731  1.094568634236906E+02
      1732  1.094568634021560E+02
      1733  1.100701330017469E+02
      1734  1.100701329448169E+02
      1735  1.100701329061816E+02
      1736  1.100701329114324E+02
      1737  1.107090675482047E+02
      1738  1.107090675457544E+02
      1739  1.107090675296492E+02
      1740  1.107090675274852E+02
      1741  1.436250227735026E+02
      1742  1.436250224698465E+02
      1743  1.436250223291312E+02
      1744  1.436250224976615E+02
      1745  1.425718094198280E+02
      1746  1.425718090362404E+02
      1747  1.425718088775381E+02
      1748  1.425718091564493E+02
      1749  1.105287891233951E+02
      1750  1.105287887576120E+02
      1751  1.105287885021062E+02
      1752  1.105287887226518E+02
      1753  1.328672482630863E+02
      1754  1.328672473916846E+02
      1755  1.328672469362494E+02
      1756  1.328672471596899E+02
      1757  1.373500926991080E+02
      1758  1.373500920946419E+02
      1759  1.373500918199290E+02
      1760  1.373500920780578E+02
      1761  1.914369795100518E+02
      1762  1.914369795207859E+02
      1763  1.914369795318075E+02
      1764  1.914369795433158E+02
      1765  4.521731132802908E+01
      1766  4.521731050661425E+01
      1767  4.521731011411782E+01
      1768  4.521731062881888E+01
      1769  3.225052700480266E+01
      1770  3.225052646590953E+01
      1771  3.225052632631422E+01
      1772  3.225052664718001E+01
      1773  8.139146343088325E+01
      1774  8.139146338138008E+01
      1775  8.139146332387124E+01
      1776  8.139146336323100E+01
      1777  2.000000000000000E+02
      1778  2.000000000000000E+02
      1779  2.000000000000000E+02
      1780  2.000000000000000E+02
      1781  2.000000000000000E+02
      1782  2.000000000000000E+02
      1783  2.000000000000000E+02
      1784  2.000000000000000E+02
      1785  2.000000000000000E+02
      1786  2.000000000000000E+02
      1787  2.000000000000000E+02
      1788  2.000000000000000E+02
      1789  2.000000000000000E+02
      1790  2.000000000000000E+02
      1791  2.000000000000000E+02
      1792  2.000000000000000E+02
      1793  2.000000000000000E+02
      1794  2.000000000000000E+02
      1795  2.000000000000000E+02
      1796  2.000000000000000E+02
      1797  2.000000000000000E+02
      1798  2.000000000000000E+02
      1799  2.000000000000000E+02
      1800  2.000000000000000E+02
      1801  2.000000000000000E+02
      1802  2.000000000000000E+02
      1803  2.000000000000000E+02
      1804  2.000000000000000E+02
      1805  2.000000000000000E+02
      1806  2.000000000000000E+02
      1807  2.000000000000000E+02
      1808  2.000000000000000E+02
      1809  2.000000000000000E+02
      1810  2.000000000000000E+02
      1811  2.000000000000000E+02
      1812  2.000000000000000E+02
      1813  2.004461641920556E+01
      1814  2.004461641696313E+01
      1815  2.004461641688955E+01
      1816  2.004461641642881E+01
      1817  2.004458243184496E+01
      1818  2.004458243062392E+01
      1819  2.004458242952484E+01
      1820  2.004458242956656E+01
      1821  2.004452999158694E+01
      1822  2.004452998969109E+01
      1823  2.004452998575630E+01
      1824  2.004452998577202E+01
      1825  2.004448138376074E+01
      1826  2.004448138221425E+01
      1827  2.004448137967549E+01
      1828  2.004448138019826E+01
      1829  2.004445254787261E+01
      1830  2.004445254520541E+01
      1831  2.004445254166359E+01
      1832  2.004445254031279E+01
      1833  2.000000000000000E+01
      1878  4.521702137808621E+01
      1879  1.328576274696090E+02
      1880  1.914374986645841E+02
      1881  1.328576286095152E+02
      1882  8.130257602850955E+01
      1883  1.105391919013564E+02
      1884  1.914374986115347E+02
      1885  3.224262017831537E+01
      1886  1.373765143605470E+02
      1887  1.105391922833713E+02
      1888  3.224261981741874E+01
      1889  4.521702205492969E+01
      1890  1.373765136794420E+02
      1891  8.130257609335746E+01
      1892  1.254508262295132E+02
      1893  1.228833980373653E+02
      1894  5.016815801575056E+01
      1895  1.455435751942936E+02
      1896  1.455435753711032E+02
      1897  1.304212680974631E+02
      1898  5.064474025601157E+01
      1899  1.045779320301704E+02
      1900  1.324506947926909E+02
      1901  6.527513363789936E+01
      1902  1.008088301189962E+02
      1903  9.941863124631409E+01
      1904  1.067788835033879E+02
      1905  5.893504834990001E+01
      1906  1.348884369288889E+02
      1907  1.128109251745087E+02
      1908  1.117168928701397E+02
      1909  1.373389305773972E+02
      1910  1.384454130270668E+02
      1911  1.348793996632039E+02
      1912  1.108408324603863E+02
      1913  1.410312197888969E+02
      1914  6.106370067604798E+01
      1915  6.401593544854336E+01
      1916  1.288722936328274E+02
      1917  1.695384664766810E+02
      1918  7.829401308701398E+01
      1919  1.267542067891599E+02
      1920  1.352261425753175E+02
      1921  1.418500745359569E+02
      1922  1.348884361309256E+02
      1923  2.583065037264565E+01
      1924  1.989570726971832E+02
      1925  2.990861700929128E+01
      1926  1.588299678018634E+02
      1927  9.797280909847873E+01
      1928  1.033340002012194E+02
      1929  1.352261418014472E+02
      1930  1.903740495769305E+02
      1931  1.799059055748811E+02
      1932  1.161642724987764E+02
      1933  1.161642727704345E+02
      1934  1.264158069401902E+02
      1935  5.584487881231387E+01
      1936  1.766041859386629E+02
      1937  1.798902344767396E+02
      1938  1.137890895691215E+02
      1939  1.371718651867497E+02
      1940  1.125470293342454E+02
      1941  1.079477961973644E+02
      1942  1.890328568853065E+02
      1943  1.108408318457550E+02
      1944  1.154106017590770E+02
      1945  1.174750597559767E+02
      1946  1.456646154813668E+02
      1947  1.008088302226278E+02
      1948  1.611281129198342E+02
      1949  1.067788837735881E+02
      1950  1.267736398316980E+02
      1951  1.045779324078372E+02
      1952  2.196020920877565E+01
      1953  2.579021745517251E+01
      1954  8.794693402516101E+01
      1955  1.427163664876726E+02
      1956  9.798987259271210E+01
      1957  9.133666933014415E+01
      1958  3.627862643332455E+01
      1959  1.008037164270931E+02
      1960  2.972117694182646E+01
      1961  1.214517787873171E+02
      1962  1.246361221579149E+02
      1963  4.534215291573142E+01
      1964  1.133226602449998E+02
      1965  4.247979719857617E+01
      1966  3.810759051245546E+01
      1967  5.040124620522324E+01
      1968  1.153372021230160E+02
      1969  1.275670033332961E+02
      1970  2.197601452108149E+01
      1971  2.585118196349345E+01
      1972  3.361822565732810E+01
      1973  3.255702110703148E+01
      1974  3.973697344075742E+01
      1975  2.550255751509425E+01
      1976  4.219739065306906E+01
      1977  7.177762688453384E+01
      1978  5.343945657108578E+01
      1979  6.527299582326772E+01
      1980  8.760845351216582E+01
      1981  3.751523348651979E+01
      1982  5.890199992141495E+01
      1983  4.273001834650498E+01
      1984  4.984347154492055E+01
      1985  1.338438939295296E+02
      1986  1.850866644510289E+02
      1987  1.661195673834250E+02
      1988  1.265004072176045E+02
      1989  1.294934384969584E+02
      1990  1.850866644932279E+02
      1991  1.222642441641532E+02
      1992  1.705635644009885E+02
      1993  1.603774018712099E+02
      1994  1.172743250396109E+02
      1995  1.172743252151680E+02
      1996  1.189582035115906E+02
      1997  1.160036163811080E+02
      1998  1.174329538826108E+02
      1999  1.201892977692294E+02
      2000  1.664974348398159E+02
      2001  1.269095958088425E+02
      2002  1.263047586508196E+02
      2003  1.257302819944435E+02
      2004  1.672466167073249E+02
      2005  9.772797788349925E+01
      2006  1.630836455446171E+02
      2007  1.639390637018119E+02
      2008  1.225180385974329E+02
      2009  1.607174820249104E+02
      2010  8.195661779144913E+01
      2011  8.320224679288575E+01
      2012  1.225180387604155E+02
      2013  1.179434324177251E+02
      2014  6.527513300698035E+01
      2015  1.246361214548749E+02
      2016  6.524759675792937E+01
      2017  9.538098121821562E+01
      2018  1.195360884176684E+02
      2019  1.244405893758473E+02
      2020  1.287265393897769E+02
      2021  1.968666941166893E+02
      2022  1.203153646821727E+02
      2023  2.197311511933416E+01
      2024  9.884788590377339E+01
      2025  1.033340004254382E+02
      2026  1.098653904999904E+02
      2027  1.119697159055017E+02
      2028  1.307365831629315E+02
      2029  1.890328570771202E+02
      2030  1.392632328726303E+02
      2031  1.834804734639583E+02
      2032  1.135244684224246E+02
      2033  1.156930331621332E+02
      2034  3.627862589681613E+01
      2035  1.140523148763010E+02
      2036  9.798987245710042E+01
      2037  1.285338931451545E+02
      2038  8.245962482472743E+01
      2039  5.402716638839685E+01
      2040  1.379189732751204E+02
      2041  1.356449833811786E+02
      2042  1.948059241306038E+02
      2043  1.830977632349221E+02
      2044  1.444159925671773E+02
      2045  1.160797273705872E+02
      2046  4.347065954353872E+01
      2047  1.423796441759303E+02
      2048  1.850581349604305E+02
      2049  1.860144572223265E+02
      2050  1.112491194463916E+02
      2051  1.094582124963229E+02
      2052  1.304362817412789E+02
      2053  1.878836515579121E+02
      2054  1.117728965796202E+02
      2055  1.989676181836842E+02
      2056  1.273534382688699E+02
      2057  1.409227209230105E+02
      2058  1.051419705302216E+02
      2059  1.174750590742847E+02
      2060  1.801720577941493E+02
      2061  1.456646172214146E+02
      2062  1.334173263174265E+02
      2063  1.022455343174495E+02
      2064  1.260755408629192E+02
      2065  1.272432019576545E+02
      2066  1.858778585682642E+02
      2067  1.930612467815190E+02
      2068  1.477094576016554E+02
      2069  1.285021414938089E+02
      2070  1.448753955523978E+02
      2071  1.024399920867161E+02
      2072  1.348538137042009E+02
      2073  1.348538132955162E+02
      2074  1.111938917383883E+02
      2075  9.660501591151312E+01
      2076  5.313373085701191E+01
      2077  8.313238273423737E+01
      2078  1.040283408820886E+02
      2079  1.441896224900856E+02
      2080  1.172087900999234E+02
      2081  1.158229738445044E+02
      2082  1.264158061417232E+02
      2083  8.481086475840875E+01
      2084  1.140523146940311E+02
      2085  3.996797218302795E+01
      2086  1.158780825289416E+02
      2087  1.038613385262481E+02
      2088  1.287876953511846E+02
      2089  1.559853801900944E+02
      2090  1.457057107875581E+02
      2091  1.430003510653276E+02
      2092  1.474943949141125E+02
      2093  1.496470219905247E+02
      2094  1.448858336101528E+02
      2095  1.181973275867976E+02
      2096  1.370944567917649E+02
      2097  1.858693229726744E+02
      2098  1.816996962758448E+02
      2099  1.931217521148091E+02
      2100  1.534473742045181E+02
      2101  1.760603977434280E+02
      2102  1.948834122045434E+02
      2103  1.770922833366192E+02
      2104  1.850866645004610E+02
      2105  1.798902340910136E+02
      2106  1.894592786873048E+02
      2107  1.135323353728431E+02
      2108  1.607174858402839E+02
      2109  1.304044287271304E+02
      2110  1.949299714400033E+02
      2111  1.639390633518893E+02
      2112  1.372575324465735E+02
      2113  4.102911995044455E+01
      2114  4.102911975426726E+01
      2115  1.492540819896311E+02
      2116  7.810917709929382E+01
      2117  4.102911963456033E+01
      2118  1.526225880108052E+02
      2119  1.989601204795977E+02
      2120  1.625710564057044E+02
      2121  9.963296640325285E+01
      2122  1.173826626583933E+02
      2123  1.154864488482320E+02
      2124  1.159038108433073E+02
      2125  1.391613688664727E+02
      2126  1.159038108775278E+02
      2127  1.159038106508190E+02
      2128  1.860144572281674E+02
      2129  1.004720058315775E+02
      2130  1.386315796401200E+02
      2131  1.386315797289690E+02
      2132  1.517609029822020E+02
      2133  1.420327845115066E+02
      2134  1.517609029913630E+02
      2135  1.517609030463071E+02
      2136  1.926838203592627E+02
      2137  1.551840653049089E+02
      2138  1.587575703092571E+02
      2139  1.926838203224283E+02
      2140  1.660822290175684E+02
      2141  1.304190772174416E+02
      2142  1.660822289602667E+02
      2143  1.660822289354211E+02
      2144  1.294934382413144E+02
      2145  1.051419705025133E+02
      2146  1.339631410797407E+02
      2147  1.323407447193558E+02
      2148  1.456646159799495E+02
      2149  1.610561210094849E+02
      2150  1.801720569125158E+02
      2151  1.859219167459021E+02
      2152  1.152644647765012E+02
      2153  1.236575709497394E+02
      2154  1.319061362935315E+02
      2155  1.603774039241995E+02
      2156  1.313812187185455E+02
      2157  1.333721158691310E+02
      2158  1.253375184794752E+02
      2159  1.172743257792504E+02
      2160  1.142776765249269E+02
      2161  1.947970074503474E+02
      2162  1.848400463937354E+02
      2163  1.107093454174786E+02
      2164  1.214935042692616E+02
      2165  1.894592785259023E+02
      2166  1.909536919714164E+02
      2167  1.155082601960094E+02
      2168  1.281997846914672E+02
      2169  1.297072941508007E+02
      2170  1.134575970833225E+02
      2171  1.272142775879477E+02
      2172  1.492540816862468E+02
      2173  1.518226571254249E+02
      2174  1.253153692188707E+02
      2175  1.230097397641253E+02
      2176  9.795177191399867E+01
      2177  2.569658664476785E+01
      2178  4.751875465973317E+01
      2179  9.133291420537694E+01
      2180  1.349729992267098E+02
      2181  1.351419593775759E+02
      2182  1.470686472930064E+02
      2183  1.596885556149277E+02
      2184  7.862038510613955E+01
      2185  1.989725436923100E+02
      2186  1.904244914104219E+02
      2187  1.610566125176942E+02
      2188  1.154147244014763E+02
      2189  1.173754124031583E+02
      2190  1.038613387230468E+02
      2191  8.760845359874732E+01
      2192  1.179434327264679E+02
      2193  1.104193564626510E+02
      2194  8.772660641855151E+01
      2195  1.136980748812952E+02
      2196  1.327700908617851E+02
      2197  6.527513265227451E+01
      2198  1.418500747224037E+02
      2199  1.246361210891376E+02
      2200  1.098653906364560E+02
      2201  6.524759674781156E+01
      2202  2.543524978925740E+01
      2203  9.760901460295760E+01
      2204  1.264427709421349E+02
      2205  1.194133964593596E+02
      2206  1.080714618846604E+02
      2207  1.565858956957697E+02
      2208  1.843938330586554E+02
      2209  1.284926485710043E+02
      2210  1.830977630066623E+02
      2211  1.968777537734937E+02
      2212  1.802016470833477E+02
      2213  1.201461781001992E+02
      2214  5.861222388495226E+01
      2215  2.186978925118851E+01
      2216  7.128434386905494E+01
      2217  1.024248063801822E+02
      2218  2.184101174523238E+01
      2219  7.829377704067055E+01
      2220  1.904472860226110E+02
      2221  1.009250533519510E+02
      2222  5.048227401226645E+01
      2223  2.951475137291033E+01
      2224  8.480965887851470E+01
      2225  5.172333292997077E+01
      2226  1.483670479063936E+02
      2227  1.909536922608681E+02
      2228  1.948574891539138E+02
      2229  1.522054886577182E+02
      2230  1.404249544263710E+02
      2231  1.711623184342086E+02
      2232  1.065956984527584E+02
      2233  1.263047588384198E+02
      2234  1.296100075390434E+02
      2235  1.184789391936400E+02
      2236  9.968407212423507E+01
      2237  3.264470865521373E+01
      2238  7.829377729546397E+01
      2239  1.119697159474288E+02
      2240  1.155082598609956E+02
      2241  9.798987277308350E+01
      2242  5.358694165134126E+01
      2243  1.306519829338510E+02
      2244  5.700921536869532E+01
      2245  8.772660659303816E+01
      2246  2.583065014881010E+01
      2247  4.621139067811767E+01
      2248  1.083128422848493E+02
      2249  1.068495323113260E+02
      2250  1.214517768512226E+02
      2251  1.355454523702771E+02
      2252  1.711623209560038E+02
      2253  1.948574888588278E+02
      2254  1.968666941497351E+02
      2255  1.881717544968403E+02
      2256  1.540930199093613E+02
      2257  1.448858332281374E+02
      2258  1.307365827046501E+02
      2259  1.203153642552900E+02
      2260  8.480965851168855E+01
      2261  4.607568562215044E+01
      2262  2.186978928663631E+01
      2263  1.437818704535957E+02
      2264  1.241535956277436E+02
      2265  1.121476766373072E+02
      2266  1.470048842670285E+02
      2267  1.868248296122705E+02
      2268  1.341172018081117E+02
      2269  1.112236448446883E+02
      2270  1.281123201857336E+02
      2271  4.984347087764574E+01
      2272  1.158486781401781E+02
      2273  1.872668301830489E+02
      2274  1.947701282276575E+02
      2275  1.709003582869278E+02
      2276  1.144303370637980E+02
      2277  1.100729179136174E+02
      2278  1.926443061667067E+02
      2279  1.989676181648445E+02
      2280  1.192897539906317E+02
      2281  1.253375183070734E+02
      2282  1.695354267378747E+02
      2283  1.409227206699774E+02
      2284  1.451947911744528E+02
      2285  1.760949128079583E+02
      2286  1.257183117062863E+02
      2287  1.195360796100505E+02
      2288  1.133023149424811E+02
      2289  1.831589134682034E+02
      2290  1.859219167099936E+02
      2291  1.508903039867939E+02
      2292  1.278691607294199E+02
      2293  1.334173248303083E+02
      2294  1.065973518492937E+02
      2295  1.022455343895647E+02
      2296  1.763953447138334E+02
      2297  1.763953450542274E+02
      2298  1.322513501534810E+02
      2299  1.272432017409777E+02
      2300  1.948089262471418E+02
      2301  1.858778585636984E+02
      2302  1.773616042745971E+02
      2303  1.643298783856854E+02
      2304  1.162068076571760E+02
      2305  1.477094575825622E+02
      2306  1.438257582078992E+02
      2307  1.267736396102966E+02
      2308  1.365645798607819E+02
      2309  1.427804649451441E+02
      2310  1.866380997006938E+02
      2311  1.024399924355533E+02
      2312  1.509060776872556E+02
      2313  1.494734651780539E+02
      2314  1.434448304636758E+02
      2315  1.370101937543126E+02
      2316  1.256593474960561E+02
      2317  1.133816381142456E+02
      2318  1.044680402162707E+02
      2319  9.660501619267843E+01
      2320  1.181302471668772E+02
      2321  4.883257081227842E+01
      2322  6.798305926415682E+01
      2323  8.313238270882211E+01
      2324  9.754210151322799E+01
      2325  1.040283407930469E+02
      2326  1.086019215523610E+02
      2327  1.441896222720085E+02
      2328  1.163454954749855E+02
      2329  1.163454954844979E+02
      2330  1.121648330195510E+02
      2331  1.142491739202187E+02
      2332  6.216582242555214E+01
      2333  1.242977213740677E+02
      2334  5.064473998694120E+01
      2335  8.481086417408245E+01
      2336  1.309903802778238E+02
      2337  1.161642725409951E+02
      2338  8.480941528185519E+01
      2339  3.996797154816119E+01
      2340  9.676431510667591E+01
      2341  1.134575964668516E+02
      2342  1.319013965815000E+02
      2343  1.083128425272306E+02
      2344  1.009250534872927E+02
      2345  3.723436564105463E+01
      2346  1.441896221418326E+02
      2347  1.465934322762564E+02
      2348  1.596885557103127E+02
      2349  1.969220908284971E+02
      2350  1.989677388295525E+02
      2351  1.181464444119683E+02
      2352  1.203352920027086E+02
      2353  1.859219167582421E+02
      2354  1.124935608584237E+02
      2355  1.181464444045444E+02
      2356  4.141301602483898E+01
      2357  1.968990905171073E+02
      2358  1.200615554067936E+02
      2359  1.200615550000372E+02
      2360  1.506489106044842E+02
      2361  7.829401336002965E+01
      2362  1.402197233414129E+02
      2363  1.660895852553179E+02
      2364  1.926644040692646E+02
      2365  1.969504498912715E+02
      2366  1.925842910632318E+02
      2367  1.119697160776304E+02
      2368  1.203999604517107E+02
      2369  9.769808783007396E+01
      2370  9.769808761390371E+01
      2371  1.203999599752385E+02
      2372  1.203999599921604E+02
      2373  4.380082736377890E+01
      2374  1.479063077210550E+02
      2375  1.182819112885805E+02
      2376  3.723436527278947E+01
      2377  1.352261420912855E+02
      2378  1.418500742346577E+02
      2379  7.829401333312833E+01
      2380  1.370104212055893E+02
      2381  1.370104216554598E+02
      2382  1.285338937480847E+02
      2383  1.221796384370917E+02
      2384  1.124935608878635E+02
      2385  7.230377043299595E+01
      2386  1.182583647226216E+02
      2387  1.124935608771837E+02
      2388  1.133125288534910E+02
      2389  1.133125288698225E+02
      2390  1.163454954536064E+02
      2391  1.203352920698300E+02
      2392  1.009250534671077E+02
      2393  1.481586600848441E+02
      2394  1.455435750732944E+02
      2395  1.427163660052163E+02
      2396  1.071080553765496E+02
      2397  1.071080553193835E+02
      2398  1.040283407722893E+02
      2399  1.009250532094004E+02
      2400  7.304895561799241E+01
      2401  9.526490163774719E+01
      2402  8.794693405314490E+01
      2403  7.810917714435791E+01
      2404  5.791703631207433E+01
      2405  5.791703648435352E+01
      2406  4.883257053991678E+01
      2407  4.102912037902355E+01
      2408  1.534473741559288E+02
      2409  2.961534552574524E+01
      2410  2.579021737608517E+01
      2411  9.963296619545213E+01
      2412  1.089731463400327E+02
      2413  1.089731464352201E+02
      2414  1.133816381353534E+02
      2415  1.173826626247841E+02
      2416  1.413078683064945E+02
      2417  1.304876853839076E+02
      2418  1.348538131145916E+02
      2419  1.391613689656238E+02
      2420  1.476011442886793E+02
      2421  1.476011441781720E+02
      2422  1.494734651661802E+02
      2423  1.159038104097123E+02
      2424  1.386315794637357E+02
      2425  1.090059814895372E+02
      2426  1.045779326773718E+02
      2427  9.894313193301224E+01
      2428  1.470159184633768E+02
      2429  1.492823051461385E+02
      2430  1.427804650505492E+02
      2431  1.386315801463186E+02
      2432  1.427290648191437E+02
      2433  1.324535764810278E+02
      2434  1.285021412455808E+02
      2435  1.420327847706799E+02
      2436  1.464025361413396E+02
      2437  1.464025362431325E+02
      2438  1.490142519492711E+02
      2439  1.517609031072186E+02
      2440  1.611281128330230E+02
      2441  1.581422409235457E+02
      2442  1.741639552052838E+02
      2443  1.317749774203288E+02
      2444  1.926838203413564E+02
      2445  1.832806679490549E+02
      2446  1.858778584621619E+02
      2447  1.926838202705292E+02
      2448  1.322513510181493E+02
      2449  1.969087779247069E+02
      2450  1.272432015899029E+02
      2451  1.304190772327777E+02
      2452  1.799465660447318E+02
      2453  1.799465659135438E+02
      2454  1.729594957598935E+02
      2455  1.660822287969698E+02
      2456  1.065973520611460E+02
      2457  9.941863136351067E+01
      2458  1.022455344550545E+02
      2459  1.051419705974944E+02
      2460  1.096641943670648E+02
      2461  1.339631417200920E+02
      2462  1.334173253577898E+02
      2463  1.294934389140837E+02
      2464  1.239059246635385E+02
      2465  1.260707978216085E+02
      2466  1.508903056029473E+02
      2467  1.610561218548032E+02
      2468  1.711516249348704E+02
      2469  1.801720584067660E+02
      2470  1.849613767710706E+02
      2471  1.850866643872802E+02
      2472  1.174750606069819E+02
      2473  1.154106011646236E+02
      2474  1.195360778513790E+02
      2475  1.236575709286671E+02
      2476  1.277790810079921E+02
      2477  1.298401904205328E+02
      2478  1.760949127456634E+02
      2479  1.603774062890479E+02
      2480  1.409227222600962E+02
      2481  1.451947887431106E+02
      2482  1.377316890960557E+02
      2483  1.333721161026558E+02
      2484  1.293691593799619E+02
      2485  1.293691592073647E+02
      2486  1.213056493305373E+02
      2487  1.172743266422628E+02
      2488  1.926443063485882E+02
      2489  1.117168923841949E+02
      2490  1.989676181487204E+02
      2491  1.947970074476572E+02
      2492  1.903824015691345E+02
      2493  1.878896412584076E+02
      2494  1.121476766467656E+02
      2495  1.098451839733057E+02
      2496  1.183386889258131E+02
      2497  1.741639553967606E+02
      2498  1.643298800537495E+02
      2499  1.912094530682836E+02
      2500  1.903656927593935E+02
      2501  1.929286906621794E+02
      2502  9.676431541217701E+01
      2503  1.133899365846888E+02
      2504  1.287265388834481E+02
      2505  1.105487730720870E+02
      2506  1.348950634894626E+02
      2507  1.295054451826109E+02
      2508  1.247008996513138E+02
      2509  1.135244690429848E+02
      2510  1.045723307397018E+02
      2511  9.797280966836193E+01
      2512  1.342923753761725E+02
      2513  1.859230090421079E+02
      2514  1.799059060131791E+02
      2515  1.548966243339937E+02
      2516  1.345018236537328E+02
      2517  1.254508260314587E+02
      2518  1.163386509849289E+02
      2519  1.244405892101257E+02
      2520  2.184019937061237E+01
      2521  1.402197228974046E+02
      2522  1.486919436288966E+02
      2523  2.192703355733869E+01
      2524  3.238887540696533E+01
      2525  4.886003090058870E+01
      2526  6.527299526169371E+01
      2527  9.131853306125504E+01
      2528  1.180281663692267E+02
      2529  1.181973271980799E+02
      2530  1.266696066971272E+02
      2531  1.328546874524810E+02
      2532  1.425696280301487E+02
      2533  1.461883404016525E+02
      2534  1.514950959080029E+02
      2535  1.607165363444032E+02
      2536  1.559853775330716E+02
      2537  1.857431913484310E+02
      2538  1.947776313734120E+02
      2539  1.968777537271715E+02
      2540  1.989697838119958E+02
      2541  1.927754340185667E+02
      2542  1.803284177407133E+02
      2543  1.658344348450330E+02
      2544  1.319013945519862E+02
      2545  1.339141743106505E+02
      2546  1.255286088673307E+02
      2547  1.174751691688283E+02
      2548  1.096623117842858E+02
      2549  1.051416001460106E+02
      2550  9.940135883491571E+01
      2551  8.759382248771539E+01
      2552  1.075759247186291E+02
      2553  5.040124551772065E+01
      2554  3.400823456893719E+01
      2555  1.075759246773763E+02
      2556  1.172087901508853E+02
      2557  8.245962485681052E+01
      2558  6.216582204461064E+01
      2559  1.158247438612291E+02
      2560  1.242977222538860E+02
      2561  1.327700908798109E+02
      2562  5.016815724929797E+01
      2563  5.893504771614623E+01
      2564  9.133666890744226E+01
      2565  1.418500743666776E+02
      2566  1.331084428734860E+02
      2567  1.267542074500893E+02
      2568  1.161642723986071E+02
      2569  1.098653905575819E+02
      2570  9.131613201097959E+01
      2571  7.177668185930128E+01
      2572  3.996797176832315E+01
      2573  2.903449735157908E+01
      2574  2.184101173726254E+01
      2575  9.805614755815927E+01
      2576  1.004337991623118E+02
      2577  1.239892654151019E+02
      2578  1.339141761669910E+02
      2579  1.298373519416043E+02
      2580  1.133630681024499E+02
      2581  1.260091489221435E+02
      2582  1.518226573153150E+02
      2583  1.507620827093444E+02
      2584  1.766041853833269E+02
      2585  1.850581351297476E+02
      2586  1.505299778105002E+02
      2587  1.301306095388053E+02
      2588  1.410749682664090E+02
      2589  1.281997847384065E+02
      2590  1.927754343135122E+02
      2591  1.989725436864910E+02
      2592  1.897136506572670E+02
      2593  1.928476984573355E+02
      2594  1.487975680302859E+02
      2595  1.419290192097021E+02
      2596  1.351419598857701E+02
      2597  1.034566038610024E+02
      2598  4.607568633339724E+01
      2599  2.543965351375953E+01
      2600  1.698884363207108E+02
      2601  5.896036176084088E+01
      2602  1.365641004262554E+02
      2603  1.199039536720592E+02
      2604  1.349729996554442E+02
      2605  2.903449754417051E+01
      2606  3.264470871706754E+01
      2607  7.829377776013131E+01
      2608  9.131853340814298E+01
      2609  1.348794002465509E+02
      2610  1.203999597753420E+02
      2611  1.196516366967691E+02
      2612  1.512115567155642E+02
      2613  1.857431911116583E+02
      2614  1.882214122312197E+02
      2615  2.184019963303114E+01
      2616  2.900355059140423E+01
      2617  4.347065984735782E+01
      2618  8.481041629458188E+01
      2619  9.211347639089836E+01
      2620  1.224334413287184E+02
      2621  1.470686476207319E+02
      2622  1.705635641156686E+02
      2623  1.738569486847015E+02
      2624  1.234901937051767E+02
      2625  1.948059242542877E+02
      2626  1.881573586076221E+02
      2627  1.458796415482125E+02
      2628  9.772797809507843E+01
      2629  1.379189753204791E+02
      2630  1.508902263515167E+02
      2631  1.866380998132543E+02
      2632  1.384454135865951E+02
      2633  1.386312248501415E+02
      2634  1.325268116212086E+02
      2635  1.023622163580532E+02
      2636  1.154147257521259E+02
      2637  1.277790716687087E+02
      2638  1.325769436637493E+02
      2639  1.229962249747352E+02
      2640  1.000844641987136E+02
      2641  7.128434441781673E+01
      2642  2.184101182861947E+01
      2643  3.264470885044851E+01
      2644  4.808281794491912E+01
      2645  7.829377722323233E+01
      2646  9.769808750894438E+01
      2647  1.072526959951137E+02
      2648  1.225180384680152E+02
      2649  1.288722933370934E+02
      2650  1.373389305603156E+02
      2651  1.410312190477517E+02
      2652  7.177862077956692E+01
      2653  5.358694195067750E+01
      2654  5.016815743046747E+01
      2655  1.348884364500384E+02
      2656  1.221796394229332E+02
      2657  1.136980747097624E+02
      2658  6.724215755167216E+01
      2659  7.736646710004443E+01
      2660  1.158229739353061E+02
      2661  1.075759247431946E+02
      2662  2.972117684754560E+01
      2663  4.141301531186025E+01
      2664  9.805614797049911E+01
      2665  9.628534557567190E+01
      2666  1.008580859905820E+02
      2667  1.065956983863508E+02
      2668  1.107798172079145E+02
      2669  1.195360865624319E+02
      2670  1.275670010483353E+02
      2671  1.316433735750077E+02
      2672  1.505299781225638E+02
      2673  1.709763489250496E+02
      2674  1.850552988686042E+02
      2675  1.906538080596295E+02
      2676  1.989837923030096E+02
      2677  1.989849443452101E+02
      2678  1.947491748231945E+02
      2679  1.880930114177382E+02
      2680  6.401593674104798E+01
      2681  1.577381845009523E+02
      2682  1.501099936531806E+02
      2683  1.474943945954361E+02
      2684  1.419290190261875E+02
      2685  1.372575319255909E+02
      2686  1.265004064262834E+02
      2687  1.201461777009016E+02
      2688  1.080675310540987E+02
      2689  1.047380511728692E+02
      2690  7.177762665594400E+01
      2691  5.343945592948532E+01
      2692  3.612016227105729E+01
      2693  2.543965337764183E+01
      2694  1.507620825214632E+02
      2695  1.458796415696031E+02
      2696  1.202917564991655E+02
      2697  1.283412474381756E+02
      2698  1.162068076706947E+02
      2699  1.117728965897648E+02
      2700  1.324506943770189E+02
      2701  1.448713490993082E+02
      2702  1.729591676857886E+02
      2703  1.852367017755131E+02
      2704  1.832929361025252E+02
      2705  1.284926480440158E+02
      2706  1.024248070207417E+02
      2707  1.089900839070014E+02
      2708  1.213967027542457E+02
      2709  1.199039541102597E+02
      2710  1.325769424058923E+02
      2711  4.731760347199965E+01
      2712  1.144303370902082E+02
      2713  1.175140679242806E+02
      2714  1.021568094249386E+02
      2715  3.869691949780019E+01
      2716  1.949867035514085E+02
      2717  1.882214122925360E+02
      2718  1.477094577123463E+02
      2719  1.676104675921827E+02
      2720  8.195661783967986E+01
      2721  1.158486780405900E+02
      2722  1.079477962526250E+02
      2723  1.115000537097901E+02
      2724  1.848400469967835E+02
      2725  1.903824018865837E+02
      2726  1.947970075843776E+02
      2727  1.968952225712524E+02
      2728  1.152644635908547E+02
      2729  1.287433477334120E+02
      2730  1.213056485799072E+02
      2731  1.233215834324904E+02
      2732  1.273534384606918E+02
      2733  1.313812175551863E+02
      2734  1.353826372464011E+02
      2735  1.377316911403485E+02
      2736  1.501037703289777E+02
      2737  1.552253298335785E+02
      2738  1.707285056408793E+02
      2739  1.760949100546842E+02
      2740  1.319061383070052E+02
      2741  1.277790810154888E+02
      2742  1.215968338246823E+02
      2743  1.195360786472952E+02
      2744  1.154106024880143E+02
      2745  1.133023155479257E+02
      2746  1.849613767214769E+02
      2747  1.831589127841705E+02
      2748  1.759948169652627E+02
      2749  1.661195715376395E+02
      2750  1.559841095718099E+02
      2751  1.508903044543028E+02
      2752  1.239059245652401E+02
      2753  1.278691604408023E+02
      2754  1.309936196327850E+02
      2755  1.334173249387557E+02
      2756  1.096641941625347E+02
      2757  1.096641946718515E+02
      2758  1.051419705996343E+02
      2759  1.036921960086787E+02
      2760  1.587575702593376E+02
      2761  1.625464822770841E+02
      2762  1.253375193563879E+02
      2763  1.763953450442629E+02
      2764  1.371095531096876E+02
      2765  1.371095542121913E+02
      2766  1.304190779301451E+02
      2767  1.287433480304781E+02
      2768  1.989868722593046E+02
      2769  1.948089262651870E+02
      2770  1.905157284244353E+02
      2771  1.882676357567772E+02
      2772  1.804246849192262E+02
      2773  1.773616045719533E+02
      2774  1.773616045288526E+02
      2775  1.676104675166881E+02
      2776  1.581422408930342E+02
      2777  1.534473740683123E+02
      2778  1.503350118564242E+02
      2779  1.490142518589527E+02
      2780  1.450977361246612E+02
      2781  1.438257577900262E+02
      2782  1.427290645693371E+02
      2783  1.285021411976234E+02
      2784  1.324535767069464E+02
      2785  1.345029260802077E+02
      2786  1.365645803337064E+02
      2787  1.427804648361480E+02
      2788  1.470159184013352E+02
      2789  1.492823053131959E+02
      2790  1.004720059948340E+02
      2791  1.024399926739049E+02
      2792  1.135323356791560E+02
      2793  1.135323359218743E+02
      2794  1.185528590329639E+02
      2795  1.509060775942260E+02
      2796  1.455566936145478E+02
      2797  1.434448301700505E+02
      2798  1.413078681230448E+02
      2799  1.370101932485965E+02
      2800  1.304876854508534E+02
      2801  1.282022049834179E+02
      2802  1.256593475002132E+02
      2803  1.133816382808942E+02
      2804  1.089731465923229E+02
      2805  1.067336031115994E+02
      2806  1.021390023181150E+02
      2807  9.660501627791744E+01
      2808  2.961534570391629E+01
      2809  3.343132949020737E+01
      2810  3.343132975916670E+01
      2811  4.883257041915667E+01
      2812  5.791703630604441E+01
      2813  6.292520923687790E+01
      2814  7.304895526984227E+01
      2815  8.313238268968151E+01
      2816  9.210122177993820E+01
      2817  9.754210154440467E+01
      2818  9.754210134886426E+01
      2819  1.024811579024569E+02
      2820  1.055723544624961E+02
      2821  1.086019213140893E+02
      2822  1.106768074700150E+02
      2823  1.427163660818666E+02
      2824  1.494332930700268E+02
      2825  1.494332929909445E+02
      2826  1.468606537761632E+02
      2827  1.181464443391749E+02
      2828  1.147405500524706E+02
      2829  1.121648330106433E+02
      2830  1.104193564529069E+02
      2831  1.142491739767823E+02
      2832  8.245962486161524E+01
      2833  6.724215793036275E+01
      2834  1.136980747417734E+02
      2835  1.221796387954645E+02
      2836  1.327700905400291E+02
      2837  1.391860235216058E+02
      2838  5.893504733054809E+01
      2839  6.527513300025601E+01
      2840  1.393808223883491E+02
      2841  1.309903800228843E+02
      2842  1.246361213448585E+02
      2843  1.182819114291838E+02
      2844  1.072526960375764E+02
      2845  9.131613200455436E+01
      2846  6.524759649497952E+01
      2847  5.854930171001922E+01
      2848  2.543524980682708E+01
      2849  1.202917563473272E+02
      2850  9.628534535071987E+01
      2851  1.022972432958151E+02
      2852  1.278857293163362E+02
      2853  1.340741511917484E+02
      2854  1.215968366658587E+02
      2855  1.096326750787116E+02
      2856  1.112236441546365E+02
      2857  1.261016545419866E+02
      2858  1.090042982115336E+02
      2859  1.356449852834409E+02
      2860  1.173754139291353E+02
      2861  1.336323269079444E+02
      2862  1.089900832624902E+02
      2863  1.053581479412846E+02
      2864  1.283412475854963E+02
      2865  1.051416001549075E+02
      2866  1.444918748681188E+02
      2867  1.068495324492142E+02
      2868  1.067765672037308E+02
      2869  1.225180394253293E+02
      2870  1.416460150311133E+02
      2871  1.872668302831440E+02
      2872  1.852367016491563E+02
      2873  1.658344336862253E+02
      2874  1.865189983234270E+02
      2875  1.342923763391514E+02
      2876  1.269095960288275E+02
      2877  1.341172029483970E+02
      2878  1.137890897433672E+02
      2879  1.393261651450826E+02
      2880  1.230097397177960E+02
      2881  1.369483806162543E+02
      2882  1.856477227088331E+02
      2883  1.326496621502616E+02
      2884  1.455966842188740E+02
      2885  1.661213497015307E+02
      2886  1.832929368602222E+02
      2887  1.868248296184131E+02
      2888  1.427789416972977E+02
      2889  1.664974346804483E+02
      2890  1.548966245100168E+02
      2891  1.448713494378535E+02
      2892  1.365553568465878E+02
      2893  1.284795979493165E+02
      2894  1.241535957108406E+02
      2895  1.036919911048428E+02
      2896  1.107798177054679E+02
      2897  1.174751707942603E+02
      2898  1.257183121092630E+02
      2899  1.316433755662017E+02
      2900  1.323673662544088E+02
      2901  1.281123205407740E+02
      2902  1.213967027133426E+02
      2903  1.112491187605892E+02
      2904  9.940135855790751E+01
      2905  9.931732390921333E+01
      2906  1.021568090801975E+02
      2907  4.380082685830193E+01
      2908  4.808281815956417E+01
      2909  2.903449738047307E+01
      2910  3.627862599202387E+01
      2911  4.808281875219011E+01
      2912  7.177668174737484E+01
      2913  7.177668234649106E+01
      2914  8.480941587458878E+01
      2915  9.131613188453160E+01
      2916  1.072526962097133E+02
      2917  1.098653905081885E+02
      2918  1.140523146075172E+02
      2919  1.182819114699753E+02
      2920  1.200615549782267E+02
      2921  1.267542067359376E+02
      2922  1.309903803508730E+02
      2923  1.352261420353371E+02
      2924  1.393808223093816E+02
      2925  1.410312193651449E+02
      2926  9.133666907314664E+01
      2927  7.829401382001336E+01
      2928  5.358694200415319E+01
      2929  5.358694261402309E+01
      2930  5.016815745249662E+01
      2931  1.391860233175383E+02
      2932  1.327700913809995E+02
      2933  1.306519825999217E+02
      2934  1.264158057882033E+02
      2935  1.221796386963054E+02
      2936  7.230377045325164E+01
      2937  1.136980746362839E+02
      2938  6.216582211319913E+01
      2939  7.230377068940172E+01
      2940  8.772660655125132E+01
      2941  1.182583646353558E+02
      2942  1.158229738981576E+02
      2943  1.124935608541860E+02
      2944  1.115720240460257E+02
      2945  1.115720240724533E+02
      2946  1.121648330362398E+02
      2947  1.133125288289564E+02
      2948  1.147405500956420E+02
      2949  1.163454954028688E+02
      2950  1.203352919771092E+02
      2951  1.181464443678797E+02
      2952  1.106768080620780E+02
      2953  1.506489104481827E+02
      2954  1.494332930020617E+02
      2955  1.481586600705039E+02
      2956  1.468606535019196E+02
      2957  1.455435750816986E+02
      2958  1.427163661783657E+02
      2959  1.441896221699534E+02
      2960  1.099217575627782E+02
      2961  1.099217575759817E+02
      2962  1.086019212790357E+02
      2963  1.071080554816086E+02
      2964  1.055723543947395E+02
      2965  1.040283407442915E+02
      2966  1.024811578207571E+02
      2967  1.024811579708246E+02
      2968  9.210122170078817E+01
      2969  9.932356196182792E+01
      2970  9.754210165635450E+01
      2971  9.526490155224775E+01
      2972  9.210122184620376E+01
      2973  8.794693403530890E+01
      2974  8.313238271492290E+01
      2975  7.810917721516581E+01
      2976  6.798305918121241E+01
      2977  6.798305955282659E+01
      2978  6.292520859367595E+01
      2979  5.791703715038545E+01
      2980  5.313373106144916E+01
      2981  4.883257107710197E+01
      2982  4.485474113927554E+01
      2983  4.485474041035915E+01
      2984  1.021390019024726E+02
      2985  1.154864489544722E+02
      2986  3.343132927204655E+01
      2987  2.961534567483750E+01
      2988  2.579021751639075E+01
      2989  2.196020919784789E+01
      2990  9.660501616023357E+01
      2991  9.963296630768031E+01
      2992  1.044680399905271E+02
      2993  1.044680400659848E+02
      2994  1.067336036199202E+02
      2995  1.089731460069452E+02
      2996  1.111938915874559E+02
      2997  1.133816377922087E+02
      2998  1.173826623340823E+02
      2999  1.154864488127146E+02
      3000  1.326860972009775E+02
      3001  1.256593472921201E+02
      3002  1.282022049348585E+02
      3003  1.304876856873297E+02
      3004  1.326860966942156E+02
      3005  1.348538132133782E+02
      3006  1.370101932682839E+02
      3007  1.391613690377003E+02
      3008  1.434448303781226E+02
      3009  1.434448302102663E+02
      3010  1.455566936459052E+02
      3011  1.476011443757521E+02
      3012  1.494734653597635E+02
      3013  1.509060776100746E+02
      3014  1.185528586466117E+02
      3015  1.185528589594592E+02
      3016  9.894313206225139E+01
      3017  1.135323359051745E+02
      3018  1.112521167285400E+02
      3019  1.090059814852747E+02
      3020  1.067788837810916E+02
      3021  1.045779326652505E+02
      3022  1.024399926522762E+02
      3023  1.004720055301616E+02
      3024  1.519198838438815E+02
      3025  1.519198839642435E+02
      3026  1.519198838523874E+02
      3027  1.470159187741441E+02
      3028  1.448753957473367E+02
      3029  1.427804653613713E+02
      3030  1.407025767728067E+02
      3031  1.407025761596396E+02
      3032  1.304362820260076E+02
      3033  1.365645796548874E+02
      3034  1.345029258509347E+02
      3035  1.324535766095389E+02
      3036  1.304362815532739E+02
      3037  1.267736396379147E+02
      3038  1.267736395298095E+02
      3039  1.420327846430352E+02
      3040  1.438257579191125E+02
      3041  1.438257579309458E+02
      3042  1.450977362851191E+02
      3043  1.464025364453342E+02
      3044  1.464025360991363E+02
      3045  1.490142520869065E+02
      3046  1.503350119924779E+02
      3047  1.503350118315868E+02
      3048  1.555508185707215E+02
      3049  1.534473740951474E+02
      3050  1.555508185293738E+02
      3051  1.581422408614102E+02
      3052  1.643298807049300E+02
      3053  1.611281129505383E+02
      3054  1.709003583991507E+02
      3055  1.374519978313924E+02
      3056  1.832806680217875E+02
      3057  1.773616044668163E+02
      3058  1.804246848115187E+02
      3059  1.832806678220319E+02
      3060  1.131211092878265E+02
      3061  1.882676355781443E+02
      3062  1.905157283146322E+02
      3063  1.905157284358882E+02
      3064  1.260755411068167E+02
      3065  1.948089262675562E+02
      3066  1.969087779087945E+02
      3067  1.989868722630356E+02
      3068  1.260755407958825E+02
      3069  1.272432016438264E+02
      3070  1.287433475386387E+02
      3071  1.304190775269741E+02
      3072  1.371095534608930E+02
      3073  1.343511915634992E+02
      3074  1.343511907157176E+02
      3075  1.799465657250320E+02
      3076  1.763953449110724E+02
      3077  1.729594955248932E+02
      3078  1.695354265206254E+02
      3079  1.695354268571566E+02
      3080  1.008088299759229E+02
      3081  1.625464824034905E+02
      3082  1.625464824551532E+02
      3083  9.941863133207654E+01
      3084  1.008088302243801E+02
      3085  1.022455344984526E+02
      3086  1.036921961027180E+02
      3087  1.036921960368427E+02
      3088  1.065973519695306E+02
      3089  1.080772052086662E+02
      3090  1.080772049929592E+02
      3091  1.339631426640957E+02
      3092  1.339631411352606E+02
      3093  1.323407454683988E+02
      3094  1.309936202631234E+02
      3095  1.309936191649062E+02
      3096  1.277790820169377E+02
      3097  1.278691603223001E+02
      3098  1.260707978677156E+02
      3099  1.239059245808659E+02
      3100  1.456646162509506E+02
      3101  1.508903058023652E+02
      3102  1.559841092154848E+02
      3103  1.610561233236521E+02
      3104  1.661195708375840E+02
      3105  1.711516243424058E+02
      3106  1.759948166848864E+02
      3107  1.801720589715894E+02
      3108  1.831589132913730E+02
      3109  1.849613769074925E+02
      3110  1.858398178574051E+02
      3111  1.858398177586725E+02
      3112  1.661195684668380E+02
      3113  1.603774009259883E+02
      3114  1.133023144662838E+02
      3115  1.154106011979755E+02
      3116  1.174750590539409E+02
      3117  1.195360778568718E+02
      3118  1.215968338149813E+02
      3119  1.236575719001668E+02
      3120  1.257183106941738E+02
      3121  1.257183107150814E+02
      3122  1.298401925151736E+02
      3123  1.319061364215817E+02
      3124  1.298401903788869E+02
      3125  1.707285045171169E+02
      3126  1.655386506307929E+02
      3127  1.655386464454984E+02
      3128  1.501037700949151E+02
      3129  1.552253309695886E+02
      3130  1.501037709406386E+02
      3131  1.451947906773979E+02
      3132  1.409227197006727E+02
      3133  1.377316892909296E+02
      3134  1.353826365458898E+02
      3135  1.333721168028444E+02
      3136  1.313812167749413E+02
      3137  1.293691602212904E+02
      3138  1.273534405763466E+02
      3139  1.253375205426348E+02
      3140  1.233215822650931E+02
      3141  1.213056504108454E+02
      3142  1.192897556045523E+02
      3143  1.192897537978620E+02
      3144  1.108408319790273E+02
      3145  1.152644634232138E+02
      3146  1.133205908214225E+02
      3147  1.108408320831717E+02
      3148  1.117168921482759E+02
      3149  1.989676181418636E+02
      3150  1.968952224513507E+02
      3151  1.947970075113979E+02
      3152  1.926443061532186E+02
      3153  1.903824017095328E+02
      3154  1.878896418578786E+02
      3155  1.848400461572238E+02
      3156  1.878896413192257E+02
      3157  1.133071209981471E+02
      3158  1.080675312509279E+02
      3159  1.105487730534895E+02
      3160  1.125470293485480E+02
      3161  1.172487407628541E+02
      3162  8.320224672690649E+01
      3163  1.147367249039110E+02
      3164  1.709003580610960E+02
      3165  1.676104657373108E+02
      3166  1.900901456903814E+02
      3167  1.928476985256484E+02
      3168  1.881573585900479E+02
      3169  1.881594110752647E+02
      3170  1.948834122661285E+02
      3171  1.949299711048173E+02
      3172  4.247979657020071E+01
      3173  2.951475112232225E+01
      3174  1.044744948851240E+02
      3175  1.111971878937665E+02
      3176  1.111402374174907E+02
      3177  1.278857291001529E+02
      3178  1.142776765244869E+02
      3179  1.128109252167096E+02
      3180  5.048227339555935E+01
      3181  1.340741494865574E+02
      3182  1.323673649758896E+02
      3183  1.311946799226988E+02
      3184  1.261016545710575E+02
      3185  1.264427709045981E+02
      3186  1.184789397082109E+02
      3187  1.156930336615348E+02
      3188  1.090042989369292E+02
      3189  1.067571134437958E+02
      3190  1.022972440026035E+02
      3191  9.884788634766180E+01
      3192  1.304044279123619E+02
      3193  1.317749764310554E+02
      3194  1.359141488846589E+02
      3195  1.858693229374054E+02
      3196  1.859508588876875E+02
      3197  1.834804734937120E+02
      3198  1.695384669133562E+02
      3199  1.588299676822199E+02
      3200  1.427789413187800E+02
      3201  1.365640999380088E+02
      3202  1.284795976495218E+02
      3203  1.260091486645417E+02
      3204  1.133071210323020E+02
      3205  1.146197654994117E+02
      3206  1.178779257148645E+02
      3207  1.196516368780429E+02
      3208  1.416446470701049E+02
      3209  1.326496617777208E+02
      3210  1.346893920615902E+02
      3211  1.394476134653401E+02
      3212  1.444918746578903E+02
      3213  1.479063075839640E+02
      3214  1.512115564785507E+02
      3215  1.107093454572417E+02
      3216  2.550255749397870E+01
      3217  3.255702073447809E+01
      3218  3.973697285493985E+01
      3219  4.273001771886889E+01
      3220  5.172333233255736E+01
      3221  6.525466537691420E+01
      3222  7.829394035523170E+01
      3223  8.481041595305375E+01
      3224  1.100729178200614E+02
      3225  1.098451838033771E+02
      3226  1.139675583135898E+02
      3227  1.159102185814004E+02
      3228  1.224334404284916E+02
      3229  1.243823222519126E+02
      3230  1.286184931434033E+02
      3231  1.330239024790702E+02
      3232  1.393261644874627E+02
      3233  1.410749677969335E+02
      3234  1.436242199738849E+02
      3235  1.457551304719275E+02
      3236  1.487975677627034E+02
      3237  1.508836281108890E+02
      3238  1.551840652441783E+02
      3239  1.565858953920864E+02
      3240  1.969220908773771E+02
      3241  1.738569488362650E+02
      3242  1.802016472915097E+02
      3243  1.829353574364448E+02
      3244  1.904472861210610E+02
      3245  1.925842912342939E+02
      3246  1.968855003757507E+02
      3247  1.989601204781658E+02
      3248  1.989882060827949E+02
      3249  1.969504498326233E+02
      3250  1.969206632055413E+02
      3251  1.926644038385859E+02
      3252  1.884687999621959E+02
      3253  1.862620233433881E+02
      3254  1.762706981790037E+02
      3255  1.661213518441921E+02
      3256  1.412047049983847E+02
      3257  1.455966844516428E+02
      3258  1.374519961746211E+02
      3259  1.336323250312785E+02
      3260  1.296100053373548E+02
      3261  1.257183097926116E+02
      3262  1.215968345971611E+02
      3263  1.194133948396337E+02
      3264  1.133630669400607E+02
      3265  1.112944410062946E+02
      3266  1.080714617303271E+02
      3267  1.053581479815626E+02
      3268  1.022448707686527E+02
      3269  9.931732423568772E+01
      3270  9.538098144611986E+01
      3271  9.326246492910359E+01
      3272  4.534215240528453E+01
      3273  6.912360940445677E+01
      3274  5.896036087190009E+01
      3275  4.947323573966148E+01
      3276  4.219739033203977E+01
      3277  3.361822534006834E+01
      3278  2.197601431948991E+01
      3279  2.585118150163729E+01
      3280  1.142491739485126E+02
      3281  1.158229739267429E+02
      3282  1.182583647046730E+02
      3283  8.772660662545438E+01
      3284  7.736646733619460E+01
      3285  6.724215830670707E+01
      3286  5.700921480272990E+01
      3287  1.158247436640178E+02
      3288  1.200615547489157E+02
      3289  1.242977214289566E+02
      3290  1.285338931343058E+02
      3291  1.306519834763536E+02
      3292  1.370104209028562E+02
      3293  1.391860240494635E+02
      3294  5.064474083763663E+01
      3295  5.893504767423485E+01
      3296  7.177862133763180E+01
      3297  8.481086437247332E+01
      3298  9.798987251257066E+01
      3299  1.410312192905861E+02
      3300  1.373389303299701E+02
      3301  1.331084425581722E+02
      3302  1.309903808778863E+02
      3303  1.288722942602226E+02
      3304  6.617090304861475E+01
      3305  1.182819118060268E+02
      3306  1.140523146794613E+02
      3307  1.119697159615433E+02
      3308  1.033340001997475E+02
      3309  9.769808757190823E+01
      3310  8.480941543673434E+01
      3311  7.177668152738087E+01
      3312  4.380082670302323E+01
      3313  4.380082698192335E+01
      3314  3.627862612891986E+01
      3315  3.264470908985130E+01
      3316  2.543524987962428E+01
      3317  2.184101173174653E+01
      3318  1.201892975519885E+02
      3319  7.435088498497592E+01
      3320  1.133899362371944E+02
      3321  1.067571125447924E+02
      3322  1.178999493877923E+02
      3323  1.214935041943397E+02
      3324  1.310084840188852E+02
      3325  1.348950651290706E+02
      3326  1.355454541778288E+02
      3327  1.236575732241964E+02
      3328  1.089750488179228E+02
      3329  1.096623120861862E+02
      3330  1.022448705645732E+02
      3331  1.253153693929110E+02
      3332  1.345018240942865E+02
      3333  1.346893924624262E+02
      3334  1.407019576894301E+02
      3335  1.486919438326267E+02
      3336  1.630836452710832E+02
      3337  1.729591671644251E+02
      3338  1.763826147231069E+02
      3339  1.859230091158406E+02
      3340  1.709763483776053E+02
      3341  1.556080320058439E+02
      3342  1.412047062898219E+02
      3343  1.322261995719724E+02
      3344  9.795177218483953E+01
      3345  1.118880284365961E+02
      3346  1.497627233326405E+02
      3347  1.304541108397164E+02
      3348  1.878836516885160E+02
      3349  1.904244917840968E+02
      3350  1.989756424185936E+02
      3351  1.969710132124355E+02
      3352  1.947776312791669E+02
      3353  1.900901457255814E+02
      3354  1.949867036812432E+02
      3355  1.949895910474951E+02
      3356  1.607165362412150E+02
      3357  1.514950959908719E+02
      3358  1.461883406915120E+02
      3359  1.425696283463335E+02
      3360  1.266696074272171E+02
      3361  1.309057897124441E+02
      3362  1.047380513447815E+02
      3363  8.759382207724597E+01
      3364  7.829394078609883E+01
      3365  6.525466636220969E+01
      3366  3.576893279937544E+01
      3367  2.900719133408131E+01
      3368  1.540930202550835E+02
      3369  1.880930112828245E+02
      3370  3.488003214961203E+01
      3371  1.178779256598871E+02
      3372  1.394476140386290E+02
      3373  1.133205909480171E+02
      3374  1.879779151392308E+02
      3375  1.247008996390542E+02
      3376  1.969206633888270E+02
      3377  1.884688002034356E+02
      3378  1.044744943483156E+02
      3379  1.067362574382205E+02
      3380  3.869692021667387E+01
      3381  2.903449761098902E+01
      3382  5.854930249289242E+01
      3383  6.524759753316847E+01
      3384  1.416446472216183E+02
      3385  1.989849443730939E+02
      3386  1.968855003705302E+02
      3387  1.969645369205390E+02
      3388  1.881717542696927E+02
      3389  1.929286910093116E+02
      3390  1.989882060291520E+02
      3391  1.437818705991487E+02
      3392  1.859508586674703E+02
      3393  9.133291431812837E+01
      3394  1.930612469076023E+02
      3395  1.672466166341574E+02
      3396  1.913693779242595E+02
      3397  1.501099937750358E+02
      3398  1.457551307275822E+02
      3399  1.508836282707646E+02
      3400  4.621139153507582E+01
      3401  1.912094532074528E+02
      3402  3.612016260828516E+01
      3403  3.923636743735746E+01
      3404  1.180281667145857E+02
      3405  7.829394830988805E+01
      3406  1.245515231548415E+02
      3407  9.326246474610289E+01
      3408  1.286184936572943E+02
      3409  1.243823232417944E+02
      3410  1.436242202100758E+02
      3411  1.444159928913547E+02
      3412  1.531261774061050E+02
      3413  1.577381845825151E+02
      3414  1.160797275962814E+02
      3415  1.330239030063715E+02
      3416  1.926366292961469E+02
      3417  1.947491746831392E+02
      3418  1.989837923279553E+02
      3419  1.989697838557836E+02
      3420  1.850553001001831E+02
      3421  1.862620235977778E+02
      3422  1.881594108795983E+02
      3423  1.174329535487596E+02
      3424  1.116952832542416E+02
      3425  1.257302819678547E+02
      3426  1.328546878849459E+02
      3427  1.359141502654698E+02
      3428  1.159102186854172E+02
      3429  1.610566159506666E+02
      3430  1.762707012902304E+02
      3431  1.803284200531086E+02
      3432  7.651536288798641E+01
      3433  6.912361047427791E+01
      3434  1.470048845411796E+02
      3435  1.423796445451800E+02
      3436  1.925729977250343E+02
      3437  1.304286498499556E+02
      3438  1.267231604978608E+02
      3439  1.008580856485131E+02
      3440  1.117353859138093E+02
      3441  1.112944416298434E+02
      3442  5.584487965160777E+01
      3443  1.255286109644471E+02
      3444  7.177849507250509E+01
      3445  1.334722067077271E+02
      3446  1.295054456524879E+02
      3447  1.297072947980699E+02
      3448  1.045723300233924E+02
      3449  1.045253337821973E+02
      3450  5.402716681200592E+01
      3451  4.886003176361470E+01
      3452  1.214130844273267E+02
      3453  1.111971874011771E+02
      3454  2.543524996386335E+01
      3455  3.238887554989068E+01
      3456  3.996797167673418E+01
      3457  4.808281821633881E+01
      3458  5.854930166455139E+01
      3459  5.854930142104624E+01
      3460  8.480941547046284E+01
      3461  9.131613234033341E+01
      3462  1.033340002834903E+02
      3463  1.072526961003124E+02
      3464  4.751875519518851E+01
      3465  1.267542064413914E+02
      3466  1.331084428050872E+02
      3467  1.288722936216810E+02
      3468  1.331084433788419E+02
      3469  1.373389310697646E+02
      3470  1.393808228750377E+02
      3471  1.393808221510996E+02
      3472  9.133666906581203E+01
      3473  8.481086438212017E+01
      3474  7.177862082429817E+01
      3475  7.177862048381596E+01
      3476  4.947323593723787E+01
      3477  5.064474023464086E+01
      3478  1.370104211811882E+02
      3479  1.348884364463881E+02
      3480  1.264158061873302E+02
      3481  1.242977210456262E+02
      3482  1.179434322246846E+02
      3483  1.391860235930661E+02
      3484  5.700921438697537E+01
      3485  6.216582287574342E+01
      3486  6.724215758947955E+01
      3487  7.736646723688578E+01
      3488  1.172087900381291E+02
      3489  1.172087901488772E+02
      3490  1.142491739532905E+02
      3491  1.104193564404295E+02
      3492  2.197311514799310E+01
      3493  2.990861646263605E+01
      3494  3.810758989537492E+01
      3495  3.751523287916974E+01
      3496  6.617090214837289E+01
      3497  7.435088450701539E+01
      3498  7.651536265881251E+01
      3499  9.211347635404736E+01
      3500  9.760901480127835E+01
      3501  1.008037166969242E+02
      3502  1.023622165464432E+02
      3503  1.036919912276490E+02
      3504  1.096326746124321E+02
      3505  1.117353851491760E+02
      3506  1.133226590633642E+02
      3507  1.153372008858687E+02
      3508  1.234901915148622E+02
      3509  1.236575709912257E+02
      3510  1.277790693421553E+02
      3511  1.298373497911669E+02
      3512  1.404249534515376E+02
      3513  1.457057117120847E+02
      3514  1.556080287870257E+02
      3515  1.508902272794677E+02
      3516  1.760603956832970E+02
      3517  1.816996937261507E+02
      3518  1.843938325592001E+02
      3519  1.879779145438134E+02
      3520  1.968990903435437E+02
      3521  1.989756424017863E+02
      3522  1.969710130555543E+02
      3523  1.969645369020763E+02
      3524  1.989570726011807E+02
      3525  1.989677388315856E+02
      3526  1.926366293605608E+02
      3527  1.903740496997155E+02
      3528  1.770922835929603E+02
      3529  1.698884365714101E+02
      3530  1.856477227167979E+02
      3531  1.732572152502879E+02
      3532  1.522054883815137E+02
      3533  1.531261772336662E+02
      3534  1.496470217979685E+02
      3535  1.483670476607315E+02
      3536  1.430003507218779E+02
      3537  1.416460144523261E+02
      3538  1.392632323089660E+02
      3539  1.370944563874103E+02
      3540  1.309057891776833E+02
      3541  1.287876946866332E+02
      3542  1.245515222615200E+02
      3543  1.222642433486298E+02
      3544  1.116952831429261E+02
      3545  1.118880282933940E+02
      3546  1.073097868032668E+02
      3547  1.034566036235583E+02
      3548  7.829394788393736E+01
      3549  7.177849465444520E+01
      3550  5.890199932581631E+01
      3551  5.861222289553334E+01
      3552  3.923636689868160E+01
      3553  3.576893239635687E+01
      3554  2.900355038803672E+01
      3555  2.900719136665512E+01
      3556  1.115000536487328E+02
      3557  1.526225878187502E+02
      3558  1.497627230488285E+02
      3559  1.465934320637963E+02
      3560  1.304212677614002E+02
      3561  1.365553561929109E+02
      3562  1.304541106697441E+02
      3563  1.325268111688586E+02
      3564  1.214130843258450E+02
      3565  1.181302472291416E+02
      3566  1.147367249136884E+02
      3567  1.131211093460946E+02
      3568  1.267231602884861E+02
      3569  1.304286495315292E+02
      3570  1.386312244078614E+02
      3571  1.407019571656656E+02
      3572  1.625710566653907E+02
      3573  1.660895853383728E+02
      3574  1.763826150699178E+02
      3575  1.865189984700744E+02
      3576  2.192703355950196E+01
      3577  1.369483796964932E+02
      3578  1.322261986621470E+02
      3579  1.301306086861499E+02
      3580  1.000844647728109E+02
      3581  1.004337996707491E+02
      3582  1.045253345470126E+02
      3583  1.067765679535031E+02
      3584  1.158780830368927E+02
      3585  1.178999498212880E+02
      3586  3.400823481873191E+01
      3587  1.229962251176601E+02
      3588  1.470159185644460E+02
      3589  1.310084832423517E+02
      3590  1.338438925241412E+02
      3591  1.334722051137842E+02
      3592  2.569658666185883E+01
      3593  1.160036164835557E+02
      3594  1.189116494711878E+02
      3595  1.172487408672676E+02
      3596  1.089750491187049E+02
      3597  1.067362581345712E+02
      3598  9.968407247256334E+01
      3599  3.488003165169103E+01
      3600  4.731760421833798E+01
      3601  1.949895910192237E+02
      3602  1.925729978024829E+02
      3603  1.228833981060072E+02
      3604  1.947701281604558E+02
      3605  1.931217520724082E+02
      3606  1.897136505198555E+02
      3607  1.913693779481565E+02
      3608  7.862038523566976E+01
      3609  1.371718658894758E+02
      3610  1.175140678103372E+02
      3611  1.189116492821356E+02
      3612  1.643298785003575E+02
      3613  1.832806680640365E+02
      3614  1.073097871540199E+02
      3615  1.094582124960149E+02
      3616  1.829353572635410E+02
      3617  1.878896415775794E+02
      3618  1.848400474844262E+02
      3619  1.903824016004569E+02
      3620  1.926443062346112E+02
      3621  1.882676356675963E+02
      3622  1.968952224708390E+02
      3623  1.968952225120537E+02
      3624  3.723436510634616E+01
      3625  1.133205913249498E+02
      3626  1.152644640440417E+02
      3627  1.133205919476074E+02
      3628  1.192897546378738E+02
      3629  1.213056484083797E+02
      3630  1.233215812707991E+02
      3631  1.233215814198526E+02
      3632  1.732572148261464E+02
      3633  1.272142778855276E+02
      3634  1.293691614280312E+02
      3635  1.313812166228491E+02
      3636  1.333721178884026E+02
      3637  1.353826364117953E+02
      3638  1.353826383205967E+02
      3639  1.377316900186728E+02
      3640  1.139675585402285E+02
      3641  1.906538083310725E+02
      3642  1.552253277825070E+02
      3643  1.552253310152599E+02
      3644  1.655386499417255E+02
      3645  1.655386478612941E+02
      3646  1.707285050851382E+02
      3647  1.760949114205295E+02
      3648  1.298401913499459E+02
      3649  1.319061370752391E+02
      3650  1.903656927609216E+02
      3651  1.189582032057840E+02
      3652  1.294934384651377E+02
      3653  1.236575730322532E+02
      3654  1.215968347061720E+02
      3655  1.215968357656887E+02
      3656  1.311946808888486E+02
      3657  1.133023144923919E+02
      3658  1.257183128846804E+02
      3659  6.106370141076609E+01
      3660  1.858398178434491E+02
      3661  1.858398177295701E+02
      3662  1.849613767205099E+02
      3663  1.831589131008678E+02
      3664  1.759948154416487E+02
      3665  1.759948145682410E+02
      3666  1.711516273329683E+02
      3667  1.711516207711310E+02
      3668  1.859219167710889E+02
      3669  1.610561263606996E+02
      3670  1.559841112552881E+02
      3671  1.559841120277578E+02
      3672  1.260707980215887E+02
      3673  1.239059247089138E+02
      3674  1.260707980402239E+02
      3675  1.278691605359486E+02
      3676  1.277790832053547E+02
      3677  1.309936195378550E+02
      3678  1.323407442163442E+02
      3679  1.323407442598073E+02
      3680  1.707285050154325E+02
      3681  1.080772048884918E+02
      3682  1.096641942470081E+02
      3683  1.080772050211868E+02
      3684  1.065973519354548E+02
      3685  1.501037704556844E+02
      3686  1.451947899184231E+02
      3687  1.036921960136331E+02
      3688  1.587575703234941E+02
      3689  9.941863106111029E+01
      3690  1.625464824257814E+02
      3691  1.587575703318345E+02
      3692  1.273534393610107E+02
      3693  1.695354268518745E+02
      3694  1.729594959030348E+02
      3695  1.729594959222946E+02
      3696  1.799465660224998E+02
      3697  1.343511905976754E+02
      3698  1.371095533843501E+02
      3699  1.343511909584155E+02
      3700  1.322513505026865E+02
      3701  1.322513502098540E+02
      3702  1.287433475225308E+02
      3703  1.117168919920616E+02
      3704  1.260755409094628E+02
      3705  1.969087779127424E+02
      3706  1.989868722593436E+02
      3707  1.969087778892114E+02
      3708  1.989868722530514E+02
      3709  1.948089262043035E+02
      3710  1.905157283798165E+02
      3711  1.882676357474698E+02
      3712  1.858778583583881E+02
      3713  1.111402374526602E+02
      3714  1.804246848450258E+02
      3715  1.804246846519105E+02
      3716  1.741639555122984E+02
      3717  1.741639554380568E+02
      3718  1.676104659801638E+02
      3719  1.709003583329560E+02
      3720  1.611281129746349E+02
      3721  1.581422409328748E+02
      3722  1.555508184862202E+02
      3723  1.555508185714982E+02
      3724  1.146197654527247E+02
      3725  1.163386508830059E+02
      3726  1.503350119113028E+02
      3727  1.490142518453363E+02
      3728  1.477094578867612E+02
      3729  1.183386891102749E+02
      3730  1.450977361802565E+02
      3731  1.450977365280535E+02
      3732  1.427290643438494E+02
      3733  1.427290644711205E+02
      3734  1.420327849634547E+02
      3735  1.285021410977757E+02
      3736  1.304362816710836E+02
      3737  1.239892654225659E+02
      3738  1.324535770604508E+02
      3739  1.345029260233986E+02
      3740  1.365645798922268E+02
      3741  1.345029264918991E+02
      3742  1.407025762688758E+02
      3743  1.407025763929857E+02
      3744  1.448753956388105E+02
      3745  1.448753960024557E+02
      3746  1.492823050027939E+02
      3747  1.492823050268412E+02
      3748  1.519198840589135E+02
      3749  1.004720060289326E+02
      3750  9.894313211647348E+01
      3751  9.894313166068908E+01
      3752  1.090059808386691E+02
      3753  1.090059812222489E+02
      3754  1.112521167323689E+02
      3755  1.112521164775243E+02
      3756  1.067788831120796E+02
      3757  1.112521161238509E+02
      3758  1.185528588125702E+02
      3759  1.494734651016669E+02
      3760  1.509060778327178E+02
      3761  1.476011441286741E+02
      3762  1.455566938375076E+02
      3763  1.455566938533832E+02
      3764  1.413078679198973E+02
      3765  1.413078680021078E+02
      3766  1.391613694844793E+02
      3767  1.370101930474052E+02
      3768  1.326860968555238E+02
      3769  1.326860968219174E+02
      3770  1.304876857712586E+02
      3771  1.282022051994646E+02
      3772  1.256593473278829E+02
      3773  1.282022052355906E+02
      3774  1.173826625241678E+02
      3775  1.154864485457943E+02
      3776  1.111938915412741E+02
      3777  1.111938911716002E+02
      3778  1.067336037825576E+02
      3779  1.067336035771304E+02
      3780  1.044680395862786E+02
      3781  1.021390024391888E+02
      3782  1.021390021947222E+02
      3783  9.963296594184096E+01
      3784  2.196020928140273E+01
      3785  2.579021765721924E+01
      3786  2.961534587659868E+01
      3787  3.343132941308235E+01
      3788  3.723436499041547E+01
      3789  2.196020934973956E+01
      3790  4.485474066094306E+01
      3791  4.485474066913252E+01
      3792  5.313373118363517E+01
      3793  5.313373158350780E+01
      3794  6.292520830527791E+01
      3795  6.292520822429724E+01
      3796  6.798306013738507E+01
      3797  7.304895500412324E+01
      3798  7.304895501693342E+01
      3799  7.810917738154373E+01
      3800  8.794693395879364E+01
      3801  9.210122176424105E+01
      3802  9.526490153973127E+01
      3803  9.526490139216726E+01
      3804  9.932356197419961E+01
      3805  9.932356182771136E+01
      3806  9.932356167495055E+01
      3807  1.024811579963143E+02
      3808  1.055723543552825E+02
      3809  1.055723544846873E+02
      3810  1.071080552160797E+02
      3811  1.086019211760335E+02
      3812  1.099217574050762E+02
      3813  1.099217578771991E+02
      3814  1.106768076849747E+02
      3815  1.106768076300413E+02
      3816  1.468606536097195E+02
      3817  1.468606534864556E+02
      3818  1.481586601720544E+02
      3819  1.481586603139654E+02
      3820  1.506489104414637E+02
      3821  1.506489105078070E+02
      3822  1.494332931843020E+02
      3823  1.203352919761627E+02
      3824  1.147405501172509E+02
      3825  1.147405500859183E+02
      3826  1.133125288810388E+02
      3827  1.121648330328072E+02
      3828  1.115720240479397E+02
      3829  1.115720241080132E+02
      3830  1.075759246640398E+02
      3831  1.104193564341950E+02
      3832  1.182583645482982E+02
      3833  8.245962482493913E+01
      3834  7.736646710243519E+01
      3835  7.230377093948390E+01
      3836  5.700921459775134E+01
      3837  1.158247436684922E+02
      3838  1.179434324079745E+02
      3839  1.158247435175929E+02
      3840  1.285338927684934E+02
      3841  1.306519829579944E+02
      3932  1.914374986435459E+02
      3933  4.521702092529450E+01
      3934  3.224261954877086E+01
      3935  1.328576271124416E+02
      3936  1.373765132718028E+02
      3937  1.105391916884115E+02
      3938  8.130257597884521E+01
      3939  1.914374986409274E+02
      3940  4.521702088594947E+01
      3941  3.224261946356628E+01
      3942  1.328576272536200E+02
      3943  1.373765132959196E+02
      3944  1.105391916845774E+02
      3945  8.130257598504288E+01
      3946  1.914374986309674E+02
      3947  4.521702160643237E+01
      3948  3.224261987167011E+01
      3949  1.328576280701828E+02
      3950  1.373765138138403E+02
      3951  1.105391920733070E+02
      3952  8.130257607827242E+01
      3953  1.930612468692687E+02
      3954  1.903253992598326E+02
      3955  9.783625926925122E+01
      3956  1.903253991426756E+02
      3957  1.910910591881586E+02
      3958  1.055640719713950E+02
      3959  1.458828365183191E+02
      3960  1.910910590534374E+02
      3961  1.912094531287967E+02
      3962  1.055640718509593E+02
      3963  1.886540405667052E+02
      3964  1.886540404154712E+02
      3965  1.067451128022027E+02
      3966  1.457057094352509E+02
      3967  6.912361009011016E+01
      3968  1.892661928454501E+02
      3969  1.892661926593370E+02
      3970  1.067451127277573E+02
      3971  1.894592785563185E+02
      3972  1.208260906703499E+02
      3973  1.038639134693201E+02
      3974  1.455966833712653E+02
      3975  1.208260906896239E+02
      3976  1.222430291122756E+02
      3977  1.034566037805915E+02
      3978  1.222430290342134E+02
      3979  1.625710566612133E+02
      3980  1.207517409633022E+02
      3981  1.038639133237795E+02
      3982  1.458828348554274E+02
      3983  7.026432540239675E+01
      3984  1.207517409868501E+02
      3985  1.214935041335618E+02
      3986  1.047380513005761E+02
      3987  1.266774218065603E+02
      3988  1.266774213492317E+02
      3989  1.086822604289947E+02
      3990  1.394392878213769E+02
      3991  1.282941995117004E+02
      3992  1.282941988642845E+02
      3993  1.086822603323329E+02
      3994  1.298852953687602E+02
      3995  1.298852945185380E+02
      3996  1.091573585471572E+02
      3997  1.394392864290141E+02
      3998  6.362148065598883E+01
      3999  1.313718707235115E+02
      4000  1.313718697510385E+02
      4001  1.091573584815384E+02
      4002  1.327277833444809E+02
      4003  1.327277822598965E+02
      4004  1.076027484396325E+02
      4005  1.386820485554487E+02
      4006  1.340731516564841E+02
      4007  1.340731505304651E+02
      4008  1.073097870141260E+02
      4009  1.876162632555476E+02
      4010  1.355321701073054E+02
      4011  1.365640996295145E+02
      4012  1.876162630521786E+02
      4013  1.076027483458278E+02
      4014  1.386820476946336E+02
      4015  6.147878875594952E+01
      4016  1.880489688274415E+02
      4017  1.880489687294200E+02
      4018  1.080675311849050E+02
      4019  1.872163479567927E+02
      4020  1.872163477823560E+02
      4021  1.108972786403065E+02
      4022  1.412358926975081E+02
      4023  1.878836515001945E+02
      4024  1.881880970621050E+02
      4025  1.108972785563389E+02
      4026  1.881880970837497E+02
      4027  1.874569574431149E+02
      4028  1.108783967890876E+02
      4029  1.412047056923250E+02
      4030  6.362148017947580E+01
      4031  1.874569574223306E+02
      4032  1.881573585822232E+02
      4033  1.108783967198820E+02
      4034  1.882127516349738E+02
      4035  1.882127516929246E+02
      4036  1.099210140067823E+02
      4037  1.412358913759006E+02
      4038  1.873466187622533E+02
      4039  1.873466188188469E+02
      4040  1.098451839090295E+02
      4041  1.882214122498898E+02
      4042  1.117728966134642E+02
      4043  1.235816164903806E+02
      4044  1.099210139249962E+02
      4045  1.404249537642701E+02
      4046  6.147878816161372E+01
      4047  1.235816163040736E+02
      4048  1.250817784710734E+02
      4049  1.100729178801453E+02
      4050  1.250817781468733E+02
      4051  1.235387520803986E+02
      4052  1.127155391672594E+02
      4053  1.366467502177033E+02
      4054  1.235387519065304E+02
      4055  1.114794466090547E+02
      4056  1.129245933430793E+02
      4057  1.114794466497581E+02
      4058  1.129759587869041E+02
      4059  1.127155390598926E+02
      4060  1.366467490631943E+02
      4061  6.510357058749709E+01
      4062  1.129759588665620E+02
      4063  1.145300595136793E+02
      4064  1.129245931787948E+02
      4065  1.145300596071700E+02
      4066  1.161087496843613E+02
      4067  1.118226528121077E+02
      4068  1.363948407609891E+02
      4069  1.161087497808713E+02
      4070  1.176991816858668E+02
      4071  1.118880283561149E+02
      4072  1.176991817709488E+02
      4073  1.244405891293806E+02
      4074  1.230097396314651E+02
      4075  1.207885457216895E+02
      4076  1.118226527096923E+02
      4077  1.363948396485832E+02
      4078  6.617090272347136E+01
      4079  1.207885457134403E+02
      4080  1.192794297088083E+02
      4081  1.116952832114866E+02
      4082  1.192794297718704E+02
      4083  1.221822610784153E+02
      4084  1.150222024498724E+02
      4085  1.378778187898849E+02
      4086  1.221822609891961E+02
      4087  1.236206225402507E+02
      4088  1.148501438605268E+02
      4089  1.236206223800529E+02
      4090  1.228833979928200E+02
      4091  1.150222021963648E+02
      4092  1.379189745689017E+02
      4093  6.401593621094726E+01
      4094  2.905247265895406E+01
      4095  2.905247216300959E+01
      4096  1.148501436804988E+02
      4097  3.231110601660588E+01
      4098  3.231110547209289E+01
      4099  1.138815957251908E+02
      4100  1.378778177037099E+02
      4101  3.555646542291571E+01
      4102  3.555646474902417E+01
      4103  1.139675583679348E+02
      4104  3.899115417175607E+01
      4105  1.371718649080346E+02
      4106  3.899115336115081E+01
      4107  1.137890896488456E+02
      4108  1.374519972426539E+02
      4109  6.510357009374898E+01
      4110  4.242165201331211E+01
      4111  4.242165107461048E+01
      4112  1.138815955063830E+02
      4113  4.556123656337174E+01
      4114  4.556123566844141E+01
      4115  1.171384545090276E+02
      4116  1.346303027738310E+02
      4117  1.101405158350878E+02
      4118  1.101405158336320E+02
      4119  1.169690525235951E+02
      4120  1.870706308638147E+02
      4121  1.870706309557012E+02
      4122  1.171384541564999E+02
      4123  1.346303015707223E+02
      4124  5.848715976453579E+01
      4125  1.857100180429199E+02
      4126  1.857100181493097E+02
      4127  1.169690522545584E+02
      4128  1.892244174892553E+02
      4129  1.892244175360028E+02
      4130  1.159954499420022E+02
      4131  1.347942032896634E+02
      4132  1.881033112027479E+02
      4133  1.881033112818246E+02
      4134  1.160797273919543E+02
      4135  1.881594109448371E+02
      4136  1.507620824238924E+02
      4137  1.516354492923595E+02
      4138  1.914717618590306E+02
      4139  1.159102185988606E+02
      4140  1.347942020115299E+02
      4141  5.646166134419076E+01
      4142  1.914717618852391E+02
      4143  1.903554326860030E+02
      4144  1.159954496439148E+02
      4145  1.903554327466279E+02
      4146  1.903656927385879E+02
      4147  1.192563464945446E+02
      4148  1.357335660350231E+02
      4149  1.937166514466163E+02
      4150  1.937166514834295E+02
      4151  1.190871326303707E+02
      4152  1.925781087307552E+02
      4153  1.925781087906015E+02
      4154  1.192563460295669E+02
      4155  1.356449845686947E+02
      4156  5.848715917007974E+01
      4157  1.925729977471322E+02
      4158  1.947500126541952E+02
      4159  1.190871322372330E+02
      4160  1.947500127002311E+02
      4161  1.947985482171273E+02
      4162  1.181128227035224E+02
      4163  1.357335649381454E+02
      4164  1.947985482453551E+02
      4165  1.958380012417890E+02
      4166  1.181973272768436E+02
      4167  1.958380012623129E+02
      4168  3.432771059621388E+01
      4169  1.947701281864838E+02
      4170  1.180281664875746E+02
      4171  1.355454534225249E+02
      4172  5.646166065471416E+01
      4173  1.949634937258013E+02
      4174  1.949634937191197E+02
      4175  1.181128222695636E+02
      4176  1.959016313438992E+02
      4177  1.959016313612194E+02
      4178  1.213744038220553E+02
      4179  1.329425392129234E+02
      4180  1.948834122146914E+02
      4181  1.949988388007237E+02
      4182  1.212052029746836E+02
      4183  1.949988387584704E+02
      4184  1.959604038830436E+02
      4185  1.213744032133441E+02
      4186  1.326456867771130E+02
      4187  5.998314572421675E+01
      4188  1.959604038641652E+02
      4189  1.949895910174280E+02
      4190  1.212052024543689E+02
      4191  1.949619760301743E+02
      4192  1.949619759530104E+02
      4193  1.202307847662130E+02
      4194  1.329425378213616E+02
      4195  1.959652948434486E+02
      4196  1.959652947926869E+02
      4197  1.203153643502576E+02
      4198  5.288844753340659E+01
      4199  1.949867036281449E+02
      4200  5.172333196109557E+01
      4201  6.197212986481532E+01
      4202  1.959325894031331E+02
      4203  1.201461778424530E+02
      4204  1.326456856413542E+02
      4205  6.106370111589344E+01
      4206  1.959325893296536E+02
      4207  1.939209556567135E+02
      4208  1.202307842121505E+02
      4209  1.939209555377585E+02
      4210  1.948933179000158E+02
      4211  1.234924821446962E+02
      4212  1.338884165193227E+02
      4213  1.948933177858104E+02
      4214  1.949299712896483E+02
      4215  1.233232821630169E+02
      4216  1.919338295456629E+02
      4217  1.919338293968533E+02
      4218  1.234924812921143E+02
      4219  1.336323261700290E+02
      4220  5.896036137707362E+01
      4221  1.928513550027104E+02
      4222  1.928513548606915E+02
      4223  1.233232813169728E+02
      4224  1.929286908606835E+02
      4225  1.899844764614421E+02
      4226  1.223488457217160E+02
      4227  1.338884153430668E+02
      4228  1.899844762825822E+02
      4229  1.908044472540690E+02
      4230  1.224334408217581E+02
      4231  1.908044470974927E+02
      4232  9.772797776603528E+01
      4233  1.909536920936430E+02
      4234  1.222642437189078E+02
      4235  1.339141753114315E+02
      4236  5.998314523315069E+01
      4237  1.881251170770081E+02
      4238  1.881251168864012E+02
      4239  1.223488449505585E+02
      4240  1.887594725471286E+02
      4241  1.887594723672644E+02
      4242  1.256105644396589E+02
      4243  1.308709697140004E+02
      4244  1.890328568838850E+02
      4245  1.865123265147811E+02
      4246  1.254413644354130E+02
      4247  1.865123263194424E+02
      4248  1.868082027890062E+02
      4249  1.256105637553983E+02
      4250  1.306225346779986E+02
      4251  5.310352693449568E+01
      4252  1.868082026456467E+02
      4253  1.872668300978275E+02
      4254  1.254413635340871E+02
      4255  1.354110620565241E+02
      4256  1.354110609874637E+02
      4257  1.244669237657690E+02
      4258  1.308709685476723E+02
      4259  4.433224351532998E+01
      4260  4.433224267354598E+01
      4261  1.245515226172540E+02
      4262  4.575758597417908E+01
      4263  1.159102183816801E+02
      4264  1.159954497765687E+02
      4265  4.575758505922791E+01
      4266  1.243823225973041E+02
      4267  1.306225333997727E+02
      4268  5.171718745534190E+01
      4269  4.057943046161372E+01
      4270  4.057942961271878E+01
      4271  1.244669227162835E+02
      4272  4.258668701864003E+01
      4273  4.258668643246497E+01
      4274  1.277286505158654E+02
      4275  1.318971802770107E+02
      4276  4.247979671610988E+01
      4277  3.680991443789252E+01
      4278  1.275594502686367E+02
      4279  3.680991366513987E+01
      4280  3.842895452613900E+01
      4281  1.277286497520503E+02
      4282  1.319013957910929E+02
      4283  5.310352630926704E+01
      4284  3.842895398027734E+01
      4285  3.869691967932381E+01
      4286  1.275594495731003E+02
      4287  3.141928316507035E+01
      4288  3.141928257741039E+01
      4289  1.265850071771630E+02
      4290  1.316433748142761E+02
      4291  3.299747121880961E+01
      4292  3.299747059737670E+01
      4293  1.266696069375956E+02
      4294  3.426287551872784E+01
      4295  1.317956379310006E+02
      4296  3.426287498153449E+01
      4297  1.265004067104516E+02
      4298  1.318971790509974E+02
      4299  5.171718685466615E+01
      4300  3.488003169470484E+01
      4301  2.758184711170735E+01
      4302  1.265850062855754E+02
      4303  2.758184673398484E+01
      4304  2.994631601586682E+01
      4305  1.298467386175933E+02
      4306  1.288094877534087E+02
      4307  2.994631555884335E+01
      4308  2.951475115094158E+01
      4309  1.296775389605076E+02
      4310  9.489122542054096E+01
      4311  9.489122569296545E+01
      4312  1.298467379104835E+02
      4313  1.285853151600039E+02
      4314  5.478889702289143E+01
      4315  9.831131521505306E+01
      4316  9.831131559732370E+01
      4317  1.296775383687656E+02
      4318  9.731522253568433E+01
      4319  9.676431529835577E+01
      4320  1.287030947249056E+02
      4321  1.288094865705818E+02
      4322  9.731522287737380E+01
      4323  1.009500157249644E+02
      4324  1.287876948835910E+02
      4325  1.009500161766232E+02
      4326  1.425696278077126E+02
      4327  1.422541139138683E+02
      4328  9.986352782334174E+01
      4329  1.286184933115571E+02
      4330  1.285853138480553E+02
      4331  5.584487913736663E+01
      4332  9.968407238365198E+01
      4333  9.986352824236759E+01
      4334  1.287030939377105E+02
      4335  1.033260615838096E+02
      4336  1.033260620931948E+02
      4337  1.319648301536943E+02
      4338  1.298395830213423E+02
      4339  1.022188217243745E+02
      4340  1.021568093407538E+02
      4341  1.317956384914309E+02
      4342  1.022188222025116E+02
      4343  1.056092666276065E+02
      4344  1.319648294739307E+02
      4345  1.298373512428691E+02
      4346  5.402716645211209E+01
      4347  1.056092671911326E+02
      4348  1.044968566344919E+02
      4349  1.317956379015077E+02
      4350  1.044744946880898E+02
      4351  1.044968571664512E+02
      4352  1.308211904070229E+02
      4353  1.296100066674058E+02
      4354  1.078575882876152E+02
      4355  1.078575888164873E+02
      4356  1.309057892774572E+02
      4357  1.067454008750753E+02
      4358  1.514422523936927E+02
      4359  1.067362578492834E+02
      4360  1.307365828240999E+02
      4361  1.298395817780215E+02
      4362  5.478889648297388E+01
      4363  1.067454014373623E+02
      4364  1.100883430075020E+02
      4365  1.308211896655696E+02
      4366  1.100883434801288E+02
      4367  1.089815799851713E+02
      4368  1.340828956997751E+02
      4369  1.267486850697689E+02
      4370  1.089750490326600E+02
      4371  1.089815804798230E+02
      4372  1.339138194868943E+02
      4373  1.122985602241937E+02
      4374  1.122985606539416E+02
      4375  1.340828950612012E+02
      4376  1.265470766585631E+02
      4377  4.737601435676538E+01
      4378  1.112085367388700E+02
      4379  1.111971876970788E+02
      4380  1.339138189517033E+02
      4381  1.112085372025276E+02
      4382  1.144621140253183E+02
      4383  1.329393227581113E+02
      4384  1.267486838771861E+02
      4385  1.144621143625163E+02
      4386  1.134186527683013E+02
      4387  1.330239025825899E+02
      4388  1.133899364325326E+02
      4389  1.681943691631500E+02
      4390  1.672466183649116E+02
      4391  1.134186531615806E+02
      4392  1.328546875704403E+02
      4393  1.265470753776910E+02
      4394  4.737601365652742E+01
      4395  1.165033875305549E+02
      4396  1.165033877760225E+02
      4397  1.329393220445104E+02
      4398  1.155840930618348E+02
      4399  1.155082600178909E+02
      4400  1.362003319522534E+02
      4401  1.277790302325112E+02
      4402  1.155840933660755E+02
      4403  1.186480497724296E+02
      4404  1.360328950575420E+02
      4405  1.186480498888703E+02
      4406  1.195967031652965E+02
      4407  1.362003313508276E+02
      4408  1.277790709165243E+02
      4409  4.827182656926936E+01
      4410  1.195967032464641E+02
      4411  1.195511726373002E+02
      4412  1.360328945609694E+02
      4413  1.195511726955527E+02
      4414  1.201892975945658E+02
      4415  1.350576619183816E+02
      4416  1.275670024394149E+02
      4417  1.182440860317636E+02
      4418  1.182440861840840E+02
      4419  1.351419594815508E+02
      4420  1.193715040948938E+02
      4421  1.856477228820180E+02
      4422  1.193715042215887E+02
      4423  1.349729993537875E+02
      4424  1.277790289683450E+02
      4425  4.827182580337929E+01
      4426  1.176165415530326E+02
      4427  1.174329536675081E+02
      4428  1.350576612568942E+02
      4429  1.176165417680539E+02
      4430  1.189582032710802E+02
      4431  1.383073136198425E+02
      4432  1.246879417246013E+02
      4433  1.178448205396996E+02
      4434  1.178448206115760E+02
      4435  1.381632462511002E+02
      4436  1.182242355253946E+02
      4437  1.182242356197476E+02
      4438  1.383073130455205E+02
      4439  1.245087459382819E+02
      4440  4.998126439313962E+01
      4441  1.185868657483051E+02
      4442  1.183386889761591E+02
      4443  1.381632457598452E+02
      4444  1.185868658330273E+02
      4445  1.189116493432120E+02
      4446  1.371774379703661E+02
      4447  1.246879405617434E+02
      4448  1.165727148738558E+02
      4449  1.165727149273522E+02
      4450  1.372575320658948E+02
      4451  1.979179518978332E+02
      4452  1.968666941673308E+02
      4453  1.167668186301693E+02
      4454  1.989652752019845E+02
      4455  1.968924771777974E+02
      4456  1.167668187356174E+02
      4457  1.370944565264801E+02
      4458  1.245087446628118E+02
      4459  4.947323559758045E+01
      4460  1.173632831950785E+02
      4461  1.172487407939919E+02
      4462  1.371774373572045E+02
      4463  1.173632832703035E+02
      4464  1.175140678706332E+02
      4465  1.404570302448960E+02
      4466  1.257183083476378E+02
      4467  1.150796987893225E+02
      4468  1.150796988308285E+02
      4469  1.402558513087675E+02
      4470  1.152208534049744E+02
      4471  1.152208535107567E+02
      4472  1.404570297500765E+02
      4473  1.257183113673307E+02
      4474  4.998126366684843E+01
      4475  1.159170631787400E+02
      4476  1.158486780830552E+02
      4477  1.402558507927622E+02
      4478  1.159170632495491E+02
      4479  1.160036164592996E+02
      4480  1.393083287625303E+02
      4481  1.255286101748843E+02
      4482  1.134335076092759E+02
      4483  1.134335076355113E+02
      4484  1.393261647485652E+02
      4485  1.136231050741245E+02
      4486  1.969069728176013E+02
      4487  1.136231051682901E+02
      4488  1.392632325513744E+02
      4489  1.257183071077922E+02
      4490  5.040124571320175E+01
      4491  1.143470749954941E+02
      4492  1.142776765314656E+02
      4493  1.393083281523007E+02
      4494  1.143470750487287E+02
      4495  1.144303371173455E+02
      4496  1.415910713222956E+02
      4497  1.226272048658199E+02
      4498  1.115908932235880E+02
      4499  1.115908932459422E+02
      4500  1.421821137717080E+02
      4501  1.119755165903157E+02
      4502  1.119755166616157E+02
      4503  1.419290189731127E+02
      4504  1.224704105948227E+02
      4505  4.336538230611659E+01
      4506  1.126701272073470E+02
      4507  1.125470293554184E+02
      4508  1.415910707656593E+02
      4509  1.126701272493466E+02
      4510  1.128109252396774E+02
      4511  1.421821133457889E+02
      4512  1.226272037609847E+02
      4513  1.093585277824100E+02
      4514  1.093585277963608E+02
      4515  1.412569572828584E+02
      4516  1.102769512304414E+02
      4517  1.803284180647719E+02
      4518  1.808803695700819E+02
      4519  1.102769512634284E+02
      4520  1.410749679017611E+02
      4521  1.224704093692351E+02
      4522  4.336538179619240E+01
      4523  1.108345771731753E+02
      4524  1.105487730855258E+02
      4525  1.412569567744163E+02
      4526  1.108345772116075E+02
      4527  1.111402374778406E+02
      4528  1.422279053268445E+02
      4529  1.236575728714469E+02
      4530  1.061937330528409E+02
      4531  1.061937329944597E+02
      4532  1.430520336440599E+02
      4533  1.086908518461474E+02
      4534  1.086908518258028E+02
      4535  1.422279048959483E+02
      4536  1.236575725053931E+02
      4537  4.421413530707096E+01
      4538  1.087297664465442E+02
      4539  1.079477962561633E+02
      4540  1.430520332525048E+02
      4541  1.087297664472163E+02
      4542  1.094582125315727E+02
      4543  1.422541142308495E+02
      4544  1.234901928422659E+02
      4545  5.170848662364710E+01
      4546  5.170848589098080E+01
      4547  1.425696280320625E+02
      4548  4.994136647123246E+01
      4549  1.429793879621598E+02
      4550  4.994136584521236E+01
      4551  1.422541137054233E+02
      4552  1.236575716556755E+02
      4553  4.421413440892190E+01
      4554  4.821691571547427E+01
      4555  4.821691482255169E+01
      4556  1.416460147087107E+02
      4557  4.980567377499816E+01
      4558  5.048227361501459E+01
      4559  1.437271534855168E+02
      4560  1.205664668079261E+02
      4561  4.980567299856408E+01
      4562  5.037300854897004E+01
      4563  1.442434983725414E+02
      4564  5.037300777381871E+01
      4565  4.668852586706687E+01
      4566  1.437271531970694E+02
      4567  1.204320834763813E+02
      4568  4.579275512603598E+01
      4569  4.668852507425504E+01
      4570  4.877571769557770E+01
      4571  1.442434980532575E+02
      4572  4.984347107881525E+01
      4573  4.877571695009871E+01
      4574  1.433515928536664E+02
      4575  1.205664657910066E+02
      4576  4.731760370455539E+01
      4577  1.340315453138062E+02
      4578  1.430003508865119E+02
      4579  1.340315443028802E+02
      4580  1.285853129713962E+02
      4581  1.298373495664469E+02
      4582  1.353013679734999E+02
      4583  1.436242200220473E+02
      4584  1.204320823595589E+02
      4585  4.534215249501099E+01
      4586  1.353013667129484E+02
      4587  1.338501410700767E+02
      4588  1.433515924674414E+02
      4589  1.338501399161852E+02
      4590  1.344065515172862E+02
      4591  1.450902641569863E+02
      4592  1.215968388360508E+02
      4593  1.344065501424875E+02
      4594  1.344613254154758E+02
      4595  1.455339807335236E+02
      4596  1.340741505663156E+02
      4597  1.344613242777541E+02
      4598  1.450902639218296E+02
      4599  1.215968359911847E+02
      4600  4.579275427516527E+01
      4601  1.348950643338928E+02
      4602  1.329581846086331E+02
      4603  1.455339804670799E+02
      4604  1.329581834922014E+02
      4605  1.332177764619947E+02
      4606  1.446599184350648E+02
      4607  1.214517780183865E+02
      4608  1.332177751106917E+02
      4609  1.336600012131206E+02
      4610  1.444159927410610E+02
      4611  1.334722060594478E+02
      4612  1.174755541321353E+02
      4613  1.336600000612211E+02
      4614  1.448858334097308E+02
      4615  1.215968376990503E+02
      4616  4.621139096244752E+01
      4617  1.338438930773985E+02
      4618  1.317086665881214E+02
      4619  1.446599180985579E+02
      4620  1.317086659977268E+02
      4621  1.319083019463217E+02
      4622  1.464131726196377E+02
      4623  1.185056885630205E+02
      4624  1.319083009301377E+02
      4625  1.324618681248030E+02
      4626  1.468406818109230E+02
      4627  1.323673657045513E+02
      4628  1.324618670516323E+02
      4629  1.464131724150889E+02
      4630  1.183938479938917E+02
      4631  3.945121238643546E+01
      4632  1.325769428514080E+02
      4633  1.302704000630018E+02
      4634  1.468406815862220E+02
      4635  1.302703994248428E+02
      4636  1.304821574062900E+02
      4637  1.459721712045532E+02
      4638  1.185056876559609E+02
      4639  1.304821565705057E+02
      4640  1.310612490166729E+02
      4641  1.457551306261711E+02
      4642  1.310084834467919E+02
      4643  1.058676367894189E+02
      4644  1.068495322138691E+02
      4645  1.310612482971064E+02
      4646  1.461883405523848E+02
      4647  1.183938470006015E+02
      4648  3.945121190944381E+01
      4649  1.311946802400185E+02
      4650  1.287098748491869E+02
      4651  1.459721709283074E+02
      4652  1.287098744450286E+02
      4653  1.289232371314857E+02
      4654  1.477183987295758E+02
      4655  1.195361183206297E+02
      4656  1.289232363759901E+02
      4657  1.295480686204047E+02
      4658  1.481451078283872E+02
      4659  1.295054452581876E+02
      4660  1.295480678225130E+02
      4661  1.477183985415743E+02
      4662  1.195360877997054E+02
      4663  4.009202105717276E+01
      4664  1.297072942817694E+02
      4665  1.270193348995954E+02
      4666  1.481451076377244E+02
      4667  1.270193346359682E+02
      4668  1.272874208672174E+02
      4669  1.472797632924270E+02
      4670  1.194133958140439E+02
      4671  1.272874203090967E+02
      4672  1.279445466699048E+02
      4673  1.470686474888311E+02
      4674  1.278857290332302E+02
      4675  9.805614807007950E+01
      4676  1.279445460560755E+02
      4677  1.474943947696725E+02
      4678  1.195361172954783E+02
      4679  4.009202031412668E+01
      4680  1.281123200986321E+02
      4681  1.251049529822818E+02
      4682  1.472797630488012E+02
      4683  1.251049528202472E+02
      4684  1.255742540502293E+02
      4685  1.490078169382676E+02
      4686  1.164443780649327E+02
      4687  1.255742536715722E+02
      4688  1.262231759590166E+02
      4689  1.494493377080218E+02
      4690  1.261016543859653E+02
      4691  1.262231755269672E+02
      4692  1.490078167878910E+02
      4693  1.163567607432263E+02
      4694  4.177598541419378E+01
      4695  1.264427706794046E+02
      4696  1.226698552727738E+02
      4697  1.494493375655527E+02
      4698  1.226698552064623E+02
      4699  1.223218689306790E+02
      4700  1.485799670324082E+02
      4701  1.164443772733007E+02
      4702  1.223218688099647E+02
      4703  1.238349287951104E+02
      4704  1.483670478115894E+02
      4705  6.871689983840967E+01
      4706  1.238349285722799E+02
      4707  6.655724196672774E+01
      4708  7.128434376662148E+01
      4709  1.229962249144141E+02
      4710  1.487975679103991E+02
      4711  1.163567598975023E+02
      4712  4.141301558848986E+01
      4713  1.242978355547557E+02
      4714  1.239892652803100E+02
      4715  1.485799668347086E+02
      4716  1.242978352770848E+02
      4717  1.247008994420155E+02
      4718  1.502684550398411E+02
      4719  1.174755555980624E+02
      4720  1.200181852118529E+02
      4721  1.200181853198987E+02
      4722  1.507805226449913E+02
      4723  1.205769004567303E+02
      4724  1.205769005239848E+02
      4725  1.502684549206619E+02
      4726  1.174751702474122E+02
      4727  4.177598457856222E+01
      4728  1.189451585298754E+02
      4729  1.189451586953773E+02
      4730  1.507805225641326E+02
      4731  1.199039537948184E+02
      4732  1.213967026204376E+02
      4733  1.498747993809965E+02
      4734  1.173754133037705E+02
      4735  1.171328923256670E+02
      4736  1.171328925699908E+02
      4737  1.496470219146315E+02
      4738  1.168047794142318E+02
      4739  4.219738961504032E+01
      4740  1.168047796984137E+02
      4741  1.501099937214294E+02
      4742  1.174755546822680E+02
      4743  4.219739029917854E+01
      4744  1.182341039874247E+02
      4745  1.184789393430870E+02
      4746  1.498747992351574E+02
      4747  1.182341041858908E+02
      4748  1.178999495119595E+02
      4749  1.514422525734580E+02
      4750  1.143760443530260E+02
      4751  1.146872421558984E+02
      4752  1.146872424735623E+02
      4753  1.522666914282701E+02
      4754  1.145751802611968E+02
      4755  1.145751806277882E+02
      4756  1.514422524661209E+02
      4757  1.143336697862965E+02
      4758  3.557346325225643E+01
      4759  1.158019457426303E+02
      4760  1.158780826821916E+02
      4761  1.522666913534471E+02
      4762  1.158019460324339E+02
      4763  1.156930333274201E+02
      4764  1.511772277257687E+02
      4765  1.143760436837930E+02
      4766  1.123813617593509E+02
      4767  1.123813621417468E+02
      4768  1.508836282141376E+02
      4769  1.123408697529080E+02
      4770  1.889439123254808E+02
      4771  1.897136505739119E+02
      4772  1.123408702039662E+02
      4773  1.514950959630857E+02
      4774  1.143336690707055E+02
      4775  3.557346286702562E+01
      4776  1.134969346570056E+02
      4777  1.135244686412474E+02
      4778  1.511772276210266E+02
      4779  1.134969350274826E+02
      4780  1.134575967026968E+02
      4781  1.541145578011778E+02
      4782  1.154169753768081E+02
      4783  1.101243688417576E+02
      4784  1.101243692661029E+02
      4785  1.541145577588473E+02
      4786  1.101068767542181E+02
      4787  1.101068772544542E+02
      4788  1.531241721680273E+02
      4789  1.154147252914261E+02
      4790  3.611088598669798E+01
      4791  1.112386285819349E+02
      4792  1.112491190184674E+02
      4793  1.531241720664823E+02
      4794  1.112386290115671E+02
      4795  1.112236444369020E+02
      4796  1.527233971147515E+02
      4797  1.153372015951608E+02
      4798  1.078884338057620E+02
      4799  1.078884342537242E+02
      4800  1.531261773528150E+02
      4801  1.078735144008607E+02
      4802  1.327277818282816E+02
      4803  1.078735149493385E+02
      4804  1.527233970060493E+02
      4805  1.154169745962339E+02
      4806  3.611088538787219E+01
      4807  1.089984096311561E+02
      4808  1.090042984943732E+02
      4809  1.522054885584273E+02
      4810  1.089984100941099E+02
      4811  1.089900835301840E+02
      4812  1.564065739733877E+02
      4813  1.122172807552716E+02
      4814  1.056704900227115E+02
      4815  1.056704904592984E+02
      4816  1.564065739877582E+02
      4817  1.056409467249392E+02
      4818  1.056409472801978E+02
      4819  1.552766550066059E+02
      4820  1.124796922001249E+02
      4821  3.779920636968966E+01
      4822  1.067684621479987E+02
      4823  1.067765674981354E+02
      4824  1.552766549621851E+02
      4825  1.067684626403870E+02
      4826  1.067571129377824E+02
      4827  1.547063155086811E+02
      4828  1.122172802389282E+02
      4829  1.034881746984646E+02
      4830  1.034881751098108E+02
      4831  1.551840653247908E+02
      4832  1.034102772705343E+02
      4833  1.101405158173390E+02
      4834  1.870706310525272E+02
      4835  1.034102777876880E+02
      4836  1.547063154545809E+02
      4837  1.124796916174697E+02
      4838  3.751523312040209E+01
      4839  1.045527236105882E+02
      4840  1.045723303104566E+02
      4841  1.540930201382712E+02
      4842  1.045527240817372E+02
      4843  1.045253341199989E+02
      4844  1.591857577653990E+02
      4845  1.133817679662696E+02
      4846  1.013994020036822E+02
      4847  1.013994023760300E+02
      4848  1.591857578388259E+02
      4849  1.011863605864053E+02
      4850  1.011863610566806E+02
      4851  1.580750103551442E+02
      4852  1.133226598225446E+02
      4853  3.779920562045170E+01
      4854  1.023716569870034E+02
      4855  1.024248066497497E+02
      4856  1.580750103856596E+02
      4857  1.023716574235593E+02
      4858  1.022972436257766E+02
      4859  1.572265801501800E+02
      4860  1.133630675878870E+02
      4861  9.956620463205317E+01
      4862  9.956620494605158E+01
      4863  1.577381845900618E+02
      4864  9.900200403617718E+01
      4865  1.908044469672140E+02
      4866  9.900200443545458E+01
      4867  1.572265801467200E+02
      4868  1.133817673097198E+02
      4869  3.810759002081150E+01
      4870  1.002892520771651E+02
      4871  1.004337993872368E+02
      4872  1.565858956071306E+02
      4873  1.002892524556166E+02
      4874  1.000844644751108E+02
      4875  1.623114061585615E+02
      4876  1.105123683775247E+02
      4877  9.838030980519899E+01
      4878  9.838031010116549E+01
      4879  1.623114062788777E+02
      4880  9.705512290180189E+01
      4881  9.705512323616693E+01
      4882  1.613834176948769E+02
      4883  1.102199645275805E+02
      4884  3.166114886961964E+01
      4885  9.850502474958108E+01
      4886  9.884788611815503E+01
      4887  1.613834178378594E+02
      4888  9.850502507924695E+01
      4889  9.797280937769466E+01
      4890  1.602480221377880E+02
      4891  1.105123679561405E+02
      4892  1.265579624624213E+02
      4893  1.265579622330696E+02
      4894  1.607165362928863E+02
      4895  1.261639222605615E+02
      4896  1.033260622842843E+02
      4897  1.021568096942976E+02
      4898  1.261639219041567E+02
      4899  1.602480222106218E+02
      4900  1.102199641639625E+02
      4901  3.166114859987490E+01
      4902  1.279449872347883E+02
      4903  1.279449869506436E+02
      4904  1.596885557031800E+02
      4905  1.276909971474461E+02
      4906  1.276909966894870E+02
      4907  1.655881496295892E+02
      4908  1.106149945802829E+02
      4909  1.271043346121946E+02
      4910  1.272142777562204E+02
      4911  1.655881498378620E+02
      4912  1.271043343541606E+02
      4913  1.269095958000551E+02
      4914  1.647942438289565E+02
      4915  1.111947446658841E+02
      4916  3.195187503050387E+01
      4917  1.295497552649859E+02
      4918  1.295497548524792E+02
      4919  1.647942440698809E+02
      4920  1.293070314664262E+02
      4921  1.293070308455054E+02
      4922  1.635285487019359E+02
      4923  1.107798173947910E+02
      4924  1.286680672301291E+02
      4925  1.287265392027423E+02
      4926  1.639390634599131E+02
      4927  1.286680668815908E+02
      4928  1.183386890653660E+02
      4929  1.185868659290433E+02
      4930  1.284926482213441E+02
      4931  1.635285488481447E+02
      4932  1.106149941650735E+02
      4933  3.195187455715448E+01
      4934  1.189116494195952E+02
      4935  1.165727149765678E+02
      4936  1.312954134200644E+02
      4937  1.167668187879358E+02
      4938  1.182242356848750E+02
      4939  1.178448206766174E+02
      4940  1.189582033937537E+02
      4941  1.176165419696894E+02
      4942  1.174329538619626E+02
      4943  1.193715043448097E+02
      4944  1.182440863491773E+02
      4945  1.201892976482158E+02
      4946  1.195511727836645E+02
      4947  1.195967033432687E+02
      4948  1.186480499734799E+02
      4949  1.155840935864422E+02
      4950  1.155082602702379E+02
      4951  1.165033879639634E+02
      4952  1.134186534080252E+02
      4953  1.133899367437288E+02
      4954  1.144621145608873E+02
      4955  1.112085374754716E+02
      4956  1.111971880502842E+02
      4957  1.122985608626456E+02
      4958  1.089815807636462E+02
      4959  1.089750494185231E+02
      4960  1.100883436997211E+02
      4961  1.067454017298119E+02
      4962  1.067362582596480E+02
      4963  1.078575890422361E+02
      4964  1.044968574455150E+02
      4965  1.044744950864160E+02
      4966  1.056092674100132E+02
      4967  1.022188224477728E+02
      4968  1.172487408586102E+02
      4969  1.312954128911354E+02
      4970  9.986352844494887E+01
      4971  9.968407268442137E+01
      4972  1.009500163292963E+02
      4973  9.731522303712123E+01
      4974  9.676431553443965E+01
      4975  9.831131571666675E+01
      4976  9.489122579837905E+01
      4977  2.951475082682962E+01
      4978  2.994631529301491E+01
      4979  2.758184648037614E+01
      4980  3.488003127294240E+01
      4981  3.426287476456073E+01
      4982  3.299747035054359E+01
      4983  3.141928242163895E+01
      4984  3.869691914108996E+01
      4985  3.842895355307309E+01
      4986  3.680991344703413E+01
      4987  4.247979609575482E+01
      4988  4.258668588525617E+01
      4989  4.057942912659271E+01
      4990  4.575758460986007E+01
      4991  4.433224213772542E+01
      4992  1.354110601608833E+02
      4993  1.872668299025831E+02
      4994  1.868082026726553E+02
      4995  1.865123263488181E+02
      4996  1.890328566927815E+02
      4997  1.887594722838395E+02
      4998  1.881251167787866E+02
      4999  1.909536919198774E+02
      5000  1.630836454238411E+02
      5001  1.899844761324341E+02
      5002  1.929286907426531E+02
      5003  1.928513547397097E+02
      5004  1.919338292874870E+02
      5005  1.949299712158903E+02
      5006  1.948933176999051E+02
      5007  1.939209554605599E+02
      5008  1.959325892802497E+02
      5009  1.949867035818950E+02
      5010  1.959652947634697E+02
      5011  1.949619759100513E+02
      5012  1.949895909851211E+02
      5013  1.959604038534256E+02
      5014  1.949988387319258E+02
      5015  1.948834122276697E+02
      5016  1.959016313757155E+02
      5017  1.949634937212844E+02
      5018  1.947701282217049E+02
      5019  1.958380012820834E+02
      5020  1.947985482669540E+02
      5021  1.947500127297919E+02
      5022  1.925729977810022E+02
      5023  1.925781088260085E+02
      5024  1.937166515116510E+02
      5025  1.903656927817108E+02
      5026  1.903554327818300E+02
      5027  1.914717619231855E+02
      5028  1.881594110205220E+02
      5029  1.881033113583819E+02
      5030  1.892244176004208E+02
      5031  1.857100182445539E+02
      5032  1.173632833263392E+02
      5033  1.175140679487942E+02
      5034  4.556123547770599E+01
      5035  4.242165087244185E+01
      5036  3.899115326465341E+01
      5037  3.555646474907751E+01
      5038  3.231110551146573E+01
      5039  2.905247218478960E+01
      5040  1.228833979215574E+02
      5041  1.236206223650567E+02
      5042  1.221822609985026E+02
      5043  1.192794298264289E+02
      5044  1.207885457562420E+02
      5045  1.176991818193330E+02
      5046  1.161087498210870E+02
      5047  1.145300596368552E+02
      5048  1.129759588832763E+02
      5049  1.114794466520319E+02
      5050  1.235387519064247E+02
      5051  1.250817780948817E+02
      5052  1.235816163501621E+02
      5053  1.882214123191008E+02
      5054  1.873466188758114E+02
      5055  1.882127517597049E+02
      5056  1.881573585480106E+02
      5057  1.874569573763102E+02
      5058  1.881880971085560E+02
      5059  1.878836513362416E+02
      5060  1.872163476283554E+02
      5061  1.880489686303856E+02
      5062  1.876162629454130E+02
      5063  1.340731500488712E+02
      5064  1.309525026344076E+02
      5065  1.313718692858776E+02
      5066  1.298852942056324E+02
      5067  1.282941986447894E+02
      5068  1.266774212192969E+02
      5069  1.214935041501413E+02
      5070  1.207517410741685E+02
      5071  1.222430290779282E+02
      5072  1.208260907409403E+02
      5073  1.894592784172899E+02
      5074  1.892661925441559E+02
      5075  1.886540402990336E+02
      5076  1.912094530633546E+02
      5077  1.910910589831353E+02
      5078  1.903253991007306E+02
      5079  1.930612468245832E+02
      5080  1.930002766346662E+02
      5081  1.921190569913806E+02
      5082  1.940051649261009E+02
      5083  1.931217520846129E+02
      5084  1.940160564565316E+02
      5085  1.931015647864584E+02
      5086  1.928476984864531E+02
      5087  1.938743131626229E+02
      5088  1.931042056612118E+02
      5089  1.925951402607745E+02
      5090  1.900901457162061E+02
      5091  1.903342986525331E+02
      5092  1.918568903006006E+02
      5093  1.910445104328561E+02
      5094  1.891322826811895E+02
      5095  1.221882424720933E+02
      5096  1.150796988675694E+02
      5097  1.152208535499036E+02
      5098  1.898002646563070E+02
      5099  1.896034538124231E+02
      5100  1.913693779381178E+02
      5101  1.913017613903220E+02
      5102  1.905482205115267E+02
      5103  1.922151881222599E+02
      5104  1.914110952516257E+02
      5105  2.585118141122556E+01
      5106  2.584723953517880E+01
      5107  2.583065006328301E+01
      5108  2.388482857965798E+01
      5109  2.197311498371377E+01
      5110  2.388628393057657E+01
      5111  2.197130580025313E+01
      5112  2.197601426979423E+01
      5113  2.990861630640465E+01
      5114  2.979987168658106E+01
      5115  2.972117664042602E+01
      5116  2.779006254772421E+01
      5117  2.774850167151680E+01
      5118  3.400823410440792E+01
      5119  3.381224428199402E+01
      5120  3.361822515448334E+01
      5121  3.195187465246095E+01
      5122  3.166114856625861E+01
      5123  3.810758946956629E+01
      5124  3.779920586934639E+01
      5125  3.751523274993994E+01
      5126  3.611088549458857E+01
      5127  3.557346274356698E+01
      5128  1.309525018833945E+02
      5129  4.177598487259852E+01
      5130  4.141301517785276E+01
      5131  4.009202040600875E+01
      5132  3.945121172004224E+01
      5133  4.621139035554649E+01
      5134  4.579275448934481E+01
      5135  4.534215217131628E+01
      5136  4.421413452879042E+01
      5137  4.336538164718379E+01
      5138  5.040124504833123E+01
      5139  4.998126386900552E+01
      5140  4.947323538010183E+01
      5141  4.827182593405497E+01
      5142  4.737601396751005E+01
      5143  5.478889639727065E+01
      5144  5.402716603412546E+01
      5145  5.584487847383862E+01
      5146  5.171718712805909E+01
      5147  5.310352627890904E+01
      5148  5.998314494983217E+01
      5149  5.896036076689154E+01
      5150  6.106370042927220E+01
      5151  5.646166048369383E+01
      5152  5.848715896662378E+01
      5153  6.510356973834463E+01
      5154  6.401593553332881E+01
      5155  6.617090207869300E+01
      5156  6.147878776633353E+01
      5157  6.362147984313136E+01
      5158  7.026432506878587E+01
      5159  6.912360945573099E+01
      5160  1.689048741792530E+02
      5161  1.111947441971979E+02
      5162  1.158486781345417E+02
      5163  7.565055250411757E+01
      5164  7.435088441409034E+01
      5165  7.651536258272503E+01
      5166  7.169088616012721E+01
      5167  7.385038933138372E+01
      5168  7.971757100617459E+01
      5169  7.862038494625889E+01
      5170  8.146588249319500E+01
      5171  8.195661776901734E+01
      5172  7.700512264337786E+01
      5173  7.917017062046087E+01
      5174  8.272427462633205E+01
      5175  8.320224672866993E+01
      5176  8.080418013902236E+01
      5177  8.737003644046194E+01
      5178  8.760845361491478E+01
      5179  8.759382237148954E+01
      5180  8.502996240973350E+01
      5181  8.479467241131351E+01
      5182  9.326246504832214E+01
      5183  9.243172507927940E+01
      5184  9.211347649799198E+01
      5185  8.999786294721127E+01
      5186  9.060485913853056E+01
      5187  9.628534575822627E+01
      5188  9.574975587963382E+01
      5189  9.538098151211695E+01
      5190  9.502381898878835E+01
      5191  9.387038774802767E+01
      5192  1.159170632934134E+02
      5193  9.780663392137784E+01
      5194  9.760901494990063E+01
      5195  9.728993265273955E+01
      5196  9.659969808086130E+01
      5197  9.934915957245809E+01
      5198  9.940135891509161E+01
      5199  9.931732429415193E+01
      5200  9.849975046272723E+01
      5201  9.874771495612448E+01
      5202  1.007945956644371E+02
      5203  1.008037167317948E+02
      5204  1.008580859880960E+02
      5205  1.000957672834344E+02
      5206  1.000936343057843E+02
      5207  1.022425144046402E+02
      5208  1.022448707487158E+02
      5209  1.023622165551329E+02
      5210  1.015234374583330E+02
      5211  1.016097720054080E+02
      5212  1.036912637387401E+02
      5213  1.036919911700561E+02
      5214  1.038613386495449E+02
      5215  1.029679966501534E+02
      5216  1.031105737004149E+02
      5217  1.051402849284232E+02
      5218  1.051416000692076E+02
      5219  1.053581478922709E+02
      5220  1.044165083430986E+02
      5221  1.046080237460848E+02
      5222  1.065898279792005E+02
      5223  1.065956982525669E+02
      5224  1.303534681886711E+02
      5225  1.160036165342684E+02
      5226  1.061028316508809E+02
      5227  1.080416605104003E+02
      5228  1.080714615584054E+02
      5229  1.083128421606564E+02
      5230  1.073279767057342E+02
      5231  1.075872554053297E+02
      5232  1.095113083897417E+02
      5233  1.096326744960164E+02
      5234  1.096623116207601E+02
      5235  1.088304707871311E+02
      5236  1.090198093177828E+02
      5237  1.112944407995265E+02
      5238  1.107826172473980E+02
      5239  1.116654983834963E+02
      5240  1.117353849462600E+02
      5241  1.111947440267219E+02
      5242  1.106149941330198E+02
      5243  1.107798170190528E+02
      5244  1.102199641736817E+02
      5245  1.105123678262328E+02
      5246  1.133817669504544E+02
      5247  1.133630668083437E+02
      5248  1.133226590111678E+02
      5249  1.124796912804846E+02
      5250  1.122172797981631E+02
      5251  1.154169741566253E+02
      5252  1.153372006306294E+02
      5253  1.154147242790084E+02
      5254  1.143336686263512E+02
      5255  1.143760430917079E+02
      5256  1.134335076584945E+02
      5257  1.173754121395995E+02
      5258  1.174751690458976E+02
      5259  1.163567593462291E+02
      5260  1.164443765502219E+02
      5261  1.195361166572613E+02
      5262  1.194133944853771E+02
      5263  1.195360864323960E+02
      5264  1.183938463335942E+02
      5265  1.185056867961394E+02
      5266  1.215968369585255E+02
      5267  1.214517765430393E+02
      5268  1.215968344654891E+02
      5269  1.204320816048073E+02
      5270  1.205664648145859E+02
      5271  1.236575708309178E+02
      5272  1.234901912460112E+02
      5273  1.236575708565587E+02
      5274  1.224704085011556E+02
      5275  1.226272026751319E+02
      5276  1.257183062482708E+02
      5277  1.255286084934917E+02
      5278  1.257183096483123E+02
      5279  1.245087437332191E+02
      5280  1.246879394037636E+02
      5281  1.277790281141630E+02
      5282  1.275670007706167E+02
      5283  1.277790691891935E+02
      5284  1.265470743922447E+02
      5285  1.267486826946114E+02
      5286  1.298395809677858E+02
      5287  1.296100050453469E+02
      5288  1.304044284309936E+02
      5289  1.689048744620312E+02
      5290  1.288094854193295E+02
      5291  1.318971783849504E+02
      5292  1.316433732946888E+02
      5293  1.319013943398939E+02
      5294  1.306225325357558E+02
      5295  1.308709675104936E+02
      5296  1.339141740376632E+02
      5297  1.338884148068408E+02
      5298  1.336323247064001E+02
      5299  1.326456848225131E+02
      5300  1.329425373534068E+02
      5301  1.355454520940409E+02
      5302  1.357335643485923E+02
      5303  1.356449831661780E+02
      5304  1.347942016532535E+02
      5305  1.346303008510573E+02
      5306  1.374519957887686E+02
      5307  1.378778170577771E+02
      5308  1.379189729775385E+02
      5309  1.363948390416791E+02
      5310  1.366467483359432E+02
      5311  1.404249527774328E+02
      5312  1.412358915424309E+02
      5313  1.412047039395000E+02
      5314  1.386820470901885E+02
      5315  1.394392858967120E+02
      5316  1.458828372166589E+02
      5317  1.455966823783364E+02
      5318  1.457057110400114E+02
      5319  1.433024021076571E+02
      5320  1.136231051906633E+02
      5321  1.509234419341047E+02
      5322  1.505299794501063E+02
      5323  1.508902289098899E+02
      5324  1.480085245923694E+02
      5325  1.483314890918186E+02
      5326  1.559898537247879E+02
      5327  1.556080343803382E+02
      5328  1.559853771763382E+02
      5329  1.530594248170013E+02
      5330  1.534456749082894E+02
      5331  1.610583369298322E+02
      5332  1.607174769437272E+02
      5333  1.610566056178607E+02
      5334  1.581626263796722E+02
      5335  1.585218713852366E+02
      5336  1.661276424147729E+02
      5337  1.658344278989751E+02
      5338  1.661213559915696E+02
      5339  1.632757574075192E+02
      5340  1.635901164909281E+02
      5341  1.712000851242436E+02
      5342  1.709763507663733E+02
      5343  1.711623281571865E+02
      5344  1.684001178981041E+02
      5345  1.686480784673646E+02
      5346  1.762918923068024E+02
      5347  1.762706986361421E+02
      5348  1.760603918722106E+02
      5349  1.735857541945806E+02
      5350  1.736494980678526E+02
      5351  1.816996943507220E+02
      5352  1.142776765688934E+02
      5353  1.303534676758092E+02
      5354  1.783053763133993E+02
      5355  1.791506901843922E+02
      5356  1.862620235735873E+02
      5357  1.856323036291728E+02
      5358  1.850552987570325E+02
      5359  1.843938326501188E+02
      5360  1.832865890699915E+02
      5361  1.852506252583030E+02
      5362  1.832075697494575E+02
      5363  1.884688000126015E+02
      5364  1.882012309639620E+02
      5365  1.879779144580853E+02
      5366  1.873522709166313E+02
      5367  1.866038765026999E+02
      5368  1.906538080011837E+02
      5369  1.905258744125283E+02
      5370  1.904244914289467E+02
      5371  1.895684580900327E+02
      5372  1.892358938472150E+02
      5373  1.927754339148002E+02
      5374  1.927121481502397E+02
      5375  1.926644038585716E+02
      5376  1.917185449348438E+02
      5377  1.915591788334764E+02
      5378  1.948574888270404E+02
      5379  1.948271942125812E+02
      5380  1.948059241052534E+02
      5381  1.938160910187181E+02
      5382  1.937410197454197E+02
      5383  1.969206632055673E+02
      5384  1.143470750782908E+02
      5385  1.968990903693821E+02
      5386  1.958871807043519E+02
      5387  1.958541651333881E+02
      5388  1.979460219317951E+02
      5389  1.989756423878268E+02
      5390  1.989705851664222E+02
      5391  1.979339495452473E+02
      5392  1.989697838108041E+02
      5393  1.969504497979814E+02
      5394  1.979628562648035E+02
      5395  1.989837922994119E+02
      5396  1.969353175391674E+02
      5397  1.989783987605782E+02
      5398  1.969710130952683E+02
      5399  1.979723930650699E+02
      5400  1.989882060441697E+02
      5401  1.969622136468458E+02
      5402  1.989855395630500E+02
      5403  1.969645368866172E+02
      5404  1.979669027609520E+02
      5405  1.989849443565562E+02
      5406  1.969718083975066E+02
      5407  1.989863039775521E+02
      5408  1.969220908739516E+02
      5409  1.979456775242052E+02
      5410  1.989725436926086E+02
      5411  1.969491634522895E+02
      5412  1.989792158788466E+02
      5413  1.968777537704644E+02
      5414  1.979237419878707E+02
      5415  1.989601204850203E+02
      5416  1.144303371803825E+02
      5417  1.301306090756363E+02
      5418  1.681943689947127E+02
      5419  1.116654991048704E+02
      5420  1.989570726565478E+02
      5421  1.968676052510917E+02
      5422  1.989585707506491E+02
      5423  1.968740548308921E+02
      5424  1.968855004141307E+02
      5425  1.989624084719632E+02
      5426  1.979332683549966E+02
      5427  1.989677388392369E+02
      5428  1.947491748258920E+02
      5429  1.947590562117887E+02
      5430  1.947776313790725E+02
      5431  1.958188735114256E+02
      5432  1.958389601654038E+02
      5433  1.925842912368401E+02
      5434  1.926053950155184E+02
      5435  1.926366293937399E+02
      5436  1.936846400889596E+02
      5437  1.937161308918219E+02
      5438  1.903740497336610E+02
      5439  1.903987501882551E+02
      5440  1.904472861560141E+02
      5441  1.914872912467639E+02
      5442  1.915501147553554E+02
      5443  1.880930114825852E+02
      5444  1.881118341636260E+02
      5445  1.881717544906307E+02
      5446  1.892363674849374E+02
      5447  1.893196721914604E+02
      5448  3.381224458489845E+01
      5449  1.856699365330567E+02
      5450  1.857431913664425E+02
      5451  1.869020657873979E+02
      5452  1.869777656537269E+02
      5453  1.829353575697390E+02
      5454  1.829880506755856E+02
      5455  1.830977632922953E+02
      5456  1.842889412158246E+02
      5457  1.844386555202435E+02
      5458  1.798902345577814E+02
      5459  1.800277101051316E+02
      5460  1.802016473762184E+02
      5461  1.814661747782743E+02
      5462  1.816753385093586E+02
      5463  1.766041859745118E+02
      5464  1.768441916515879E+02
      5465  1.770922836765934E+02
      5466  1.782607632866053E+02
      5467  1.786654401606467E+02
      5468  1.732572153639903E+02
      5469  1.735575796809484E+02
      5470  1.738569489839859E+02
      5471  1.749327478257290E+02
      5472  1.754829705894980E+02
      5473  1.698884367554201E+02
      5474  1.702280193268807E+02
      5475  1.705635644872906E+02
      5476  1.715747596093285E+02
      5477  1.722132428116512E+02
      5478  1.664974350441950E+02
      5479  1.668772997966320E+02
      5480  1.115908932528601E+02
      5481  1.119755166643899E+02
      5482  1.689048744720639E+02
      5483  1.630836455991524E+02
      5484  1.635285488982163E+02
      5485  1.639390655259240E+02
      5486  1.647942440676428E+02
      5487  1.655881515272370E+02
      5488  1.596885557515705E+02
      5489  1.602480221606191E+02
      5490  1.607165363670051E+02
      5491  1.613834178303325E+02
      5492  1.623114064009607E+02
      5493  1.565858955441133E+02
      5494  1.572265800214622E+02
      5495  1.577381845593598E+02
      5496  1.580750102724020E+02
      5497  1.591857577690189E+02
      5498  1.540930200075368E+02
      5499  1.547063153298914E+02
      5500  1.551840652375469E+02
      5501  1.552766548161188E+02
      5502  1.564065738789679E+02
      5503  1.522054884143487E+02
      5504  1.527233969275087E+02
      5505  1.531261772461258E+02
      5506  1.531241719368275E+02
      5507  1.541145576573162E+02
      5508  1.511772275903909E+02
      5509  1.514950958644826E+02
      5510  1.508836280897554E+02
      5511  1.522666912830157E+02
      5512  1.332193288976614E+02
      5513  1.498747992224847E+02
      5514  1.501099936027597E+02
      5515  1.496470217722698E+02
      5516  1.507805225139703E+02
      5517  1.502684548702753E+02
      5518  1.485799668091996E+02
      5519  1.487975677434106E+02
      5520  1.483670476264641E+02
      5521  1.494493374943938E+02
      5522  1.490078167181611E+02
      5523  1.472797630233751E+02
      5524  1.474943945657568E+02
      5525  1.470686472669261E+02
      5526  1.481451075375780E+02
      5527  1.477183984513131E+02
      5528  1.459721709285645E+02
      5529  1.461883403289192E+02
      5530  1.457551303813146E+02
      5531  1.468406814862174E+02
      5532  1.464131723152827E+02
      5533  1.446599181278784E+02
      5534  1.448858331696125E+02
      5535  1.444159924756290E+02
      5536  1.455339803711075E+02
      5537  1.450902638335234E+02
      5538  1.433515925827661E+02
      5539  1.436242198125321E+02
      5540  1.430003505820914E+02
      5541  1.442434979914651E+02
      5542  1.437271531425117E+02
      5543  1.416460143052119E+02
      5544  1.125470293793420E+02
      5545  1.126701272639408E+02
      5546  1.430520333809737E+02
      5547  1.422279048527641E+02
      5548  1.412569567856178E+02
      5549  1.410749674973603E+02
      5550  1.421821135528900E+02
      5551  1.415910711213595E+02
      5552  1.419290187963556E+02
      5553  1.393083282708510E+02
      5554  1.392632320958791E+02
      5555  1.393261643250057E+02
      5556  1.402558506690514E+02
      5557  1.404570296700836E+02
      5558  1.371774375543824E+02
      5559  1.370944560586648E+02
      5560  1.372575316688711E+02
      5561  1.381632457137265E+02
      5562  1.383073130631138E+02
      5563  1.350576615107344E+02
      5564  1.349729988777789E+02
      5565  1.351419590840827E+02
      5566  1.360328945492242E+02
      5567  1.362003314291244E+02
      5568  1.329393223054868E+02
      5569  1.328546870717852E+02
      5570  1.330239021613839E+02
      5571  1.339138189558634E+02
      5572  1.340828951703519E+02
      5573  1.308211899626166E+02
      5574  1.307365823141063E+02
      5575  1.309057888413553E+02
      5576  1.332193282407318E+02
      5577  1.319648295905355E+02
      5578  1.287030941845928E+02
      5579  1.286184927218749E+02
      5580  1.287876943821090E+02
      5581  1.296775383842032E+02
      5582  1.298467380143667E+02
      5583  1.265850063790729E+02
      5584  1.265004059631561E+02
      5585  1.266696063027068E+02
      5586  1.275594494959477E+02
      5587  1.277286497170309E+02
      5588  1.244669228647974E+02
      5589  1.243823218308402E+02
      5590  1.245515219546776E+02
      5591  1.254413635693026E+02
      5592  1.256105638063729E+02
      5593  1.223488449855475E+02
      5594  1.222642430400482E+02
      5595  1.224334402296669E+02
      5596  1.233232812789628E+02
      5597  1.234924810246614E+02
      5598  1.202307843987971E+02
      5599  1.201461774408653E+02
      5600  1.203153639974754E+02
      5601  1.212052023924931E+02
      5602  1.213744031902984E+02
      5603  1.181128224337244E+02
      5604  1.180281661922744E+02
      5605  1.181973270320642E+02
      5606  1.190871322338341E+02
      5607  1.192563460859680E+02
      5608  1.681943692877530E+02
      5609  1.128109252859062E+02
      5610  1.160797272194523E+02
      5611  1.169690522425936E+02
      5612  1.171384542072583E+02
      5613  1.138815955704706E+02
      5614  1.137890894869120E+02
      5615  1.139675582416045E+02
      5616  1.148501436613906E+02
      5617  1.150222022298840E+02
      5618  1.116952831092459E+02
      5619  1.118226526881448E+02
      5620  1.118880282618860E+02
      5621  1.129245931915143E+02
      5622  1.127155390015579E+02
      5623  1.100729178048611E+02
      5624  1.099210138953147E+02
      5625  1.098451838160894E+02
      5626  1.108783966919728E+02
      5627  1.108972785212728E+02
      5628  1.080675310870148E+02
      5629  1.076027482596603E+02
      5630  1.073097868879537E+02
      5631  1.091573584337363E+02
      5632  1.086822602597828E+02
      5633  1.047380511447714E+02
      5634  1.038639132394174E+02
      5635  1.034566036006535E+02
      5636  1.067451126474095E+02
      5637  1.055640717530249E+02
      5638  9.783625921743283E+01
      5639  9.795177183937845E+01
      5640  1.093585277780707E+02
      5641  1.007274400191139E+02
      5642  1.014728259164653E+02
      5643  9.132505438347715E+01
      5644  9.133291395696813E+01
      5645  9.131853292200670E+01
      5646  9.460971759236268E+01
      5647  9.455712694607331E+01
      5648  8.480993464474869E+01
      5649  8.481041571820157E+01
      5650  8.480965827989934E+01
      5651  8.806991533710703E+01
      5652  8.806622625750968E+01
      5653  7.829399286911622E+01
      5654  7.829394758807021E+01
      5655  7.829394006425306E+01
      5656  8.155214554255261E+01
      5657  8.155186291068964E+01
      5658  7.177846907512776E+01
      5659  7.177849426389298E+01
      5660  7.177762617174537E+01
      5661  7.503606670653402E+01
      5662  7.503570169327878E+01
      5663  6.526626816053924E+01
      5664  6.527299485266637E+01
      5665  6.525466518364993E+01
      5666  6.852270986282296E+01
      5667  6.851776131245352E+01
      5668  5.877091732885239E+01
      5669  5.890199890906195E+01
      5670  5.861222268808550E+01
      5671  6.204252517178442E+01
      5672  1.325591171766314E+02
      5673  1.102769512456594E+02
      5674  1.105487730951440E+02
      5675  5.343945556413109E+01
      5676  5.598720698297539E+01
      5677  5.500978631457760E+01
      5678  4.607568533455952E+01
      5679  4.669672747218443E+01
      5680  4.751875439495244E+01
      5681  4.886003062511382E+01
      5682  4.988769616157832E+01
      5683  4.755262696668628E+01
      5684  4.979680298659331E+01
      5685  4.273001742300772E+01
      5686  4.307425454947159E+01
      5687  4.347065922437228E+01
      5688  4.446863507095160E+01
      5689  4.542362180239954E+01
      5690  3.923636663424703E+01
      5691  3.947826458334887E+01
      5692  3.973697272608818E+01
      5693  4.102031740703073E+01
      5694  4.158915961392247E+01
      5695  3.576893215089785E+01
      5696  3.593659276684063E+01
      5697  3.612016208085183E+01
      5698  3.745443270019604E+01
      5699  3.790955504007639E+01
      5700  3.238887512026572E+01
      5701  3.246959846635292E+01
      5702  3.255702063417515E+01
      5703  3.404391597266006E+01
      5704  1.325591163616991E+02
      5705  2.900355024549891E+01
      5706  2.900549292816592E+01
      5707  2.900719114925745E+01
      5708  3.074145755187607E+01
      5709  3.079686635874394E+01
      5710  2.550255732772386E+01
      5711  2.546657701851689E+01
      5712  2.543965332972553E+01
      5713  2.731987412086494E+01
      5714  2.724838155712449E+01
      5715  2.370992094396795E+01
      5716  2.186978919447959E+01
      5717  2.365605817989207E+01
      5718  2.185885112306251E+01
      5719  2.184019945796457E+01
      5720  2.569658642618857E+01
      5721  2.380909009293717E+01
      5722  2.192703339754575E+01
      5723  2.556140631978892E+01
      5724  2.189505685943685E+01
      5725  2.582923380970094E+01
      5726  2.195842322196938E+01
      5727  1.107093454272111E+02
      5728  1.111673284120319E+02
      5729  1.115000536532954E+02
      5730  1.103241464231391E+02
      5731  1.115072838671639E+02
      5732  1.526225878083389E+02
      5733  1.518176986384490E+02
      5734  1.512115564587820E+02
      5735  1.533379823872433E+02
      5736  1.668772998394523E+02
      5737  1.117353855537169E+02
      5738  1.502097985077566E+02
      5739  1.497627230419953E+02
      5740  1.516951634827938E+02
      5741  1.505391287829629E+02
      5742  1.486919434788894E+02
      5743  1.482810095343077E+02
      5744  1.479063074937648E+02
      5745  1.497286783428435E+02
      5746  1.488565891656118E+02
      5747  1.465934318569647E+02
      5748  1.462309803587906E+02
      5749  1.458796413904062E+02
      5750  1.476409435388475E+02
      5751  1.469033659951330E+02
      5752  1.444918743834601E+02
      5753  1.441314128504264E+02
      5754  1.437818703290126E+02
      5755  1.455428422437434E+02
      5756  1.448369346205883E+02
      5757  1.423796439093705E+02
      5758  1.419887244892262E+02
      5759  1.416446468856531E+02
      5760  1.434411144521011E+02
      5761  1.427214706620107E+02
      5762  1.402197225640599E+02
      5763  1.397439350837518E+02
      5764  1.394476133585847E+02
      5765  1.413193890663237E+02
      5766  1.405683551441237E+02
      5767  1.373262020150904E+02
      5768  1.108345772077734E+02
      5769  1.384454127257475E+02
      5770  1.391236533033524E+02
      5771  1.380300066976513E+02
      5772  1.383340226416753E+02
      5773  1.346893915595329E+02
      5774  1.348901777520827E+02
      5775  1.348793994828257E+02
      5776  1.365553556312237E+02
      5777  1.357989040196134E+02
      5778  1.367733322681906E+02
      5779  1.359997888301617E+02
      5780  1.325268108843256E+02
      5781  1.326165216476794E+02
      5782  1.326496615840088E+02
      5783  1.335887013726907E+02
      5784  1.337384241846672E+02
      5785  1.304212674919726E+02
      5786  1.304411994783791E+02
      5787  1.304541104926878E+02
      5788  1.314683266133434E+02
      5789  1.315489439033439E+02
      5790  1.283412471787732E+02
      5791  1.282593216076998E+02
      5792  1.281997844591945E+02
      5793  1.293769118137066E+02
      5794  1.293379596164984E+02
      5795  1.263047585404220E+02
      5796  1.259923967077909E+02
      5797  1.257302817938570E+02
      5798  1.273091747083986E+02
      5799  1.270050738734446E+02
      5800  1.111402375000596E+02
      5801  1.332859851515259E+02
      5802  1.253464655584539E+02
      5803  1.238467940987035E+02
      5804  1.242920691690792E+02
      5805  1.196516368251400E+02
      5806  1.200287832276742E+02
      5807  1.202917564293312E+02
      5808  1.214130843577354E+02
      5809  1.221220211888982E+02
      5810  1.205442222771379E+02
      5811  1.216763845525145E+02
      5812  1.178779257604812E+02
      5813  1.180304979655495E+02
      5814  1.181302472418221E+02
      5815  1.187547286152638E+02
      5816  1.191436761426094E+02
      5817  1.162068077494086E+02
      5818  1.162875801972208E+02
      5819  1.163386509888238E+02
      5820  1.170295045871406E+02
      5821  1.172056414965156E+02
      5822  1.146197655578552E+02
      5823  1.146924116852913E+02
      5824  1.147367249624081E+02
      5825  1.154023385762854E+02
      5826  1.155181690583650E+02
      5827  1.131211093839357E+02
      5828  1.132368503803869E+02
      5829  1.133071210571918E+02
      5830  1.138546795725345E+02
      5831  1.139972788605685E+02
      5832  1.061937329254865E+02
      5833  1.120027997763733E+02
      5834  1.121476766589875E+02
      5835  1.124166879504698E+02
      5836  1.126832343510172E+02
      5837  1.111887181561609E+02
      5838  1.117396172424199E+02
      5839  1.253153691014976E+02
      5840  1.254508258938274E+02
      5841  1.257690308324067E+02
      5842  1.260091485802368E+02
      5843  1.241535955158787E+02
      5844  1.247088972633936E+02
      5845  1.247859019766091E+02
      5846  1.256359042046765E+02
      5847  1.265564718017470E+02
      5848  1.267231601830430E+02
      5849  1.249219075862831E+02
      5850  1.259947679014609E+02
      5851  1.284123466892064E+02
      5852  1.284795975161133E+02
      5853  1.275719041011491E+02
      5854  1.304017079736251E+02
      5855  1.304286493436603E+02
      5856  1.294421938544009E+02
      5857  1.324405198931671E+02
      5858  1.324506941403967E+02
      5859  1.314344145549318E+02
      5860  1.344979320080614E+02
      5861  1.345018233500519E+02
      5862  1.334742663596727E+02
      5863  1.365624054375643E+02
      5864  1.086908517814842E+02
      5865  1.332859842342731E+02
      5866  1.386299699663787E+02
      5867  1.386312240522493E+02
      5868  1.375366501638902E+02
      5869  1.375972442291861E+02
      5870  1.406997716028343E+02
      5871  1.407019569771461E+02
      5872  1.396661035965599E+02
      5873  1.427735627979271E+02
      5874  1.427789411173530E+02
      5875  1.417393772785773E+02
      5876  1.448570646901008E+02
      5877  1.448713489321956E+02
      5878  1.438223601021531E+02
      5879  1.469659336058185E+02
      5880  1.470048841265955E+02
      5881  1.459305759069868E+02
      5882  1.491397398698766E+02
      5883  1.492540816198189E+02
      5884  1.481071089885990E+02
      5885  1.514658477894463E+02
      5886  1.518226570786303E+02
      5887  1.504723304330828E+02
      5888  1.548966243673313E+02
      5889  1.536923882609239E+02
      5890  1.534056331548796E+02
      5891  1.590582421265444E+02
      5892  1.588299677784444E+02
      5893  1.557550378548097E+02
      5894  1.567334367855563E+02
      5895  1.626342530218138E+02
      5896  1.672466167784706E+02
      5897  1.607412198973362E+02
      5898  1.661151760348751E+02
      5899  1.660895854766280E+02
      5900  1.643417113492026E+02
      5901  1.695490422458602E+02
      5902  1.695384669226530E+02
      5903  1.678192251689916E+02
      5904  1.729580257386314E+02
      5905  1.729591676738452E+02
      5906  1.712501732496493E+02
      5907  1.763595373912290E+02
      5908  1.763826151318277E+02
      5909  1.746689756890273E+02
      5910  1.797857593187548E+02
      5911  1.799059059943514E+02
      5912  1.781259808016869E+02
      5913  1.834804736458279E+02
      5914  1.829963657941875E+02
      5915  1.817895974261464E+02
      5916  1.865189984821695E+02
      5917  1.857711538972633E+02
      5918  1.852367018132581E+02
      5919  1.859508588990935E+02
      5920  1.847665143589269E+02
      5921  1.862480584481783E+02
      5922  1.843694168732378E+02
      5923  1.868248294678774E+02
      5924  1.863431515124807E+02
      5925  1.860144572338311E+02
      5926  1.867135608867121E+02
      5927  1.857427898821061E+02
      5928  1.079477962268279E+02
      5929  1.087297664150579E+02
      5930  1.321387048444572E+02
      5931  1.094582125163470E+02
      5932  5.170848557220762E+01
      5933  1.322261991595617E+02
      5934  1.668773000814133E+02
      5935  1.116654985998271E+02
      5936  3.361822541888851E+01
      5937  4.994136553495866E+01
      5938  4.821691458215146E+01
      5939  1.321387040837894E+02
      5940  5.048227307868199E+01
      5941  4.980567266231663E+01
      5942  1.317749768334170E+02
      5943  1.664974348447933E+02
      5944  5.037300749940240E+01
      5945  4.668852477499859E+01
      5946  1.355115436326649E+02
      5947  4.984347056082787E+01
      5948  4.877571639299369E+01
      5949  1.355115428896334E+02
      5950  1.722132425245501E+02
      5951  1.107826176669919E+02
      5952  4.731760306324252E+01
      5953  1.340315434867879E+02
      5954  1.350304679871452E+02
      5955  1.353013661590367E+02
      5956  1.338501395013620E+02
      5957  1.350304667705953E+02
      5958  1.722132427765794E+02
      5959  1.344065497127894E+02
      5960  1.340741496048740E+02
      5961  1.341019747946457E+02
      5962  1.344613233967675E+02
      5963  1.348950633630272E+02
      5964  1.342923758606871E+02
      5965  1.715747591979056E+02
      5966  1.107826172879823E+02
      5967  3.381224399355533E+01
      5968  1.329581831394282E+02
      5969  1.332177744311576E+02
      5970  1.341019739316049E+02
      5971  1.334722051662084E+02
      5972  1.336599992227206E+02
      5973  1.341172023393669E+02
      5974  1.715747595090739E+02
      5975  1.338438921334484E+02
      5976  1.317086652668863E+02
      5977  1.388024885144819E+02
      5978  1.319083003538608E+02
      5979  1.323673648890086E+02
      5980  1.388024874519011E+02
      5981  1.702280190889076E+02
      5982  1.112944413758927E+02
      5983  1.324618661581781E+02
      5984  1.325769419824535E+02
      5985  1.367787728743316E+02
      5986  1.302703990799359E+02
      5987  1.304821561904266E+02
      5988  1.367787720332774E+02
      5989  1.705635642796134E+02
      5990  1.310084828589281E+02
      5991  1.310612476874558E+02
      5992  1.364045517522342E+02
      5993  1.311946795326435E+02
      5994  1.287098742630346E+02
      5995  1.369483800790867E+02
      5996  1.702280193444164E+02
      5997  1.090198095999957E+02
      5998  3.400823452803056E+01
      5999  1.289232361072428E+02
      6000  1.295054448083032E+02
      6001  1.364045507949610E+02
      6002  1.295480675559912E+02
      6003  1.297072936830993E+02
      6004  1.359141496457184E+02
      6005  1.698884364681920E+02
      6006  1.270193345369412E+02
      6007  1.272874201623629E+02
      6008  1.819558696816934E+02
      6009  1.278857287402813E+02
      6010  1.279445458808377E+02
      6011  1.819558693450425E+02
      6012  1.754829703035116E+02
      6013  1.088304711059947E+02
      6014  1.281123196433579E+02
      6015  1.251049527932970E+02
      6016  1.842909267629001E+02
      6017  1.255742535969735E+02
      6018  1.261016542049401E+02
      6019  1.842909266018430E+02
      6020  1.754829705385113E+02
      6021  1.262231754372910E+02
      6022  1.264427703664250E+02
      6023  1.852224238453377E+02
      6024  1.226698552499876E+02
      6025  1.223218688485435E+02
      6026  1.852224237436442E+02
      6027  1.749327473704777E+02
      6028  1.090198092511298E+02
      6029  2.774850190466799E+01
      6030  1.238349285723256E+02
      6031  1.229962248458678E+02
      6032  1.837660374784642E+02
      6033  1.239892652014911E+02
      6034  1.242978352551690E+02
      6035  1.832929365369511E+02
      6036  1.749327476805746E+02
      6037  1.247008992544049E+02
      6038  1.200181854358189E+02
      6039  1.837660373279003E+02
      6040  1.205769006194648E+02
      6041  1.189451588428129E+02
      6042  1.855805466467577E+02
      6043  1.735575793919903E+02
      6044  1.088304708404625E+02
      6045  1.199039539014416E+02
      6046  1.213967026603629E+02
      6047  1.855805464819623E+02
      6048  1.171328927501676E+02
      6049  1.168047799084040E+02
      6050  1.863228733892966E+02
      6051  1.738569487676996E+02
      6052  1.184789395152108E+02
      6053  1.863228731819448E+02
      6054  1.182341043481079E+02
      6055  1.095113087362761E+02
      6056  1.178999497185165E+02
      6057  2.774850172137680E+01
      6058  1.853996902635226E+02
      6059  1.146872427026200E+02
      6060  1.735575796342597E+02
      6061  1.145751808802047E+02
      6062  1.850581349535618E+02
      6063  1.158780829410194E+02
      6064  1.158019462500258E+02
      6065  1.853996900920749E+02
      6066  1.156930336160053E+02
      6067  1.732572150110514E+02
      6068  1.123813624057970E+02
      6069  1.123408704916936E+02
      6070  2.779006294372764E+01
      6071  1.135244689584933E+02
      6072  1.786654398791173E+02
      6073  1.134969352854718E+02
      6074  1.096623118802535E+02
      6075  1.134575970561847E+02
      6076  1.101243695557788E+02
      6077  1.860549986607211E+02
      6078  1.101068775671631E+02
      6079  1.112491193798192E+02
      6080  1.867889107411635E+02
      6081  1.786654401019190E+02
      6082  1.112386292999677E+02
      6083  1.112236448419086E+02
      6084  1.867889106180520E+02
      6085  1.078884345593627E+02
      6086  1.078735152774900E+02
      6087  1.862166731499812E+02
      6088  1.782607628542328E+02
      6089  1.096326748309868E+02
      6090  1.090042988832980E+02
      6091  1.089984104027854E+02
      6092  1.859230090291554E+02
      6093  1.089900839687615E+02
      6094  1.056704907764356E+02
      6095  1.862166729598596E+02
      6096  1.782607631393385E+02
      6097  1.056409476076060E+02
      6098  1.067765678997348E+02
      6099  1.866380997015852E+02
      6100  1.067684629605277E+02
      6101  1.067571133965595E+02
      6102  1.857427898189044E+02
      6103  1.768441913389838E+02
      6104  1.095113083194304E+02
      6105  1.034881754048772E+02
      6106  1.034102780907118E+02
      6107  1.857427898468944E+02
      6108  1.045723306982522E+02
      6109  1.045527243910726E+02
      6110  1.867135608371139E+02
      6111  1.770922834651646E+02
      6112  1.045253345632490E+02
      6113  1.013994026244234E+02
      6114  1.867135608832182E+02
      6115  1.011863613190432E+02
      6116  1.024248070023954E+02
      6117  1.863431515363755E+02
      6118  1.768441915782020E+02
      6119  1.075872555202218E+02
      6120  2.779006259255744E+01
      6121  1.023716576998296E+02
      6122  1.022972440280901E+02
      6123  1.860144571965210E+02
      6124  9.956620514917149E+01
      6125  9.900200465119049E+01
      6126  1.863431515177900E+02
      6127  1.766041856223697E+02
      6128  1.004337996894625E+02
      6129  1.002892526880504E+02
      6130  1.868248296037152E+02
      6131  1.000844648236600E+02
      6132  9.838031032469054E+01
      6133  1.843694167363603E+02
      6134  1.816753383520964E+02
      6135  1.073279768612228E+02
      6136  9.705512341495411E+01
      6137  9.884788637822648E+01
      6138  1.843694168258078E+02
      6139  9.850502527681118E+01
      6140  9.797280966621345E+01
      6141  1.862480582952894E+02
      6142  1.816753385075911E+02
      6143  1.265579620894574E+02
      6144  1.261639218059949E+02
      6145  1.862480583762996E+02
      6146  1.279449867369311E+02
      6147  1.276909965045294E+02
      6148  1.847665141975330E+02
      6149  1.814661744694025E+02
      6150  1.075872553220351E+02
      6151  2.979987189583819E+01
      6152  1.272142775321800E+02
      6153  1.271043342049368E+02
      6154  1.847665143138761E+02
      6155  1.269095955242807E+02
      6156  1.295497545651556E+02
      6157  1.859508587522556E+02
      6158  1.814661746974641E+02
      6159  1.293070305619686E+02
      6160  1.287265388956330E+02
      6161  1.857711538007000E+02
      6162  1.286680666461071E+02
      6163  1.284926478219050E+02
      6164  1.852367017182486E+02
      6165  1.800277098596346E+02
      6166  1.073279766900429E+02
      6167  1.312954124890030E+02
      6168  1.309525015620632E+02
      6169  1.857711538822583E+02
      6170  1.304044280023474E+02
      6171  1.303534673511447E+02
      6172  1.865189984006281E+02
      6173  1.802016471995557E+02
      6174  1.301306085564163E+02
      6175  1.332193278035143E+02
      6176  1.817895971777458E+02
      6177  1.325591158401507E+02
      6178  1.332859838451554E+02
      6179  1.817895973571754E+02
      6180  1.800277100636858E+02
      6181  1.080416606829001E+02
      6182  2.972117682782348E+01
      6183  1.322261986248845E+02
      6184  1.321387034481993E+02
      6185  1.829963655959193E+02
      6186  1.317749761589791E+02
      6187  1.355115424624774E+02
      6188  1.829963657506982E+02
      6189  1.798902342525943E+02
      6190  1.350304664267679E+02
      6191  1.342923752530560E+02
      6192  1.834804734706476E+02
      6193  1.341019733092029E+02
      6194  1.341172015527981E+02
      6195  1.781259804389117E+02
      6196  1.844386552937131E+02
      6197  1.083128423412736E+02
      6198  1.388024870417942E+02
      6199  1.367787710791730E+02
      6200  1.781259806683577E+02
      6201  1.369483793810043E+02
      6202  1.364045503121584E+02
      6203  1.797857589633381E+02
      6204  1.844386554117458E+02
      6205  1.359141487672165E+02
      6206  1.819558689569404E+02
      6207  1.799059057549923E+02
      6208  1.842909266078599E+02
      6209  1.852224238110103E+02
      6210  1.797857592005297E+02
      6211  1.842889410201709E+02
      6212  1.080714617748740E+02
      6213  2.979987143181439E+01
      6214  1.832929366683352E+02
      6215  1.837660372909312E+02
      6216  1.746689752953350E+02
      6217  1.855805464729078E+02
      6218  1.863228731149975E+02
      6219  1.746689755459008E+02
      6220  1.842889411722692E+02
      6221  1.850581348915034E+02
      6222  1.853996901743711E+02
      6223  1.763595369791169E+02
      6224  1.858693226975774E+02
      6225  1.860549986966041E+02
      6226  1.763826148460652E+02
      6227  1.829880505026347E+02
      6228  1.080416604489303E+02
      6229  1.867889104520108E+02
      6230  1.859230088594337E+02
      6231  1.763595372505831E+02
      6232  1.862166728772539E+02
      6233  1.866380994597353E+02
      6234  1.712501728602510E+02
      6235  1.830977631315434E+02
      6236  1.857427898691782E+02
      6237  1.867135608694545E+02
      6238  1.712501731289626E+02
      6239  1.860144571764576E+02
      6240  1.863431514561564E+02
      6241  1.729580253210492E+02
      6242  1.829880507124167E+02
      6243  1.061028316592786E+02
      6244  2.990861662423613E+01
      6245  1.868248295611327E+02
      6246  1.843694168958805E+02
      6247  1.729591673822771E+02
      6248  1.862480584444539E+02
      6249  1.847665144003143E+02
      6250  1.729580256107515E+02
      6251  1.829353573448053E+02
      6252  1.859508588524912E+02
      6253  1.852367017723819E+02
      6254  1.678192249197418E+02
      6255  1.857711539071482E+02
      6256  1.865189984539348E+02
      6257  1.678192251290527E+02
      6258  1.869777654484677E+02
      6259  1.058676368149460E+02
      6260  1.817895974479666E+02
      6261  1.829963658574463E+02
      6262  1.695490419495029E+02
      6263  1.834804735919951E+02
      6264  1.781259808000019E+02
      6265  1.695384666860766E+02
      6266  1.869777655472647E+02
      6267  1.799059059309847E+02
      6268  1.797857593438946E+02
      6269  1.695490422185203E+02
      6270  1.746689756957306E+02
      6271  1.763826150527612E+02
      6272  1.643417111763875E+02
      6273  1.869020656103710E+02
      6274  1.061028315475730E+02
      6275  2.197130594108464E+01
      6276  1.763595374232702E+02
      6277  1.712501732655370E+02
      6278  1.643417113360746E+02
      6279  1.729591675983640E+02
      6280  1.729580257845504E+02
      6281  1.661151758385435E+02
      6282  1.869020657052314E+02
      6283  1.678192252386691E+02
      6284  1.695384668795853E+02
      6285  1.660895853128954E+02
      6286  1.695490423703106E+02
      6287  1.643417114241088E+02
      6288  1.661151760539934E+02
      6289  1.856699363578143E+02
      6290  1.058676367056090E+02
      6291  1.660895854637167E+02
      6292  1.661151761668288E+02
      6293  1.607412198325822E+02
      6294  1.607412199641285E+02
      6295  1.625710566717962E+02
      6296  1.607412199279291E+02
      6297  1.857431912054671E+02
      6298  1.626342530987807E+02
      6299  1.567334368549828E+02
      6300  1.626342528493669E+02
      6301  1.557550379338028E+02
      6302  1.588299678222521E+02
      6303  1.625710565578910E+02
      6304  1.856699364962409E+02
      6305  1.065898280444037E+02
      6306  2.388628411759676E+01
      6307  1.590582422288861E+02
      6308  1.534056331820292E+02
      6309  1.626342530210143E+02
      6310  1.536923882907170E+02
      6311  1.548966244314339E+02
      6312  1.567334369102734E+02
      6313  1.856477226900649E+02
      6314  1.504723304015961E+02
      6315  1.518226571377913E+02
      6316  1.567334368942874E+02
      6317  1.514658477198779E+02
      6318  1.481071089056746E+02
      6319  1.557550380123597E+02
      6320  1.893196720405461E+02
      6321  1.068495323137503E+02
      6322  1.492540816712257E+02
      6323  1.491397397228990E+02
      6324  1.557550379742721E+02
      6325  1.459305757748523E+02
      6326  1.470048841624187E+02
      6327  1.590582421657687E+02
      6328  1.893196721232301E+02
      6329  1.469659333671557E+02
      6330  1.438223599349510E+02
      6331  1.588299677929193E+02
      6332  1.448713489636394E+02
      6333  1.448570643787396E+02
      6334  1.590582422127620E+02
      6335  1.892363673332518E+02
      6336  1.065956983637936E+02
      6337  2.197601443800847E+01
      6338  1.417393770895149E+02
      6339  1.427789411379279E+02
      6340  1.534056333578702E+02
      6341  1.427735624365540E+02
      6342  1.396661034011983E+02
      6343  1.534056332829112E+02
      6344  1.892363674178437E+02
      6345  1.407019570024606E+02
      6346  1.406997712122344E+02
      6347  1.536923884400346E+02
      6348  1.375972439618975E+02
      6349  1.375366500720100E+02
      6350  1.536923883573878E+02
      6351  1.881118340206687E+02
      6352  1.065898278842266E+02
      6353  1.386312240854356E+02
      6354  1.386299695457154E+02
      6355  1.548966244891112E+02
      6356  1.355321698344657E+02
      6357  1.365640996151794E+02
      6358  1.504723306987227E+02
      6359  1.881717543656807E+02
      6360  1.365624050947905E+02
      6361  1.334742661748227E+02
      6362  1.504723305523912E+02
      6363  1.345018233658379E+02
      6364  1.344979316391070E+02
      6365  1.514658479835964E+02
      6366  1.881118341371809E+02
      6367  1.046080236298402E+02
      6368  2.197130582957110E+01
      6369  1.314344143756500E+02
      6370  1.324506941609417E+02
      6371  1.518226572699753E+02
      6372  1.324405195560024E+02
      6373  1.294421936957914E+02
      6374  1.514658478258820E+02
      6375  1.880930113283583E+02
      6376  1.304286493421147E+02
      6377  1.304017076569611E+02
      6378  1.481071092988466E+02
      6379  1.275719039636986E+02
      6380  1.284795975007757E+02
      6381  1.481071090719032E+02
      6382  1.915501146520505E+02
      6383  1.044165082907689E+02
      6384  1.284123463936669E+02
      6385  1.259947678015438E+02
      6386  1.491397400835972E+02
      6387  1.249219074212888E+02
      6388  1.267231601547128E+02
      6389  1.492540818614436E+02
      6390  1.915501147240356E+02
      6391  1.265564715671270E+02
      6392  1.256359040740774E+02
      6393  1.491397398373961E+02
      6394  1.247859018223639E+02
      6395  1.247088970229478E+02
      6396  1.459305762542794E+02
      6397  1.914872911189845E+02
      6398  1.046080236273110E+02
      6399  2.388628399914122E+01
      6400  1.241535954278629E+02
      6401  1.260091485518970E+02
      6402  1.459305759913777E+02
      6403  1.257690306176226E+02
      6404  1.254508257890794E+02
      6405  1.469659338182738E+02
      6406  1.914872911888244E+02
      6407  1.253153690590457E+02
      6408  1.117396172630408E+02
      6409  1.470048844044640E+02
      6410  1.111887181813428E+02
      6411  1.126832343856979E+02
      6412  1.469659334999606E+02
      6413  1.903987500834483E+02
      6414  1.044165082568853E+02
      6415  1.124166880161683E+02
      6416  1.121476766789211E+02
      6417  1.438223605050612E+02
      6418  1.120027998149881E+02
      6419  1.117728966379867E+02
      6420  1.438223601841390E+02
      6421  1.904472860661828E+02
      6422  1.139972789032402E+02
      6423  1.138546796548947E+02
      6424  1.448570649260605E+02
      6425  1.133071210753251E+02
      6426  1.132368504303635E+02
      6427  1.448713492560820E+02
      6428  1.903987501774814E+02
      6429  1.051402848854610E+02
      6430  2.388482878183022E+01
      6431  1.131211094089293E+02
      6432  1.155181690938304E+02
      6433  1.448570645372515E+02
      6434  1.154023386682918E+02
      6435  1.147367249750928E+02
      6436  1.417393777539577E+02
      6437  1.903740496282909E+02
      6438  1.146924117423516E+02
      6439  1.146197655827809E+02
      6440  1.417393773469510E+02
      6441  1.172056415103734E+02
      6442  1.170295046481567E+02
      6443  1.427735630914058E+02
      6444  1.937161308224646E+02
      6445  1.053581478956424E+02
      6446  1.163386509884149E+02
      6447  1.162875802385090E+02
      6448  1.427789414836001E+02
      6449  1.162068077628245E+02
      6450  1.191436761150354E+02
      6451  1.427735626198795E+02
      6452  1.937161308694637E+02
      6453  1.187547286057205E+02
      6454  1.181302472190288E+02
      6455  1.396661041483621E+02
      6456  1.180304979704634E+02
      6457  1.178779257482582E+02
      6458  1.396661036780527E+02
      6459  1.936846399790431E+02
      6460  1.051416000853139E+02
      6461  2.197311510861505E+01
      6462  1.216763844309548E+02
      6463  1.205442222192030E+02
      6464  1.406997719707126E+02
      6465  1.221220211091433E+02
      6466  1.214130843058633E+02
      6467  1.407019573975120E+02
      6468  1.936846400375851E+02
      6469  1.202917563731151E+02
      6470  1.200287831604403E+02
      6471  1.406997714245400E+02
      6472  1.196516367847989E+02
      6473  1.242920689828560E+02
      6474  1.375972447423801E+02
      6475  1.926053949046688E+02
      6476  1.051402848091723E+02
      6477  1.238467939758119E+02
      6478  1.253464653962004E+02
      6479  1.375972442042837E+02
      6480  1.244405890672221E+02
      6481  1.230097395554782E+02
      6482  1.375366509721470E+02
      6483  1.926366293282020E+02
      6484  1.270050735794507E+02
      6485  1.273091744429017E+02
      6486  1.375366502774200E+02
      6487  1.257302816903924E+02
      6488  1.259923965053725E+02
      6489  1.386299703981976E+02
      6490  1.926053949736228E+02
      6491  1.031105735318600E+02
      6492  2.388482857995909E+01
      6493  1.263047584488588E+02
      6494  1.293379592368289E+02
      6495  1.386312245427756E+02
      6496  1.293769116038068E+02
      6497  1.281997843011010E+02
      6498  1.386299697680527E+02
      6499  1.925842911336520E+02
      6500  1.282593212379891E+02
      6501  1.283412470887434E+02
      6502  1.355321705793433E+02
      6503  1.315489435080844E+02
      6504  1.314683263935064E+02
      6505  1.355321700792757E+02
      6506  1.958389601165522E+02
      6507  1.029679965044952E+02
      6508  1.304541102609157E+02
      6509  1.304411990597596E+02
      6510  1.365624060741524E+02
      6511  1.304212674356472E+02
      6512  1.337384241291993E+02
      6513  1.365641000803879E+02
      6514  1.958389601504023E+02
      6515  1.335887011976696E+02
      6516  1.326496614672152E+02
      6517  1.365624053461541E+02
      6518  1.326165212796889E+02
      6519  1.325268108574570E+02
      6520  1.334742668963165E+02
      6521  1.958188734407247E+02
      6522  1.031105735985973E+02
      6523  2.584723980090157E+01
      6524  1.359997885463667E+02
      6525  1.367733319242300E+02
      6526  1.334742664300254E+02
      6527  1.357989037187435E+02
      6528  1.365553556978009E+02
      6529  1.344979324421696E+02
      6530  1.958188734782974E+02
      6531  1.348793994781430E+02
      6532  1.348901774135080E+02
      6533  1.345018237742787E+02
      6534  1.346893916051259E+02
      6535  1.383340225095922E+02
      6536  1.344979318632042E+02
      6537  1.947590561168409E+02
      6538  1.029679965484068E+02
      6539  1.380300063381129E+02
      6540  1.391236529350842E+02
      6541  1.314344149794651E+02
      6542  1.384454127046998E+02
      6543  1.371718648844469E+02
      6544  1.314344146136457E+02
      6545  1.947776313353656E+02
      6546  1.373262018464364E+02
      6547  1.405683549481128E+02
      6548  1.324405202976752E+02
      6549  1.413193886959669E+02
      6550  1.394476132952871E+02
      6551  1.324506945562788E+02
      6552  1.947590561695893E+02
      6553  1.036912636174372E+02
      6554  2.583065025479814E+01
      6555  1.397439347253928E+02
      6556  1.402197224843016E+02
      6557  1.324405197610651E+02
      6558  1.427214704337892E+02
      6559  1.434411141204095E+02
      6560  1.294421941956234E+02
      6561  1.947491747499804E+02
      6562  1.416446467505199E+02
      6563  1.419887240885049E+02
      6564  1.294421938774163E+02
      6565  1.423796438078539E+02
      6566  1.448369343947240E+02
      6567  1.304017082766717E+02
      6568  1.979332683413795E+02
      6569  1.038613385706770E+02
      6570  1.455428419530385E+02
      6571  1.437818701777894E+02
      6572  1.304286496590856E+02
      6573  1.441314124913861E+02
      6574  1.444918742882873E+02
      6575  1.304017078109623E+02
      6576  1.989624084781413E+02
      6577  1.469033658067300E+02
      6578  1.476409433217808E+02
      6579  1.275719043661548E+02
      6580  1.458796412195228E+02
      6581  1.462309800588743E+02
      6582  1.275719041045037E+02
      6583  1.989677388335240E+02
      6584  1.036919911074560E+02
      6585  2.584723950046911E+01
      6586  1.465934317800860E+02
      6587  1.488565890381427E+02
      6588  1.284123468966654E+02
      6589  1.497286782234089E+02
      6590  1.479063073805952E+02
      6591  1.284795977648855E+02
      6592  1.979332683535805E+02
      6593  1.482810093394483E+02
      6594  1.486919434425771E+02
      6595  1.284123465232343E+02
      6596  1.505391287994701E+02
      6597  1.516951634520060E+02
      6598  1.259947681063802E+02
      6599  1.989624084769546E+02
      6600  1.036912636289026E+02
      6601  1.497627230102835E+02
      6602  1.502097984245257E+02
      6603  1.259947679040227E+02
      6604  1.507620824326269E+02
      6605  1.516354492769430E+02
      6606  1.249219077240139E+02
      6607  1.968740547967868E+02
      6608  1.533379824265085E+02
      6609  1.512115564816956E+02
      6610  1.249219074788308E+02
      6611  1.518176986456877E+02
      6612  1.526225878459298E+02
      6613  1.265564719524526E+02
      6614  1.968855003824700E+02
      6615  1.016097717935611E+02
      6616  2.585118167255517E+01
      6617  1.115072838467379E+02
      6618  1.103241464093733E+02
      6619  1.267231603628150E+02
      6620  1.115000536690872E+02
      6621  1.111673284178659E+02
      6622  1.265564716532074E+02
      6623  1.968740548219659E+02
      6624  1.107093454380324E+02
      6625  2.195842314453919E+01
      6626  1.256359044198906E+02
      6627  2.582923369274495E+01
      6628  2.189505684315548E+01
      6629  1.256359041854528E+02
      6630  1.989585707600166E+02
      6631  1.015234372258585E+02
      6632  2.556140628251883E+01
      6633  2.192703349878522E+01
      6634  1.247859021164372E+02
      6635  2.380908992234798E+01
      6636  2.569658640359612E+01
      6637  1.247859018612218E+02
      6638  1.989585707558814E+02
      6639  2.184019944201747E+01
      6640  2.185885110791147E+01
      6641  1.247088973471262E+02
      6642  2.365605812874226E+01
      6643  2.186978920253565E+01
      6644  1.247088970720717E+02
      6645  1.968676052266936E+02
      6646  1.016097719133834E+02
      6647  2.370992088520642E+01
      6648  2.724838136929899E+01
      6649  1.241535955560088E+02
      6650  2.731987390955579E+01
      6651  2.543965323971770E+01
      6652  1.257690310358267E+02
      6653  1.968676052392849E+02
      6654  2.546657686632432E+01
      6655  2.550255728588508E+01
      6656  1.260091487730389E+02
      6657  3.079686611136808E+01
      6658  3.074145717828533E+01
      6659  1.257690307047829E+02
      6660  1.979179518951116E+02
      6661  1.015234373438272E+02
      6662  2.900719097953483E+01
      6663  2.900549262592884E+01
      6664  1.254508260028008E+02
      6665  2.900355008693764E+01
      6666  3.432771032162863E+01
      6667  1.253153692543969E+02
      6668  1.989570726517133E+02
      6669  3.404391555163524E+01
      6670  3.255702043134838E+01
      6671  1.117396172701521E+02
      6672  3.246959811554042E+01
      6673  3.238887494616916E+01
      6674  1.117396172717825E+02
      6675  1.979179518996320E+02
      6676  1.022425142329629E+02
      6677  3.790955473521325E+01
      6678  3.745443229195430E+01
      6679  1.111887181688416E+02
      6680  3.612016186993120E+01
      6681  3.593659240054732E+01
      6682  1.111887181855628E+02
      6683  1.968666941352182E+02
      6684  3.576893199208811E+01
      6685  4.158915927586832E+01
      6686  1.126832343371852E+02
      6687  4.102031688401296E+01
      6688  3.973697256172472E+01
      6689  1.126832343771500E+02
      6690  1.989652751965058E+02
      6691  1.023622164166576E+02
      6692  3.947826418491876E+01
      6693  3.923636647327794E+01
      6694  1.124166879418236E+02
      6695  4.542362144161385E+01
      6696  4.446863452231192E+01
      6697  1.124166880040662E+02
      6698  1.989652751996672E+02
      6699  4.347065906311664E+01
      6700  4.307425411232348E+01
      6701  1.120027997800041E+02
      6702  4.273001723268115E+01
      6703  4.979680262745126E+01
      6704  1.121476766654711E+02
      6705  1.968924771523768E+02
      6706  1.022448706115484E+02
      6707  4.755262668193514E+01
      6708  4.988769586241574E+01
      6709  1.120027998121902E+02
      6710  4.886003061417625E+01
      6711  4.751875424400829E+01
      6712  1.117728966122646E+02
      6713  1.968924771661931E+02
      6714  4.669672708302554E+01
      6715  4.607568520038105E+01
      6716  1.139972788270351E+02
      6717  5.500978604535334E+01
      6718  5.598720659000963E+01
      6719  1.139972788794938E+02
      6720  1.979237419849742E+02
      6721  1.022425143122035E+02
      6722  5.343945556159188E+01
      6723  5.288844704420369E+01
      6724  1.138546795367068E+02
      6725  5.172333187587740E+01
      6726  6.197212960035710E+01
      6727  1.138546796331591E+02
      6728  1.989601204806555E+02
      6729  6.204252474709522E+01
      6730  5.861222264490961E+01
      6731  1.132368503503131E+02
      6732  5.890199888074640E+01
      6733  5.877091676625427E+01
      6734  1.133071210380652E+02
      6735  1.979237419882579E+02
      6736  1.000936339454109E+02
      6737  6.851776100115387E+01
      6738  6.852270944533022E+01
      6739  1.132368504150993E+02
      6740  6.525466511596593E+01
      6741  6.527299479746709E+01
      6742  1.131211093552174E+02
      6743  1.968777537534773E+02
      6744  6.526626760491675E+01
      6745  7.503570138501289E+01
      6746  1.155181690021616E+02
      6747  7.503606633749041E+01
      6748  7.177762608601942E+01
      6749  1.155181690588634E+02
      6750  1.989792158797326E+02
      6751  1.000957670042145E+02
      6752  7.177849419259982E+01
      6753  7.177846851964267E+01
      6754  1.154023385347831E+02
      6755  8.155186268718354E+01
      6756  8.155214526402897E+01
      6757  1.154023386384943E+02
      6758  1.989792158785233E+02
      6759  7.829393998674178E+01
      6760  7.829394753090982E+01
      6761  1.146924116435459E+02
      6762  7.829399242258856E+01
      6763  8.806622610266665E+01
      6764  1.147367249254008E+02
      6765  1.969491634380321E+02
      6766  1.000936341179758E+02
      6767  8.806991512312484E+01
      6768  8.480965823122621E+01
      6769  1.146924117170006E+02
      6770  8.481041568256680E+01
      6771  8.480993430377221E+01
      6772  1.146197655147418E+02
      6773  1.969491634409745E+02
      6774  9.455712685679798E+01
      6775  9.460971746785540E+01
      6776  1.172056414216100E+02
      6777  9.131853289927723E+01
      6778  9.133291395351849E+01
      6779  1.172056414674027E+02
      6780  1.979456775061914E+02
      6781  1.000957672077524E+02
      6782  9.132505414328709E+01
      6783  1.014728258858201E+02
      6784  1.170295045203881E+02
      6785  1.007274399999638E+02
      6786  9.772797777976307E+01
      6787  1.170295046130166E+02
      6788  1.989725436891917E+02
      6789  9.795177187965967E+01
      6790  9.783625909701664E+01
      6791  1.162875801344284E+02
      6792  1.055640717763833E+02
      6793  1.067451126634180E+02
      6794  1.163386509355795E+02
      6795  1.979456775156504E+02
      6796  1.007945954098830E+02
      6797  1.034566036365091E+02
      6798  1.038639132345141E+02
      6799  1.162875802056351E+02
      6800  1.047380511967094E+02
      6801  1.086822602831711E+02
      6802  1.162068076897830E+02
      6803  1.969220908476587E+02
      6804  1.091573584369438E+02
      6805  1.073097869312105E+02
      6806  1.191436760526571E+02
      6807  1.076027482826921E+02
      6808  1.080675311259229E+02
      6809  1.191436760742841E+02
      6810  1.989863039830587E+02
      6811  1.008580857799881E+02
      6812  1.108972785022950E+02
      6813  1.108783966818858E+02
      6814  1.187547285044267E+02
      6815  1.098451838388564E+02
      6816  1.099210138821666E+02
      6817  1.187547285675181E+02
      6818  1.989863039785878E+02
      6819  1.100729178259505E+02
      6820  1.127155389579064E+02
      6821  1.180304978853893E+02
      6822  1.129245931158461E+02
      6823  1.118880282634267E+02
      6824  1.181302471751266E+02
      6825  1.969718084470616E+02
      6826  1.008037165259226E+02
      6827  1.118226526427335E+02
      6828  1.116952831290672E+02
      6829  1.180304979345930E+02
      6830  1.150222021166152E+02
      6831  1.148501435289253E+02
      6832  1.178779256849656E+02
      6833  1.969718084148584E+02
      6834  1.139675582136345E+02
      6835  1.137890894943520E+02
      6836  1.216763844844698E+02
      6837  1.138815954143956E+02
      6838  1.171384540382117E+02
      6839  1.216763844315154E+02
      6840  1.979669027742983E+02
      6841  1.007945955512440E+02
      6842  1.169690520471333E+02
      6843  1.160797271711358E+02
      6844  1.205442222079404E+02
      6845  1.159102183745878E+02
      6846  1.159954495127933E+02
      6847  1.205442221943165E+02
      6848  1.989849443581302E+02
      6849  1.192563458670726E+02
      6850  1.190871319838224E+02
      6851  1.221220211800741E+02
      6852  1.181973269711191E+02
      6853  1.180281661770850E+02
      6854  1.221220211071230E+02
      6855  1.979669027641533E+02
      6856  9.874771465876262E+01
      6857  1.181128220911803E+02
      6858  1.213744029763341E+02
      6859  1.214130843175535E+02
      6860  1.212052021143753E+02
      6861  1.203153639441764E+02
      6862  1.200287831226664E+02
      6863  1.969645369021336E+02
      6864  1.201461774314088E+02
      6865  1.202307839701444E+02
      6866  1.202917563672360E+02
      6867  1.234924809937901E+02
      6868  1.233232809223016E+02
      6869  1.200287831337547E+02
      6870  1.989855395776954E+02
      6871  9.849975023181415E+01
      6872  1.224334402552915E+02
      6873  1.222642431401080E+02
      6874  1.196516367501458E+02
      6875  1.223488446037970E+02
      6876  1.256105632856259E+02
      6877  1.242920691960571E+02
      6878  1.989855395701099E+02
      6879  1.254413631611321E+02
      6880  1.245515219689396E+02
      6881  1.242920690214217E+02
      6882  1.243823218999808E+02
      6883  1.244669223572703E+02
      6884  1.238467941629652E+02
      6885  1.969622137282463E+02
      6886  9.874771488523912E+01
      6887  1.277286494540760E+02
      6888  1.275594491043436E+02
      6889  1.238467940142679E+02
      6890  1.266696063296000E+02
      6891  1.265004060372144E+02
      6892  1.253464656953151E+02
      6893  1.969622136821834E+02
      6894  1.265850058851632E+02
      6895  1.298467376452726E+02
      6896  1.253464654562234E+02
      6897  1.296775379533000E+02
      6898  1.287876943163297E+02
      6899  1.244405892108527E+02
      6900  1.979723931048868E+02
      6901  9.849975037972035E+01
      6902  1.286184927051577E+02
      6903  1.287030935692651E+02
      6904  1.230097396535961E+02
      6905  1.319648292309242E+02
      6906  1.317956375297630E+02
      6907  1.270050738908813E+02
      6908  1.989882060581598E+02
      6909  1.309057887502802E+02
      6910  1.307365822735683E+02
      6911  1.270050736417904E+02
      6912  1.308211893337596E+02
      6913  1.340828948170915E+02
      6914  1.273091748334299E+02
      6915  1.979723930805780E+02
      6916  9.934915933202069E+01
      6917  1.339138185634002E+02
      6918  1.330239020768936E+02
      6919  1.273091745590515E+02
      6920  1.328546870397421E+02
      6921  1.329393217180632E+02
      6922  1.259923968333325E+02
      6923  1.969710131347943E+02
      6924  1.362003311280807E+02
      6925  1.360328941911732E+02
      6926  1.257302818461389E+02
      6927  1.351419590069859E+02
      6928  1.349729988536765E+02
      6929  1.259923965886373E+02
      6930  1.989783987910355E+02
      6931  9.931732404517254E+01
      6932  1.350576609479023E+02
      6933  1.383073128191688E+02
      6934  1.263047586695358E+02
      6935  1.381632454142953E+02
      6936  1.372575316175434E+02
      6937  1.293379596608447E+02
      6938  1.989783987761089E+02
      6939  1.370944560538593E+02
      6940  1.371774370601088E+02
      6941  1.293379593204143E+02
      6942  1.404570294955965E+02
      6943  1.402558505552272E+02
      6944  1.293769121206411E+02
      6945  1.969353176575213E+02
      6946  9.940135869412333E+01
      6947  1.393261643185600E+02
      6948  1.392632321067916E+02
      6949  1.293769117716156E+02
      6950  1.393083278688222E+02
      6951  1.419290186451143E+02
      6952  1.282593216978608E+02
      6953  1.969353175970317E+02
      6954  1.415910705203289E+02
      6955  1.421821131143627E+02
      6956  1.281997845188381E+02
      6957  1.410749674723680E+02
      6958  1.412569565143459E+02
      6959  1.282593213427176E+02
      6960  1.979628563179838E+02
      6961  9.934915953216844E+01
      6962  1.422279046927653E+02
      6963  1.430520331314121E+02
      6964  1.283412473863473E+02
      6965  1.425696277212998E+02
      6966  1.422541134440976E+02
      6967  1.315489440231725E+02
      6968  1.989837923182777E+02
      6969  1.416460143048765E+02
      6970  1.437271530499890E+02
      6971  1.315489436316020E+02
      6972  1.442434978589177E+02
      6973  1.430003506079360E+02
      6974  1.314683270478950E+02
      6975  1.979628562906567E+02
      6976  9.659969789121068E+01
      6977  1.436242197600540E+02
      6978  1.433515922875503E+02
      6979  1.314683266275673E+02
      6980  1.450902637850329E+02
      6981  1.455339802841908E+02
      6982  1.304411996681095E+02
      6983  1.969504498717027E+02
      6984  1.444159925202276E+02
      6985  1.448858331647815E+02
      6986  1.304541105389683E+02
      6987  1.446599179220061E+02
      6988  1.464131722911683E+02
      6989  1.304411992110258E+02
      6990  1.979339496342220E+02
      6991  9.659969810634712E+01
      6992  1.468406814217365E+02
      6993  1.457551304358262E+02
      6994  1.304212678070037E+02
      6995  1.461883403398425E+02
      6996  1.459721707689426E+02
      6997  1.337384248111225E+02
      6998  1.989705852065053E+02
      6999  1.477183984431674E+02
      7000  1.481451074969131E+02
      7001  1.337384243069784E+02
      7002  1.470686473218761E+02
      7003  1.474943945871914E+02
      7004  1.335887019540043E+02
      7005  1.989697838438783E+02
      7006  9.728993234996399E+01
      7007  1.472797629083321E+02
      7008  1.490078167105748E+02
      7009  1.335887014220153E+02
      7010  1.494493374576492E+02
      7011  1.483670476727305E+02
      7012  1.326165220072175E+02
      7013  1.979339495909897E+02
      7014  1.487975677637700E+02
      7015  1.485799667197296E+02
      7016  1.326496618245944E+02
      7017  1.502684548607575E+02
      7018  1.507805224764782E+02
      7019  1.326165214805455E+02
      7020  1.989705851873577E+02
      7021  9.728993261979150E+01
      7022  1.496470218063806E+02
      7023  1.501099936154181E+02
      7024  1.325268112956240E+02
      7025  1.498747991473986E+02
      7026  1.514422523893190E+02
      7027  1.359997892393956E+02
      7028  1.979460220186004E+02
      7029  1.522666912815587E+02
      7030  1.508836281222837E+02
      7031  1.359997887572464E+02
      7032  1.514950958814592E+02
      7033  1.511772275398040E+02
      7034  1.367733327978937E+02
      7035  1.989756424176878E+02
      7036  9.780663366608836E+01
      7037  1.541145576998899E+02
      7038  1.531241719959641E+02
      7039  1.367733322118009E+02
      7040  1.531261772865834E+02
      7041  1.527233969490101E+02
      7042  1.357989046636404E+02
      7043  1.979460219747911E+02
      7044  1.522054884654048E+02
      7045  1.564065739547744E+02
      7046  1.357989040057199E+02
      7047  1.552766549187874E+02
      7048  1.551840652923791E+02
      7049  1.365553562727185E+02
      7050  1.958541652773645E+02
      7051  9.760901477783669E+01
      7052  1.547063154135543E+02
      7053  1.540930200747918E+02
      7054  1.348901782903133E+02
      7055  1.591857578526212E+02
      7056  1.580750103928783E+02
      7057  1.348793998479799E+02
      7058  1.958541652009101E+02
      7059  1.577381846089810E+02
      7060  1.572265801608354E+02
      7061  1.348901776529260E+02
      7062  1.565858955956871E+02
      7063  1.623114063180838E+02
      7064  1.346893921032962E+02
      7065  1.958871808944517E+02
      7066  9.780663393211501E+01
      7067  1.613834179096269E+02
      7068  1.607165363653923E+02
      7069  1.383340233755401E+02
      7070  1.602480222948051E+02
      7071  1.596885557662036E+02
      7072  1.383340227404694E+02
      7073  1.958871807979758E+02
      7074  1.655881515765492E+02
      7075  1.647942441935818E+02
      7076  1.380300072666084E+02
      7077  1.639390634413115E+02
      7078  1.635285490094012E+02
      7079  1.380300066173849E+02
      7080  1.969069729542958E+02
      7081  9.805614779706175E+01
      7082  1.630836455679241E+02
      7083  1.689048745846424E+02
      7084  1.391236537470868E+02
      7085  1.681943694525356E+02
      7086  1.672466170844838E+02
      7087  1.391236531567556E+02
      7088  1.968990904498527E+02
      7089  1.668773003584530E+02
      7090  1.664974350635935E+02
      7091  1.384454132015127E+02
      7092  1.722132429079649E+02
      7093  1.715747596919086E+02
      7094  1.373262027370630E+02
      7095  1.969069728841515E+02
      7096  9.387038763165580E+01
      7097  1.705635644960911E+02
      7098  1.371718653090487E+02
      7099  1.702280195625510E+02
      7100  1.698884367100744E+02
      7101  1.373262021111481E+02
      7102  1.754829706702674E+02
      7103  1.969206633086107E+02
      7104  1.749327478728491E+02
      7105  1.405683554384928E+02
      7106  1.738569489770755E+02
      7107  9.387038774380434E+01
      7108  1.735575798641041E+02
      7109  1.405683550439602E+02
      7110  1.732572152595781E+02
      7111  1.937410199257423E+02
      7112  1.786654402194636E+02
      7113  1.413193893612822E+02
      7114  1.782607633134214E+02
      7115  1.770922836626863E+02
      7116  1.413193888897599E+02
      7117  1.768441917982778E+02
      7118  1.937410198203784E+02
      7119  1.766041858597477E+02
      7120  1.397439355888957E+02
      7121  1.816753386482017E+02
      7122  9.502381873806227E+01
      7123  1.814661748346070E+02
      7124  1.394476136772322E+02
      7125  1.802016473751059E+02
      7126  1.938160912787382E+02
      7127  1.800277102541634E+02
      7128  1.397439349688823E+02
      7129  1.798902344580298E+02
      7130  1.402197229453483E+02
      7131  1.844386555530826E+02
      7132  1.938160911479189E+02
      7133  1.842889412626037E+02
      7134  9.502381898370339E+01
      7135  1.830977632756946E+02
      7136  1.829880508137844E+02
      7137  1.427214707737244E+02
      7138  1.829353575012811E+02
      7139  1.869777656583076E+02
      7140  1.427214704716025E+02
      7141  1.948271944153284E+02
      7142  1.869020658112357E+02
      7143  1.857431913278019E+02
      7144  1.434411146704867E+02
      7145  1.856699366317891E+02
      7146  1.856477228105768E+02
      7147  1.434411142733215E+02
      7148  1.948059242221693E+02
      7149  1.893196722053026E+02
      7150  1.892363674903170E+02
      7151  1.419887246563970E+02
      7152  1.881717544597569E+02
      7153  1.881118342207891E+02
      7154  1.416446469656227E+02
      7155  1.948271943052050E+02
      7156  9.574975563433360E+01
      7157  1.880930114189228E+02
      7158  1.915501147784242E+02
      7159  1.419887242428130E+02
      7160  1.914872912475595E+02
      7161  1.904472861421021E+02
      7162  1.423796441794576E+02
      7163  1.948574890235453E+02
      7164  1.903987502473887E+02
      7165  1.903740496983652E+02
      7166  1.448369346737927E+02
      7167  1.937161308982232E+02
      7168  1.936846400768178E+02
      7169  1.448369344154202E+02
      7170  1.915591790900282E+02
      7171  9.538098137734890E+01
      7172  1.926366293839912E+02
      7173  1.926053950333157E+02
      7174  1.455428424079414E+02
      7175  1.925842911919902E+02
      7176  1.958389601706124E+02
      7177  1.455428420791458E+02
      7178  1.915591789335060E+02
      7179  1.958188735059566E+02
      7180  1.947776313692407E+02
      7181  1.441314129561079E+02
      7182  1.947590562017334E+02
      7183  1.947491747953127E+02
      7184  1.437818703372628E+02
      7185  1.917185452052464E+02
      7186  9.574975590683371E+01
      7187  1.989677388404383E+02
      7188  1.979332683635043E+02
      7189  1.441314126064790E+02
      7190  1.989624084821713E+02
      7191  1.968855004057065E+02
      7192  1.444918745990540E+02
      7193  1.917185450613175E+02
      7194  1.968740548413284E+02
      7195  1.989585707605976E+02
      7196  1.469033660626345E+02
      7197  1.968676052549053E+02
      7198  1.989570726562434E+02
      7199  1.469033658362013E+02
      7200  1.927121483931984E+02
      7201  9.628534548803847E+01
      7202  1.979179519104342E+02
      7203  1.968666941582329E+02
      7204  1.476409437003484E+02
      7205  1.989652752030095E+02
      7206  1.968924771779892E+02
      7207  1.476409434345618E+02
      7208  1.926644039827965E+02
      7209  1.989601204822097E+02
      7210  1.979237419963752E+02
      7211  1.462309804582771E+02
      7212  1.968777537674532E+02
      7213  1.989792158803408E+02
      7214  1.458796413916816E+02
      7215  1.927121482528347E+02
      7216  9.060485893072548E+01
      7217  1.969491634460474E+02
      7218  1.989725436926292E+02
      7219  1.462309801476548E+02
      7220  1.979456775226074E+02
      7221  1.969220908641051E+02
      7222  1.465934320392230E+02
      7223  1.927754341818640E+02
      7224  1.989863039745495E+02
      7225  1.969718084004104E+02
      7226  1.488565893267495E+02
      7227  1.989849443555504E+02
      7228  1.979669027614184E+02
      7229  1.488565891222412E+02
      7230  1.892358942565546E+02
      7231  8.999786284587042E+01
      7232  1.969645368912836E+02
      7233  1.989855395604736E+02
      7234  1.497286785404533E+02
      7235  1.969622136536377E+02
      7236  1.989882060479953E+02
      7237  1.497286783282858E+02
      7238  1.892358940172687E+02
      7239  1.979723930673399E+02
      7240  1.969710130982829E+02
      7241  1.482810096811607E+02
      7242  1.989783987612154E+02
      7243  1.969353175459657E+02
      7244  1.479063075422414E+02
      7245  1.895684583169626E+02
      7246  9.060485910421129E+01
      7247  1.989837923055908E+02
      7248  1.979628562652435E+02
      7249  1.482810094249891E+02
      7250  1.969504498271644E+02
      7251  1.989697838243028E+02
      7252  1.486919436571662E+02
      7253  1.895684581564416E+02
      7254  1.979339495590932E+02
      7255  1.989705851701895E+02
      7256  1.505391290540353E+02
      7257  1.989756423973486E+02
      7258  1.979460219427408E+02
      7259  1.505391288851667E+02
      7260  1.905258746745149E+02
      7261  8.999786296124658E+01
      7262  1.958541651459857E+02
      7263  1.958871807294380E+02
      7264  1.516951636796079E+02
      7265  1.968990903958380E+02
      7266  1.969069728346981E+02
      7267  1.516951635362945E+02
      7268  1.904244916296828E+02
      7269  1.969206632481227E+02
      7270  1.937410197505824E+02
      7271  1.502097987272545E+02
      7272  1.938160910439128E+02
      7273  1.948059241337392E+02
      7274  1.497627231599423E+02
      7275  1.905258745027738E+02
      7276  9.243172493766353E+01
      7277  1.948271942236579E+02
      7278  1.948574889151455E+02
      7279  1.502097985271039E+02
      7280  1.915591788555629E+02
      7281  1.917185449544923E+02
      7282  1.507620826014216E+02
      7283  1.906538081962700E+02
      7284  1.926644038697405E+02
      7285  1.927121481552497E+02
      7286  1.516354494845110E+02
      7287  1.927754340551527E+02
      7288  1.892358938772080E+02
      7289  1.516354493631242E+02
      7290  1.866038773077830E+02
      7291  9.211347639647505E+01
      7292  1.895684580719854E+02
      7293  1.904244914804711E+02
      7294  1.533379825903516E+02
      7295  1.905258744184330E+02
      7296  1.906538081120603E+02
      7297  1.533379824992907E+02
      7298  1.866038769283986E+02
      7299  1.866038765985062E+02
      7300  1.873522708351261E+02
      7301  1.518176988559239E+02
      7302  1.879779146566992E+02
      7303  1.882012309616384E+02
      7304  1.512115566157069E+02
      7305  1.873522710672708E+02
      7306  9.243172513660788E+01
      7307  1.884687998777018E+02
      7308  1.832075702110137E+02
      7309  1.518176987171405E+02
      7310  1.852506253127289E+02
      7311  1.832865894542442E+02
      7312  1.526225879658966E+02
      7313  1.873522709037063E+02
      7314  1.843938328669924E+02
      7315  1.850552992170062E+02
      7316  1.115072839614260E+02
      7317  1.856323037607297E+02
      7318  1.862620234205475E+02
      7319  1.115072838836483E+02
      7320  1.882012313117034E+02
      7321  9.326246485360406E+01
      7322  1.791506912683963E+02
      7323  1.783053775563648E+02
      7324  1.103241464761340E+02
      7325  1.803284188131981E+02
      7326  1.808803701442326E+02
      7327  1.103241464408004E+02
      7328  1.879779149281783E+02
      7329  1.816996945578867E+02
      7330  1.736495004392096E+02
      7331  1.111673284471352E+02
      7332  1.735857570998619E+02
      7333  1.760603958576885E+02
      7334  1.115000536956516E+02
      7335  1.882012310723577E+02
      7336  8.479467233953548E+01
      7337  1.762707005259025E+02
      7338  1.762918944960543E+02
      7339  1.111673284341520E+02
      7340  1.686480792799549E+02
      7341  1.684001164737413E+02
      7342  1.107093454551578E+02
      7343  1.884688000728081E+02
      7344  1.711623288274301E+02
      7345  1.709763502513448E+02
      7346  2.195842327343505E+01
      7347  1.712000882821771E+02
      7348  1.635901149764750E+02
      7349  2.195842319733207E+01
      7350  1.832075716389080E+02
      7351  8.502996236517176E+01
      7352  1.632757523875482E+02
      7353  1.661213498742419E+02
      7354  2.582923408650385E+01
      7355  1.658344276222020E+02
      7356  1.661276403534644E+02
      7357  2.582923379366817E+01
      7358  1.832075710401016E+02
      7359  1.585218717850070E+02
      7360  1.581626283563081E+02
      7361  2.189505691743148E+01
      7362  1.610566061159241E+02
      7363  1.607174800050462E+02
      7364  2.189505683653083E+01
      7365  1.852506255479616E+02
      7366  8.479467238504418E+01
      7367  1.610583345424194E+02
      7368  1.534456762371653E+02
      7369  2.556140651792746E+01
      7370  1.530594287667619E+02
      7371  1.559853818952867E+02
      7372  2.556140632398485E+01
      7373  1.852506254172019E+02
      7374  1.556080353508689E+02
      7375  1.559898565659473E+02
      7376  2.380909020741536E+01
      7377  1.483314884631074E+02
      7378  1.480085236448493E+02
      7379  2.192703356575107E+01
      7380  1.832865902441409E+02
      7381  8.502996240116416E+01
      7382  1.508902285553109E+02
      7383  1.505299791246705E+02
      7384  2.380909003499218E+01
      7385  1.509234430925925E+02
      7386  1.429793863838870E+02
      7387  2.569658661867653E+01
      7388  1.832865898692820E+02
      7389  1.433023996776851E+02
      7390  1.457057095995779E+02
      7391  2.185885116561155E+01
      7392  1.455966819427297E+02
      7393  1.458828353188087E+02
      7394  2.365605826936894E+01
      7395  1.843938327770021E+02
      7396  8.737003630705868E+01
      7397  1.394392852094639E+02
      7398  1.386820464469180E+02
      7399  2.184019948143858E+01
      7400  1.412047038773466E+02
      7401  1.412358901688657E+02
      7402  2.185885108767953E+01
      7403  1.856323043184825E+02
      7404  1.404249525519486E+02
      7405  1.366467481456481E+02
      7406  2.365605812815219E+01
      7407  1.363948387484679E+02
      7408  1.379189733018414E+02
      7409  2.370992103245764E+01
      7410  1.850552998194225E+02
      7411  8.759382228306150E+01
      7412  1.378778166404289E+02
      7413  1.374519961169589E+02
      7414  2.186978925043869E+01
      7415  1.346303006696406E+02
      7416  1.347942012047973E+02
      7417  2.370992091780226E+01
      7418  1.856323040311258E+02
      7419  1.356449834668701E+02
      7420  1.357335640864061E+02
      7421  2.724838161843485E+01
      7422  1.355454523832587E+02
      7423  1.329425370685396E+02
      7424  2.724838138475038E+01
      7425  1.862620234994591E+02
      7426  8.760845354774006E+01
      7427  1.326456845409269E+02
      7428  1.336323249875213E+02
      7429  2.731987424048745E+01
      7430  1.338884145187554E+02
      7431  1.339141742776680E+02
      7432  2.731987395663474E+01
      7433  1.791506933764508E+02
      7434  1.308709673773077E+02
      7435  1.306225323926235E+02
      7436  2.546657702759470E+01
      7437  1.319013946707665E+02
      7438  1.316433735526386E+02
      7439  2.543965335669511E+01
      7440  1.783053798146489E+02
      7441  8.737003639953119E+01
      7442  1.318971781307663E+02
      7443  1.288094853352888E+02
      7444  2.546657678825588E+01
      7445  1.285853128012266E+02
      7446  1.298373500408881E+02
      7447  2.550255741290443E+01
      7448  1.791506927650257E+02
      7449  1.296100053883229E+02
      7450  1.298395807681178E+02
      7451  3.079686650906439E+01
      7452  1.267486826325971E+02
      7453  1.265470741602087E+02
      7454  3.079686615010717E+01
      7455  1.783053790885375E+02
      7456  8.080418029338711E+01
      7457  1.277790696923986E+02
      7458  1.275670011213663E+02
      7459  3.074145770256798E+01
      7460  1.277790279147374E+02
      7461  1.246879393481379E+02
      7462  3.074145727531866E+01
      7463  1.808803719554409E+02
      7464  1.245087435154992E+02
      7465  1.257183101497084E+02
      7466  2.900549293004357E+01
      7467  1.255286088592439E+02
      7468  1.257183060411002E+02
      7469  2.900719120354011E+01
      7470  1.803284192938745E+02
      7471  8.080418016480348E+01
      7472  1.226272026160345E+02
      7473  1.224704082925486E+02
      7474  2.900549252427485E+01
      7475  1.236575713367301E+02
      7476  1.234901915833749E+02
      7477  2.900355033490141E+01
      7478  1.808803711755423E+02
      7479  1.236575706428030E+02
      7480  1.205664647396249E+02
      7481  3.432771087869241E+01
      7482  1.204320813703703E+02
      7483  1.215968348981289E+02
      7484  3.432771040262158E+01
      7485  1.816996957962491E+02
      7486  8.272427464091105E+01
      7487  1.214517768411891E+02
      7488  1.215968367590718E+02
      7489  3.404391622969412E+01
      7490  1.185056867090082E+02
      7491  1.183938460987654E+02
      7492  3.404391567789263E+01
      7493  1.736494975168477E+02
      7494  1.195360868100753E+02
      7495  1.194133947406995E+02
      7496  3.246959857048027E+01
      7497  1.195361164412863E+02
      7498  1.164443764511115E+02
      7499  3.255702074879935E+01
      7500  1.735857562537417E+02
      7501  8.320224674652326E+01
      7502  1.163567591264175E+02
      7503  1.174751693682106E+02
      7504  3.246959800650789E+01
      7505  1.173754123484905E+02
      7506  1.174755539281285E+02
      7507  3.238887525543461E+01
      7508  1.736494996787681E+02
      7509  1.143760429992062E+02
      7510  1.143336684381738E+02
      7511  3.790955540911663E+01
      7512  1.154147245387685E+02
      7513  1.153372007936916E+02
      7514  3.790955484534089E+01
      7515  1.735857572069769E+02
      7516  8.272427463599989E+01
      7517  1.154169739622621E+02
      7518  1.122172797021107E+02
      7519  3.745443314263922E+01
      7520  1.124796911072619E+02
      7521  1.133226592096696E+02
      7522  3.745443250372043E+01
      7523  1.762918964461838E+02
      7524  1.133630669334996E+02
      7525  1.133817668027400E+02
      7526  3.593659296781568E+01
      7527  1.105123676680816E+02
      7528  1.102199639438303E+02
      7529  3.612016225697523E+01
      7530  1.760603971221618E+02
      7531  7.917017079497541E+01
      7532  1.107798170393109E+02
      7533  1.106149939214109E+02
      7534  3.593659230350092E+01
      7535  1.111947438265467E+02
      7536  1.117353850314416E+02
      7537  3.576893238583980E+01
      7538  1.762707015240634E+02
      7539  1.116654981964857E+02
      7540  1.914110952641245E+02
      7541  1.107826169117509E+02
      7542  4.158916003297316E+01
      7543  1.922151881250336E+02
      7544  1.905482205067201E+02
      7545  1.112944409008936E+02
      7546  1.913017613719673E+02
      7547  1.913693779547285E+02
      7548  1.090198091267910E+02
      7549  4.158915942019564E+01
      7550  1.762918962861522E+02
      7551  7.700512295450753E+01
      7552  1.896034538345317E+02
      7553  1.898002646348453E+02
      7554  1.088304706446124E+02
      7555  1.889439123174542E+02
      7556  1.897136505548717E+02
      7557  1.096623115952680E+02
      7558  4.102031786730677E+01
      7559  1.221882425964447E+02
      7560  1.891322826695430E+02
      7561  1.096326745273429E+02
      7562  1.910445104392323E+02
      7563  1.918568903163060E+02
      7564  1.095113081051688E+02
      7565  4.102031713151980E+01
      7566  1.686480732679031E+02
      7567  1.903342986464233E+02
      7568  1.900901457487779E+02
      7569  1.075872551510592E+02
      7570  1.925951402725260E+02
      7571  1.931042056705761E+02
      7572  1.073279765468113E+02
      7573  3.947826484761821E+01
      7574  1.938743131780142E+02
      7575  1.928476984946086E+02
      7576  1.083128421213340E+02
      7577  1.931015647718680E+02
      7578  1.940160564570402E+02
      7579  1.080714615689527E+02
      7580  3.973697296260835E+01
      7581  1.684001161390341E+02
      7582  7.917017072204544E+01
      7583  1.931217520297076E+02
      7584  1.940051649106245E+02
      7585  1.080416602135696E+02
      7586  1.921190569709379E+02
      7587  1.930002765939989E+02
      7588  1.061028314491229E+02
      7589  3.947826408491289E+01
      7590  1.930612468260339E+02
      7591  1.903253991140882E+02
      7592  1.058676366253592E+02
      7593  1.910910589855918E+02
      7594  1.912094531000189E+02
      7595  1.068495321601637E+02
      7596  3.923636694659988E+01
      7597  1.686480756148959E+02
      7598  1.886540404067372E+02
      7599  1.892661926627228E+02
      7600  1.065956982270000E+02
      7601  1.894592783702761E+02
      7602  1.208260908195619E+02
      7603  1.065898277271803E+02
      7604  4.542362225354977E+01
      7605  1.222430291921519E+02
      7606  1.207517411845562E+02
      7607  1.046080236044625E+02
      7608  1.214935042375563E+02
      7609  1.266774216661696E+02
      7610  1.044165082403518E+02
      7611  4.542362160804981E+01
      7612  1.684001154831321E+02
      7613  7.700512275215259E+01
      7614  1.282941991353729E+02
      7615  1.298852946960657E+02
      7616  1.053581478282033E+02
      7617  1.313718696324394E+02
      7618  1.327277821881722E+02
      7619  1.051416000206255E+02
      7620  4.446863562697479E+01
      7621  1.340731504827211E+02
      7622  1.876162631840870E+02
      7623  1.051402847354060E+02
      7624  1.880489687409727E+02
      7625  1.872163477986700E+02
      7626  1.031105736463038E+02
      7627  4.446863483536131E+01
      7628  1.712000828632690E+02
      7629  1.878836511657108E+02
      7630  1.881880970913069E+02
      7631  1.029679965888074E+02
      7632  1.874569573955131E+02
      7633  1.881573585303011E+02
      7634  1.038613385884128E+02
      7635  4.307425485637651E+01
      7636  1.882127517673565E+02
      7637  1.873466188690603E+02
      7638  1.036919911171551E+02
      7639  1.882214123620226E+02
      7640  1.235816165277160E+02
      7641  1.036912636339428E+02
      7642  4.347065951227610E+01
      7643  1.711623202095713E+02
      7644  8.146588256682331E+01
      7645  1.250817784834403E+02
      7646  1.235387520517479E+02
      7647  1.016097720214453E+02
      7648  1.114794465983428E+02
      7649  1.129759588110032E+02
      7650  1.015234374359799E+02
      7651  4.307425403898837E+01
      7652  1.145300595514181E+02
      7653  1.161087497446488E+02
      7654  1.023622165029952E+02
      7655  1.176991817788980E+02
      7656  1.207885458195959E+02
      7657  1.022448706910860E+02
      7658  4.273001779303145E+01
      7659  1.709763494177524E+02
      7660  1.192794298472178E+02
      7661  1.221822610737061E+02
      7662  1.022425144044965E+02
      7663  1.236206224901586E+02
      7664  1.228833979901012E+02
      7665  1.000936342805785E+02
      7666  4.979680364138160E+01
      7667  2.905247239324316E+01
      7668  3.231110574460477E+01
      7669  1.000957673322664E+02
      7670  3.555646494839252E+01
      7671  3.899115353989752E+01
      7672  1.008580859257283E+02
      7673  4.979680287945812E+01
      7674  1.712000859730746E+02
      7675  8.195661783658205E+01
      7676  4.242165131052980E+01
      7677  4.556123585400614E+01
      7678  1.008037166767855E+02
      7679  1.101405158037403E+02
      7680  1.870706310536486E+02
      7681  1.007945957131561E+02
      7682  4.755262768776008E+01
      7683  1.857100181936759E+02
      7684  1.892244176166533E+02
      7685  9.874771501265820E+01
      7686  1.881033113516410E+02
      7687  1.881594110782535E+02
      7688  9.849975052432603E+01
      7689  4.755262685668300E+01
      7690  1.635901177217076E+02
      7691  1.914717619223333E+02
      7692  1.903554327718748E+02
      7693  9.931732421689809E+01
      7694  1.903656928088618E+02
      7695  1.937166515206622E+02
      7696  9.940135888772836E+01
      7697  4.988769687659070E+01
      7698  1.925781088296901E+02
      7699  1.925729978004625E+02
      7700  9.934915972379082E+01
      7701  1.947500127405956E+02
      7702  1.947985482798935E+02
      7703  9.659969820501203E+01
      7704  4.988769595574368E+01
      7705  1.632757590226826E+02
      7706  8.146588251992132E+01
      7707  1.958380012805966E+02
      7708  1.947701282379177E+02
      7709  9.728993277451870E+01
      7710  1.949634937388861E+02
      7711  1.959016313867951E+02
      7712  9.760901494585141E+01
      7713  4.886003120426310E+01
      7714  1.948834122596368E+02
      7715  1.949988387281942E+02
      7716  9.780663407453832E+01
      7717  1.959604038606813E+02
      7718  1.949895909783052E+02
      7719  9.805614802457374E+01
      7720  4.669672788741786E+01
      7721  1.635901153814418E+02
      7722  1.949619758785612E+02
      7723  1.959652947514208E+02
      7724  9.387038787644818E+01
      7725  1.949867035590774E+02
      7726  1.959325892557308E+02
      7727  9.502381914191724E+01
      7728  4.751875474908856E+01
      7729  1.939209554098786E+02
      7730  1.948933176665746E+02
      7731  9.538098152609264E+01
      7732  1.949299711730874E+02
      7733  1.919338292609464E+02
      7734  9.574975596442169E+01
      7735  4.669672697301547E+01
      7736  1.632757553534680E+02
      7737  7.971757116835093E+01
      7738  1.928513546986024E+02
      7739  1.929286906552686E+02
      7740  9.628534571183046E+01
      7741  1.899844761794816E+02
      7742  1.908044469309423E+02
      7743  9.060485918390883E+01
      7744  4.607568577331012E+01
      7745  1.909536917764600E+02
      7746  1.881251169060980E+02
      7747  8.999786300393042E+01
      7748  1.887594722970836E+02
      7749  1.890328565422371E+02
      7750  9.211347652282004E+01
      7751  5.500978713713855E+01
      7752  1.661276397229138E+02
      7753  1.865123264752812E+02
      7754  1.868082026782056E+02
      7755  9.243172527152092E+01
      7756  1.872668299713052E+02
      7757  1.354110606162399E+02
      7758  9.326246503874408E+01
      7759  5.598720770278242E+01
      7760  4.433224279232275E+01
      7761  4.575758528964741E+01
      7762  8.479467240252411E+01
      7763  4.057942971956796E+01
      7764  4.258668637591687E+01
      7765  8.502996240949373E+01
      7766  5.500978626524230E+01
      7767  1.661213483363113E+02
      7768  7.862038513436013E+01
      7769  4.247979603286031E+01
      7770  3.680991392893836E+01
      7771  8.759382235787749E+01
      7772  3.842895393274139E+01
      7773  3.869691912172196E+01
      7774  8.760845361355409E+01
      7775  5.598720703679489E+01
      7776  3.141928278933207E+01
      7777  3.299747080051969E+01
      7778  8.737003648262019E+01
      7779  3.426287511299022E+01
      7780  3.488003129138560E+01
      7781  8.080418009478095E+01
      7782  5.288844824576648E+01
      7783  1.658344311570660E+02
      7784  2.758184689263558E+01
      7785  2.994631559052995E+01
      7786  8.320224672684394E+01
      7787  2.951475086752678E+01
      7788  9.489122573070733E+01
      7789  8.272427461021420E+01
      7790  5.343945617459575E+01
      7791  9.831131546112159E+01
      7792  9.676431549570216E+01
      7793  7.917017059936617E+01
      7794  9.731522292945748E+01
      7795  1.009500160140569E+02
      7796  7.700512260600337E+01
      7797  5.288844747879379E+01
      7798  1.661276386666281E+02
      7799  7.971757103784660E+01
      7800  9.968407260473505E+01
      7801  9.986352828555378E+01
      7802  8.195661779763444E+01
      7803  1.033260619524989E+02
      7804  1.021568096148045E+02
      7805  8.146588247073892E+01
      7806  5.172333256424741E+01
      7807  1.022188222680019E+02
      7808  1.056092671028351E+02
      7809  7.862038498150858E+01
      7810  1.044744950268570E+02
      7811  1.044968572787998E+02
      7812  7.971757092104842E+01
      7813  6.197213074996888E+01
      7814  1.585218765398002E+02
      7815  1.078575887179304E+02
      7816  1.067362582138071E+02
      7817  7.385038931612596E+01
      7818  1.067454015851388E+02
      7819  1.100883433848302E+02
      7820  7.169088621214081E+01
      7821  6.204252589378120E+01
      7822  1.089750493701176E+02
      7823  1.089815805844806E+02
      7824  7.651536266008489E+01
      7825  1.122985606084715E+02
      7826  1.111971880203128E+02
      7827  7.435088451505018E+01
      7828  6.197212979790285E+01
      7829  1.581626314620439E+02
      7830  7.385038979736593E+01
      7831  1.112085373398685E+02
      7832  1.144621143665427E+02
      7833  7.565055246217926E+01
      7834  1.133899367392032E+02
      7835  1.860549987694301E+02
      7836  1.134186533040618E+02
      7837  1.858693228628584E+02
      7838  6.871689983196541E+01
      7839  6.204252513123437E+01
      7840  1.165033878552674E+02
      7841  1.155082602988036E+02
      7842  6.655724204184514E+01
      7843  1.155840935309115E+02
      7844  1.186480500107191E+02
      7845  7.128434393154377E+01
      7846  5.877091809098894E+01
      7847  1.585218746895087E+02
      7848  1.195967033950367E+02
      7849  1.195511728194042E+02
      7850  6.912360958999597E+01
      7851  1.201892977122603E+02
      7852  1.182440863248793E+02
      7853  7.026432497682588E+01
      7854  5.861222333331477E+01
      7855  1.193715044064205E+02
      7856  1.174329539247336E+02
      7857  6.362147974932113E+01
      7858  1.176165419474907E+02
      7859  1.189582034758931E+02
      7860  6.147878778852727E+01
      7861  5.890199954457552E+01
      7862  1.581626309156563E+02
      7863  7.169088693063225E+01
      7864  1.178448206859476E+02
      7865  1.182242356560550E+02
      7866  6.617090230848881E+01
      7867  1.183386891086886E+02
      7868  1.185868659181274E+02
      7869  6.401593570055368E+01
      7870  5.877091726271395E+01
      7871  1.189116494592781E+02
      7872  1.165727149792700E+02
      7873  6.510356957494771E+01
      7874  1.167668187185436E+02
      7875  1.172487408820666E+02
      7876  5.848715867518046E+01
      7877  6.851776200485256E+01
      7878  1.610583423512346E+02
      7879  1.173632833058647E+02
      7880  1.175140679579007E+02
      7881  5.646166044492385E+01
      7882  1.150796988525824E+02
      7883  1.152208534573327E+02
      7884  6.106370063567419E+01
      7885  6.852271048026056E+01
      7886  1.158486781443235E+02
      7887  1.159170632600403E+02
      7888  5.896036084272075E+01
      7889  1.160036165213524E+02
      7890  1.134335076286152E+02
      7891  5.998314464586983E+01
      7892  6.851776117520555E+01
      7893  1.610566142843863E+02
      7894  7.385038954572254E+01
      7895  1.136231050989878E+02
      7896  1.142776765642627E+02
      7897  5.310352587119142E+01
      7898  1.143470750275669E+02
      7899  1.144303371569802E+02
      7900  5.171718668403895E+01
      7901  6.852270978921116E+01
      7902  1.115908932263020E+02
      7903  1.119755165890489E+02
      7904  5.584487863242803E+01
      7905  1.125470293668842E+02
      7906  1.126701272181490E+02
      7907  5.402716599774486E+01
      7908  6.526626888780953E+01
      7909  1.607174832263941E+02
      7910  1.128109252588490E+02
      7911  1.093585277508467E+02
      7912  5.478889594127032E+01
      7913  1.102769512000848E+02
      7914  1.105487730729228E+02
      7915  4.737601352319687E+01
      7916  6.525466578419898E+01
      7917  1.108345771577530E+02
      7918  1.111402374733966E+02
      7919  4.827182525102981E+01
      7920  1.061937329193803E+02
      7921  1.086908517609125E+02
      7922  4.947323513262742E+01
      7923  6.527299543918038E+01
      7924  1.610583382872736E+02
      7925  7.169088652741387E+01
      7926  1.079477961941075E+02
      7927  1.087297663882327E+02
      7928  4.998126330080584E+01
      7929  1.094582124893773E+02
      7930  5.170848594985354E+01
      7931  5.040124515950690E+01
      7932  6.526626806020893E+01
      7933  4.994136581151488E+01
      7934  4.821691488883182E+01
      7935  4.336538141041433E+01
      7936  5.048227313894570E+01
      7937  4.980567306023313E+01
      7938  4.421413396812156E+01
      7939  7.503570221081914E+01
      7940  1.534456751096422E+02
      7941  5.037300791717968E+01
      7942  4.668852525918289E+01
      7943  4.534215203417444E+01
      7944  4.984347061965138E+01
      7945  4.877571698868854E+01
      7946  4.579275400329181E+01
      7947  7.503606723615363E+01
      7948  4.731760311736269E+01
      7949  1.340315435985912E+02
      7950  4.621139033662129E+01
      7951  1.353013663032643E+02
      7952  1.338501393712981E+02
      7953  3.945121153841361E+01
      7954  7.503570152337682E+01
      7955  1.530594261772746E+02
      7956  7.565055289866361E+01
      7957  1.344065502049958E+02
      7958  1.340741493743768E+02
      7959  4.009201995090805E+01
      7960  1.344613238273097E+02
      7961  1.348950631750857E+02
      7962  4.141301511578881E+01
      7963  7.503606662352617E+01
      7964  1.329581830537220E+02
      7965  1.332177752465446E+02
      7966  4.177598427694029E+01
      7967  1.334722050213740E+02
      7968  1.336599998241076E+02
      7969  4.219738969041786E+01
      7970  7.177846959591318E+01
      7971  1.534456760763077E+02
      7972  1.338438920775779E+02
      7973  1.317086656229091E+02
      7974  3.557346254369636E+01
      7975  1.319083008411074E+02
      7976  1.323673646653808E+02
      7977  3.611088510896663E+01
      7978  7.177762666898892E+01
      7979  1.324618668679104E+02
      7980  1.325769418120777E+02
      7981  3.751523269526010E+01
      7982  1.302703995086953E+02
      7983  1.304821566654839E+02
      7984  3.779920534104519E+01
      7985  7.177849474922736E+01
      7986  1.530594275889702E+02
      7987  7.651536284623154E+01
      7988  1.310084827998331E+02
      7989  1.310612481292458E+02
      7990  3.810758951743605E+01
      7991  1.311946794346485E+02
      7992  1.287098745490126E+02
      7993  3.166114834944832E+01
      7994  7.177846890970376E+01
      7995  1.289232366734159E+02
      7996  1.295054448854409E+02
      7997  3.195187432527267E+01
      7998  1.295480681024159E+02
      7999  1.297072937685116E+02
      8000  3.361822508181151E+01
      8001  8.155186339832079E+01
      8002  1.559898570490715E+02
      8003  1.270193348130263E+02
      8004  1.272874206756461E+02
      8005  3.381224375960566E+01
      8006  1.278857288550237E+02
      8007  1.279445464527603E+02
      8008  3.400823411351855E+01
      8009  8.155214600279774E+01
      8010  1.281123197947384E+02
      8011  1.251049530091514E+02
      8012  2.774850147100150E+01
      8013  1.255742539665705E+02
      8014  1.261016543379738E+02
      8015  2.779006237284349E+01
      8016  8.155186280518950E+01
      8017  1.559853805922438E+02
      8018  7.435088478874731E+01
      8019  1.262231759188491E+02
      8020  1.264427705293110E+02
      8021  2.972117657239160E+01
      8022  1.226698553737452E+02
      8023  1.223218690440991E+02
      8024  2.979987123890213E+01
      8025  8.155214549247978E+01
      8026  1.238349288195406E+02
      8027  1.229962249556293E+02
      8028  2.990861629515413E+01
      8029  1.239892653188609E+02
      8030  1.242978355884275E+02
      8031  2.197601435301122E+01
      8032  7.829399335112480E+01
      8033  1.556080340057043E+02
      8034  1.247008994024929E+02
      8035  1.200181855004240E+02
      8036  2.197130571785555E+01
      8037  1.205769006987677E+02
      8038  1.189451589002296E+02
      8039  2.388628382512026E+01
      8040  7.829394048027608E+01
      8041  1.199039539962781E+02
      8042  1.213967027670129E+02
      8043  2.197311502902048E+01
      8044  1.171328927910620E+02
      8045  1.168047799390329E+02
      8046  2.388482849120687E+01
      8047  7.829394800379805E+01
      8048  1.559898582016069E+02
      8049  7.565055264419406E+01
      8050  1.184789396287707E+02
      8051  1.182341044019848E+02
      8052  2.583065004411266E+01
      8053  1.178999498247632E+02
      8054  1.146872427010290E+02
      8055  2.584723923290370E+01
      8056  7.829399274439915E+01
      8057  1.145751808776048E+02
      8058  1.158780830505421E+02
      8059  2.585118145355283E+01
      8060  1.158019462577261E+02
      8061  1.156930337290107E+02
      8062  1.914110952388305E+02
      8063  8.806622666143342E+01
      8064  1.483314868427404E+02
      8065  1.123813623845458E+02
      8066  1.123408704644007E+02
      8067  1.914110952450930E+02
      8068  1.135244690658592E+02
      8069  1.134969352641349E+02
      8070  1.922151881435204E+02
      8071  8.806991568633988E+01
      8072  1.134575971702960E+02
      8073  1.101243695176755E+02
      8074  1.922151881311942E+02
      8075  1.101068775112949E+02
      8076  1.112491194868183E+02
      8077  1.905482205340377E+02
      8078  8.806622620160515E+01
      8079  1.480085239414246E+02
      8080  6.871690058471084E+01
      8081  1.112386292540352E+02
      8082  1.112236449573842E+02
      8083  1.905482205084182E+02
      8084  1.078884345149179E+02
      8085  1.078735152223789E+02
      8086  1.913017614281437E+02
      8087  8.806991530224870E+01
      8088  1.090042989897575E+02
      8089  1.089984103360847E+02
      8090  1.913017613740554E+02
      8091  1.089900840840413E+02
      8092  1.056704907293136E+02
      8093  1.913693779432082E+02
      8094  8.480993505290279E+01
      8095  1.483314871201515E+02
      8096  1.056409475541606E+02
      8097  1.067765680097658E+02
      8098  1.896034539410680E+02
      8099  1.067684629029127E+02
      8100  1.067571135183888E+02
      8101  1.896034538299860E+02
      8102  8.480965863648704E+01
      8103  1.034881753509943E+02
      8104  1.034102780170185E+02
      8105  1.898002646385104E+02
      8106  1.045723308002176E+02
      8107  1.045527243203128E+02
      8108  1.898002646240529E+02
      8109  8.481041606020226E+01
      8110  1.480085233454757E+02
      8111  6.655724300510848E+01
      8112  1.045253346742982E+02
      8113  1.013994025623520E+02
      8114  1.889439123623657E+02
      8115  1.011863612394811E+02
      8116  1.024248070835198E+02
      8117  1.889439123273559E+02
      8118  8.480993456910539E+01
      8119  1.023716576224072E+02
      8120  1.022972441154346E+02
      8121  1.897136505737267E+02
      8122  9.956620508495864E+01
      8123  9.900200458069307E+01
      8124  1.221882425118360E+02
      8125  9.455712726276450E+01
      8126  1.509234405425365E+02
      8127  1.004337997465324E+02
      8128  1.002892526050717E+02
      8129  1.221882424286157E+02
      8130  1.000844648908564E+02
      8131  9.838031022117920E+01
      8132  1.891322826089085E+02
      8133  9.460971788663200E+01
      8134  9.705512332996564E+01
      8135  9.884788642287951E+01
      8136  1.891322826319060E+02
      8137  9.850502519547993E+01
      8138  9.797280971392260E+01
      8139  1.910445104046873E+02
      8140  9.455712694565888E+01
      8141  1.508902246486176E+02
      8142  6.871690020154941E+01
      8143  1.265579621748050E+02
      8144  1.261639220998987E+02
      8145  1.910445104129830E+02
      8146  1.279449867952109E+02
      8147  1.276909967989540E+02
      8148  1.918568902776654E+02
      8149  9.460971764114034E+01
      8150  1.272142775075038E+02
      8151  1.271043342591762E+02
      8152  1.918568902914535E+02
      8153  1.269095955698034E+02
      8154  1.295497545909329E+02
      8155  1.903342986026173E+02
      8156  9.132505469911176E+01
      8157  1.505299788387556E+02
      8158  1.293070308561053E+02
      8159  1.287265388194501E+02
      8160  1.903342986178130E+02
      8161  1.286680666510691E+02
      8162  1.284926478255822E+02
      8163  1.900901456984112E+02
      8164  9.131853320515707E+01
      8165  1.312954125915190E+02
      8166  1.309525017693929E+02
      8167  1.925951402134877E+02
      8168  1.304044278828225E+02
      8169  1.303534672832355E+02
      8170  1.925951402371708E+02
      8171  9.133291423831473E+01
      8172  1.509234416110363E+02
      8173  6.655724231633833E+01
      8174  1.301306084893314E+02
      8175  1.332193280029512E+02
      8176  1.931042056719338E+02
      8177  1.325591161363183E+02
      8178  1.332859839826878E+02
      8179  1.931042056728811E+02
      8180  9.132505435410893E+01
      8181  1.322261985069740E+02
      8182  1.321387038977223E+02
      8183  1.938743131342924E+02
      8184  1.317749761064678E+02
      8185  1.355115427190259E+02
      8186  1.938743131493332E+02
      8187  1.014728261590676E+02
      8188  1.429793879591279E+02
      8189  1.350304666551256E+02
      8190  1.342923751783844E+02
      8191  1.928476984757127E+02
      8192  1.341019737752991E+02
      8193  1.341172015000343E+02
      8194  1.931015648352128E+02
      8195  1.007274402850396E+02
      8196  1.388024875865798E+02
      8197  1.367787713072125E+02
      8198  1.931015648089377E+02
      8199  1.369483794296332E+02
      8200  1.364045506337402E+02
      8201  1.940160564959087E+02
      8202  1.014728260078617E+02
      8203  1.433024032507506E+02
      8204  7.026432578347509E+01
      8205  1.359141485923670E+02
      8206  1.819558684301713E+02
      8207  1.940160564732264E+02
      8208  1.842909264552685E+02
      8209  1.852224238983344E+02
      8210  1.931217520972149E+02
      8211  1.007274400718826E+02
      8212  1.832929362057276E+02
      8213  1.837660370329386E+02
      8214  1.940051650098931E+02
      8215  1.855805465940564E+02
      8216  1.863228733315908E+02
      8217  1.940051649555637E+02
      8218  9.783625948952373E+01
      8219  1.429793864273078E+02
      8220  1.850581347977518E+02
      8221  1.853996902977861E+02
      8222  1.921190570790048E+02
      8223  1.858693229955467E+02
      8224  1.860549987639427E+02
      8225  1.921190570133384E+02
      8226  9.772797799934997E+01
      8227  1.867889105887552E+02
      8228  1.859230090853766E+02
      8229  1.930002767825064E+02
      8230  1.862166730670124E+02
      8231  1.866380993090114E+02
      8232  1.930002766749505E+02
      8233  9.795177206923492E+01
      8234  1.433024016526404E+02
      8235  7.128434427695976E+01
